timestamp,drone_id,flight_id,lat,lng,altitude,speed,azimuth,drone_type,has_payload,imagePath,home_lat,home_lng,pilot_lat,pilot_lng,detection_type,sensor_type,angle,error,frequency_hz,device_id,device_name,aboveGroundLevel,threatLevel,zone
1772039810947,A2D2-F3A1,FLT-F3A1-001,28.049990,-82.350654,19.7,0.1,0,Mavic 3,false,drone_images/Mavic 3.png,28.045000,-82.355000,28.044500,-82.355300,apolloshield_dji,dji,,,2414500000,RADAR-A2D2-F3A1,Sensor Tampa Bay / West Florida Coast,120,GREEN,BLUE
1772039812162,A2D2-F3A1,FLT-F3A1-001,28.049990,-82.350654,19.7,0.1,0,Mavic 3,false,drone_images/Mavic 3.png,28.045000,-82.355000,28.044500,-82.355300,apolloshield_dji,dji,,,2414500000,RADAR-A2D2-F3A1,Sensor Tampa Bay / West Florida Coast,120,GREEN,BLUE
1772039813106,A2D2-F3A1,FLT-F3A1-001,28.049990,-82.350654,19.7,0.1,0,Mavic 3,false,drone_images/Mavic 3.png,28.045000,-82.355000,28.044500,-82.355300,apolloshield_dji,dji,,,2414500000,RADAR-A2D2-F3A1,Sensor Tampa Bay / West Florida Coast,120,GREEN,BLUE
1772039813702,A2D2-F3A1,FLT-F3A1-001,28.049990,-82.350654,26,0.8,0,Mavic 3,false,drone_images/Mavic 3.png,28.045000,-82.355000,28.044500,-82.355300,apolloshield_dji,dji,,,2414500000,RADAR-A2D2-F3A1,Sensor Tampa Bay / West Florida Coast,120,GREEN,BLUE
1772039814734,A2D2-F3A1,FLT-F3A1-001,28.049990,-82.350654,26,0.8,0,Mavic 3,false,drone_images/Mavic 3.png,28.045000,-82.355000,28.044500,-82.355300,apolloshield_dji,dji,,,2414500000,RADAR-A2D2-F3A1,Sensor Tampa Bay / West Florida Coast,120,GREEN,BLUE
1772039815970,A2D2-F3A1,FLT-F3A1-001,28.049990,-82.350654,26,0.8,0,Mavic 3,false,drone_images/Mavic 3.png,28.045000,-82.355000,28.044500,-82.355300,apolloshield_dji,dji,,,2414500000,RADAR-A2D2-F3A1,Sensor Tampa Bay / West Florida Coast,120,GREEN,BLUE
1772039817548,A2D2-F3A1,FLT-F3A1-001,28.049990,-82.350614,26,0.2,0,Mavic 3,false,drone_images/Mavic 3.png,28.045000,-82.355000,28.044500,-82.355300,apolloshield_dji,dji,,,2414500000,RADAR-A2D2-F3A1,Sensor Tampa Bay / West Florida Coast,120,GREEN,BLUE
1772039817900,A2D2-F3A1,FLT-F3A1-001,28.049990,-82.350609,25.9,12,0,Mavic 3,false,drone_images/Mavic 3.png,28.045000,-82.355000,28.044500,-82.355300,apolloshield_dji,dji,,,2414500000,RADAR-A2D2-F3A1,Sensor Tampa Bay / West Florida Coast,120,GREEN,BLUE
1772039819115,A2D2-F3A1,FLT-F3A1-001,28.049990,-82.350609,25.9,12,0,Mavic 3,false,drone_images/Mavic 3.png,28.045000,-82.355000,28.044500,-82.355300,apolloshield_dji,dji,,,2414500000,RADAR-A2D2-F3A1,Sensor Tampa Bay / West Florida Coast,120,GREEN,BLUE
1772039820030,A2D2-F3A1,FLT-F3A1-001,28.049990,-82.350609,25.9,12,0,Mavic 3,false,drone_images/Mavic 3.png,28.045000,-82.355000,28.044500,-82.355300,apolloshield_dji,dji,,,2414500000,RADAR-A2D2-F3A1,Sensor Tampa Bay / West Florida Coast,120,GREEN,BLUE
1772039821108,A2D2-F3A1,FLT-F3A1-001,28.049990,-82.350609,28.3,0.1,0,Mavic 3,false,drone_images/Mavic 3.png,28.045000,-82.355000,28.044500,-82.355300,apolloshield_dji,dji,,,2414500000,RADAR-A2D2-F3A1,Sensor Tampa Bay / West Florida Coast,120,GREEN,BLUE
1772039822149,A2D2-F3A1,FLT-F3A1-001,28.049990,-82.350609,29.5,12,0,Mavic 3,false,drone_images/Mavic 3.png,28.045000,-82.355000,28.044500,-82.355300,apolloshield_dji,dji,,,2414500000,RADAR-A2D2-F3A1,Sensor Tampa Bay / West Florida Coast,120,GREEN,BLUE
1772039823834,A2D2-F3A1,FLT-F3A1-001,28.049990,-82.350609,29.5,12,0,Mavic 3,false,drone_images/Mavic 3.png,28.045000,-82.355000,28.044500,-82.355300,apolloshield_dji,dji,,,2414500000,RADAR-A2D2-F3A1,Sensor Tampa Bay / West Florida Coast,120,GREEN,BLUE
1772039824504,A2D2-F3A1,FLT-F3A1-001,28.049990,-82.350609,29.5,12,0,Mavic 3,false,drone_images/Mavic 3.png,28.045000,-82.355000,28.044500,-82.355300,apolloshield_dji,dji,,,2414500000,RADAR-A2D2-F3A1,Sensor Tampa Bay / West Florida Coast,120,GREEN,BLUE
1772039824919,A2D2-F3A1,FLT-F3A1-001,28.049990,-82.350609,29.5,12,0,Mavic 3,false,drone_images/Mavic 3.png,28.045000,-82.355000,28.044500,-82.355300,apolloshield_dji,dji,,,2414500000,RADAR-A2D2-F3A1,Sensor Tampa Bay / West Florida Coast,120,GREEN,BLUE
1772039825737,A2D2-F3A1,FLT-F3A1-001,28.049990,-82.350609,29.5,12,0,Mavic 3,false,drone_images/Mavic 3.png,28.045000,-82.355000,28.044500,-82.355300,apolloshield_dji,dji,,,2414500000,RADAR-A2D2-F3A1,Sensor Tampa Bay / West Florida Coast,120,GREEN,BLUE
1772039827005,A2D2-F3A1,FLT-F3A1-001,28.049990,-82.350609,29.5,12,0,Mavic 3,false,drone_images/Mavic 3.png,28.045000,-82.355000,28.044500,-82.355300,apolloshield_dji,dji,,,2414500000,RADAR-A2D2-F3A1,Sensor Tampa Bay / West Florida Coast,120,GREEN,BLUE
1772039828049,A2D2-F3A1,FLT-F3A1-001,28.049990,-82.350609,29.5,12,0,Mavic 3,false,drone_images/Mavic 3.png,28.045000,-82.355000,28.044500,-82.355300,apolloshield_dji,dji,,,2414500000,RADAR-A2D2-F3A1,Sensor Tampa Bay / West Florida Coast,120,GREEN,BLUE
1772039828792,A2D2-F3A1,FLT-F3A1-001,28.049990,-82.350609,29.5,12,0,Mavic 3,false,drone_images/Mavic 3.png,28.045000,-82.355000,28.044500,-82.355300,apolloshield_dji,dji,,,2414500000,RADAR-A2D2-F3A1,Sensor Tampa Bay / West Florida Coast,120,GREEN,BLUE
1772039829887,A2D2-F3A1,FLT-F3A1-001,28.049990,-82.350609,29.5,12,0,Mavic 3,false,drone_images/Mavic 3.png,28.045000,-82.355000,28.044500,-82.355300,apolloshield_dji,dji,,,2414500000,RADAR-A2D2-F3A1,Sensor Tampa Bay / West Florida Coast,120,GREEN,BLUE
1772039831304,A2D2-F3A1,FLT-F3A1-001,28.049990,-82.350609,29.5,12,0,Mavic 3,false,drone_images/Mavic 3.png,28.045000,-82.355000,28.044500,-82.355300,apolloshield_dji,dji,,,2414500000,RADAR-A2D2-F3A1,Sensor Tampa Bay / West Florida Coast,120,GREEN,BLUE
1772039831935,A2D2-F3A1,FLT-F3A1-001,28.049990,-82.350609,29.5,12,0,Mavic 3,false,drone_images/Mavic 3.png,28.045000,-82.355000,28.044500,-82.355300,apolloshield_dji,dji,,,2414500000,RADAR-A2D2-F3A1,Sensor Tampa Bay / West Florida Coast,120,GREEN,BLUE
1772039832746,A2D2-F3A1,FLT-F3A1-001,28.049990,-82.350609,29.5,12,0,Mavic 3,false,drone_images/Mavic 3.png,28.045000,-82.355000,28.044500,-82.355300,apolloshield_dji,dji,,,2414500000,RADAR-A2D2-F3A1,Sensor Tampa Bay / West Florida Coast,120,GREEN,BLUE
1772039833924,A2D2-F3A1,FLT-F3A1-001,28.049990,-82.350609,29.5,12,0,Mavic 3,false,drone_images/Mavic 3.png,28.045000,-82.355000,28.044500,-82.355300,apolloshield_dji,dji,,,2414500000,RADAR-A2D2-F3A1,Sensor Tampa Bay / West Florida Coast,120,GREEN,BLUE
1772039834760,A2D2-F3A1,FLT-F3A1-001,28.049990,-82.350609,29.5,12,0,Mavic 3,false,drone_images/Mavic 3.png,28.045000,-82.355000,28.044500,-82.355300,apolloshield_dji,dji,,,2414500000,RADAR-A2D2-F3A1,Sensor Tampa Bay / West Florida Coast,120,GREEN,BLUE
1772039835891,A2D2-F3A1,FLT-F3A1-001,28.049990,-82.350609,29.5,12,0,Mavic 3,false,drone_images/Mavic 3.png,28.045000,-82.355000,28.044500,-82.355300,apolloshield_dji,dji,,,2414500000,RADAR-A2D2-F3A1,Sensor Tampa Bay / West Florida Coast,120,GREEN,BLUE
1772039836842,A2D2-F3A1,FLT-F3A1-001,28.049990,-82.350609,29.5,12,0,Mavic 3,false,drone_images/Mavic 3.png,28.045000,-82.355000,28.044500,-82.355300,apolloshield_dji,dji,,,2414500000,RADAR-A2D2-F3A1,Sensor Tampa Bay / West Florida Coast,120,GREEN,BLUE
1772039837828,A2D2-F3A1,FLT-F3A1-001,28.049990,-82.350609,29.5,12,0,Mavic 3,false,drone_images/Mavic 3.png,28.045000,-82.355000,28.044500,-82.355300,apolloshield_dji,dji,,,2414500000,RADAR-A2D2-F3A1,Sensor Tampa Bay / West Florida Coast,120,GREEN,BLUE
1772039839037,A2D2-F3A1,FLT-F3A1-001,28.049990,-82.350609,29.5,12,0,Mavic 3,false,drone_images/Mavic 3.png,28.045000,-82.355000,28.044500,-82.355300,apolloshield_dji,dji,,,2414500000,RADAR-A2D2-F3A1,Sensor Tampa Bay / West Florida Coast,120,GREEN,BLUE
1772039839797,A2D2-F3A1,FLT-F3A1-001,28.049990,-82.350609,29.5,12,0,Mavic 3,false,drone_images/Mavic 3.png,28.045000,-82.355000,28.044500,-82.355300,apolloshield_dji,dji,,,2414500000,RADAR-A2D2-F3A1,Sensor Tampa Bay / West Florida Coast,120,GREEN,BLUE
1772039841004,A2D2-F3A1,FLT-F3A1-001,28.049990,-82.350609,29.5,12,0,Mavic 3,false,drone_images/Mavic 3.png,28.045000,-82.355000,28.044500,-82.355300,apolloshield_dji,dji,,,2414500000,RADAR-A2D2-F3A1,Sensor Tampa Bay / West Florida Coast,120,GREEN,BLUE
1772039841785,A2D2-F3A1,FLT-F3A1-001,28.049990,-82.350609,29.5,12,0,Mavic 3,false,drone_images/Mavic 3.png,28.045000,-82.355000,28.044500,-82.355300,apolloshield_dji,dji,,,2414500000,RADAR-A2D2-F3A1,Sensor Tampa Bay / West Florida Coast,120,GREEN,BLUE
1772039842729,A2D2-F3A1,FLT-F3A1-001,28.049990,-82.350609,29.5,12,0,Mavic 3,false,drone_images/Mavic 3.png,28.045000,-82.355000,28.044500,-82.355300,apolloshield_dji,dji,,,2414500000,RADAR-A2D2-F3A1,Sensor Tampa Bay / West Florida Coast,120,GREEN,BLUE
1772039843860,A2D2-F3A1,FLT-F3A1-001,28.049990,-82.350609,29.5,12,0,Mavic 3,false,drone_images/Mavic 3.png,28.045000,-82.355000,28.044500,-82.355300,apolloshield_dji,dji,,,2414500000,RADAR-A2D2-F3A1,Sensor Tampa Bay / West Florida Coast,120,GREEN,BLUE
1772039845354,A2D2-F3A1,FLT-F3A1-001,28.049990,-82.350609,29.5,12,0,Mavic 3,false,drone_images/Mavic 3.png,28.045000,-82.355000,28.044500,-82.355300,apolloshield_dji,dji,,,2414500000,RADAR-A2D2-F3A1,Sensor Tampa Bay / West Florida Coast,120,GREEN,BLUE
1772039845851,A2D2-F3A1,FLT-F3A1-001,28.049990,-82.350609,29.5,12,0,Mavic 3,false,drone_images/Mavic 3.png,28.045000,-82.355000,28.044500,-82.355300,apolloshield_dji,dji,,,2414500000,RADAR-A2D2-F3A1,Sensor Tampa Bay / West Florida Coast,120,GREEN,BLUE
1772039847094,A2D2-F3A1,FLT-F3A1-001,28.049990,-82.350609,29.5,12,0,Mavic 3,false,drone_images/Mavic 3.png,28.045000,-82.355000,28.044500,-82.355300,apolloshield_dji,dji,,,2414500000,RADAR-A2D2-F3A1,Sensor Tampa Bay / West Florida Coast,120,GREEN,BLUE
1772039847727,A2D2-F3A1,FLT-F3A1-001,28.049990,-82.350609,31.2,12,0,Mavic 3,false,drone_images/Mavic 3.png,28.045000,-82.355000,28.044500,-82.355300,apolloshield_dji,dji,,,2414500000,RADAR-A2D2-F3A1,Sensor Tampa Bay / West Florida Coast,120,GREEN,BLUE
1772039848787,A2D2-F3A1,FLT-F3A1-001,28.049990,-82.350609,31.2,12,0,Mavic 3,false,drone_images/Mavic 3.png,28.045000,-82.355000,28.044500,-82.355300,apolloshield_dji,dji,,,2414500000,RADAR-A2D2-F3A1,Sensor Tampa Bay / West Florida Coast,120,GREEN,BLUE
1772039849776,A2D2-F3A1,FLT-F3A1-001,28.049990,-82.350609,31.2,12,0,Mavic 3,false,drone_images/Mavic 3.png,28.045000,-82.355000,28.044500,-82.355300,apolloshield_dji,dji,,,2414500000,RADAR-A2D2-F3A1,Sensor Tampa Bay / West Florida Coast,120,GREEN,BLUE
1772039851005,A2D2-F3A1,FLT-F3A1-001,28.049990,-82.350609,31.2,12,0,Mavic 3,false,drone_images/Mavic 3.png,28.045000,-82.355000,28.044500,-82.355300,apolloshield_dji,dji,,,2414500000,RADAR-A2D2-F3A1,Sensor Tampa Bay / West Florida Coast,120,GREEN,BLUE
1772039851801,A2D2-F3A1,FLT-F3A1-001,28.049990,-82.350609,31.2,12,0,Mavic 3,false,drone_images/Mavic 3.png,28.045000,-82.355000,28.044500,-82.355300,apolloshield_dji,dji,,,2414500000,RADAR-A2D2-F3A1,Sensor Tampa Bay / West Florida Coast,120,GREEN,BLUE
1772039852850,A2D2-F3A1,FLT-F3A1-001,28.049990,-82.350609,31.2,12,0,Mavic 3,false,drone_images/Mavic 3.png,28.045000,-82.355000,28.044500,-82.355300,apolloshield_dji,dji,,,2414500000,RADAR-A2D2-F3A1,Sensor Tampa Bay / West Florida Coast,120,GREEN,BLUE
1772039854060,A2D2-F3A1,FLT-F3A1-001,28.049990,-82.350609,31.2,12,0,Mavic 3,false,drone_images/Mavic 3.png,28.045000,-82.355000,28.044500,-82.355300,apolloshield_dji,dji,,,2414500000,RADAR-A2D2-F3A1,Sensor Tampa Bay / West Florida Coast,120,GREEN,BLUE
1772039855036,A2D2-F3A1,FLT-F3A1-001,28.049990,-82.350609,31.2,12,0,Mavic 3,false,drone_images/Mavic 3.png,28.045000,-82.355000,28.044500,-82.355300,apolloshield_dji,dji,,,2414500000,RADAR-A2D2-F3A1,Sensor Tampa Bay / West Florida Coast,120,GREEN,BLUE
1772039855812,A2D2-F3A1,FLT-F3A1-001,28.049990,-82.350609,31.2,12,0,Mavic 3,false,drone_images/Mavic 3.png,28.045000,-82.355000,28.044500,-82.355300,apolloshield_dji,dji,,,2414500000,RADAR-A2D2-F3A1,Sensor Tampa Bay / West Florida Coast,120,GREEN,BLUE
1772039857116,A2D2-F3A1,FLT-F3A1-001,28.049990,-82.350574,31.2,0.6,0,Mavic 3,false,drone_images/Mavic 3.png,28.045000,-82.355000,28.044500,-82.355300,apolloshield_dji,dji,,,2414500000,RADAR-A2D2-F3A1,Sensor Tampa Bay / West Florida Coast,120,GREEN,BLUE
1772039857796,A2D2-F3A1,FLT-F3A1-001,28.049984,-82.350580,31.2,0.8,0,Mavic 3,false,drone_images/Mavic 3.png,28.045000,-82.355000,28.044500,-82.355300,apolloshield_dji,dji,,,2414500000,RADAR-A2D2-F3A1,Sensor Tampa Bay / West Florida Coast,120,GREEN,BLUE
1772039858690,A2D2-F3A1,FLT-F3A1-001,28.049984,-82.350580,31.3,0.3,0,Mavic 3,false,drone_images/Mavic 3.png,28.045000,-82.355000,28.044500,-82.355300,apolloshield_dji,dji,,,2414500000,RADAR-A2D2-F3A1,Sensor Tampa Bay / West Florida Coast,120,GREEN,BLUE
1772039860350,A2D2-F3A1,FLT-F3A1-001,28.049984,-82.350580,31.3,0.3,0,Mavic 3,false,drone_images/Mavic 3.png,28.045000,-82.355000,28.044500,-82.355300,apolloshield_dji,dji,,,2414500000,RADAR-A2D2-F3A1,Sensor Tampa Bay / West Florida Coast,120,GREEN,BLUE
1772039860685,A2D2-F3A1,FLT-F3A1-001,28.049990,-82.350580,31.2,12,0,Mavic 3,false,drone_images/Mavic 3.png,28.045000,-82.355000,28.044500,-82.355300,apolloshield_dji,dji,,,2414500000,RADAR-A2D2-F3A1,Sensor Tampa Bay / West Florida Coast,120,GREEN,BLUE
1772039862106,A2D2-F3A1,FLT-F3A1-001,28.049990,-82.350580,31.2,12,0,Mavic 3,false,drone_images/Mavic 3.png,28.045000,-82.355000,28.044500,-82.355300,apolloshield_dji,dji,,,2414500000,RADAR-A2D2-F3A1,Sensor Tampa Bay / West Florida Coast,120,GREEN,BLUE
1772039862907,A2D2-F3A1,FLT-F3A1-001,28.049990,-82.350580,31.2,12,0,Mavic 3,false,drone_images/Mavic 3.png,28.045000,-82.355000,28.044500,-82.355300,apolloshield_dji,dji,,,2414500000,RADAR-A2D2-F3A1,Sensor Tampa Bay / West Florida Coast,120,GREEN,BLUE
1772039864056,A2D2-F3A1,FLT-F3A1-001,28.049990,-82.350580,31.2,12,0,Mavic 3,false,drone_images/Mavic 3.png,28.045000,-82.355000,28.044500,-82.355300,apolloshield_dji,dji,,,2414500000,RADAR-A2D2-F3A1,Sensor Tampa Bay / West Florida Coast,120,GREEN,BLUE
1772039864801,A2D2-F3A1,FLT-F3A1-001,28.049990,-82.350580,31.2,12,0,Mavic 3,false,drone_images/Mavic 3.png,28.045000,-82.355000,28.044500,-82.355300,apolloshield_dji,dji,,,2414500000,RADAR-A2D2-F3A1,Sensor Tampa Bay / West Florida Coast,120,GREEN,BLUE
1772039866005,A2D2-F3A1,FLT-F3A1-001,28.049990,-82.350580,31.2,12,0,Mavic 3,false,drone_images/Mavic 3.png,28.045000,-82.355000,28.044500,-82.355300,apolloshield_dji,dji,,,2414500000,RADAR-A2D2-F3A1,Sensor Tampa Bay / West Florida Coast,120,GREEN,BLUE
1772039867200,A2D2-F3A1,FLT-F3A1-001,28.049990,-82.350580,31.2,12,0,Mavic 3,false,drone_images/Mavic 3.png,28.045000,-82.355000,28.044500,-82.355300,apolloshield_dji,dji,,,2414500000,RADAR-A2D2-F3A1,Sensor Tampa Bay / West Florida Coast,120,GREEN,BLUE
1772039867874,A2D2-F3A1,FLT-F3A1-001,28.049990,-82.350580,31.2,12,0,Mavic 3,false,drone_images/Mavic 3.png,28.045000,-82.355000,28.044500,-82.355300,apolloshield_dji,dji,,,2414500000,RADAR-A2D2-F3A1,Sensor Tampa Bay / West Florida Coast,120,GREEN,BLUE
1772039868795,A2D2-F3A1,FLT-F3A1-001,28.049990,-82.350580,31.2,12,0,Mavic 3,false,drone_images/Mavic 3.png,28.045000,-82.355000,28.044500,-82.355300,apolloshield_dji,dji,,,2414500000,RADAR-A2D2-F3A1,Sensor Tampa Bay / West Florida Coast,120,GREEN,BLUE
1772039870383,A2D2-F3A1,FLT-F3A1-001,28.049990,-82.350580,31.2,12,0,Mavic 3,false,drone_images/Mavic 3.png,28.045000,-82.355000,28.044500,-82.355300,apolloshield_dji,dji,,,2414500000,RADAR-A2D2-F3A1,Sensor Tampa Bay / West Florida Coast,120,GREEN,BLUE
1772039871262,A2D2-F3A1,FLT-F3A1-001,28.049990,-82.350580,31.2,12,0,Mavic 3,false,drone_images/Mavic 3.png,28.045000,-82.355000,28.044500,-82.355300,apolloshield_dji,dji,,,2414500000,RADAR-A2D2-F3A1,Sensor Tampa Bay / West Florida Coast,120,GREEN,BLUE
1772039871635,A2D2-F3A1,FLT-F3A1-001,28.049990,-82.350580,31.2,12,0,Mavic 3,false,drone_images/Mavic 3.png,28.045000,-82.355000,28.044500,-82.355300,apolloshield_dji,dji,,,2414500000,RADAR-A2D2-F3A1,Sensor Tampa Bay / West Florida Coast,120,GREEN,BLUE
1772039872724,A2D2-F3A1,FLT-F3A1-001,28.049990,-82.350580,31.2,12,0,Mavic 3,false,drone_images/Mavic 3.png,28.045000,-82.355000,28.044500,-82.355300,apolloshield_dji,dji,,,2414500000,RADAR-A2D2-F3A1,Sensor Tampa Bay / West Florida Coast,120,GREEN,BLUE
1772039874170,A2D2-F3A1,FLT-F3A1-001,28.049990,-82.350580,31.2,12,0,Mavic 3,false,drone_images/Mavic 3.png,28.045000,-82.355000,28.044500,-82.355300,apolloshield_dji,dji,,,2414500000,RADAR-A2D2-F3A1,Sensor Tampa Bay / West Florida Coast,120,GREEN,BLUE
1772039874750,A2D2-F3A1,FLT-F3A1-001,28.049990,-82.350580,31.2,12,0,Mavic 3,false,drone_images/Mavic 3.png,28.045000,-82.355000,28.044500,-82.355300,apolloshield_dji,dji,,,2414500000,RADAR-A2D2-F3A1,Sensor Tampa Bay / West Florida Coast,120,GREEN,BLUE
1772039875836,A2D2-F3A1,FLT-F3A1-001,28.049990,-82.350580,31.2,12,0,Mavic 3,false,drone_images/Mavic 3.png,28.045000,-82.355000,28.044500,-82.355300,apolloshield_dji,dji,,,2414500000,RADAR-A2D2-F3A1,Sensor Tampa Bay / West Florida Coast,120,GREEN,BLUE
1772039876860,A2D2-F3A1,FLT-F3A1-001,28.049990,-82.350580,31.1,12,0,Mavic 3,false,drone_images/Mavic 3.png,28.045000,-82.355000,28.044500,-82.355300,apolloshield_dji,dji,,,2414500000,RADAR-A2D2-F3A1,Sensor Tampa Bay / West Florida Coast,120,GREEN,BLUE
1772039877891,A2D2-F3A1,FLT-F3A1-001,28.049990,-82.350580,31.1,12,0,Mavic 3,false,drone_images/Mavic 3.png,28.045000,-82.355000,28.044500,-82.355300,apolloshield_dji,dji,,,2414500000,RADAR-A2D2-F3A1,Sensor Tampa Bay / West Florida Coast,120,GREEN,BLUE
1772039878748,A2D2-F3A1,FLT-F3A1-001,28.049990,-82.350580,31.1,12,0,Mavic 3,false,drone_images/Mavic 3.png,28.045000,-82.355000,28.044500,-82.355300,apolloshield_dji,dji,,,2414500000,RADAR-A2D2-F3A1,Sensor Tampa Bay / West Florida Coast,120,GREEN,BLUE
1772039881035,A2D2-F3A1,FLT-F3A1-001,28.049990,-82.350580,31.2,12,0,Mavic 3,false,drone_images/Mavic 3.png,28.045000,-82.355000,28.044500,-82.355300,apolloshield_dji,dji,,,2414500000,RADAR-A2D2-F3A1,Sensor Tampa Bay / West Florida Coast,120,GREEN,BLUE
1772039881161,A2D2-F3A1,FLT-F3A1-001,28.049990,-82.350580,31.2,12,0,Mavic 3,false,drone_images/Mavic 3.png,28.045000,-82.355000,28.044500,-82.355300,apolloshield_dji,dji,,,2414500000,RADAR-A2D2-F3A1,Sensor Tampa Bay / West Florida Coast,120,GREEN,BLUE
1772039881870,A2D2-F3A1,FLT-F3A1-001,28.049990,-82.350580,31.2,12,0,Mavic 3,false,drone_images/Mavic 3.png,28.045000,-82.355000,28.044500,-82.355300,apolloshield_dji,dji,,,2414500000,RADAR-A2D2-F3A1,Sensor Tampa Bay / West Florida Coast,120,GREEN,BLUE
1772039883075,A2D2-F3A1,FLT-F3A1-001,28.049990,-82.350580,31.2,12,0,Mavic 3,false,drone_images/Mavic 3.png,28.045000,-82.355000,28.044500,-82.355300,apolloshield_dji,dji,,,2414500000,RADAR-A2D2-F3A1,Sensor Tampa Bay / West Florida Coast,120,GREEN,BLUE
1772039883817,A2D2-F3A1,FLT-F3A1-001,28.049990,-82.350580,31.2,12,0,Mavic 3,false,drone_images/Mavic 3.png,28.045000,-82.355000,28.044500,-82.355300,apolloshield_dji,dji,,,2414500000,RADAR-A2D2-F3A1,Sensor Tampa Bay / West Florida Coast,120,GREEN,BLUE
1772039884784,A2D2-F3A1,FLT-F3A1-001,28.049990,-82.350580,31.2,12,0,Mavic 3,false,drone_images/Mavic 3.png,28.045000,-82.355000,28.044500,-82.355300,apolloshield_dji,dji,,,2414500000,RADAR-A2D2-F3A1,Sensor Tampa Bay / West Florida Coast,120,GREEN,BLUE
1772039886040,A2D2-F3A1,FLT-F3A1-001,28.049990,-82.350580,31.2,12,0,Mavic 3,false,drone_images/Mavic 3.png,28.045000,-82.355000,28.044500,-82.355300,apolloshield_dji,dji,,,2414500000,RADAR-A2D2-F3A1,Sensor Tampa Bay / West Florida Coast,120,GREEN,BLUE
1772039886744,A2D2-F3A1,FLT-F3A1-001,28.049990,-82.350580,31.2,12,0,Mavic 3,false,drone_images/Mavic 3.png,28.045000,-82.355000,28.044500,-82.355300,apolloshield_dji,dji,,,2414500000,RADAR-A2D2-F3A1,Sensor Tampa Bay / West Florida Coast,120,GREEN,BLUE
1772039888185,A2D2-F3A1,FLT-F3A1-001,28.049990,-82.350580,31.2,12,0,Mavic 3,false,drone_images/Mavic 3.png,28.045000,-82.355000,28.044500,-82.355300,apolloshield_dji,dji,,,2414500000,RADAR-A2D2-F3A1,Sensor Tampa Bay / West Florida Coast,120,GREEN,BLUE
1772039889039,A2D2-F3A1,FLT-F3A1-001,28.049990,-82.350580,31.2,12,0,Mavic 3,false,drone_images/Mavic 3.png,28.045000,-82.355000,28.044500,-82.355300,apolloshield_dji,dji,,,2414500000,RADAR-A2D2-F3A1,Sensor Tampa Bay / West Florida Coast,120,GREEN,BLUE
1772039889780,A2D2-F3A1,FLT-F3A1-001,28.049990,-82.350580,31.2,12,0,Mavic 3,false,drone_images/Mavic 3.png,28.045000,-82.355000,28.044500,-82.355300,apolloshield_dji,dji,,,2414500000,RADAR-A2D2-F3A1,Sensor Tampa Bay / West Florida Coast,120,GREEN,BLUE
1772039890939,A2D2-F3A1,FLT-F3A1-001,28.049990,-82.350580,31.2,12,0,Mavic 3,false,drone_images/Mavic 3.png,28.045000,-82.355000,28.044500,-82.355300,apolloshield_dji,dji,,,2414500000,RADAR-A2D2-F3A1,Sensor Tampa Bay / West Florida Coast,120,GREEN,BLUE
1772039892134,A2D2-F3A1,FLT-F3A1-001,28.049990,-82.350580,31.3,12,0,Mavic 3,false,drone_images/Mavic 3.png,28.045000,-82.355000,28.044500,-82.355300,apolloshield_dji,dji,,,2414500000,RADAR-A2D2-F3A1,Sensor Tampa Bay / West Florida Coast,120,GREEN,BLUE
1772039892804,A2D2-F3A1,FLT-F3A1-001,28.049990,-82.350580,31.3,12,0,Mavic 3,false,drone_images/Mavic 3.png,28.045000,-82.355000,28.044500,-82.355300,apolloshield_dji,dji,,,2414500000,RADAR-A2D2-F3A1,Sensor Tampa Bay / West Florida Coast,120,GREEN,BLUE
1772039894084,A2D2-F3A1,FLT-F3A1-001,28.049990,-82.350580,31.3,12,0,Mavic 3,false,drone_images/Mavic 3.png,28.045000,-82.355000,28.044500,-82.355300,apolloshield_dji,dji,,,2414500000,RADAR-A2D2-F3A1,Sensor Tampa Bay / West Florida Coast,120,GREEN,BLUE
1772039895134,A2D2-F3A1,FLT-F3A1-001,28.049990,-82.350580,31.3,12,0,Mavic 3,false,drone_images/Mavic 3.png,28.045000,-82.355000,28.044500,-82.355300,apolloshield_dji,dji,,,2414500000,RADAR-A2D2-F3A1,Sensor Tampa Bay / West Florida Coast,120,GREEN,BLUE
1772039896302,A2D2-F3A1,FLT-F3A1-001,28.049990,-82.350580,31.3,12,0,Mavic 3,false,drone_images/Mavic 3.png,28.045000,-82.355000,28.044500,-82.355300,apolloshield_dji,dji,,,2414500000,RADAR-A2D2-F3A1,Sensor Tampa Bay / West Florida Coast,120,GREEN,BLUE
1772039897015,A2D2-F3A1,FLT-F3A1-001,28.049990,-82.350580,31.2,12,0,Mavic 3,false,drone_images/Mavic 3.png,28.045000,-82.355000,28.044500,-82.355300,apolloshield_dji,dji,,,2414500000,RADAR-A2D2-F3A1,Sensor Tampa Bay / West Florida Coast,120,GREEN,BLUE
1772039897822,A2D2-F3A1,FLT-F3A1-001,28.049990,-82.350574,31.3,12,0,Mavic 3,false,drone_images/Mavic 3.png,28.045000,-82.355000,28.044500,-82.355300,apolloshield_dji,dji,,,2414500000,RADAR-A2D2-F3A1,Sensor Tampa Bay / West Florida Coast,120,GREEN,BLUE
1772039898832,A2D2-F3A1,FLT-F3A1-001,28.049990,-82.350574,31.2,12,0,Mavic 3,false,drone_images/Mavic 3.png,28.045000,-82.355000,28.044500,-82.355300,apolloshield_dji,dji,,,2414500000,RADAR-A2D2-F3A1,Sensor Tampa Bay / West Florida Coast,120,GREEN,BLUE
1772039900445,A2D2-F3A1,FLT-F3A1-001,28.049990,-82.350580,31.2,12,0,Mavic 3,false,drone_images/Mavic 3.png,28.045000,-82.355000,28.044500,-82.355300,apolloshield_dji,dji,,,2414500000,RADAR-A2D2-F3A1,Sensor Tampa Bay / West Florida Coast,120,GREEN,BLUE
1772039900902,A2D2-F3A1,FLT-F3A1-001,28.049990,-82.350580,31.2,12,0,Mavic 3,false,drone_images/Mavic 3.png,28.045000,-82.355000,28.044500,-82.355300,apolloshield_dji,dji,,,2414500000,RADAR-A2D2-F3A1,Sensor Tampa Bay / West Florida Coast,120,GREEN,BLUE
1772039901834,A2D2-F3A1,FLT-F3A1-001,28.049990,-82.350580,31.2,12,0,Mavic 3,false,drone_images/Mavic 3.png,28.045000,-82.355000,28.044500,-82.355300,apolloshield_dji,dji,,,2414500000,RADAR-A2D2-F3A1,Sensor Tampa Bay / West Florida Coast,120,GREEN,BLUE
1772039902683,A2D2-F3A1,FLT-F3A1-001,28.049990,-82.350580,31.2,12,0,Mavic 3,false,drone_images/Mavic 3.png,28.045000,-82.355000,28.044500,-82.355300,apolloshield_dji,dji,,,2414500000,RADAR-A2D2-F3A1,Sensor Tampa Bay / West Florida Coast,120,GREEN,BLUE
1772039903929,A2D2-F3A1,FLT-F3A1-001,28.049990,-82.350580,31.2,12,0,Mavic 3,false,drone_images/Mavic 3.png,28.045000,-82.355000,28.044500,-82.355300,apolloshield_dji,dji,,,2414500000,RADAR-A2D2-F3A1,Sensor Tampa Bay / West Florida Coast,120,GREEN,BLUE
1772039905133,A2D2-F3A1,FLT-F3A1-001,28.049990,-82.350580,31.2,12,0,Mavic 3,false,drone_images/Mavic 3.png,28.045000,-82.355000,28.044500,-82.355300,apolloshield_dji,dji,,,2414500000,RADAR-A2D2-F3A1,Sensor Tampa Bay / West Florida Coast,120,GREEN,BLUE
1772039905895,A2D2-F3A1,FLT-F3A1-001,28.049990,-82.350580,31.2,12,0,Mavic 3,false,drone_images/Mavic 3.png,28.045000,-82.355000,28.044500,-82.355300,apolloshield_dji,dji,,,2414500000,RADAR-A2D2-F3A1,Sensor Tampa Bay / West Florida Coast,120,GREEN,BLUE
1772039906826,A2D2-F3A1,FLT-F3A1-001,28.049990,-82.350580,31.2,12,0,Mavic 3,false,drone_images/Mavic 3.png,28.045000,-82.355000,28.044500,-82.355300,apolloshield_dji,dji,,,2414500000,RADAR-A2D2-F3A1,Sensor Tampa Bay / West Florida Coast,120,GREEN,BLUE
1772039908005,A2D2-F3A1,FLT-F3A1-001,28.049990,-82.350580,31.2,12,0,Mavic 3,false,drone_images/Mavic 3.png,28.045000,-82.355000,28.044500,-82.355300,apolloshield_dji,dji,,,2414500000,RADAR-A2D2-F3A1,Sensor Tampa Bay / West Florida Coast,120,GREEN,BLUE
1772039908852,A2D2-F3A1,FLT-F3A1-001,28.049990,-82.350580,31.2,12,0,Mavic 3,false,drone_images/Mavic 3.png,28.045000,-82.355000,28.044500,-82.355300,apolloshield_dji,dji,,,2414500000,RADAR-A2D2-F3A1,Sensor Tampa Bay / West Florida Coast,120,GREEN,BLUE
1772039909952,A2D2-F3A1,FLT-F3A1-001,28.049990,-82.350580,31.2,12,0,Mavic 3,false,drone_images/Mavic 3.png,28.045000,-82.355000,28.044500,-82.355300,apolloshield_dji,dji,,,2414500000,RADAR-A2D2-F3A1,Sensor Tampa Bay / West Florida Coast,120,GREEN,BLUE
1772039910880,A2D2-F3A1,FLT-F3A1-001,28.049990,-82.350580,31.2,12,0,Mavic 3,false,drone_images/Mavic 3.png,28.045000,-82.355000,28.044500,-82.355300,apolloshield_dji,dji,,,2414500000,RADAR-A2D2-F3A1,Sensor Tampa Bay / West Florida Coast,120,GREEN,BLUE
1772039911795,A2D2-F3A1,FLT-F3A1-001,28.049990,-82.350580,31.2,12,0,Mavic 3,false,drone_images/Mavic 3.png,28.045000,-82.355000,28.044500,-82.355300,apolloshield_dji,dji,,,2414500000,RADAR-A2D2-F3A1,Sensor Tampa Bay / West Florida Coast,120,GREEN,BLUE
1772039913123,A2D2-F3A1,FLT-F3A1-001,28.049990,-82.350580,31.2,12,0,Mavic 3,false,drone_images/Mavic 3.png,28.045000,-82.355000,28.044500,-82.355300,apolloshield_dji,dji,,,2414500000,RADAR-A2D2-F3A1,Sensor Tampa Bay / West Florida Coast,120,GREEN,BLUE
1772039914008,A2D2-F3A1,FLT-F3A1-001,28.049990,-82.350580,31.2,12,0,Mavic 3,false,drone_images/Mavic 3.png,28.045000,-82.355000,28.044500,-82.355300,apolloshield_dji,dji,,,2414500000,RADAR-A2D2-F3A1,Sensor Tampa Bay / West Florida Coast,120,GREEN,BLUE
1772039914960,A2D2-F3A1,FLT-F3A1-001,28.049990,-82.350580,31.2,0.1,0,Mavic 3,false,drone_images/Mavic 3.png,28.045000,-82.355000,28.044500,-82.355300,apolloshield_dji,dji,,,2414500000,RADAR-A2D2-F3A1,Sensor Tampa Bay / West Florida Coast,120,GREEN,BLUE
1772039915773,A2D2-F3A1,FLT-F3A1-001,28.049990,-82.350580,31.1,12,0,Mavic 3,false,drone_images/Mavic 3.png,28.045000,-82.355000,28.044500,-82.355300,apolloshield_dji,dji,,,2414500000,RADAR-A2D2-F3A1,Sensor Tampa Bay / West Florida Coast,120,GREEN,BLUE
1772039917058,A2D2-F3A1,FLT-F3A1-001,28.049990,-82.350580,31.1,12,0,Mavic 3,false,drone_images/Mavic 3.png,28.045000,-82.355000,28.044500,-82.355300,apolloshield_dji,dji,,,2414500000,RADAR-A2D2-F3A1,Sensor Tampa Bay / West Florida Coast,120,GREEN,BLUE
1772039917679,A2D2-F3A1,FLT-F3A1-001,28.049990,-82.350580,31.1,12,0,Mavic 3,false,drone_images/Mavic 3.png,28.045000,-82.355000,28.044500,-82.355300,apolloshield_dji,dji,,,2414500000,RADAR-A2D2-F3A1,Sensor Tampa Bay / West Florida Coast,120,GREEN,BLUE
1772039918887,A2D2-F3A1,FLT-F3A1-001,28.049990,-82.350580,31.1,12,0,Mavic 3,false,drone_images/Mavic 3.png,28.045000,-82.355000,28.044500,-82.355300,apolloshield_dji,dji,,,2414500000,RADAR-A2D2-F3A1,Sensor Tampa Bay / West Florida Coast,120,GREEN,BLUE
1772039920159,A2D2-F3A1,FLT-F3A1-001,28.049990,-82.350580,31.2,12,0,Mavic 3,false,drone_images/Mavic 3.png,28.045000,-82.355000,28.044500,-82.355300,apolloshield_dji,dji,,,2414500000,RADAR-A2D2-F3A1,Sensor Tampa Bay / West Florida Coast,120,GREEN,BLUE
1772039920859,A2D2-F3A1,FLT-F3A1-001,28.049990,-82.350580,31.2,12,0,Mavic 3,false,drone_images/Mavic 3.png,28.045000,-82.355000,28.044500,-82.355300,apolloshield_dji,dji,,,2414500000,RADAR-A2D2-F3A1,Sensor Tampa Bay / West Florida Coast,120,GREEN,BLUE
1772039921686,A2D2-F3A1,FLT-F3A1-001,28.049990,-82.350580,31.2,12,0,Mavic 3,false,drone_images/Mavic 3.png,28.045000,-82.355000,28.044500,-82.355300,apolloshield_dji,dji,,,2414500000,RADAR-A2D2-F3A1,Sensor Tampa Bay / West Florida Coast,120,GREEN,BLUE
1772039922788,A2D2-F3A1,FLT-F3A1-001,28.049990,-82.350580,31.2,12,0,Mavic 3,false,drone_images/Mavic 3.png,28.045000,-82.355000,28.044500,-82.355300,apolloshield_dji,dji,,,2414500000,RADAR-A2D2-F3A1,Sensor Tampa Bay / West Florida Coast,120,GREEN,BLUE
1772039924101,A2D2-F3A1,FLT-F3A1-001,28.049990,-82.350580,31.2,12,0,Mavic 3,false,drone_images/Mavic 3.png,28.045000,-82.355000,28.044500,-82.355300,apolloshield_dji,dji,,,2414500000,RADAR-A2D2-F3A1,Sensor Tampa Bay / West Florida Coast,120,GREEN,BLUE
1772039925140,A2D2-F3A1,FLT-F3A1-001,28.049990,-82.350580,31.2,12,0,Mavic 3,false,drone_images/Mavic 3.png,28.045000,-82.355000,28.044500,-82.355300,apolloshield_dji,dji,,,2414500000,RADAR-A2D2-F3A1,Sensor Tampa Bay / West Florida Coast,120,GREEN,BLUE
1772039925819,A2D2-F3A1,FLT-F3A1-001,28.049990,-82.350580,31.2,12,0,Mavic 3,false,drone_images/Mavic 3.png,28.045000,-82.355000,28.044500,-82.355300,apolloshield_dji,dji,,,2414500000,RADAR-A2D2-F3A1,Sensor Tampa Bay / West Florida Coast,120,GREEN,BLUE
1772039927282,A2D2-F3A1,FLT-F3A1-001,28.049990,-82.350580,31.2,12,0,Mavic 3,false,drone_images/Mavic 3.png,28.045000,-82.355000,28.044500,-82.355300,apolloshield_dji,dji,,,2414500000,RADAR-A2D2-F3A1,Sensor Tampa Bay / West Florida Coast,120,GREEN,BLUE
1772039927920,A2D2-F3A1,FLT-F3A1-001,28.049990,-82.350580,31.2,12,0,Mavic 3,false,drone_images/Mavic 3.png,28.045000,-82.355000,28.044500,-82.355300,apolloshield_dji,dji,,,2414500000,RADAR-A2D2-F3A1,Sensor Tampa Bay / West Florida Coast,120,GREEN,BLUE
1772039929085,A2D2-F3A1,FLT-F3A1-001,28.049990,-82.350580,31.2,12,0,Mavic 3,false,drone_images/Mavic 3.png,28.045000,-82.355000,28.044500,-82.355300,apolloshield_dji,dji,,,2414500000,RADAR-A2D2-F3A1,Sensor Tampa Bay / West Florida Coast,120,GREEN,BLUE
1772039929934,A2D2-F3A1,FLT-F3A1-001,28.049990,-82.350580,31.2,12,0,Mavic 3,false,drone_images/Mavic 3.png,28.045000,-82.355000,28.044500,-82.355300,apolloshield_dji,dji,,,2414500000,RADAR-A2D2-F3A1,Sensor Tampa Bay / West Florida Coast,120,GREEN,BLUE
1772039930793,A2D2-F3A1,FLT-F3A1-001,28.049990,-82.350580,31.2,12,0,Mavic 3,false,drone_images/Mavic 3.png,28.045000,-82.355000,28.044500,-82.355300,apolloshield_dji,dji,,,2414500000,RADAR-A2D2-F3A1,Sensor Tampa Bay / West Florida Coast,120,GREEN,BLUE
1772039931570,A2D2-F3A1,FLT-F3A1-001,28.049990,-82.350580,31.2,0.1,0,Mavic 3,false,drone_images/Mavic 3.png,28.045000,-82.355000,28.044500,-82.355300,apolloshield_dji,dji,,,2414500000,RADAR-A2D2-F3A1,Sensor Tampa Bay / West Florida Coast,120,GREEN,BLUE
1772039932880,A2D2-F3A1,FLT-F3A1-001,28.049990,-82.350580,31.2,0.1,0,Mavic 3,false,drone_images/Mavic 3.png,28.045000,-82.355000,28.044500,-82.355300,apolloshield_dji,dji,,,2414500000,RADAR-A2D2-F3A1,Sensor Tampa Bay / West Florida Coast,120,GREEN,BLUE
1772039933930,A2D2-F3A1,FLT-F3A1-001,28.049990,-82.350580,31.2,0.1,0,Mavic 3,false,drone_images/Mavic 3.png,28.045000,-82.355000,28.044500,-82.355300,apolloshield_dji,dji,,,2414500000,RADAR-A2D2-F3A1,Sensor Tampa Bay / West Florida Coast,120,GREEN,BLUE
1772039934860,A2D2-F3A1,FLT-F3A1-001,28.049990,-82.350580,31.2,0.1,0,Mavic 3,false,drone_images/Mavic 3.png,28.045000,-82.355000,28.044500,-82.355300,apolloshield_dji,dji,,,2414500000,RADAR-A2D2-F3A1,Sensor Tampa Bay / West Florida Coast,120,GREEN,BLUE
1772039935923,A2D2-F3A1,FLT-F3A1-001,28.049990,-82.350580,31.2,12,0,Mavic 3,false,drone_images/Mavic 3.png,28.045000,-82.355000,28.044500,-82.355300,apolloshield_dji,dji,,,2414500000,RADAR-A2D2-F3A1,Sensor Tampa Bay / West Florida Coast,120,GREEN,BLUE
1772039937076,A2D2-F3A1,FLT-F3A1-001,28.049990,-82.350580,31.2,12,0,Mavic 3,false,drone_images/Mavic 3.png,28.045000,-82.355000,28.044500,-82.355300,apolloshield_dji,dji,,,2414500000,RADAR-A2D2-F3A1,Sensor Tampa Bay / West Florida Coast,120,GREEN,BLUE
1772039937850,A2D2-F3A1,FLT-F3A1-001,28.049990,-82.350580,31.2,12,0,Mavic 3,false,drone_images/Mavic 3.png,28.045000,-82.355000,28.044500,-82.355300,apolloshield_dji,dji,,,2414500000,RADAR-A2D2-F3A1,Sensor Tampa Bay / West Florida Coast,120,GREEN,BLUE
1772039938893,A2D2-F3A1,FLT-F3A1-001,28.049990,-82.350580,31.2,12,0,Mavic 3,false,drone_images/Mavic 3.png,28.045000,-82.355000,28.044500,-82.355300,apolloshield_dji,dji,,,2414500000,RADAR-A2D2-F3A1,Sensor Tampa Bay / West Florida Coast,120,GREEN,BLUE
1772039939904,A2D2-F3A1,FLT-F3A1-001,28.049990,-82.350580,31.2,12,0,Mavic 3,false,drone_images/Mavic 3.png,28.045000,-82.355000,28.044500,-82.355300,apolloshield_dji,dji,,,2414500000,RADAR-A2D2-F3A1,Sensor Tampa Bay / West Florida Coast,120,GREEN,BLUE
1772039940876,A2D2-F3A1,FLT-F3A1-001,28.049990,-82.350580,37.6,0.2,0,Mavic 3,false,drone_images/Mavic 3.png,28.045000,-82.355000,28.044500,-82.355300,apolloshield_dji,dji,,,2414500000,RADAR-A2D2-F3A1,Sensor Tampa Bay / West Florida Coast,120,GREEN,BLUE
1772039941997,A2D2-F3A1,FLT-F3A1-001,28.049990,-82.350580,37.6,0.2,0,Mavic 3,false,drone_images/Mavic 3.png,28.045000,-82.355000,28.044500,-82.355300,apolloshield_dji,dji,,,2414500000,RADAR-A2D2-F3A1,Sensor Tampa Bay / West Florida Coast,120,GREEN,BLUE
1772039943745,A2D2-F3A1,FLT-F3A1-001,28.049990,-82.350580,37.6,0.2,0,Mavic 3,false,drone_images/Mavic 3.png,28.045000,-82.355000,28.044500,-82.355300,apolloshield_dji,dji,,,2414500000,RADAR-A2D2-F3A1,Sensor Tampa Bay / West Florida Coast,120,GREEN,BLUE
1772039943947,A2D2-F3A1,FLT-F3A1-001,28.049990,-82.350580,37.6,0.2,0,Mavic 3,false,drone_images/Mavic 3.png,28.045000,-82.355000,28.044500,-82.355300,apolloshield_dji,dji,,,2414500000,RADAR-A2D2-F3A1,Sensor Tampa Bay / West Florida Coast,120,GREEN,BLUE
1772039944947,A2D2-F3A1,FLT-F3A1-001,28.049990,-82.350580,37.6,0.2,0,Mavic 3,false,drone_images/Mavic 3.png,28.045000,-82.355000,28.044500,-82.355300,apolloshield_dji,dji,,,2414500000,RADAR-A2D2-F3A1,Sensor Tampa Bay / West Florida Coast,120,GREEN,BLUE
1772039945987,A2D2-F3A1,FLT-F3A1-001,28.049995,-82.350580,38.9,0.1,0,Mavic 3,false,drone_images/Mavic 3.png,28.045000,-82.355000,28.044500,-82.355300,apolloshield_dji,dji,,,2414500000,RADAR-A2D2-F3A1,Sensor Tampa Bay / West Florida Coast,120,GREEN,BLUE
1772039946817,A2D2-F3A1,FLT-F3A1-001,28.049995,-82.350580,38.9,0.1,0,Mavic 3,false,drone_images/Mavic 3.png,28.045000,-82.355000,28.044500,-82.355300,apolloshield_dji,dji,,,2414500000,RADAR-A2D2-F3A1,Sensor Tampa Bay / West Florida Coast,120,GREEN,BLUE
1772039947711,A2D2-F3A1,FLT-F3A1-001,28.049995,-82.350580,38.9,0.1,0,Mavic 3,false,drone_images/Mavic 3.png,28.045000,-82.355000,28.044500,-82.355300,apolloshield_dji,dji,,,2414500000,RADAR-A2D2-F3A1,Sensor Tampa Bay / West Florida Coast,120,GREEN,BLUE
1772039948820,A2D2-F3A1,FLT-F3A1-001,28.049995,-82.350580,38.9,0.1,0,Mavic 3,false,drone_images/Mavic 3.png,28.045000,-82.355000,28.044500,-82.355300,apolloshield_dji,dji,,,2414500000,RADAR-A2D2-F3A1,Sensor Tampa Bay / West Florida Coast,120,GREEN,BLUE
1772039949993,A2D2-F3A1,FLT-F3A1-001,28.049995,-82.350580,38.7,0.1,0,Mavic 3,false,drone_images/Mavic 3.png,28.045000,-82.355000,28.044500,-82.355300,apolloshield_dji,dji,,,2414500000,RADAR-A2D2-F3A1,Sensor Tampa Bay / West Florida Coast,120,GREEN,BLUE
1772039950743,A2D2-F3A1,FLT-F3A1-001,28.049995,-82.350580,38.7,0.1,0,Mavic 3,false,drone_images/Mavic 3.png,28.045000,-82.355000,28.044500,-82.355300,apolloshield_dji,dji,,,2414500000,RADAR-A2D2-F3A1,Sensor Tampa Bay / West Florida Coast,120,GREEN,BLUE
1772039952076,A2D2-F3A1,FLT-F3A1-001,28.049995,-82.350580,38.7,0.1,0,Mavic 3,false,drone_images/Mavic 3.png,28.045000,-82.355000,28.044500,-82.355300,apolloshield_dji,dji,,,2414500000,RADAR-A2D2-F3A1,Sensor Tampa Bay / West Florida Coast,120,GREEN,BLUE
1772039952804,A2D2-F3A1,FLT-F3A1-001,28.049995,-82.350580,38.7,0.1,0,Mavic 3,false,drone_images/Mavic 3.png,28.045000,-82.355000,28.044500,-82.355300,apolloshield_dji,dji,,,2414500000,RADAR-A2D2-F3A1,Sensor Tampa Bay / West Florida Coast,120,GREEN,BLUE
1772039953858,A2D2-F3A1,FLT-F3A1-001,28.049995,-82.350580,39.1,12,0,Mavic 3,false,drone_images/Mavic 3.png,28.045000,-82.355000,28.044500,-82.355300,apolloshield_dji,dji,,,2414500000,RADAR-A2D2-F3A1,Sensor Tampa Bay / West Florida Coast,120,GREEN,BLUE
1772039955222,A2D2-F3A1,FLT-F3A1-001,28.049995,-82.350580,39.1,12,0,Mavic 3,false,drone_images/Mavic 3.png,28.045000,-82.355000,28.044500,-82.355300,apolloshield_dji,dji,,,2414500000,RADAR-A2D2-F3A1,Sensor Tampa Bay / West Florida Coast,120,GREEN,BLUE
1772039955641,A2D2-F3A1,FLT-F3A1-001,28.049995,-82.350580,39.1,12,0,Mavic 3,false,drone_images/Mavic 3.png,28.045000,-82.355000,28.044500,-82.355300,apolloshield_dji,dji,,,2414500000,RADAR-A2D2-F3A1,Sensor Tampa Bay / West Florida Coast,120,GREEN,BLUE
1772039957048,A2D2-F3A1,FLT-F3A1-001,28.049995,-82.350580,39.1,12,0,Mavic 3,false,drone_images/Mavic 3.png,28.045000,-82.355000,28.044500,-82.355300,apolloshield_dji,dji,,,2414500000,RADAR-A2D2-F3A1,Sensor Tampa Bay / West Florida Coast,120,GREEN,BLUE
1772039958045,A2D2-F3A1,FLT-F3A1-001,28.049995,-82.350580,39.1,12,0,Mavic 3,false,drone_images/Mavic 3.png,28.045000,-82.355000,28.044500,-82.355300,apolloshield_dji,dji,,,2414500000,RADAR-A2D2-F3A1,Sensor Tampa Bay / West Florida Coast,120,GREEN,BLUE
1772039958807,A2D2-F3A1,FLT-F3A1-001,28.049995,-82.350580,39.1,12,0,Mavic 3,false,drone_images/Mavic 3.png,28.045000,-82.355000,28.044500,-82.355300,apolloshield_dji,dji,,,2414500000,RADAR-A2D2-F3A1,Sensor Tampa Bay / West Florida Coast,120,GREEN,BLUE
1772039959647,A2D2-F3A1,FLT-F3A1-001,28.049995,-82.350580,39.1,12,0,Mavic 3,false,drone_images/Mavic 3.png,28.045000,-82.355000,28.044500,-82.355300,apolloshield_dji,dji,,,2414500000,RADAR-A2D2-F3A1,Sensor Tampa Bay / West Florida Coast,120,GREEN,BLUE
1772039961080,A2D2-F3A1,FLT-F3A1-001,28.049995,-82.350580,39.1,12,0,Mavic 3,false,drone_images/Mavic 3.png,28.045000,-82.355000,28.044500,-82.355300,apolloshield_dji,dji,,,2414500000,RADAR-A2D2-F3A1,Sensor Tampa Bay / West Florida Coast,120,GREEN,BLUE
1772039961944,A2D2-F3A1,FLT-F3A1-001,28.049995,-82.350580,39.1,12,0,Mavic 3,false,drone_images/Mavic 3.png,28.045000,-82.355000,28.044500,-82.355300,apolloshield_dji,dji,,,2414500000,RADAR-A2D2-F3A1,Sensor Tampa Bay / West Florida Coast,120,GREEN,BLUE
1772039962791,A2D2-F3A1,FLT-F3A1-001,28.049995,-82.350580,39.1,12,0,Mavic 3,false,drone_images/Mavic 3.png,28.045000,-82.355000,28.044500,-82.355300,apolloshield_dji,dji,,,2414500000,RADAR-A2D2-F3A1,Sensor Tampa Bay / West Florida Coast,120,GREEN,BLUE
1772039963861,A2D2-F3A1,FLT-F3A1-001,28.049995,-82.350580,39.1,12,0,Mavic 3,false,drone_images/Mavic 3.png,28.045000,-82.355000,28.044500,-82.355300,apolloshield_dji,dji,,,2414500000,RADAR-A2D2-F3A1,Sensor Tampa Bay / West Florida Coast,120,GREEN,BLUE
1772039964861,A2D2-F3A1,FLT-F3A1-001,28.049995,-82.350580,39.1,12,0,Mavic 3,false,drone_images/Mavic 3.png,28.045000,-82.355000,28.044500,-82.355300,apolloshield_dji,dji,,,2414500000,RADAR-A2D2-F3A1,Sensor Tampa Bay / West Florida Coast,120,GREEN,BLUE
1772039965597,A2D2-F3A1,FLT-F3A1-001,28.049995,-82.350580,39.1,12,0,Mavic 3,false,drone_images/Mavic 3.png,28.045000,-82.355000,28.044500,-82.355300,apolloshield_dji,dji,,,2414500000,RADAR-A2D2-F3A1,Sensor Tampa Bay / West Florida Coast,120,GREEN,BLUE
1772039966765,A2D2-F3A1,FLT-F3A1-001,28.049995,-82.350580,39.1,12,0,Mavic 3,false,drone_images/Mavic 3.png,28.045000,-82.355000,28.044500,-82.355300,apolloshield_dji,dji,,,2414500000,RADAR-A2D2-F3A1,Sensor Tampa Bay / West Florida Coast,120,GREEN,BLUE
1772039968007,A2D2-F3A1,FLT-F3A1-001,28.049995,-82.350580,39.1,12,0,Mavic 3,false,drone_images/Mavic 3.png,28.045000,-82.355000,28.044500,-82.355300,apolloshield_dji,dji,,,2414500000,RADAR-A2D2-F3A1,Sensor Tampa Bay / West Florida Coast,120,GREEN,BLUE
1772039968611,A2D2-F3A1,FLT-F3A1-001,28.049995,-82.350580,39.1,12,0,Mavic 3,false,drone_images/Mavic 3.png,28.045000,-82.355000,28.044500,-82.355300,apolloshield_dji,dji,,,2414500000,RADAR-A2D2-F3A1,Sensor Tampa Bay / West Florida Coast,120,GREEN,BLUE
1772039969767,A2D2-F3A1,FLT-F3A1-001,28.049995,-82.350580,39.1,12,0,Mavic 3,false,drone_images/Mavic 3.png,28.045000,-82.355000,28.044500,-82.355300,apolloshield_dji,dji,,,2414500000,RADAR-A2D2-F3A1,Sensor Tampa Bay / West Florida Coast,120,GREEN,BLUE
1772039970677,A2D2-F3A1,FLT-F3A1-001,28.049995,-82.350580,39.1,12,0,Mavic 3,false,drone_images/Mavic 3.png,28.045000,-82.355000,28.044500,-82.355300,apolloshield_dji,dji,,,2414500000,RADAR-A2D2-F3A1,Sensor Tampa Bay / West Florida Coast,120,GREEN,BLUE
1772039972203,A2D2-F3A1,FLT-F3A1-001,28.049995,-82.350580,39.1,12,0,Mavic 3,false,drone_images/Mavic 3.png,28.045000,-82.355000,28.044500,-82.355300,apolloshield_dji,dji,,,2414500000,RADAR-A2D2-F3A1,Sensor Tampa Bay / West Florida Coast,120,GREEN,BLUE
1772039973078,A2D2-F3A1,FLT-F3A1-001,28.049995,-82.350580,39.1,12,0,Mavic 3,false,drone_images/Mavic 3.png,28.045000,-82.355000,28.044500,-82.355300,apolloshield_dji,dji,,,2414500000,RADAR-A2D2-F3A1,Sensor Tampa Bay / West Florida Coast,120,GREEN,BLUE
1772039974057,A2D2-F3A1,FLT-F3A1-001,28.049995,-82.350580,38.3,0.1,0,Mavic 3,false,drone_images/Mavic 3.png,28.045000,-82.355000,28.044500,-82.355300,apolloshield_dji,dji,,,2414500000,RADAR-A2D2-F3A1,Sensor Tampa Bay / West Florida Coast,120,GREEN,BLUE
1772039974992,A2D2-F3A1,FLT-F3A1-001,28.049995,-82.350580,38.3,0.1,0,Mavic 3,false,drone_images/Mavic 3.png,28.045000,-82.355000,28.044500,-82.355300,apolloshield_dji,dji,,,2414500000,RADAR-A2D2-F3A1,Sensor Tampa Bay / West Florida Coast,120,GREEN,BLUE
1772039976143,A2D2-F3A1,FLT-F3A1-001,28.049995,-82.350580,38.3,0.1,0,Mavic 3,false,drone_images/Mavic 3.png,28.045000,-82.355000,28.044500,-82.355300,apolloshield_dji,dji,,,2414500000,RADAR-A2D2-F3A1,Sensor Tampa Bay / West Florida Coast,120,GREEN,BLUE
1772039976922,A2D2-F3A1,FLT-F3A1-001,28.049995,-82.350580,39.1,0.1,0,Mavic 3,false,drone_images/Mavic 3.png,28.045000,-82.355000,28.044500,-82.355300,apolloshield_dji,dji,,,2414500000,RADAR-A2D2-F3A1,Sensor Tampa Bay / West Florida Coast,120,GREEN,BLUE
1772039977968,A2D2-F3A1,FLT-F3A1-001,28.049995,-82.350580,39.1,0.1,0,Mavic 3,false,drone_images/Mavic 3.png,28.045000,-82.355000,28.044500,-82.355300,apolloshield_dji,dji,,,2414500000,RADAR-A2D2-F3A1,Sensor Tampa Bay / West Florida Coast,120,GREEN,BLUE
1772039978616,A2D2-F3A1,FLT-F3A1-001,28.049995,-82.350580,39.1,0.1,0,Mavic 3,false,drone_images/Mavic 3.png,28.045000,-82.355000,28.044500,-82.355300,apolloshield_dji,dji,,,2414500000,RADAR-A2D2-F3A1,Sensor Tampa Bay / West Florida Coast,120,GREEN,BLUE
1772039980066,A2D2-F3A1,FLT-F3A1-001,28.049995,-82.350580,39.1,0.1,0,Mavic 3,false,drone_images/Mavic 3.png,28.045000,-82.355000,28.044500,-82.355300,apolloshield_dji,dji,,,2414500000,RADAR-A2D2-F3A1,Sensor Tampa Bay / West Florida Coast,120,GREEN,BLUE
1772039980756,A2D2-F3A1,FLT-F3A1-001,28.049995,-82.350580,39.1,0.1,0,Mavic 3,false,drone_images/Mavic 3.png,28.045000,-82.355000,28.044500,-82.355300,apolloshield_dji,dji,,,2414500000,RADAR-A2D2-F3A1,Sensor Tampa Bay / West Florida Coast,120,GREEN,BLUE
1772039982727,A2D2-F3A1,FLT-F3A1-001,28.049995,-82.350580,39.1,0.1,0,Mavic 3,false,drone_images/Mavic 3.png,28.045000,-82.355000,28.044500,-82.355300,apolloshield_dji,dji,,,2414500000,RADAR-A2D2-F3A1,Sensor Tampa Bay / West Florida Coast,120,GREEN,BLUE
1772039982842,A2D2-F3A1,FLT-F3A1-001,28.049995,-82.350580,39.1,0.1,0,Mavic 3,false,drone_images/Mavic 3.png,28.045000,-82.355000,28.044500,-82.355300,apolloshield_dji,dji,,,2414500000,RADAR-A2D2-F3A1,Sensor Tampa Bay / West Florida Coast,120,GREEN,BLUE
1772039983638,A2D2-F3A1,FLT-F3A1-001,28.049995,-82.350580,39.1,0.1,0,Mavic 3,false,drone_images/Mavic 3.png,28.045000,-82.355000,28.044500,-82.355300,apolloshield_dji,dji,,,2414500000,RADAR-A2D2-F3A1,Sensor Tampa Bay / West Florida Coast,120,GREEN,BLUE
1772039984894,A2D2-F3A1,FLT-F3A1-001,28.049995,-82.350580,39.1,0.1,0,Mavic 3,false,drone_images/Mavic 3.png,28.045000,-82.355000,28.044500,-82.355300,apolloshield_dji,dji,,,2414500000,RADAR-A2D2-F3A1,Sensor Tampa Bay / West Florida Coast,120,GREEN,BLUE
1772039985871,A2D2-F3A1,FLT-F3A1-001,28.049995,-82.350580,39.1,0.1,0,Mavic 3,false,drone_images/Mavic 3.png,28.045000,-82.355000,28.044500,-82.355300,apolloshield_dji,dji,,,2414500000,RADAR-A2D2-F3A1,Sensor Tampa Bay / West Florida Coast,120,GREEN,BLUE
1772039987118,A2D2-F3A1,FLT-F3A1-001,28.049995,-82.350580,39.1,0.1,0,Mavic 3,false,drone_images/Mavic 3.png,28.045000,-82.355000,28.044500,-82.355300,apolloshield_dji,dji,,,2414500000,RADAR-A2D2-F3A1,Sensor Tampa Bay / West Florida Coast,120,GREEN,BLUE
1772039988005,A2D2-F3A1,FLT-F3A1-001,28.049995,-82.350580,39.1,0.1,0,Mavic 3,false,drone_images/Mavic 3.png,28.045000,-82.355000,28.044500,-82.355300,apolloshield_dji,dji,,,2414500000,RADAR-A2D2-F3A1,Sensor Tampa Bay / West Florida Coast,120,GREEN,BLUE
1772039988801,A2D2-F3A1,FLT-F3A1-001,28.049995,-82.350580,39.1,0.1,0,Mavic 3,false,drone_images/Mavic 3.png,28.045000,-82.355000,28.044500,-82.355300,apolloshield_dji,dji,,,2414500000,RADAR-A2D2-F3A1,Sensor Tampa Bay / West Florida Coast,120,GREEN,BLUE
1772039990551,A2D2-F3A1,FLT-F3A1-001,28.049995,-82.350580,39.1,0.1,0,Mavic 3,false,drone_images/Mavic 3.png,28.045000,-82.355000,28.044500,-82.355300,apolloshield_dji,dji,,,2414500000,RADAR-A2D2-F3A1,Sensor Tampa Bay / West Florida Coast,120,GREEN,BLUE
1772039991076,A2D2-F3A1,FLT-F3A1-001,28.049990,-82.350574,43.1,12,0,Mavic 3,false,drone_images/Mavic 3.png,28.045000,-82.355000,28.044500,-82.355300,apolloshield_dji,dji,,,2414500000,RADAR-A2D2-F3A1,Sensor Tampa Bay / West Florida Coast,120,GREEN,BLUE
1772039991940,A2D2-F3A1,FLT-F3A1-001,28.049990,-82.350574,43.9,0.1,0,Mavic 3,false,drone_images/Mavic 3.png,28.045000,-82.355000,28.044500,-82.355300,apolloshield_dji,dji,,,2414500000,RADAR-A2D2-F3A1,Sensor Tampa Bay / West Florida Coast,120,GREEN,BLUE
1772039993081,A2D2-F3A1,FLT-F3A1-001,28.049990,-82.350574,43.4,12,0,Mavic 3,false,drone_images/Mavic 3.png,28.045000,-82.355000,28.044500,-82.355300,apolloshield_dji,dji,,,2414500000,RADAR-A2D2-F3A1,Sensor Tampa Bay / West Florida Coast,120,GREEN,BLUE
1772039993915,A2D2-F3A1,FLT-F3A1-001,28.049990,-82.350568,43.5,1.6,0,Mavic 3,false,drone_images/Mavic 3.png,28.045000,-82.355000,28.044500,-82.355300,apolloshield_dji,dji,,,2414500000,RADAR-A2D2-F3A1,Sensor Tampa Bay / West Florida Coast,120,GREEN,BLUE
1772039994925,A2D2-F3A1,FLT-F3A1-001,28.049990,-82.350568,43.5,1.6,0,Mavic 3,false,drone_images/Mavic 3.png,28.045000,-82.355000,28.044500,-82.355300,apolloshield_dji,dji,,,2414500000,RADAR-A2D2-F3A1,Sensor Tampa Bay / West Florida Coast,120,GREEN,BLUE
1772039996541,A2D2-F3A1,FLT-F3A1-001,28.049990,-82.350505,42.9,3.6,0,Mavic 3,false,drone_images/Mavic 3.png,28.045000,-82.355000,28.044500,-82.355300,apolloshield_dji,dji,,,2414500000,RADAR-A2D2-F3A1,Sensor Tampa Bay / West Florida Coast,120,GREEN,BLUE
1772039996844,A2D2-F3A1,FLT-F3A1-001,28.049990,-82.350471,43.2,3.3,0,Mavic 3,false,drone_images/Mavic 3.png,28.045000,-82.355000,28.044500,-82.355300,apolloshield_dji,dji,,,2414500000,RADAR-A2D2-F3A1,Sensor Tampa Bay / West Florida Coast,120,GREEN,BLUE
1772039997704,A2D2-F3A1,FLT-F3A1-001,28.049990,-82.350471,43.2,3.3,0,Mavic 3,false,drone_images/Mavic 3.png,28.045000,-82.355000,28.044500,-82.355300,apolloshield_dji,dji,,,2414500000,RADAR-A2D2-F3A1,Sensor Tampa Bay / West Florida Coast,120,GREEN,BLUE
1772039998978,A2D2-F3A1,FLT-F3A1-001,28.049990,-82.350471,43.2,3.3,0,Mavic 3,false,drone_images/Mavic 3.png,28.045000,-82.355000,28.044500,-82.355300,apolloshield_dji,dji,,,2414500000,RADAR-A2D2-F3A1,Sensor Tampa Bay / West Florida Coast,120,GREEN,BLUE
1772040000054,A2D2-F3A1,FLT-F3A1-001,28.049990,-82.350471,43.2,3.3,0,Mavic 3,false,drone_images/Mavic 3.png,28.045000,-82.355000,28.044500,-82.355300,apolloshield_dji,dji,,,2414500000,RADAR-A2D2-F3A1,Sensor Tampa Bay / West Florida Coast,120,GREEN,BLUE
1772040000774,A2D2-F3A1,FLT-F3A1-001,28.049990,-82.350471,43.2,3.3,0,Mavic 3,false,drone_images/Mavic 3.png,28.045000,-82.355000,28.044500,-82.355300,apolloshield_dji,dji,,,2414500000,RADAR-A2D2-F3A1,Sensor Tampa Bay / West Florida Coast,120,GREEN,BLUE
1772040001761,A2D2-F3A1,FLT-F3A1-001,28.049990,-82.350471,43.2,3.3,0,Mavic 3,false,drone_images/Mavic 3.png,28.045000,-82.355000,28.044500,-82.355300,apolloshield_dji,dji,,,2414500000,RADAR-A2D2-F3A1,Sensor Tampa Bay / West Florida Coast,120,GREEN,BLUE
1772040003213,A2D2-F3A1,FLT-F3A1-001,28.049990,-82.350471,43.2,3.3,0,Mavic 3,false,drone_images/Mavic 3.png,28.045000,-82.355000,28.044500,-82.355300,apolloshield_dji,dji,,,2414500000,RADAR-A2D2-F3A1,Sensor Tampa Bay / West Florida Coast,120,GREEN,BLUE
1772040004008,A2D2-F3A1,FLT-F3A1-001,28.049990,-82.350471,43.2,3.3,0,Mavic 3,false,drone_images/Mavic 3.png,28.045000,-82.355000,28.044500,-82.355300,apolloshield_dji,dji,,,2414500000,RADAR-A2D2-F3A1,Sensor Tampa Bay / West Florida Coast,120,GREEN,BLUE
1772040005498,A2D2-F3A1,FLT-F3A1-001,28.049990,-82.350471,43.2,3.3,0,Mavic 3,false,drone_images/Mavic 3.png,28.045000,-82.355000,28.044500,-82.355300,apolloshield_dji,dji,,,2414500000,RADAR-A2D2-F3A1,Sensor Tampa Bay / West Florida Coast,120,GREEN,BLUE
1772040005754,A2D2-F3A1,FLT-F3A1-001,28.049990,-82.350471,43.2,3.3,0,Mavic 3,false,drone_images/Mavic 3.png,28.045000,-82.355000,28.044500,-82.355300,apolloshield_dji,dji,,,2414500000,RADAR-A2D2-F3A1,Sensor Tampa Bay / West Florida Coast,120,GREEN,BLUE
1772040006803,A2D2-F3A1,FLT-F3A1-001,28.049990,-82.350471,43.2,3.3,0,Mavic 3,false,drone_images/Mavic 3.png,28.045000,-82.355000,28.044500,-82.355300,apolloshield_dji,dji,,,2414500000,RADAR-A2D2-F3A1,Sensor Tampa Bay / West Florida Coast,120,GREEN,BLUE
1772040007855,A2D2-F3A1,FLT-F3A1-001,28.049990,-82.350368,43.5,0.1,0,Mavic 3,false,drone_images/Mavic 3.png,28.045000,-82.355000,28.044500,-82.355300,apolloshield_dji,dji,,,2414500000,RADAR-A2D2-F3A1,Sensor Tampa Bay / West Florida Coast,120,GREEN,BLUE
1772040008627,A2D2-F3A1,FLT-F3A1-001,28.049990,-82.350368,43.5,0.1,0,Mavic 3,false,drone_images/Mavic 3.png,28.045000,-82.355000,28.044500,-82.355300,apolloshield_dji,dji,,,2414500000,RADAR-A2D2-F3A1,Sensor Tampa Bay / West Florida Coast,120,GREEN,BLUE
1772040009646,A2D2-F3A1,FLT-F3A1-001,28.049990,-82.350368,43.5,0.1,0,Mavic 3,false,drone_images/Mavic 3.png,28.045000,-82.355000,28.044500,-82.355300,apolloshield_dji,dji,,,2414500000,RADAR-A2D2-F3A1,Sensor Tampa Bay / West Florida Coast,120,GREEN,BLUE
1772040010825,A2D2-F3A1,FLT-F3A1-001,28.049990,-82.350368,43.5,0.1,0,Mavic 3,false,drone_images/Mavic 3.png,28.045000,-82.355000,28.044500,-82.355300,apolloshield_dji,dji,,,2414500000,RADAR-A2D2-F3A1,Sensor Tampa Bay / West Florida Coast,120,GREEN,BLUE
1772040011001,A2D2-F3A1,FLT-F3A1-001,28.049990,-82.350368,43.5,0.1,0,Mavic 3,false,drone_images/Mavic 3.png,28.045000,-82.355000,28.044500,-82.355300,apolloshield_dji,dji,,,2414500000,RADAR-A2D2-F3A1,Sensor Tampa Bay / West Florida Coast,120,GREEN,BLUE
1772040012886,A2D2-F3A1,FLT-F3A1-001,28.049984,-82.350368,43.8,12,0,Mavic 3,false,drone_images/Mavic 3.png,28.045000,-82.355000,28.044500,-82.355300,apolloshield_dji,dji,,,2414500000,RADAR-A2D2-F3A1,Sensor Tampa Bay / West Florida Coast,120,GREEN,BLUE
1772040012981,A2D2-F3A1,FLT-F3A1-001,28.049984,-82.350368,43.5,12,0,Mavic 3,false,drone_images/Mavic 3.png,28.045000,-82.355000,28.044500,-82.355300,apolloshield_dji,dji,,,2414500000,RADAR-A2D2-F3A1,Sensor Tampa Bay / West Florida Coast,120,GREEN,BLUE
1772040013962,A2D2-F3A1,FLT-F3A1-001,28.049984,-82.350368,43.8,12,0,Mavic 3,false,drone_images/Mavic 3.png,28.045000,-82.355000,28.044500,-82.355300,apolloshield_dji,dji,,,2414500000,RADAR-A2D2-F3A1,Sensor Tampa Bay / West Florida Coast,120,GREEN,BLUE
1772040014740,A2D2-F3A1,FLT-F3A1-001,28.049984,-82.350368,43.8,12,0,Mavic 3,false,drone_images/Mavic 3.png,28.045000,-82.355000,28.044500,-82.355300,apolloshield_dji,dji,,,2414500000,RADAR-A2D2-F3A1,Sensor Tampa Bay / West Florida Coast,120,GREEN,BLUE
1772040015819,A2D2-F3A1,FLT-F3A1-001,28.049984,-82.350368,43.8,12,0,Mavic 3,false,drone_images/Mavic 3.png,28.045000,-82.355000,28.044500,-82.355300,apolloshield_dji,dji,,,2414500000,RADAR-A2D2-F3A1,Sensor Tampa Bay / West Florida Coast,120,GREEN,BLUE
1772040017291,A2D2-F3A1,FLT-F3A1-001,28.049984,-82.350368,43.8,12,0,Mavic 3,false,drone_images/Mavic 3.png,28.045000,-82.355000,28.044500,-82.355300,apolloshield_dji,dji,,,2414500000,RADAR-A2D2-F3A1,Sensor Tampa Bay / West Florida Coast,120,GREEN,BLUE
1772040017982,A2D2-F3A1,FLT-F3A1-001,28.049984,-82.350368,43.8,12,0,Mavic 3,false,drone_images/Mavic 3.png,28.045000,-82.355000,28.044500,-82.355300,apolloshield_dji,dji,,,2414500000,RADAR-A2D2-F3A1,Sensor Tampa Bay / West Florida Coast,120,GREEN,BLUE
1772040018861,A2D2-F3A1,FLT-F3A1-001,28.049984,-82.350368,43.8,12,0,Mavic 3,false,drone_images/Mavic 3.png,28.045000,-82.355000,28.044500,-82.355300,apolloshield_dji,dji,,,2414500000,RADAR-A2D2-F3A1,Sensor Tampa Bay / West Florida Coast,120,GREEN,BLUE
1772040019807,A2D2-F3A1,FLT-F3A1-001,28.049984,-82.350368,43.8,12,0,Mavic 3,false,drone_images/Mavic 3.png,28.045000,-82.355000,28.044500,-82.355300,apolloshield_dji,dji,,,2414500000,RADAR-A2D2-F3A1,Sensor Tampa Bay / West Florida Coast,120,GREEN,BLUE
1772040020992,A2D2-F3A1,FLT-F3A1-001,28.049984,-82.350368,43.8,12,0,Mavic 3,false,drone_images/Mavic 3.png,28.045000,-82.355000,28.044500,-82.355300,apolloshield_dji,dji,,,2414500000,RADAR-A2D2-F3A1,Sensor Tampa Bay / West Florida Coast,120,GREEN,BLUE
1772040021831,A2D2-F3A1,FLT-F3A1-001,28.049984,-82.350368,43.8,12,0,Mavic 3,false,drone_images/Mavic 3.png,28.045000,-82.355000,28.044500,-82.355300,apolloshield_dji,dji,,,2414500000,RADAR-A2D2-F3A1,Sensor Tampa Bay / West Florida Coast,120,GREEN,BLUE
1772040023055,A2D2-F3A1,FLT-F3A1-001,28.049984,-82.350368,43.8,12,0,Mavic 3,false,drone_images/Mavic 3.png,28.045000,-82.355000,28.044500,-82.355300,apolloshield_dji,dji,,,2414500000,RADAR-A2D2-F3A1,Sensor Tampa Bay / West Florida Coast,120,GREEN,BLUE
1772040023849,A2D2-F3A1,FLT-F3A1-001,28.049984,-82.350368,43.8,12,0,Mavic 3,false,drone_images/Mavic 3.png,28.045000,-82.355000,28.044500,-82.355300,apolloshield_dji,dji,,,2414500000,RADAR-A2D2-F3A1,Sensor Tampa Bay / West Florida Coast,120,GREEN,BLUE
1772040024929,A2D2-F3A1,FLT-F3A1-001,28.049984,-82.350368,43.8,12,0,Mavic 3,false,drone_images/Mavic 3.png,28.045000,-82.355000,28.044500,-82.355300,apolloshield_dji,dji,,,2414500000,RADAR-A2D2-F3A1,Sensor Tampa Bay / West Florida Coast,120,GREEN,BLUE
1772040025815,A2D2-F3A1,FLT-F3A1-001,28.049984,-82.350368,43.8,12,0,Mavic 3,false,drone_images/Mavic 3.png,28.045000,-82.355000,28.044500,-82.355300,apolloshield_dji,dji,,,2414500000,RADAR-A2D2-F3A1,Sensor Tampa Bay / West Florida Coast,120,GREEN,BLUE
1772040026727,A2D2-F3A1,FLT-F3A1-001,28.049984,-82.350368,43.8,12,0,Mavic 3,false,drone_images/Mavic 3.png,28.045000,-82.355000,28.044500,-82.355300,apolloshield_dji,dji,,,2414500000,RADAR-A2D2-F3A1,Sensor Tampa Bay / West Florida Coast,120,GREEN,BLUE
1772040027845,A2D2-F3A1,FLT-F3A1-001,28.049984,-82.350368,43.8,12,0,Mavic 3,false,drone_images/Mavic 3.png,28.045000,-82.355000,28.044500,-82.355300,apolloshield_dji,dji,,,2414500000,RADAR-A2D2-F3A1,Sensor Tampa Bay / West Florida Coast,120,GREEN,BLUE
1772040028823,A2D2-F3A1,FLT-F3A1-001,28.049984,-82.350368,43.8,12,0,Mavic 3,false,drone_images/Mavic 3.png,28.045000,-82.355000,28.044500,-82.355300,apolloshield_dji,dji,,,2414500000,RADAR-A2D2-F3A1,Sensor Tampa Bay / West Florida Coast,120,GREEN,BLUE
1772040029721,A2D2-F3A1,FLT-F3A1-001,28.049984,-82.350368,43.8,12,0,Mavic 3,false,drone_images/Mavic 3.png,28.045000,-82.355000,28.044500,-82.355300,apolloshield_dji,dji,,,2414500000,RADAR-A2D2-F3A1,Sensor Tampa Bay / West Florida Coast,120,GREEN,BLUE
1772040030922,A2D2-F3A1,FLT-F3A1-001,28.049984,-82.350368,43.8,12,0,Mavic 3,false,drone_images/Mavic 3.png,28.045000,-82.355000,28.044500,-82.355300,apolloshield_dji,dji,,,2414500000,RADAR-A2D2-F3A1,Sensor Tampa Bay / West Florida Coast,120,GREEN,BLUE
1772040031744,A2D2-F3A1,FLT-F3A1-001,28.049984,-82.350368,43.8,12,0,Mavic 3,false,drone_images/Mavic 3.png,28.045000,-82.355000,28.044500,-82.355300,apolloshield_dji,dji,,,2414500000,RADAR-A2D2-F3A1,Sensor Tampa Bay / West Florida Coast,120,GREEN,BLUE
1772040032913,A2D2-F3A1,FLT-F3A1-001,28.049984,-82.350368,43.8,12,0,Mavic 3,false,drone_images/Mavic 3.png,28.045000,-82.355000,28.044500,-82.355300,apolloshield_dji,dji,,,2414500000,RADAR-A2D2-F3A1,Sensor Tampa Bay / West Florida Coast,120,GREEN,BLUE
1772040034206,A2D2-F3A1,FLT-F3A1-001,28.049984,-82.350368,43.8,12,0,Mavic 3,false,drone_images/Mavic 3.png,28.045000,-82.355000,28.044500,-82.355300,apolloshield_dji,dji,,,2414500000,RADAR-A2D2-F3A1,Sensor Tampa Bay / West Florida Coast,120,GREEN,BLUE
1772040035117,A2D2-F3A1,FLT-F3A1-001,28.049984,-82.350368,43.8,12,0,Mavic 3,false,drone_images/Mavic 3.png,28.045000,-82.355000,28.044500,-82.355300,apolloshield_dji,dji,,,2414500000,RADAR-A2D2-F3A1,Sensor Tampa Bay / West Florida Coast,120,GREEN,BLUE
1772040035821,A2D2-F3A1,FLT-F3A1-001,28.049984,-82.350368,43.8,12,0,Mavic 3,false,drone_images/Mavic 3.png,28.045000,-82.355000,28.044500,-82.355300,apolloshield_dji,dji,,,2414500000,RADAR-A2D2-F3A1,Sensor Tampa Bay / West Florida Coast,120,GREEN,BLUE
1772040037212,A2D2-F3A1,FLT-F3A1-001,28.049984,-82.350368,43.8,12,0,Mavic 3,false,drone_images/Mavic 3.png,28.045000,-82.355000,28.044500,-82.355300,apolloshield_dji,dji,,,2414500000,RADAR-A2D2-F3A1,Sensor Tampa Bay / West Florida Coast,120,GREEN,BLUE
1772040037788,A2D2-F3A1,FLT-F3A1-001,28.049984,-82.350368,43.8,12,0,Mavic 3,false,drone_images/Mavic 3.png,28.045000,-82.355000,28.044500,-82.355300,apolloshield_dji,dji,,,2414500000,RADAR-A2D2-F3A1,Sensor Tampa Bay / West Florida Coast,120,GREEN,BLUE
1772040038796,A2D2-F3A1,FLT-F3A1-001,28.049984,-82.350368,43.8,12,0,Mavic 3,false,drone_images/Mavic 3.png,28.045000,-82.355000,28.044500,-82.355300,apolloshield_dji,dji,,,2414500000,RADAR-A2D2-F3A1,Sensor Tampa Bay / West Florida Coast,120,GREEN,BLUE
1772040039839,A2D2-F3A1,FLT-F3A1-001,28.049984,-82.350368,43.7,0.1,0,Mavic 3,false,drone_images/Mavic 3.png,28.045000,-82.355000,28.044500,-82.355300,apolloshield_dji,dji,,,2414500000,RADAR-A2D2-F3A1,Sensor Tampa Bay / West Florida Coast,120,GREEN,BLUE
1772040040881,A2D2-F3A1,FLT-F3A1-001,28.049984,-82.350368,43.7,0.1,0,Mavic 3,false,drone_images/Mavic 3.png,28.045000,-82.355000,28.044500,-82.355300,apolloshield_dji,dji,,,2414500000,RADAR-A2D2-F3A1,Sensor Tampa Bay / West Florida Coast,120,GREEN,BLUE
1772040041819,A2D2-F3A1,FLT-F3A1-001,28.049984,-82.350368,43.7,0.1,0,Mavic 3,false,drone_images/Mavic 3.png,28.045000,-82.355000,28.044500,-82.355300,apolloshield_dji,dji,,,2414500000,RADAR-A2D2-F3A1,Sensor Tampa Bay / West Florida Coast,120,GREEN,BLUE
1772040042672,A2D2-F3A1,FLT-F3A1-001,28.049984,-82.350368,43.7,0.1,0,Mavic 3,false,drone_images/Mavic 3.png,28.045000,-82.355000,28.044500,-82.355300,apolloshield_dji,dji,,,2414500000,RADAR-A2D2-F3A1,Sensor Tampa Bay / West Florida Coast,120,GREEN,BLUE
1772040043535,A2D2-F3A1,FLT-F3A1-001,28.049984,-82.350368,43.5,12,0,Mavic 3,false,drone_images/Mavic 3.png,28.045000,-82.355000,28.044500,-82.355300,apolloshield_dji,dji,,,2414500000,RADAR-A2D2-F3A1,Sensor Tampa Bay / West Florida Coast,120,GREEN,BLUE
1772040044786,A2D2-F3A1,FLT-F3A1-001,28.049984,-82.350368,43.5,12,0,Mavic 3,false,drone_images/Mavic 3.png,28.045000,-82.355000,28.044500,-82.355300,apolloshield_dji,dji,,,2414500000,RADAR-A2D2-F3A1,Sensor Tampa Bay / West Florida Coast,120,GREEN,BLUE
1772040045752,A2D2-F3A1,FLT-F3A1-001,28.049984,-82.350368,43.5,12,0,Mavic 3,false,drone_images/Mavic 3.png,28.045000,-82.355000,28.044500,-82.355300,apolloshield_dji,dji,,,2414500000,RADAR-A2D2-F3A1,Sensor Tampa Bay / West Florida Coast,120,GREEN,BLUE
1772040046779,A2D2-F3A1,FLT-F3A1-001,28.049984,-82.350368,43.5,12,0,Mavic 3,false,drone_images/Mavic 3.png,28.045000,-82.355000,28.044500,-82.355300,apolloshield_dji,dji,,,2414500000,RADAR-A2D2-F3A1,Sensor Tampa Bay / West Florida Coast,120,GREEN,BLUE
1772040047696,A2D2-F3A1,FLT-F3A1-001,28.049984,-82.350368,43.6,12,0,Mavic 3,false,drone_images/Mavic 3.png,28.045000,-82.355000,28.044500,-82.355300,apolloshield_dji,dji,,,2414500000,RADAR-A2D2-F3A1,Sensor Tampa Bay / West Florida Coast,120,GREEN,BLUE
1772040048745,A2D2-F3A1,FLT-F3A1-001,28.049984,-82.350368,43.5,12,0,Mavic 3,false,drone_images/Mavic 3.png,28.045000,-82.355000,28.044500,-82.355300,apolloshield_dji,dji,,,2414500000,RADAR-A2D2-F3A1,Sensor Tampa Bay / West Florida Coast,120,GREEN,BLUE
1772040049801,A2D2-F3A1,FLT-F3A1-001,28.049984,-82.350368,43.5,12,0,Mavic 3,false,drone_images/Mavic 3.png,28.045000,-82.355000,28.044500,-82.355300,apolloshield_dji,dji,,,2414500000,RADAR-A2D2-F3A1,Sensor Tampa Bay / West Florida Coast,120,GREEN,BLUE
1772040050845,A2D2-F3A1,FLT-F3A1-001,28.049984,-82.350368,43.5,12,0,Mavic 3,false,drone_images/Mavic 3.png,28.045000,-82.355000,28.044500,-82.355300,apolloshield_dji,dji,,,2414500000,RADAR-A2D2-F3A1,Sensor Tampa Bay / West Florida Coast,120,GREEN,BLUE
1772040051957,A2D2-F3A1,FLT-F3A1-001,28.049984,-82.350368,43.5,12,0,Mavic 3,false,drone_images/Mavic 3.png,28.045000,-82.355000,28.044500,-82.355300,apolloshield_dji,dji,,,2414500000,RADAR-A2D2-F3A1,Sensor Tampa Bay / West Florida Coast,120,GREEN,BLUE
1772040052940,A2D2-F3A1,FLT-F3A1-001,28.049984,-82.350351,43.4,1.8,0,Mavic 3,false,drone_images/Mavic 3.png,28.045000,-82.355000,28.044500,-82.355300,apolloshield_dji,dji,,,2414500000,RADAR-A2D2-F3A1,Sensor Tampa Bay / West Florida Coast,120,GREEN,BLUE
1772040053755,A2D2-F3A1,FLT-F3A1-001,28.049984,-82.350351,43.4,1.8,0,Mavic 3,false,drone_images/Mavic 3.png,28.045000,-82.355000,28.044500,-82.355300,apolloshield_dji,dji,,,2414500000,RADAR-A2D2-F3A1,Sensor Tampa Bay / West Florida Coast,120,GREEN,BLUE
1772040054848,A2D2-F3A1,FLT-F3A1-001,28.049984,-82.350351,43.4,1.8,0,Mavic 3,false,drone_images/Mavic 3.png,28.045000,-82.355000,28.044500,-82.355300,apolloshield_dji,dji,,,2414500000,RADAR-A2D2-F3A1,Sensor Tampa Bay / West Florida Coast,120,GREEN,BLUE
1772040055791,A2D2-F3A1,FLT-F3A1-001,28.049984,-82.350351,43.4,1.8,0,Mavic 3,false,drone_images/Mavic 3.png,28.045000,-82.355000,28.044500,-82.355300,apolloshield_dji,dji,,,2414500000,RADAR-A2D2-F3A1,Sensor Tampa Bay / West Florida Coast,120,GREEN,BLUE
1772040056852,A2D2-F3A1,FLT-F3A1-001,28.049984,-82.350351,43.4,1.8,0,Mavic 3,false,drone_images/Mavic 3.png,28.045000,-82.355000,28.044500,-82.355300,apolloshield_dji,dji,,,2414500000,RADAR-A2D2-F3A1,Sensor Tampa Bay / West Florida Coast,120,GREEN,BLUE
1772040058473,A2D2-F3A1,FLT-F3A1-001,28.049984,-82.350351,43.4,1.8,0,Mavic 3,false,drone_images/Mavic 3.png,28.045000,-82.355000,28.044500,-82.355300,apolloshield_dji,dji,,,2414500000,RADAR-A2D2-F3A1,Sensor Tampa Bay / West Florida Coast,120,GREEN,BLUE
1772040058706,A2D2-F3A1,FLT-F3A1-001,28.049961,-82.350162,43.5,3.7,0,Mavic 3,false,drone_images/Mavic 3.png,28.045000,-82.355000,28.044500,-82.355300,apolloshield_dji,dji,,,2414500000,RADAR-A2D2-F3A1,Sensor Tampa Bay / West Florida Coast,120,GREEN,BLUE
1772040060345,A2D2-F3A1,FLT-F3A1-001,28.049961,-82.350162,43.5,3.7,0,Mavic 3,false,drone_images/Mavic 3.png,28.045000,-82.355000,28.044500,-82.355300,apolloshield_dji,dji,,,2414500000,RADAR-A2D2-F3A1,Sensor Tampa Bay / West Florida Coast,120,GREEN,BLUE
1772040060678,A2D2-F3A1,FLT-F3A1-001,28.049961,-82.350162,43.5,3.7,0,Mavic 3,false,drone_images/Mavic 3.png,28.045000,-82.355000,28.044500,-82.355300,apolloshield_dji,dji,,,2414500000,RADAR-A2D2-F3A1,Sensor Tampa Bay / West Florida Coast,120,GREEN,BLUE
1772040061935,A2D2-F3A1,FLT-F3A1-001,28.049961,-82.350162,43.5,3.7,0,Mavic 3,false,drone_images/Mavic 3.png,28.045000,-82.355000,28.044500,-82.355300,apolloshield_dji,dji,,,2414500000,RADAR-A2D2-F3A1,Sensor Tampa Bay / West Florida Coast,120,GREEN,BLUE
1772040063099,A2D2-F3A1,FLT-F3A1-001,28.049950,-82.350007,43.6,2.9,0,Mavic 3,false,drone_images/Mavic 3.png,28.045000,-82.355000,28.044500,-82.355300,apolloshield_dji,dji,,,2414500000,RADAR-A2D2-F3A1,Sensor Tampa Bay / West Florida Coast,120,GREEN,BLUE
1772040063753,A2D2-F3A1,FLT-F3A1-001,28.049944,-82.349995,43.8,0.1,0,Mavic 3,false,drone_images/Mavic 3.png,28.045000,-82.355000,28.044500,-82.355300,apolloshield_dji,dji,,,2414500000,RADAR-A2D2-F3A1,Sensor Tampa Bay / West Florida Coast,120,GREEN,BLUE
1772040064770,A2D2-F3A1,FLT-F3A1-001,28.049944,-82.349995,43.8,0.1,0,Mavic 3,false,drone_images/Mavic 3.png,28.045000,-82.355000,28.044500,-82.355300,apolloshield_dji,dji,,,2414500000,RADAR-A2D2-F3A1,Sensor Tampa Bay / West Florida Coast,120,GREEN,BLUE
1772040066047,A2D2-F3A1,FLT-F3A1-001,28.049950,-82.349995,43.1,0.3,0,Mavic 3,false,drone_images/Mavic 3.png,28.045000,-82.355000,28.044500,-82.355300,apolloshield_dji,dji,,,2414500000,RADAR-A2D2-F3A1,Sensor Tampa Bay / West Florida Coast,120,GREEN,BLUE
1772040066845,A2D2-F3A1,FLT-F3A1-001,28.049950,-82.349995,43.1,0.3,0,Mavic 3,false,drone_images/Mavic 3.png,28.045000,-82.355000,28.044500,-82.355300,apolloshield_dji,dji,,,2414500000,RADAR-A2D2-F3A1,Sensor Tampa Bay / West Florida Coast,120,GREEN,BLUE
1772040068376,A2D2-F3A1,FLT-F3A1-001,28.049955,-82.349995,43,0.1,0,Mavic 3,false,drone_images/Mavic 3.png,28.045000,-82.355000,28.044500,-82.355300,apolloshield_dji,dji,,,2414500000,RADAR-A2D2-F3A1,Sensor Tampa Bay / West Florida Coast,120,GREEN,BLUE
1772040068666,A2D2-F3A1,FLT-F3A1-001,28.049955,-82.349995,43,0.1,0,Mavic 3,false,drone_images/Mavic 3.png,28.045000,-82.355000,28.044500,-82.355300,apolloshield_dji,dji,,,2414500000,RADAR-A2D2-F3A1,Sensor Tampa Bay / West Florida Coast,120,GREEN,BLUE
1772040069923,A2D2-F3A1,FLT-F3A1-001,28.049955,-82.349995,43,0.1,0,Mavic 3,false,drone_images/Mavic 3.png,28.045000,-82.355000,28.044500,-82.355300,apolloshield_dji,dji,,,2414500000,RADAR-A2D2-F3A1,Sensor Tampa Bay / West Florida Coast,120,GREEN,BLUE
1772040070994,A2D2-F3A1,FLT-F3A1-001,28.049955,-82.349995,43,0.1,0,Mavic 3,false,drone_images/Mavic 3.png,28.045000,-82.355000,28.044500,-82.355300,apolloshield_dji,dji,,,2414500000,RADAR-A2D2-F3A1,Sensor Tampa Bay / West Florida Coast,120,GREEN,BLUE
1772040071813,A2D2-F3A1,FLT-F3A1-001,28.049955,-82.349995,43,0.1,0,Mavic 3,false,drone_images/Mavic 3.png,28.045000,-82.355000,28.044500,-82.355300,apolloshield_dji,dji,,,2414500000,RADAR-A2D2-F3A1,Sensor Tampa Bay / West Florida Coast,120,GREEN,BLUE
1772040072962,A2D2-F3A1,FLT-F3A1-001,28.049955,-82.349995,43,0.1,0,Mavic 3,false,drone_images/Mavic 3.png,28.045000,-82.355000,28.044500,-82.355300,apolloshield_dji,dji,,,2414500000,RADAR-A2D2-F3A1,Sensor Tampa Bay / West Florida Coast,120,GREEN,BLUE
1772040073627,A2D2-F3A1,FLT-F3A1-001,28.049955,-82.349995,43,0.1,0,Mavic 3,false,drone_images/Mavic 3.png,28.045000,-82.355000,28.044500,-82.355300,apolloshield_dji,dji,,,2414500000,RADAR-A2D2-F3A1,Sensor Tampa Bay / West Florida Coast,120,GREEN,BLUE
1772040074665,A2D2-F3A1,FLT-F3A1-001,28.049955,-82.349995,43,0.1,0,Mavic 3,false,drone_images/Mavic 3.png,28.045000,-82.355000,28.044500,-82.355300,apolloshield_dji,dji,,,2414500000,RADAR-A2D2-F3A1,Sensor Tampa Bay / West Florida Coast,120,GREEN,BLUE
1772040076275,A2D2-F3A1,FLT-F3A1-001,28.049955,-82.349995,43.6,0.1,0,Mavic 3,false,drone_images/Mavic 3.png,28.045000,-82.355000,28.044500,-82.355300,apolloshield_dji,dji,,,2414500000,RADAR-A2D2-F3A1,Sensor Tampa Bay / West Florida Coast,120,GREEN,BLUE
1772040076863,A2D2-F3A1,FLT-F3A1-001,28.049955,-82.349995,43.6,0.1,0,Mavic 3,false,drone_images/Mavic 3.png,28.045000,-82.355000,28.044500,-82.355300,apolloshield_dji,dji,,,2414500000,RADAR-A2D2-F3A1,Sensor Tampa Bay / West Florida Coast,120,GREEN,BLUE
1772040077764,A2D2-F3A1,FLT-F3A1-001,28.049955,-82.349995,43.6,0.1,0,Mavic 3,false,drone_images/Mavic 3.png,28.045000,-82.355000,28.044500,-82.355300,apolloshield_dji,dji,,,2414500000,RADAR-A2D2-F3A1,Sensor Tampa Bay / West Florida Coast,120,GREEN,BLUE
1772040078846,A2D2-F3A1,FLT-F3A1-001,28.049955,-82.349995,43.6,0.1,0,Mavic 3,false,drone_images/Mavic 3.png,28.045000,-82.355000,28.044500,-82.355300,apolloshield_dji,dji,,,2414500000,RADAR-A2D2-F3A1,Sensor Tampa Bay / West Florida Coast,120,GREEN,BLUE
1772040080078,A2D2-F3A1,FLT-F3A1-001,28.049955,-82.349995,43.5,12,0,Mavic 3,false,drone_images/Mavic 3.png,28.045000,-82.355000,28.044500,-82.355300,apolloshield_dji,dji,,,2414500000,RADAR-A2D2-F3A1,Sensor Tampa Bay / West Florida Coast,120,GREEN,BLUE
1772040080864,A2D2-F3A1,FLT-F3A1-001,28.049955,-82.349995,43.5,12,0,Mavic 3,false,drone_images/Mavic 3.png,28.045000,-82.355000,28.044500,-82.355300,apolloshield_dji,dji,,,2414500000,RADAR-A2D2-F3A1,Sensor Tampa Bay / West Florida Coast,120,GREEN,BLUE
1772040082117,A2D2-F3A1,FLT-F3A1-001,28.049955,-82.349995,43.5,0.1,0,Mavic 3,false,drone_images/Mavic 3.png,28.045000,-82.355000,28.044500,-82.355300,apolloshield_dji,dji,,,2414500000,RADAR-A2D2-F3A1,Sensor Tampa Bay / West Florida Coast,120,GREEN,BLUE
1772040083625,A2D2-F3A1,FLT-F3A1-001,28.049955,-82.349995,43.5,12,0,Mavic 3,false,drone_images/Mavic 3.png,28.045000,-82.355000,28.044500,-82.355300,apolloshield_dji,dji,,,2414500000,RADAR-A2D2-F3A1,Sensor Tampa Bay / West Florida Coast,120,GREEN,BLUE
1772040083736,A2D2-F3A1,FLT-F3A1-001,28.049955,-82.349995,43.5,12,0,Mavic 3,false,drone_images/Mavic 3.png,28.045000,-82.355000,28.044500,-82.355300,apolloshield_dji,dji,,,2414500000,RADAR-A2D2-F3A1,Sensor Tampa Bay / West Florida Coast,120,GREEN,BLUE
1772040084811,A2D2-F3A1,FLT-F3A1-001,28.049955,-82.349995,43.5,12,0,Mavic 3,false,drone_images/Mavic 3.png,28.045000,-82.355000,28.044500,-82.355300,apolloshield_dji,dji,,,2414500000,RADAR-A2D2-F3A1,Sensor Tampa Bay / West Florida Coast,120,GREEN,BLUE
1772040085808,A2D2-F3A1,FLT-F3A1-001,28.049955,-82.349995,43.5,12,0,Mavic 3,false,drone_images/Mavic 3.png,28.045000,-82.355000,28.044500,-82.355300,apolloshield_dji,dji,,,2414500000,RADAR-A2D2-F3A1,Sensor Tampa Bay / West Florida Coast,120,GREEN,BLUE
1772040086871,A2D2-F3A1,FLT-F3A1-001,28.049955,-82.349995,43.5,12,0,Mavic 3,false,drone_images/Mavic 3.png,28.045000,-82.355000,28.044500,-82.355300,apolloshield_dji,dji,,,2414500000,RADAR-A2D2-F3A1,Sensor Tampa Bay / West Florida Coast,120,GREEN,BLUE
1772040088773,A2D2-F3A1,FLT-F3A1-001,28.049955,-82.349995,43.4,12,0,Mavic 3,false,drone_images/Mavic 3.png,28.045000,-82.355000,28.044500,-82.355300,apolloshield_dji,dji,,,2414500000,RADAR-A2D2-F3A1,Sensor Tampa Bay / West Florida Coast,120,GREEN,BLUE
1772040089113,A2D2-F3A1,FLT-F3A1-001,28.049955,-82.349995,43.4,12,0,Mavic 3,false,drone_images/Mavic 3.png,28.045000,-82.355000,28.044500,-82.355300,apolloshield_dji,dji,,,2414500000,RADAR-A2D2-F3A1,Sensor Tampa Bay / West Florida Coast,120,GREEN,BLUE
1772040089778,A2D2-F3A1,FLT-F3A1-001,28.049955,-82.349995,43.4,12,0,Mavic 3,false,drone_images/Mavic 3.png,28.045000,-82.355000,28.044500,-82.355300,apolloshield_dji,dji,,,2414500000,RADAR-A2D2-F3A1,Sensor Tampa Bay / West Florida Coast,120,GREEN,BLUE
1772040091052,A2D2-F3A1,FLT-F3A1-001,28.049955,-82.349995,43.4,12,0,Mavic 3,false,drone_images/Mavic 3.png,28.045000,-82.355000,28.044500,-82.355300,apolloshield_dji,dji,,,2414500000,RADAR-A2D2-F3A1,Sensor Tampa Bay / West Florida Coast,120,GREEN,BLUE
1772040091894,A2D2-F3A1,FLT-F3A1-001,28.049955,-82.349995,43.4,12,0,Mavic 3,false,drone_images/Mavic 3.png,28.045000,-82.355000,28.044500,-82.355300,apolloshield_dji,dji,,,2414500000,RADAR-A2D2-F3A1,Sensor Tampa Bay / West Florida Coast,120,GREEN,BLUE
1772040093016,A2D2-F3A1,FLT-F3A1-001,28.049955,-82.349995,43.4,12,0,Mavic 3,false,drone_images/Mavic 3.png,28.045000,-82.355000,28.044500,-82.355300,apolloshield_dji,dji,,,2414500000,RADAR-A2D2-F3A1,Sensor Tampa Bay / West Florida Coast,120,GREEN,BLUE
1772040093615,A2D2-F3A1,FLT-F3A1-001,28.049955,-82.349995,43.4,12,0,Mavic 3,false,drone_images/Mavic 3.png,28.045000,-82.355000,28.044500,-82.355300,apolloshield_dji,dji,,,2414500000,RADAR-A2D2-F3A1,Sensor Tampa Bay / West Florida Coast,120,GREEN,BLUE
1772040094881,A2D2-F3A1,FLT-F3A1-001,28.049955,-82.349995,43.4,12,0,Mavic 3,false,drone_images/Mavic 3.png,28.045000,-82.355000,28.044500,-82.355300,apolloshield_dji,dji,,,2414500000,RADAR-A2D2-F3A1,Sensor Tampa Bay / West Florida Coast,120,GREEN,BLUE
1772040095933,A2D2-F3A1,FLT-F3A1-001,28.049955,-82.349995,43.4,12,0,Mavic 3,false,drone_images/Mavic 3.png,28.045000,-82.355000,28.044500,-82.355300,apolloshield_dji,dji,,,2414500000,RADAR-A2D2-F3A1,Sensor Tampa Bay / West Florida Coast,120,GREEN,BLUE
1772040097117,A2D2-F3A1,FLT-F3A1-001,28.049955,-82.349995,43.4,12,0,Mavic 3,false,drone_images/Mavic 3.png,28.045000,-82.355000,28.044500,-82.355300,apolloshield_dji,dji,,,2414500000,RADAR-A2D2-F3A1,Sensor Tampa Bay / West Florida Coast,120,GREEN,BLUE
1772040098026,A2D2-F3A1,FLT-F3A1-001,28.049955,-82.349995,43.4,12,0,Mavic 3,false,drone_images/Mavic 3.png,28.045000,-82.355000,28.044500,-82.355300,apolloshield_dji,dji,,,2414500000,RADAR-A2D2-F3A1,Sensor Tampa Bay / West Florida Coast,120,GREEN,BLUE
1772040099074,A2D2-F3A1,FLT-F3A1-001,28.049955,-82.349995,43.4,12,0,Mavic 3,false,drone_images/Mavic 3.png,28.045000,-82.355000,28.044500,-82.355300,apolloshield_dji,dji,,,2414500000,RADAR-A2D2-F3A1,Sensor Tampa Bay / West Florida Coast,120,GREEN,BLUE
1772040099735,A2D2-F3A1,FLT-F3A1-001,28.049955,-82.349995,43.4,12,0,Mavic 3,false,drone_images/Mavic 3.png,28.045000,-82.355000,28.044500,-82.355300,apolloshield_dji,dji,,,2414500000,RADAR-A2D2-F3A1,Sensor Tampa Bay / West Florida Coast,120,GREEN,BLUE
1772040100842,A2D2-F3A1,FLT-F3A1-001,28.049955,-82.349995,43.4,12,0,Mavic 3,false,drone_images/Mavic 3.png,28.045000,-82.355000,28.044500,-82.355300,apolloshield_dji,dji,,,2414500000,RADAR-A2D2-F3A1,Sensor Tampa Bay / West Florida Coast,120,GREEN,BLUE
1772040102070,A2D2-F3A1,FLT-F3A1-001,28.049955,-82.349995,43.4,12,0,Mavic 3,false,drone_images/Mavic 3.png,28.045000,-82.355000,28.044500,-82.355300,apolloshield_dji,dji,,,2414500000,RADAR-A2D2-F3A1,Sensor Tampa Bay / West Florida Coast,120,GREEN,BLUE
1772040102988,A2D2-F3A1,FLT-F3A1-001,28.049955,-82.349995,43.4,12,0,Mavic 3,false,drone_images/Mavic 3.png,28.045000,-82.355000,28.044500,-82.355300,apolloshield_dji,dji,,,2414500000,RADAR-A2D2-F3A1,Sensor Tampa Bay / West Florida Coast,120,GREEN,BLUE
1772040103806,A2D2-F3A1,FLT-F3A1-001,28.049955,-82.349995,43.4,12,0,Mavic 3,false,drone_images/Mavic 3.png,28.045000,-82.355000,28.044500,-82.355300,apolloshield_dji,dji,,,2414500000,RADAR-A2D2-F3A1,Sensor Tampa Bay / West Florida Coast,120,GREEN,BLUE
1772040104842,A2D2-F3A1,FLT-F3A1-001,28.049955,-82.349995,43.4,12,0,Mavic 3,false,drone_images/Mavic 3.png,28.045000,-82.355000,28.044500,-82.355300,apolloshield_dji,dji,,,2414500000,RADAR-A2D2-F3A1,Sensor Tampa Bay / West Florida Coast,120,GREEN,BLUE
1772040105706,A2D2-F3A1,FLT-F3A1-001,28.049955,-82.349995,43.4,12,0,Mavic 3,false,drone_images/Mavic 3.png,28.045000,-82.355000,28.044500,-82.355300,apolloshield_dji,dji,,,2414500000,RADAR-A2D2-F3A1,Sensor Tampa Bay / West Florida Coast,120,GREEN,BLUE
1772040107090,A2D2-F3A1,FLT-F3A1-001,28.049955,-82.349995,43.4,12,0,Mavic 3,false,drone_images/Mavic 3.png,28.045000,-82.355000,28.044500,-82.355300,apolloshield_dji,dji,,,2414500000,RADAR-A2D2-F3A1,Sensor Tampa Bay / West Florida Coast,120,GREEN,BLUE
1772040107989,A2D2-F3A1,FLT-F3A1-001,28.049955,-82.349995,43.4,12,0,Mavic 3,false,drone_images/Mavic 3.png,28.045000,-82.355000,28.044500,-82.355300,apolloshield_dji,dji,,,2414500000,RADAR-A2D2-F3A1,Sensor Tampa Bay / West Florida Coast,120,GREEN,BLUE
1772040109101,A2D2-F3A1,FLT-F3A1-001,28.049955,-82.349995,43.4,12,0,Mavic 3,false,drone_images/Mavic 3.png,28.045000,-82.355000,28.044500,-82.355300,apolloshield_dji,dji,,,2414500000,RADAR-A2D2-F3A1,Sensor Tampa Bay / West Florida Coast,120,GREEN,BLUE
1772040109896,A2D2-F3A1,FLT-F3A1-001,28.049955,-82.349995,43.4,12,0,Mavic 3,false,drone_images/Mavic 3.png,28.045000,-82.355000,28.044500,-82.355300,apolloshield_dji,dji,,,2414500000,RADAR-A2D2-F3A1,Sensor Tampa Bay / West Florida Coast,120,GREEN,BLUE
1772040110756,A2D2-F3A1,FLT-F3A1-001,28.049955,-82.349995,43.4,12,0,Mavic 3,false,drone_images/Mavic 3.png,28.045000,-82.355000,28.044500,-82.355300,apolloshield_dji,dji,,,2414500000,RADAR-A2D2-F3A1,Sensor Tampa Bay / West Florida Coast,120,GREEN,BLUE
1772040112181,A2D2-F3A1,FLT-F3A1-001,28.049955,-82.349995,43.4,12,0,Mavic 3,false,drone_images/Mavic 3.png,28.045000,-82.355000,28.044500,-82.355300,apolloshield_dji,dji,,,2414500000,RADAR-A2D2-F3A1,Sensor Tampa Bay / West Florida Coast,120,GREEN,BLUE
1772040113069,A2D2-F3A1,FLT-F3A1-001,28.049955,-82.349995,43.4,12,0,Mavic 3,false,drone_images/Mavic 3.png,28.045000,-82.355000,28.044500,-82.355300,apolloshield_dji,dji,,,2414500000,RADAR-A2D2-F3A1,Sensor Tampa Bay / West Florida Coast,120,GREEN,BLUE
1772040114280,A2D2-F3A1,FLT-F3A1-001,28.049955,-82.349995,43.4,12,0,Mavic 3,false,drone_images/Mavic 3.png,28.045000,-82.355000,28.044500,-82.355300,apolloshield_dji,dji,,,2414500000,RADAR-A2D2-F3A1,Sensor Tampa Bay / West Florida Coast,120,GREEN,BLUE
1772040114805,A2D2-F3A1,FLT-F3A1-001,28.049955,-82.349995,43.6,12,0,Mavic 3,false,drone_images/Mavic 3.png,28.045000,-82.355000,28.044500,-82.355300,apolloshield_dji,dji,,,2414500000,RADAR-A2D2-F3A1,Sensor Tampa Bay / West Florida Coast,120,GREEN,BLUE
1772040115717,A2D2-F3A1,FLT-F3A1-001,28.049955,-82.349995,43.6,12,0,Mavic 3,false,drone_images/Mavic 3.png,28.045000,-82.355000,28.044500,-82.355300,apolloshield_dji,dji,,,2414500000,RADAR-A2D2-F3A1,Sensor Tampa Bay / West Florida Coast,120,GREEN,BLUE
1772040116560,A2D2-F3A1,FLT-F3A1-001,28.049955,-82.349995,43.6,12,0,Mavic 3,false,drone_images/Mavic 3.png,28.045000,-82.355000,28.044500,-82.355300,apolloshield_dji,dji,,,2414500000,RADAR-A2D2-F3A1,Sensor Tampa Bay / West Florida Coast,120,GREEN,BLUE
1772040117951,A2D2-F3A1,FLT-F3A1-001,28.049961,-82.349995,43.5,12,0,Mavic 3,false,drone_images/Mavic 3.png,28.045000,-82.355000,28.044500,-82.355300,apolloshield_dji,dji,,,2414500000,RADAR-A2D2-F3A1,Sensor Tampa Bay / West Florida Coast,120,GREEN,BLUE
1772040118620,A2D2-F3A1,FLT-F3A1-001,28.049961,-82.349995,43.5,12,0,Mavic 3,false,drone_images/Mavic 3.png,28.045000,-82.355000,28.044500,-82.355300,apolloshield_dji,dji,,,2414500000,RADAR-A2D2-F3A1,Sensor Tampa Bay / West Florida Coast,120,GREEN,BLUE
1772040119827,A2D2-F3A1,FLT-F3A1-001,28.049961,-82.349995,43.5,12,0,Mavic 3,false,drone_images/Mavic 3.png,28.045000,-82.355000,28.044500,-82.355300,apolloshield_dji,dji,,,2414500000,RADAR-A2D2-F3A1,Sensor Tampa Bay / West Florida Coast,120,GREEN,BLUE
1772040121131,A2D2-F3A1,FLT-F3A1-001,28.049961,-82.349995,43.6,12,0,Mavic 3,false,drone_images/Mavic 3.png,28.045000,-82.355000,28.044500,-82.355300,apolloshield_dji,dji,,,2414500000,RADAR-A2D2-F3A1,Sensor Tampa Bay / West Florida Coast,120,GREEN,BLUE
1772040121826,A2D2-F3A1,FLT-F3A1-001,28.049961,-82.349995,43.6,12,0,Mavic 3,false,drone_images/Mavic 3.png,28.045000,-82.355000,28.044500,-82.355300,apolloshield_dji,dji,,,2414500000,RADAR-A2D2-F3A1,Sensor Tampa Bay / West Florida Coast,120,GREEN,BLUE
1772040122823,A2D2-F3A1,FLT-F3A1-001,28.049961,-82.349995,43.6,0.1,0,Mavic 3,false,drone_images/Mavic 3.png,28.045000,-82.355000,28.044500,-82.355300,apolloshield_dji,dji,,,2414500000,RADAR-A2D2-F3A1,Sensor Tampa Bay / West Florida Coast,120,GREEN,BLUE
1772040123985,A2D2-F3A1,FLT-F3A1-001,28.049961,-82.349995,43.6,0.1,0,Mavic 3,false,drone_images/Mavic 3.png,28.045000,-82.355000,28.044500,-82.355300,apolloshield_dji,dji,,,2414500000,RADAR-A2D2-F3A1,Sensor Tampa Bay / West Florida Coast,120,GREEN,BLUE
1772040125156,A2D2-F3A1,FLT-F3A1-001,28.049961,-82.349995,43.6,0.1,0,Mavic 3,false,drone_images/Mavic 3.png,28.045000,-82.355000,28.044500,-82.355300,apolloshield_dji,dji,,,2414500000,RADAR-A2D2-F3A1,Sensor Tampa Bay / West Florida Coast,120,GREEN,BLUE
1772040125812,A2D2-F3A1,FLT-F3A1-001,28.049961,-82.349995,43.6,0.1,0,Mavic 3,false,drone_images/Mavic 3.png,28.045000,-82.355000,28.044500,-82.355300,apolloshield_dji,dji,,,2414500000,RADAR-A2D2-F3A1,Sensor Tampa Bay / West Florida Coast,120,GREEN,BLUE
1772040126685,A2D2-F3A1,FLT-F3A1-001,28.049961,-82.349995,43.5,12,0,Mavic 3,false,drone_images/Mavic 3.png,28.045000,-82.355000,28.044500,-82.355300,apolloshield_dji,dji,,,2414500000,RADAR-A2D2-F3A1,Sensor Tampa Bay / West Florida Coast,120,GREEN,BLUE
1772040127555,A2D2-F3A1,FLT-F3A1-001,28.049961,-82.349995,43.5,0.1,0,Mavic 3,false,drone_images/Mavic 3.png,28.045000,-82.355000,28.044500,-82.355300,apolloshield_dji,dji,,,2414500000,RADAR-A2D2-F3A1,Sensor Tampa Bay / West Florida Coast,120,GREEN,BLUE
1772040128959,A2D2-F3A1,FLT-F3A1-001,28.049961,-82.349995,43.5,0.1,0,Mavic 3,false,drone_images/Mavic 3.png,28.045000,-82.355000,28.044500,-82.355300,apolloshield_dji,dji,,,2414500000,RADAR-A2D2-F3A1,Sensor Tampa Bay / West Florida Coast,120,GREEN,BLUE
1772040129902,A2D2-F3A1,FLT-F3A1-001,28.049961,-82.349995,43.5,0.1,0,Mavic 3,false,drone_images/Mavic 3.png,28.045000,-82.355000,28.044500,-82.355300,apolloshield_dji,dji,,,2414500000,RADAR-A2D2-F3A1,Sensor Tampa Bay / West Florida Coast,120,GREEN,BLUE
1772040130897,A2D2-F3A1,FLT-F3A1-001,28.049961,-82.349995,43.4,0.1,0,Mavic 3,false,drone_images/Mavic 3.png,28.045000,-82.355000,28.044500,-82.355300,apolloshield_dji,dji,,,2414500000,RADAR-A2D2-F3A1,Sensor Tampa Bay / West Florida Coast,120,GREEN,BLUE
1772040131773,A2D2-F3A1,FLT-F3A1-001,28.049961,-82.349995,43.4,0.1,0,Mavic 3,false,drone_images/Mavic 3.png,28.045000,-82.355000,28.044500,-82.355300,apolloshield_dji,dji,,,2414500000,RADAR-A2D2-F3A1,Sensor Tampa Bay / West Florida Coast,120,GREEN,BLUE
1772040132936,A2D2-F3A1,FLT-F3A1-001,28.049961,-82.349995,43.4,0.1,0,Mavic 3,false,drone_images/Mavic 3.png,28.045000,-82.355000,28.044500,-82.355300,apolloshield_dji,dji,,,2414500000,RADAR-A2D2-F3A1,Sensor Tampa Bay / West Florida Coast,120,GREEN,BLUE
1772040133874,A2D2-F3A1,FLT-F3A1-001,28.049961,-82.349995,43.6,12,0,Mavic 3,false,drone_images/Mavic 3.png,28.045000,-82.355000,28.044500,-82.355300,apolloshield_dji,dji,,,2414500000,RADAR-A2D2-F3A1,Sensor Tampa Bay / West Florida Coast,120,GREEN,BLUE
1772040134846,A2D2-F3A1,FLT-F3A1-001,28.049961,-82.349995,43.7,12,0,Mavic 3,false,drone_images/Mavic 3.png,28.045000,-82.355000,28.044500,-82.355300,apolloshield_dji,dji,,,2414500000,RADAR-A2D2-F3A1,Sensor Tampa Bay / West Florida Coast,120,GREEN,BLUE
1772040135892,A2D2-F3A1,FLT-F3A1-001,28.049961,-82.349995,43.7,12,0,Mavic 3,false,drone_images/Mavic 3.png,28.045000,-82.355000,28.044500,-82.355300,apolloshield_dji,dji,,,2414500000,RADAR-A2D2-F3A1,Sensor Tampa Bay / West Florida Coast,120,GREEN,BLUE
1772040136950,A2D2-F3A1,FLT-F3A1-001,28.049961,-82.349995,43.7,12,0,Mavic 3,false,drone_images/Mavic 3.png,28.045000,-82.355000,28.044500,-82.355300,apolloshield_dji,dji,,,2414500000,RADAR-A2D2-F3A1,Sensor Tampa Bay / West Florida Coast,120,GREEN,BLUE
1772040137886,A2D2-F3A1,FLT-F3A1-001,28.049961,-82.349995,43.7,12,0,Mavic 3,false,drone_images/Mavic 3.png,28.045000,-82.355000,28.044500,-82.355300,apolloshield_dji,dji,,,2414500000,RADAR-A2D2-F3A1,Sensor Tampa Bay / West Florida Coast,120,GREEN,BLUE
1772040138731,A2D2-F3A1,FLT-F3A1-001,28.049961,-82.349995,43.7,12,0,Mavic 3,false,drone_images/Mavic 3.png,28.045000,-82.355000,28.044500,-82.355300,apolloshield_dji,dji,,,2414500000,RADAR-A2D2-F3A1,Sensor Tampa Bay / West Florida Coast,120,GREEN,BLUE
1772040140561,A2D2-F3A1,FLT-F3A1-001,28.049961,-82.349995,43.7,12,0,Mavic 3,false,drone_images/Mavic 3.png,28.045000,-82.355000,28.044500,-82.355300,apolloshield_dji,dji,,,2414500000,RADAR-A2D2-F3A1,Sensor Tampa Bay / West Florida Coast,120,GREEN,BLUE
1772040140622,A2D2-F3A1,FLT-F3A1-001,28.049961,-82.349995,43.7,12,0,Mavic 3,false,drone_images/Mavic 3.png,28.045000,-82.355000,28.044500,-82.355300,apolloshield_dji,dji,,,2414500000,RADAR-A2D2-F3A1,Sensor Tampa Bay / West Florida Coast,120,GREEN,BLUE
1772040141620,A2D2-F3A1,FLT-F3A1-001,28.049961,-82.349995,43.7,12,0,Mavic 3,false,drone_images/Mavic 3.png,28.045000,-82.355000,28.044500,-82.355300,apolloshield_dji,dji,,,2414500000,RADAR-A2D2-F3A1,Sensor Tampa Bay / West Florida Coast,120,GREEN,BLUE
1772040142926,A2D2-F3A1,FLT-F3A1-001,28.049961,-82.349995,43.3,12,0,Mavic 3,false,drone_images/Mavic 3.png,28.045000,-82.355000,28.044500,-82.355300,apolloshield_dji,dji,,,2414500000,RADAR-A2D2-F3A1,Sensor Tampa Bay / West Florida Coast,120,GREEN,BLUE
1772040143877,A2D2-F3A1,FLT-F3A1-001,28.049961,-82.349995,43.3,12,0,Mavic 3,false,drone_images/Mavic 3.png,28.045000,-82.355000,28.044500,-82.355300,apolloshield_dji,dji,,,2414500000,RADAR-A2D2-F3A1,Sensor Tampa Bay / West Florida Coast,120,GREEN,BLUE
1772040145249,A2D2-F3A1,FLT-F3A1-001,28.049961,-82.349995,43.3,12,0,Mavic 3,false,drone_images/Mavic 3.png,28.045000,-82.355000,28.044500,-82.355300,apolloshield_dji,dji,,,2414500000,RADAR-A2D2-F3A1,Sensor Tampa Bay / West Florida Coast,120,GREEN,BLUE
1772040145968,A2D2-F3A1,FLT-F3A1-001,28.049955,-82.349995,43.5,12,0,Mavic 3,false,drone_images/Mavic 3.png,28.045000,-82.355000,28.044500,-82.355300,apolloshield_dji,dji,,,2414500000,RADAR-A2D2-F3A1,Sensor Tampa Bay / West Florida Coast,120,GREEN,BLUE
1772040147018,A2D2-F3A1,FLT-F3A1-001,28.049955,-82.349995,43.5,12,0,Mavic 3,false,drone_images/Mavic 3.png,28.045000,-82.355000,28.044500,-82.355300,apolloshield_dji,dji,,,2414500000,RADAR-A2D2-F3A1,Sensor Tampa Bay / West Florida Coast,120,GREEN,BLUE
1772040148397,A2D2-F3A1,FLT-F3A1-001,28.049955,-82.349995,43.8,12,0,Mavic 3,false,drone_images/Mavic 3.png,28.045000,-82.355000,28.044500,-82.355300,apolloshield_dji,dji,,,2414500000,RADAR-A2D2-F3A1,Sensor Tampa Bay / West Florida Coast,120,GREEN,BLUE
1772040148772,A2D2-F3A1,FLT-F3A1-001,28.049955,-82.349995,43.9,0.1,0,Mavic 3,false,drone_images/Mavic 3.png,28.045000,-82.355000,28.044500,-82.355300,apolloshield_dji,dji,,,2414500000,RADAR-A2D2-F3A1,Sensor Tampa Bay / West Florida Coast,120,GREEN,BLUE
1772040149931,A2D2-F3A1,FLT-F3A1-001,28.049955,-82.349995,43.6,0.1,0,Mavic 3,false,drone_images/Mavic 3.png,28.045000,-82.355000,28.044500,-82.355300,apolloshield_dji,dji,,,2414500000,RADAR-A2D2-F3A1,Sensor Tampa Bay / West Florida Coast,120,GREEN,BLUE
1772040150984,A2D2-F3A1,FLT-F3A1-001,28.049955,-82.349995,43.6,0.1,0,Mavic 3,false,drone_images/Mavic 3.png,28.045000,-82.355000,28.044500,-82.355300,apolloshield_dji,dji,,,2414500000,RADAR-A2D2-F3A1,Sensor Tampa Bay / West Florida Coast,120,GREEN,BLUE
1772040152207,A2D2-F3A1,FLT-F3A1-001,28.049955,-82.349995,43.6,0.1,0,Mavic 3,false,drone_images/Mavic 3.png,28.045000,-82.355000,28.044500,-82.355300,apolloshield_dji,dji,,,2414500000,RADAR-A2D2-F3A1,Sensor Tampa Bay / West Florida Coast,120,GREEN,BLUE
1772040152940,A2D2-F3A1,FLT-F3A1-001,28.049955,-82.349995,43.2,12,0,Mavic 3,false,drone_images/Mavic 3.png,28.045000,-82.355000,28.044500,-82.355300,apolloshield_dji,dji,,,2414500000,RADAR-A2D2-F3A1,Sensor Tampa Bay / West Florida Coast,120,GREEN,BLUE
1772040153993,A2D2-F3A1,FLT-F3A1-001,28.049955,-82.349995,43.2,12,0,Mavic 3,false,drone_images/Mavic 3.png,28.045000,-82.355000,28.044500,-82.355300,apolloshield_dji,dji,,,2414500000,RADAR-A2D2-F3A1,Sensor Tampa Bay / West Florida Coast,120,GREEN,BLUE
1772040154667,A2D2-F3A1,FLT-F3A1-001,28.049955,-82.349995,43.2,12,0,Mavic 3,false,drone_images/Mavic 3.png,28.045000,-82.355000,28.044500,-82.355300,apolloshield_dji,dji,,,2414500000,RADAR-A2D2-F3A1,Sensor Tampa Bay / West Florida Coast,120,GREEN,BLUE
1772040155948,A2D2-F3A1,FLT-F3A1-001,28.049955,-82.349995,43.2,12,0,Mavic 3,false,drone_images/Mavic 3.png,28.045000,-82.355000,28.044500,-82.355300,apolloshield_dji,dji,,,2414500000,RADAR-A2D2-F3A1,Sensor Tampa Bay / West Florida Coast,120,GREEN,BLUE
1772040156754,A2D2-F3A1,FLT-F3A1-001,28.049955,-82.349995,43.2,12,0,Mavic 3,false,drone_images/Mavic 3.png,28.045000,-82.355000,28.044500,-82.355300,apolloshield_dji,dji,,,2414500000,RADAR-A2D2-F3A1,Sensor Tampa Bay / West Florida Coast,120,GREEN,BLUE
1772040157990,A2D2-F3A1,FLT-F3A1-001,28.049961,-82.349995,43.5,12,0,Mavic 3,false,drone_images/Mavic 3.png,28.045000,-82.355000,28.044500,-82.355300,apolloshield_dji,dji,,,2414500000,RADAR-A2D2-F3A1,Sensor Tampa Bay / West Florida Coast,120,GREEN,BLUE
1772040158840,A2D2-F3A1,FLT-F3A1-001,28.049961,-82.349995,43.3,12,0,Mavic 3,false,drone_images/Mavic 3.png,28.045000,-82.355000,28.044500,-82.355300,apolloshield_dji,dji,,,2414500000,RADAR-A2D2-F3A1,Sensor Tampa Bay / West Florida Coast,120,GREEN,BLUE
1772040159922,A2D2-F3A1,FLT-F3A1-001,28.049961,-82.349995,43.3,12,0,Mavic 3,false,drone_images/Mavic 3.png,28.045000,-82.355000,28.044500,-82.355300,apolloshield_dji,dji,,,2414500000,RADAR-A2D2-F3A1,Sensor Tampa Bay / West Florida Coast,120,GREEN,BLUE
1772040160985,A2D2-F3A1,FLT-F3A1-001,28.049961,-82.349995,43.3,12,0,Mavic 3,false,drone_images/Mavic 3.png,28.045000,-82.355000,28.044500,-82.355300,apolloshield_dji,dji,,,2414500000,RADAR-A2D2-F3A1,Sensor Tampa Bay / West Florida Coast,120,GREEN,BLUE
1772040167958,A2D2-F3A1,FLT-F3A1-001,28.049961,-82.349995,43.4,12,0,Mavic 3,false,drone_images/Mavic 3.png,28.045000,-82.355000,28.044500,-82.355300,apolloshield_dji,dji,,,2414500000,RADAR-A2D2-F3A1,Sensor Tampa Bay / West Florida Coast,120,GREEN,BLUE
1772040169110,A2D2-F3A1,FLT-F3A1-001,28.049961,-82.349995,43.6,12,0,Mavic 3,false,drone_images/Mavic 3.png,28.045000,-82.355000,28.044500,-82.355300,apolloshield_dji,dji,,,2414500000,RADAR-A2D2-F3A1,Sensor Tampa Bay / West Florida Coast,120,GREEN,BLUE
1772040170026,A2D2-F3A1,FLT-F3A1-001,28.049955,-82.349995,43.3,12,0,Mavic 3,false,drone_images/Mavic 3.png,28.045000,-82.355000,28.044500,-82.355300,apolloshield_dji,dji,,,2414500000,RADAR-A2D2-F3A1,Sensor Tampa Bay / West Florida Coast,120,GREEN,BLUE
1772040170756,A2D2-F3A1,FLT-F3A1-001,28.049955,-82.349995,43.3,12,0,Mavic 3,false,drone_images/Mavic 3.png,28.045000,-82.355000,28.044500,-82.355300,apolloshield_dji,dji,,,2414500000,RADAR-A2D2-F3A1,Sensor Tampa Bay / West Florida Coast,120,GREEN,BLUE
1772040172050,A2D2-F3A1,FLT-F3A1-001,28.049955,-82.349995,43.3,12,0,Mavic 3,false,drone_images/Mavic 3.png,28.045000,-82.355000,28.044500,-82.355300,apolloshield_dji,dji,,,2414500000,RADAR-A2D2-F3A1,Sensor Tampa Bay / West Florida Coast,120,GREEN,BLUE
1772040172901,A2D2-F3A1,FLT-F3A1-001,28.049955,-82.349995,43.3,12,0,Mavic 3,false,drone_images/Mavic 3.png,28.045000,-82.355000,28.044500,-82.355300,apolloshield_dji,dji,,,2414500000,RADAR-A2D2-F3A1,Sensor Tampa Bay / West Florida Coast,120,GREEN,BLUE
1772040173939,A2D2-F3A1,FLT-F3A1-001,28.049955,-82.349995,43.3,12,0,Mavic 3,false,drone_images/Mavic 3.png,28.045000,-82.355000,28.044500,-82.355300,apolloshield_dji,dji,,,2414500000,RADAR-A2D2-F3A1,Sensor Tampa Bay / West Florida Coast,120,GREEN,BLUE
1772040175459,A2D2-F3A1,FLT-F3A1-001,28.049955,-82.349995,43.3,12,0,Mavic 3,false,drone_images/Mavic 3.png,28.045000,-82.355000,28.044500,-82.355300,apolloshield_dji,dji,,,2414500000,RADAR-A2D2-F3A1,Sensor Tampa Bay / West Florida Coast,120,GREEN,BLUE
1772040176179,A2D2-F3A1,FLT-F3A1-001,28.049955,-82.349995,43.3,12,0,Mavic 3,false,drone_images/Mavic 3.png,28.045000,-82.355000,28.044500,-82.355300,apolloshield_dji,dji,,,2414500000,RADAR-A2D2-F3A1,Sensor Tampa Bay / West Florida Coast,120,GREEN,BLUE
1772040176769,A2D2-F3A1,FLT-F3A1-001,28.049955,-82.349995,43.3,12,0,Mavic 3,false,drone_images/Mavic 3.png,28.045000,-82.355000,28.044500,-82.355300,apolloshield_dji,dji,,,2414500000,RADAR-A2D2-F3A1,Sensor Tampa Bay / West Florida Coast,120,GREEN,BLUE
1772040178018,A2D2-F3A1,FLT-F3A1-001,28.049955,-82.349995,43.3,12,0,Mavic 3,false,drone_images/Mavic 3.png,28.045000,-82.355000,28.044500,-82.355300,apolloshield_dji,dji,,,2414500000,RADAR-A2D2-F3A1,Sensor Tampa Bay / West Florida Coast,120,GREEN,BLUE
1772040178884,A2D2-F3A1,FLT-F3A1-001,28.049955,-82.349995,43.3,12,0,Mavic 3,false,drone_images/Mavic 3.png,28.045000,-82.355000,28.044500,-82.355300,apolloshield_dji,dji,,,2414500000,RADAR-A2D2-F3A1,Sensor Tampa Bay / West Florida Coast,120,GREEN,BLUE
1772040179812,A2D2-F3A1,FLT-F3A1-001,28.049955,-82.349995,43.3,12,0,Mavic 3,false,drone_images/Mavic 3.png,28.045000,-82.355000,28.044500,-82.355300,apolloshield_dji,dji,,,2414500000,RADAR-A2D2-F3A1,Sensor Tampa Bay / West Florida Coast,120,GREEN,BLUE
1772040180927,A2D2-F3A1,FLT-F3A1-001,28.049955,-82.349995,43.4,12,0,Mavic 3,false,drone_images/Mavic 3.png,28.045000,-82.355000,28.044500,-82.355300,apolloshield_dji,dji,,,2414500000,RADAR-A2D2-F3A1,Sensor Tampa Bay / West Florida Coast,120,GREEN,BLUE
1772040182661,A2D2-F3A1,FLT-F3A1-001,28.049955,-82.349995,43.6,12,0,Mavic 3,false,drone_images/Mavic 3.png,28.045000,-82.355000,28.044500,-82.355300,apolloshield_dji,dji,,,2414500000,RADAR-A2D2-F3A1,Sensor Tampa Bay / West Florida Coast,120,GREEN,BLUE
1772040183230,A2D2-F3A1,FLT-F3A1-001,28.049955,-82.349995,43.6,12,0,Mavic 3,false,drone_images/Mavic 3.png,28.045000,-82.355000,28.044500,-82.355300,apolloshield_dji,dji,,,2414500000,RADAR-A2D2-F3A1,Sensor Tampa Bay / West Florida Coast,120,GREEN,BLUE
1772040184073,A2D2-F3A1,FLT-F3A1-001,28.049955,-82.349995,43.6,12,0,Mavic 3,false,drone_images/Mavic 3.png,28.045000,-82.355000,28.044500,-82.355300,apolloshield_dji,dji,,,2414500000,RADAR-A2D2-F3A1,Sensor Tampa Bay / West Florida Coast,120,GREEN,BLUE
1772040185055,A2D2-F3A1,FLT-F3A1-001,28.049955,-82.349995,43.5,12,0,Mavic 3,false,drone_images/Mavic 3.png,28.045000,-82.355000,28.044500,-82.355300,apolloshield_dji,dji,,,2414500000,RADAR-A2D2-F3A1,Sensor Tampa Bay / West Florida Coast,120,GREEN,BLUE
1772040186196,A2D2-F3A1,FLT-F3A1-001,28.049955,-82.349995,43.4,12,0,Mavic 3,false,drone_images/Mavic 3.png,28.045000,-82.355000,28.044500,-82.355300,apolloshield_dji,dji,,,2414500000,RADAR-A2D2-F3A1,Sensor Tampa Bay / West Florida Coast,120,GREEN,BLUE
1772040186828,A2D2-F3A1,FLT-F3A1-001,28.049955,-82.349995,43.4,12,0,Mavic 3,false,drone_images/Mavic 3.png,28.045000,-82.355000,28.044500,-82.355300,apolloshield_dji,dji,,,2414500000,RADAR-A2D2-F3A1,Sensor Tampa Bay / West Florida Coast,120,GREEN,BLUE
1772040188046,A2D2-F3A1,FLT-F3A1-001,28.049955,-82.349995,43.4,12,0,Mavic 3,false,drone_images/Mavic 3.png,28.045000,-82.355000,28.044500,-82.355300,apolloshield_dji,dji,,,2414500000,RADAR-A2D2-F3A1,Sensor Tampa Bay / West Florida Coast,120,GREEN,BLUE
1772040188772,A2D2-F3A1,FLT-F3A1-001,28.049955,-82.349995,43.4,12,0,Mavic 3,false,drone_images/Mavic 3.png,28.045000,-82.355000,28.044500,-82.355300,apolloshield_dji,dji,,,2414500000,RADAR-A2D2-F3A1,Sensor Tampa Bay / West Florida Coast,120,GREEN,BLUE
1772040190179,A2D2-F3A1,FLT-F3A1-001,28.049955,-82.349995,43.4,12,0,Mavic 3,false,drone_images/Mavic 3.png,28.045000,-82.355000,28.044500,-82.355300,apolloshield_dji,dji,,,2414500000,RADAR-A2D2-F3A1,Sensor Tampa Bay / West Florida Coast,120,GREEN,BLUE
1772040190821,A2D2-F3A1,FLT-F3A1-001,28.049955,-82.349995,43.4,12,0,Mavic 3,false,drone_images/Mavic 3.png,28.045000,-82.355000,28.044500,-82.355300,apolloshield_dji,dji,,,2414500000,RADAR-A2D2-F3A1,Sensor Tampa Bay / West Florida Coast,120,GREEN,BLUE
1772040191724,A2D2-F3A1,FLT-F3A1-001,28.049955,-82.349995,43.4,12,0,Mavic 3,false,drone_images/Mavic 3.png,28.045000,-82.355000,28.044500,-82.355300,apolloshield_dji,dji,,,2414500000,RADAR-A2D2-F3A1,Sensor Tampa Bay / West Florida Coast,120,GREEN,BLUE
1772040193608,A2D2-F3A1,FLT-F3A1-001,28.049955,-82.349995,43.4,12,0,Mavic 3,false,drone_images/Mavic 3.png,28.045000,-82.355000,28.044500,-82.355300,apolloshield_dji,dji,,,2414500000,RADAR-A2D2-F3A1,Sensor Tampa Bay / West Florida Coast,120,GREEN,BLUE
1772040193838,A2D2-F3A1,FLT-F3A1-001,28.049955,-82.349995,43.4,12,0,Mavic 3,false,drone_images/Mavic 3.png,28.045000,-82.355000,28.044500,-82.355300,apolloshield_dji,dji,,,2414500000,RADAR-A2D2-F3A1,Sensor Tampa Bay / West Florida Coast,120,GREEN,BLUE
1772040195063,A2D2-F3A1,FLT-F3A1-001,28.049955,-82.349995,43.4,12,0,Mavic 3,false,drone_images/Mavic 3.png,28.045000,-82.355000,28.044500,-82.355300,apolloshield_dji,dji,,,2414500000,RADAR-A2D2-F3A1,Sensor Tampa Bay / West Florida Coast,120,GREEN,BLUE
1772040195886,A2D2-F3A1,FLT-F3A1-001,28.049955,-82.349995,43.4,12,0,Mavic 3,false,drone_images/Mavic 3.png,28.045000,-82.355000,28.044500,-82.355300,apolloshield_dji,dji,,,2414500000,RADAR-A2D2-F3A1,Sensor Tampa Bay / West Florida Coast,120,GREEN,BLUE
1772040196837,A2D2-F3A1,FLT-F3A1-001,28.049955,-82.349955,43.2,3.1,0,Mavic 3,false,drone_images/Mavic 3.png,28.045000,-82.355000,28.044500,-82.355300,apolloshield_dji,dji,,,2414500000,RADAR-A2D2-F3A1,Sensor Tampa Bay / West Florida Coast,120,GREEN,BLUE
1772040198036,A2D2-F3A1,FLT-F3A1-001,28.049955,-82.349955,43.2,3.1,0,Mavic 3,false,drone_images/Mavic 3.png,28.045000,-82.355000,28.044500,-82.355300,apolloshield_dji,dji,,,2414500000,RADAR-A2D2-F3A1,Sensor Tampa Bay / West Florida Coast,120,GREEN,BLUE
1772040199341,A2D2-F3A1,FLT-F3A1-001,28.049955,-82.349955,43.2,3.1,0,Mavic 3,false,drone_images/Mavic 3.png,28.045000,-82.355000,28.044500,-82.355300,apolloshield_dji,dji,,,2414500000,RADAR-A2D2-F3A1,Sensor Tampa Bay / West Florida Coast,120,GREEN,BLUE
1772040200258,A2D2-F3A1,FLT-F3A1-001,28.049955,-82.349955,43.2,3.1,0,Mavic 3,false,drone_images/Mavic 3.png,28.045000,-82.355000,28.044500,-82.355300,apolloshield_dji,dji,,,2414500000,RADAR-A2D2-F3A1,Sensor Tampa Bay / West Florida Coast,120,GREEN,BLUE
1772040200894,A2D2-F3A1,FLT-F3A1-001,28.049955,-82.349732,43.6,7.5,0,Mavic 3,false,drone_images/Mavic 3.png,28.045000,-82.355000,28.044500,-82.355300,apolloshield_dji,dji,,,2414500000,RADAR-A2D2-F3A1,Sensor Tampa Bay / West Florida Coast,120,GREEN,BLUE
1772040202187,A2D2-F3A1,FLT-F3A1-001,28.049955,-82.349652,43.5,8.3,0,Mavic 3,false,drone_images/Mavic 3.png,28.045000,-82.355000,28.044500,-82.355300,apolloshield_dji,dji,,,2414500000,RADAR-A2D2-F3A1,Sensor Tampa Bay / West Florida Coast,120,GREEN,BLUE
1772040202768,A2D2-F3A1,FLT-F3A1-001,28.049955,-82.349652,43.5,8.3,0,Mavic 3,false,drone_images/Mavic 3.png,28.045000,-82.355000,28.044500,-82.355300,apolloshield_dji,dji,,,2414500000,RADAR-A2D2-F3A1,Sensor Tampa Bay / West Florida Coast,120,GREEN,BLUE
1772040204318,A2D2-F3A1,FLT-F3A1-001,28.049955,-82.349652,43.5,8.3,0,Mavic 3,false,drone_images/Mavic 3.png,28.045000,-82.355000,28.044500,-82.355300,apolloshield_dji,dji,,,2414500000,RADAR-A2D2-F3A1,Sensor Tampa Bay / West Florida Coast,120,GREEN,BLUE
1772040205501,A2D2-F3A1,FLT-F3A1-001,28.049950,-82.349382,43.5,9.4,0,Mavic 3,false,drone_images/Mavic 3.png,28.045000,-82.355000,28.044500,-82.355300,apolloshield_dji,dji,,,2414500000,RADAR-A2D2-F3A1,Sensor Tampa Bay / West Florida Coast,120,GREEN,BLUE
1772040205869,A2D2-F3A1,FLT-F3A1-001,28.049950,-82.349382,43.5,9.4,0,Mavic 3,false,drone_images/Mavic 3.png,28.045000,-82.355000,28.044500,-82.355300,apolloshield_dji,dji,,,2414500000,RADAR-A2D2-F3A1,Sensor Tampa Bay / West Florida Coast,120,GREEN,BLUE
1772040207101,A2D2-F3A1,FLT-F3A1-001,28.049950,-82.349188,43.4,9.8,0,Mavic 3,false,drone_images/Mavic 3.png,28.045000,-82.355000,28.044500,-82.355300,apolloshield_dji,dji,,,2414500000,RADAR-A2D2-F3A1,Sensor Tampa Bay / West Florida Coast,120,GREEN,BLUE
1772040208666,A2D2-F3A1,FLT-F3A1-001,28.049944,-82.349090,43.4,9.8,0,Mavic 3,false,drone_images/Mavic 3.png,28.045000,-82.355000,28.044500,-82.355300,apolloshield_dji,dji,,,2414500000,RADAR-A2D2-F3A1,Sensor Tampa Bay / West Florida Coast,120,GREEN,BLUE
1772040208815,A2D2-F3A1,FLT-F3A1-001,28.049944,-82.349090,43.4,9.8,0,Mavic 3,false,drone_images/Mavic 3.png,28.045000,-82.355000,28.044500,-82.355300,apolloshield_dji,dji,,,2414500000,RADAR-A2D2-F3A1,Sensor Tampa Bay / West Florida Coast,120,GREEN,BLUE
1772040209780,A2D2-F3A1,FLT-F3A1-001,28.049944,-82.348895,43.5,8.1,0,Mavic 3,false,drone_images/Mavic 3.png,28.045000,-82.355000,28.044500,-82.355300,apolloshield_dji,dji,,,2414500000,RADAR-A2D2-F3A1,Sensor Tampa Bay / West Florida Coast,120,GREEN,BLUE
1772040210785,A2D2-F3A1,FLT-F3A1-001,28.049944,-82.348895,43.5,8.1,0,Mavic 3,false,drone_images/Mavic 3.png,28.045000,-82.355000,28.044500,-82.355300,apolloshield_dji,dji,,,2414500000,RADAR-A2D2-F3A1,Sensor Tampa Bay / West Florida Coast,120,GREEN,BLUE
1772040211909,A2D2-F3A1,FLT-F3A1-001,28.049950,-82.348821,44.5,0.4,0,Mavic 3,false,drone_images/Mavic 3.png,28.045000,-82.355000,28.044500,-82.355300,apolloshield_dji,dji,,,2414500000,RADAR-A2D2-F3A1,Sensor Tampa Bay / West Florida Coast,120,GREEN,BLUE
1772040213070,A2D2-F3A1,FLT-F3A1-001,28.049950,-82.348821,44.5,0.4,0,Mavic 3,false,drone_images/Mavic 3.png,28.045000,-82.355000,28.044500,-82.355300,apolloshield_dji,dji,,,2414500000,RADAR-A2D2-F3A1,Sensor Tampa Bay / West Florida Coast,120,GREEN,BLUE
1772040214424,A2D2-F3A1,FLT-F3A1-001,28.049950,-82.348821,44.5,0.4,0,Mavic 3,false,drone_images/Mavic 3.png,28.045000,-82.355000,28.044500,-82.355300,apolloshield_dji,dji,,,2414500000,RADAR-A2D2-F3A1,Sensor Tampa Bay / West Florida Coast,120,GREEN,BLUE
1772040215065,A2D2-F3A1,FLT-F3A1-001,28.049950,-82.348821,44.5,0.4,0,Mavic 3,false,drone_images/Mavic 3.png,28.045000,-82.355000,28.044500,-82.355300,apolloshield_dji,dji,,,2414500000,RADAR-A2D2-F3A1,Sensor Tampa Bay / West Florida Coast,120,GREEN,BLUE
1772040215995,A2D2-F3A1,FLT-F3A1-001,28.049955,-82.348781,42.9,2.9,0,Mavic 3,false,drone_images/Mavic 3.png,28.045000,-82.355000,28.044500,-82.355300,apolloshield_dji,dji,,,2414500000,RADAR-A2D2-F3A1,Sensor Tampa Bay / West Florida Coast,120,GREEN,BLUE
1772040216815,A2D2-F3A1,FLT-F3A1-001,28.049955,-82.348781,42.9,2.9,0,Mavic 3,false,drone_images/Mavic 3.png,28.045000,-82.355000,28.044500,-82.355300,apolloshield_dji,dji,,,2414500000,RADAR-A2D2-F3A1,Sensor Tampa Bay / West Florida Coast,120,GREEN,BLUE
1772040217969,A2D2-F3A1,FLT-F3A1-001,28.049961,-82.348689,43.1,6,0,Mavic 3,false,drone_images/Mavic 3.png,28.045000,-82.355000,28.044500,-82.355300,apolloshield_dji,dji,,,2414500000,RADAR-A2D2-F3A1,Sensor Tampa Bay / West Florida Coast,120,GREEN,BLUE
1772040218732,A2D2-F3A1,FLT-F3A1-001,28.049961,-82.348689,43.1,6,0,Mavic 3,false,drone_images/Mavic 3.png,28.045000,-82.355000,28.044500,-82.355300,apolloshield_dji,dji,,,2414500000,RADAR-A2D2-F3A1,Sensor Tampa Bay / West Florida Coast,120,GREEN,BLUE
1772040219754,A2D2-F3A1,FLT-F3A1-001,28.049972,-82.348546,43.6,7.6,0,Mavic 3,false,drone_images/Mavic 3.png,28.045000,-82.355000,28.044500,-82.355300,apolloshield_dji,dji,,,2414500000,RADAR-A2D2-F3A1,Sensor Tampa Bay / West Florida Coast,120,GREEN,BLUE
1772040220723,A2D2-F3A1,FLT-F3A1-001,28.049978,-82.348471,43.7,8.1,0,Mavic 3,false,drone_images/Mavic 3.png,28.045000,-82.355000,28.044500,-82.355300,apolloshield_dji,dji,,,2414500000,RADAR-A2D2-F3A1,Sensor Tampa Bay / West Florida Coast,120,GREEN,BLUE
1772040221916,A2D2-F3A1,FLT-F3A1-001,28.049978,-82.348471,43.7,8.1,0,Mavic 3,false,drone_images/Mavic 3.png,28.045000,-82.355000,28.044500,-82.355300,apolloshield_dji,dji,,,2414500000,RADAR-A2D2-F3A1,Sensor Tampa Bay / West Florida Coast,120,GREEN,BLUE
1772040223327,A2D2-F3A1,FLT-F3A1-001,28.049978,-82.348471,43.7,8.1,0,Mavic 3,false,drone_images/Mavic 3.png,28.045000,-82.355000,28.044500,-82.355300,apolloshield_dji,dji,,,2414500000,RADAR-A2D2-F3A1,Sensor Tampa Bay / West Florida Coast,120,GREEN,BLUE
1772040224148,A2D2-F3A1,FLT-F3A1-001,28.049978,-82.348471,43.7,8.1,0,Mavic 3,false,drone_images/Mavic 3.png,28.045000,-82.355000,28.044500,-82.355300,apolloshield_dji,dji,,,2414500000,RADAR-A2D2-F3A1,Sensor Tampa Bay / West Florida Coast,120,GREEN,BLUE
1772040224899,A2D2-F3A1,FLT-F3A1-001,28.049978,-82.348471,43.7,8.1,0,Mavic 3,false,drone_images/Mavic 3.png,28.045000,-82.355000,28.044500,-82.355300,apolloshield_dji,dji,,,2414500000,RADAR-A2D2-F3A1,Sensor Tampa Bay / West Florida Coast,120,GREEN,BLUE
1772040226005,A2D2-F3A1,FLT-F3A1-001,28.049978,-82.348471,43.7,8.1,0,Mavic 3,false,drone_images/Mavic 3.png,28.045000,-82.355000,28.044500,-82.355300,apolloshield_dji,dji,,,2414500000,RADAR-A2D2-F3A1,Sensor Tampa Bay / West Florida Coast,120,GREEN,BLUE
1772040227385,A2D2-F3A1,FLT-F3A1-001,28.049978,-82.348471,43.7,8.1,0,Mavic 3,false,drone_images/Mavic 3.png,28.045000,-82.355000,28.044500,-82.355300,apolloshield_dji,dji,,,2414500000,RADAR-A2D2-F3A1,Sensor Tampa Bay / West Florida Coast,120,GREEN,BLUE
1772040228068,A2D2-F3A1,FLT-F3A1-001,28.049978,-82.348471,43.7,8.1,0,Mavic 3,false,drone_images/Mavic 3.png,28.045000,-82.355000,28.044500,-82.355300,apolloshield_dji,dji,,,2414500000,RADAR-A2D2-F3A1,Sensor Tampa Bay / West Florida Coast,120,GREEN,BLUE
1772040229685,A2D2-F3A1,FLT-F3A1-001,28.049978,-82.348471,43.7,8.1,0,Mavic 3,false,drone_images/Mavic 3.png,28.045000,-82.355000,28.044500,-82.355300,apolloshield_dji,dji,,,2414500000,RADAR-A2D2-F3A1,Sensor Tampa Bay / West Florida Coast,120,GREEN,BLUE
1772040230143,A2D2-F3A1,FLT-F3A1-001,28.049978,-82.348471,43.7,8.1,0,Mavic 3,false,drone_images/Mavic 3.png,28.045000,-82.355000,28.044500,-82.355300,apolloshield_dji,dji,,,2414500000,RADAR-A2D2-F3A1,Sensor Tampa Bay / West Florida Coast,120,GREEN,BLUE
1772040231275,A2D2-F3A1,FLT-F3A1-001,28.049978,-82.348471,43.7,8.1,0,Mavic 3,false,drone_images/Mavic 3.png,28.045000,-82.355000,28.044500,-82.355300,apolloshield_dji,dji,,,2414500000,RADAR-A2D2-F3A1,Sensor Tampa Bay / West Florida Coast,120,GREEN,BLUE
1772040231978,A2D2-F3A1,FLT-F3A1-001,28.049978,-82.348471,43.7,8.1,0,Mavic 3,false,drone_images/Mavic 3.png,28.045000,-82.355000,28.044500,-82.355300,apolloshield_dji,dji,,,2414500000,RADAR-A2D2-F3A1,Sensor Tampa Bay / West Florida Coast,120,GREEN,BLUE
1772040233356,A2D2-F3A1,FLT-F3A1-001,28.049978,-82.348471,43.7,8.1,0,Mavic 3,false,drone_images/Mavic 3.png,28.045000,-82.355000,28.044500,-82.355300,apolloshield_dji,dji,,,2414500000,RADAR-A2D2-F3A1,Sensor Tampa Bay / West Florida Coast,120,GREEN,BLUE
1772040234114,A2D2-F3A1,FLT-F3A1-001,28.049978,-82.348471,43.7,8.1,0,Mavic 3,false,drone_images/Mavic 3.png,28.045000,-82.355000,28.044500,-82.355300,apolloshield_dji,dji,,,2414500000,RADAR-A2D2-F3A1,Sensor Tampa Bay / West Florida Coast,120,GREEN,BLUE
1772040235120,A2D2-F3A1,FLT-F3A1-001,28.049978,-82.348471,43.7,8.1,0,Mavic 3,false,drone_images/Mavic 3.png,28.045000,-82.355000,28.044500,-82.355300,apolloshield_dji,dji,,,2414500000,RADAR-A2D2-F3A1,Sensor Tampa Bay / West Florida Coast,120,GREEN,BLUE
1772040235909,A2D2-F3A1,FLT-F3A1-001,28.049978,-82.348471,43.7,8.1,0,Mavic 3,false,drone_images/Mavic 3.png,28.045000,-82.355000,28.044500,-82.355300,apolloshield_dji,dji,,,2414500000,RADAR-A2D2-F3A1,Sensor Tampa Bay / West Florida Coast,120,GREEN,BLUE
1772040236780,A2D2-F3A1,FLT-F3A1-001,28.049978,-82.348471,43.7,8.1,0,Mavic 3,false,drone_images/Mavic 3.png,28.045000,-82.355000,28.044500,-82.355300,apolloshield_dji,dji,,,2414500000,RADAR-A2D2-F3A1,Sensor Tampa Bay / West Florida Coast,120,GREEN,BLUE
1772040238009,A2D2-F3A1,FLT-F3A1-001,28.049978,-82.348471,43.7,8.1,0,Mavic 3,false,drone_images/Mavic 3.png,28.045000,-82.355000,28.044500,-82.355300,apolloshield_dji,dji,,,2414500000,RADAR-A2D2-F3A1,Sensor Tampa Bay / West Florida Coast,120,GREEN,BLUE
1772040239254,A2D2-F3A1,FLT-F3A1-001,28.050001,-82.348294,44,12,0,Mavic 3,false,drone_images/Mavic 3.png,28.045000,-82.355000,28.044500,-82.355300,apolloshield_dji,dji,,,2414500000,RADAR-A2D2-F3A1,Sensor Tampa Bay / West Florida Coast,120,GREEN,BLUE
1772040239878,A2D2-F3A1,FLT-F3A1-001,28.050001,-82.348294,44,12,0,Mavic 3,false,drone_images/Mavic 3.png,28.045000,-82.355000,28.044500,-82.355300,apolloshield_dji,dji,,,2414500000,RADAR-A2D2-F3A1,Sensor Tampa Bay / West Florida Coast,120,GREEN,BLUE
1772040240831,A2D2-F3A1,FLT-F3A1-001,28.050001,-82.348294,44,12,0,Mavic 3,false,drone_images/Mavic 3.png,28.045000,-82.355000,28.044500,-82.355300,apolloshield_dji,dji,,,2414500000,RADAR-A2D2-F3A1,Sensor Tampa Bay / West Florida Coast,120,GREEN,BLUE
1772040241904,A2D2-F3A1,FLT-F3A1-001,28.050001,-82.348294,44,12,0,Mavic 3,false,drone_images/Mavic 3.png,28.045000,-82.355000,28.044500,-82.355300,apolloshield_dji,dji,,,2414500000,RADAR-A2D2-F3A1,Sensor Tampa Bay / West Florida Coast,120,GREEN,BLUE
1772040243069,A2D2-F3A1,FLT-F3A1-001,28.050001,-82.348294,43.5,12,0,Mavic 3,false,drone_images/Mavic 3.png,28.045000,-82.355000,28.044500,-82.355300,apolloshield_dji,dji,,,2414500000,RADAR-A2D2-F3A1,Sensor Tampa Bay / West Florida Coast,120,GREEN,BLUE
1772040243873,A2D2-F3A1,FLT-F3A1-001,28.050001,-82.348294,43.4,12,0,Mavic 3,false,drone_images/Mavic 3.png,28.045000,-82.355000,28.044500,-82.355300,apolloshield_dji,dji,,,2414500000,RADAR-A2D2-F3A1,Sensor Tampa Bay / West Florida Coast,120,GREEN,BLUE
1772040244822,A2D2-F3A1,FLT-F3A1-001,28.050001,-82.348294,43.4,12,0,Mavic 3,false,drone_images/Mavic 3.png,28.045000,-82.355000,28.044500,-82.355300,apolloshield_dji,dji,,,2414500000,RADAR-A2D2-F3A1,Sensor Tampa Bay / West Florida Coast,120,GREEN,BLUE
1772040246118,A2D2-F3A1,FLT-F3A1-001,28.050001,-82.348294,43.4,12,0,Mavic 3,false,drone_images/Mavic 3.png,28.045000,-82.355000,28.044500,-82.355300,apolloshield_dji,dji,,,2414500000,RADAR-A2D2-F3A1,Sensor Tampa Bay / West Florida Coast,120,GREEN,BLUE
1772040247769,A2D2-F3A1,FLT-F3A1-001,28.050001,-82.348294,43.4,12,0,Mavic 3,false,drone_images/Mavic 3.png,28.045000,-82.355000,28.044500,-82.355300,apolloshield_dji,dji,,,2414500000,RADAR-A2D2-F3A1,Sensor Tampa Bay / West Florida Coast,120,GREEN,BLUE
1772040247968,A2D2-F3A1,FLT-F3A1-001,28.050001,-82.348294,43.4,12,0,Mavic 3,false,drone_images/Mavic 3.png,28.045000,-82.355000,28.044500,-82.355300,apolloshield_dji,dji,,,2414500000,RADAR-A2D2-F3A1,Sensor Tampa Bay / West Florida Coast,120,GREEN,BLUE
1772040249016,A2D2-F3A1,FLT-F3A1-001,28.050001,-82.348294,43.4,12,0,Mavic 3,false,drone_images/Mavic 3.png,28.045000,-82.355000,28.044500,-82.355300,apolloshield_dji,dji,,,2414500000,RADAR-A2D2-F3A1,Sensor Tampa Bay / West Florida Coast,120,GREEN,BLUE
1772040250075,A2D2-F3A1,FLT-F3A1-001,28.050001,-82.348294,43.4,12,0,Mavic 3,false,drone_images/Mavic 3.png,28.045000,-82.355000,28.044500,-82.355300,apolloshield_dji,dji,,,2414500000,RADAR-A2D2-F3A1,Sensor Tampa Bay / West Florida Coast,120,GREEN,BLUE
1772040250793,A2D2-F3A1,FLT-F3A1-001,28.050001,-82.348294,43.4,12,0,Mavic 3,false,drone_images/Mavic 3.png,28.045000,-82.355000,28.044500,-82.355300,apolloshield_dji,dji,,,2414500000,RADAR-A2D2-F3A1,Sensor Tampa Bay / West Florida Coast,120,GREEN,BLUE
1772040251974,A2D2-F3A1,FLT-F3A1-001,28.050001,-82.348294,43.4,12,0,Mavic 3,false,drone_images/Mavic 3.png,28.045000,-82.355000,28.044500,-82.355300,apolloshield_dji,dji,,,2414500000,RADAR-A2D2-F3A1,Sensor Tampa Bay / West Florida Coast,120,GREEN,BLUE
1772040252919,A2D2-F3A1,FLT-F3A1-001,28.050001,-82.348294,43.4,12,0,Mavic 3,false,drone_images/Mavic 3.png,28.045000,-82.355000,28.044500,-82.355300,apolloshield_dji,dji,,,2414500000,RADAR-A2D2-F3A1,Sensor Tampa Bay / West Florida Coast,120,GREEN,BLUE
1772040253955,A2D2-F3A1,FLT-F3A1-001,28.050001,-82.348294,43.4,12,0,Mavic 3,false,drone_images/Mavic 3.png,28.045000,-82.355000,28.044500,-82.355300,apolloshield_dji,dji,,,2414500000,RADAR-A2D2-F3A1,Sensor Tampa Bay / West Florida Coast,120,GREEN,BLUE
1772040254783,A2D2-F3A1,FLT-F3A1-001,28.050001,-82.348294,43.4,12,0,Mavic 3,false,drone_images/Mavic 3.png,28.045000,-82.355000,28.044500,-82.355300,apolloshield_dji,dji,,,2414500000,RADAR-A2D2-F3A1,Sensor Tampa Bay / West Florida Coast,120,GREEN,BLUE
1772040256365,A2D2-F3A1,FLT-F3A1-001,28.050001,-82.348294,43.4,12,0,Mavic 3,false,drone_images/Mavic 3.png,28.045000,-82.355000,28.044500,-82.355300,apolloshield_dji,dji,,,2414500000,RADAR-A2D2-F3A1,Sensor Tampa Bay / West Florida Coast,120,GREEN,BLUE
1772040256905,A2D2-F3A1,FLT-F3A1-001,28.050001,-82.348294,43.4,12,0,Mavic 3,false,drone_images/Mavic 3.png,28.045000,-82.355000,28.044500,-82.355300,apolloshield_dji,dji,,,2414500000,RADAR-A2D2-F3A1,Sensor Tampa Bay / West Florida Coast,120,GREEN,BLUE
1772040257934,A2D2-F3A1,FLT-F3A1-001,28.050001,-82.348294,43.4,12,0,Mavic 3,false,drone_images/Mavic 3.png,28.045000,-82.355000,28.044500,-82.355300,apolloshield_dji,dji,,,2414500000,RADAR-A2D2-F3A1,Sensor Tampa Bay / West Florida Coast,120,GREEN,BLUE
1772040258979,A2D2-F3A1,FLT-F3A1-001,28.050001,-82.348294,43.4,12,0,Mavic 3,false,drone_images/Mavic 3.png,28.045000,-82.355000,28.044500,-82.355300,apolloshield_dji,dji,,,2414500000,RADAR-A2D2-F3A1,Sensor Tampa Bay / West Florida Coast,120,GREEN,BLUE
1772040260026,A2D2-F3A1,FLT-F3A1-001,28.050001,-82.348294,43.6,12,0,Mavic 3,false,drone_images/Mavic 3.png,28.045000,-82.355000,28.044500,-82.355300,apolloshield_dji,dji,,,2414500000,RADAR-A2D2-F3A1,Sensor Tampa Bay / West Florida Coast,120,GREEN,BLUE
1772040260881,A2D2-F3A1,FLT-F3A1-001,28.050001,-82.348294,43.6,12,0,Mavic 3,false,drone_images/Mavic 3.png,28.045000,-82.355000,28.044500,-82.355300,apolloshield_dji,dji,,,2414500000,RADAR-A2D2-F3A1,Sensor Tampa Bay / West Florida Coast,120,GREEN,BLUE
1772040262260,A2D2-F3A1,FLT-F3A1-001,28.050001,-82.348294,43.6,12,0,Mavic 3,false,drone_images/Mavic 3.png,28.045000,-82.355000,28.044500,-82.355300,apolloshield_dji,dji,,,2414500000,RADAR-A2D2-F3A1,Sensor Tampa Bay / West Florida Coast,120,GREEN,BLUE
1772040262920,A2D2-F3A1,FLT-F3A1-001,28.049995,-82.348294,43.5,12,0,Mavic 3,false,drone_images/Mavic 3.png,28.045000,-82.355000,28.044500,-82.355300,apolloshield_dji,dji,,,2414500000,RADAR-A2D2-F3A1,Sensor Tampa Bay / West Florida Coast,120,GREEN,BLUE
1772040264359,A2D2-F3A1,FLT-F3A1-001,28.049995,-82.348294,43.5,12,0,Mavic 3,false,drone_images/Mavic 3.png,28.045000,-82.355000,28.044500,-82.355300,apolloshield_dji,dji,,,2414500000,RADAR-A2D2-F3A1,Sensor Tampa Bay / West Florida Coast,120,GREEN,BLUE
1772040265041,A2D2-F3A1,FLT-F3A1-001,28.049995,-82.348294,43.5,12,0,Mavic 3,false,drone_images/Mavic 3.png,28.045000,-82.355000,28.044500,-82.355300,apolloshield_dji,dji,,,2414500000,RADAR-A2D2-F3A1,Sensor Tampa Bay / West Florida Coast,120,GREEN,BLUE
1772040265879,A2D2-F3A1,FLT-F3A1-001,28.049995,-82.348294,43.5,12,0,Mavic 3,false,drone_images/Mavic 3.png,28.045000,-82.355000,28.044500,-82.355300,apolloshield_dji,dji,,,2414500000,RADAR-A2D2-F3A1,Sensor Tampa Bay / West Florida Coast,120,GREEN,BLUE
1772040266904,A2D2-F3A1,FLT-F3A1-001,28.049995,-82.348294,43.5,12,0,Mavic 3,false,drone_images/Mavic 3.png,28.045000,-82.355000,28.044500,-82.355300,apolloshield_dji,dji,,,2414500000,RADAR-A2D2-F3A1,Sensor Tampa Bay / West Florida Coast,120,GREEN,BLUE
1772040268082,A2D2-F3A1,FLT-F3A1-001,28.049995,-82.348294,43.5,12,0,Mavic 3,false,drone_images/Mavic 3.png,28.045000,-82.355000,28.044500,-82.355300,apolloshield_dji,dji,,,2414500000,RADAR-A2D2-F3A1,Sensor Tampa Bay / West Florida Coast,120,GREEN,BLUE
1772040268760,A2D2-F3A1,FLT-F3A1-001,28.049995,-82.348294,43.5,12,0,Mavic 3,false,drone_images/Mavic 3.png,28.045000,-82.355000,28.044500,-82.355300,apolloshield_dji,dji,,,2414500000,RADAR-A2D2-F3A1,Sensor Tampa Bay / West Florida Coast,120,GREEN,BLUE
1772040269853,A2D2-F3A1,FLT-F3A1-001,28.049995,-82.348294,43.5,12,0,Mavic 3,false,drone_images/Mavic 3.png,28.045000,-82.355000,28.044500,-82.355300,apolloshield_dji,dji,,,2414500000,RADAR-A2D2-F3A1,Sensor Tampa Bay / West Florida Coast,120,GREEN,BLUE
1772040271035,A2D2-F3A1,FLT-F3A1-001,28.049995,-82.348294,43.5,12,0,Mavic 3,false,drone_images/Mavic 3.png,28.045000,-82.355000,28.044500,-82.355300,apolloshield_dji,dji,,,2414500000,RADAR-A2D2-F3A1,Sensor Tampa Bay / West Florida Coast,120,GREEN,BLUE
1772040271930,A2D2-F3A1,FLT-F3A1-001,28.049995,-82.348294,43.5,12,0,Mavic 3,false,drone_images/Mavic 3.png,28.045000,-82.355000,28.044500,-82.355300,apolloshield_dji,dji,,,2414500000,RADAR-A2D2-F3A1,Sensor Tampa Bay / West Florida Coast,120,GREEN,BLUE
1772040272888,A2D2-F3A1,FLT-F3A1-001,28.049995,-82.348294,43.5,12,0,Mavic 3,false,drone_images/Mavic 3.png,28.045000,-82.355000,28.044500,-82.355300,apolloshield_dji,dji,,,2414500000,RADAR-A2D2-F3A1,Sensor Tampa Bay / West Florida Coast,120,GREEN,BLUE
1772040273806,A2D2-F3A1,FLT-F3A1-001,28.049995,-82.348196,43.3,5.1,0,Mavic 3,false,drone_images/Mavic 3.png,28.045000,-82.355000,28.044500,-82.355300,apolloshield_dji,dji,,,2414500000,RADAR-A2D2-F3A1,Sensor Tampa Bay / West Florida Coast,120,GREEN,BLUE
1772040275426,A2D2-F3A1,FLT-F3A1-001,28.049995,-82.348196,43.3,5.1,0,Mavic 3,false,drone_images/Mavic 3.png,28.045000,-82.355000,28.044500,-82.355300,apolloshield_dji,dji,,,2414500000,RADAR-A2D2-F3A1,Sensor Tampa Bay / West Florida Coast,120,GREEN,BLUE
1772040275838,A2D2-F3A1,FLT-F3A1-001,28.049995,-82.348196,43.3,5.1,0,Mavic 3,false,drone_images/Mavic 3.png,28.045000,-82.355000,28.044500,-82.355300,apolloshield_dji,dji,,,2414500000,RADAR-A2D2-F3A1,Sensor Tampa Bay / West Florida Coast,120,GREEN,BLUE
1772040277183,A2D2-F3A1,FLT-F3A1-001,28.049995,-82.348196,43.3,5.1,0,Mavic 3,false,drone_images/Mavic 3.png,28.045000,-82.355000,28.044500,-82.355300,apolloshield_dji,dji,,,2414500000,RADAR-A2D2-F3A1,Sensor Tampa Bay / West Florida Coast,120,GREEN,BLUE
1772040278260,A2D2-F3A1,FLT-F3A1-001,28.049995,-82.348099,43.6,0.1,0,Mavic 3,false,drone_images/Mavic 3.png,28.045000,-82.355000,28.044500,-82.355300,apolloshield_dji,dji,,,2414500000,RADAR-A2D2-F3A1,Sensor Tampa Bay / West Florida Coast,120,GREEN,BLUE
1772040279424,A2D2-F3A1,FLT-F3A1-001,28.050001,-82.348099,43.2,0.3,0,Mavic 3,false,drone_images/Mavic 3.png,28.045000,-82.355000,28.044500,-82.355300,apolloshield_dji,dji,,,2414500000,RADAR-A2D2-F3A1,Sensor Tampa Bay / West Florida Coast,120,GREEN,BLUE
1772040280726,A2D2-F3A1,FLT-F3A1-001,28.050001,-82.348099,43.2,0.3,0,Mavic 3,false,drone_images/Mavic 3.png,28.045000,-82.355000,28.044500,-82.355300,apolloshield_dji,dji,,,2414500000,RADAR-A2D2-F3A1,Sensor Tampa Bay / West Florida Coast,120,GREEN,BLUE
1772040281257,A2D2-F3A1,FLT-F3A1-001,28.050001,-82.348099,43.2,0.3,0,Mavic 3,false,drone_images/Mavic 3.png,28.045000,-82.355000,28.044500,-82.355300,apolloshield_dji,dji,,,2414500000,RADAR-A2D2-F3A1,Sensor Tampa Bay / West Florida Coast,120,GREEN,BLUE
1772040282057,A2D2-F3A1,FLT-F3A1-001,28.050001,-82.348099,43.2,0.3,0,Mavic 3,false,drone_images/Mavic 3.png,28.045000,-82.355000,28.044500,-82.355300,apolloshield_dji,dji,,,2414500000,RADAR-A2D2-F3A1,Sensor Tampa Bay / West Florida Coast,120,GREEN,BLUE
1772040282889,A2D2-F3A1,FLT-F3A1-001,28.050001,-82.348099,43.2,0.3,0,Mavic 3,false,drone_images/Mavic 3.png,28.045000,-82.355000,28.044500,-82.355300,apolloshield_dji,dji,,,2414500000,RADAR-A2D2-F3A1,Sensor Tampa Bay / West Florida Coast,120,GREEN,BLUE
1772040284410,A2D2-F3A1,FLT-F3A1-001,28.050001,-82.348099,43.2,0.3,0,Mavic 3,false,drone_images/Mavic 3.png,28.045000,-82.355000,28.044500,-82.355300,apolloshield_dji,dji,,,2414500000,RADAR-A2D2-F3A1,Sensor Tampa Bay / West Florida Coast,120,GREEN,BLUE
1772040285066,A2D2-F3A1,FLT-F3A1-001,28.050001,-82.348099,43.2,0.3,0,Mavic 3,false,drone_images/Mavic 3.png,28.045000,-82.355000,28.044500,-82.355300,apolloshield_dji,dji,,,2414500000,RADAR-A2D2-F3A1,Sensor Tampa Bay / West Florida Coast,120,GREEN,BLUE
1772040285970,A2D2-F3A1,FLT-F3A1-001,28.050001,-82.348099,43.2,0.3,0,Mavic 3,false,drone_images/Mavic 3.png,28.045000,-82.355000,28.044500,-82.355300,apolloshield_dji,dji,,,2414500000,RADAR-A2D2-F3A1,Sensor Tampa Bay / West Florida Coast,120,GREEN,BLUE
1772040287615,A2D2-F3A1,FLT-F3A1-001,28.050001,-82.348099,43.2,0.3,0,Mavic 3,false,drone_images/Mavic 3.png,28.045000,-82.355000,28.044500,-82.355300,apolloshield_dji,dji,,,2414500000,RADAR-A2D2-F3A1,Sensor Tampa Bay / West Florida Coast,120,GREEN,BLUE
1772040288394,A2D2-F3A1,FLT-F3A1-001,28.050001,-82.348099,43.2,0.3,0,Mavic 3,false,drone_images/Mavic 3.png,28.045000,-82.355000,28.044500,-82.355300,apolloshield_dji,dji,,,2414500000,RADAR-A2D2-F3A1,Sensor Tampa Bay / West Florida Coast,120,GREEN,BLUE
1772040289108,A2D2-F3A1,FLT-F3A1-001,28.050001,-82.348099,43.2,0.3,0,Mavic 3,false,drone_images/Mavic 3.png,28.045000,-82.355000,28.044500,-82.355300,apolloshield_dji,dji,,,2414500000,RADAR-A2D2-F3A1,Sensor Tampa Bay / West Florida Coast,120,GREEN,BLUE
1772040289908,A2D2-F3A1,FLT-F3A1-001,28.050001,-82.348099,43.2,0.3,0,Mavic 3,false,drone_images/Mavic 3.png,28.045000,-82.355000,28.044500,-82.355300,apolloshield_dji,dji,,,2414500000,RADAR-A2D2-F3A1,Sensor Tampa Bay / West Florida Coast,120,GREEN,BLUE
1772040291481,A2D2-F3A1,FLT-F3A1-001,28.050001,-82.348099,43.2,0.3,0,Mavic 3,false,drone_images/Mavic 3.png,28.045000,-82.355000,28.044500,-82.355300,apolloshield_dji,dji,,,2414500000,RADAR-A2D2-F3A1,Sensor Tampa Bay / West Florida Coast,120,GREEN,BLUE
1772040291802,A2D2-F3A1,FLT-F3A1-001,28.050001,-82.348099,43.2,0.3,0,Mavic 3,false,drone_images/Mavic 3.png,28.045000,-82.355000,28.044500,-82.355300,apolloshield_dji,dji,,,2414500000,RADAR-A2D2-F3A1,Sensor Tampa Bay / West Florida Coast,120,GREEN,BLUE
1772040292904,A2D2-F3A1,FLT-F3A1-001,28.050001,-82.348099,43.2,0.3,0,Mavic 3,false,drone_images/Mavic 3.png,28.045000,-82.355000,28.044500,-82.355300,apolloshield_dji,dji,,,2414500000,RADAR-A2D2-F3A1,Sensor Tampa Bay / West Florida Coast,120,GREEN,BLUE
1772040293743,A2D2-F3A1,FLT-F3A1-001,28.050001,-82.348099,43.2,0.3,0,Mavic 3,false,drone_images/Mavic 3.png,28.045000,-82.355000,28.044500,-82.355300,apolloshield_dji,dji,,,2414500000,RADAR-A2D2-F3A1,Sensor Tampa Bay / West Florida Coast,120,GREEN,BLUE
1772040294956,A2D2-F3A1,FLT-F3A1-001,28.050001,-82.348099,43.2,0.3,0,Mavic 3,false,drone_images/Mavic 3.png,28.045000,-82.355000,28.044500,-82.355300,apolloshield_dji,dji,,,2414500000,RADAR-A2D2-F3A1,Sensor Tampa Bay / West Florida Coast,120,GREEN,BLUE
1772040295992,A2D2-F3A1,FLT-F3A1-001,28.050001,-82.348099,43.2,0.3,0,Mavic 3,false,drone_images/Mavic 3.png,28.045000,-82.355000,28.044500,-82.355300,apolloshield_dji,dji,,,2414500000,RADAR-A2D2-F3A1,Sensor Tampa Bay / West Florida Coast,120,GREEN,BLUE
1772040296724,A2D2-F3A1,FLT-F3A1-001,28.050001,-82.348099,43.2,0.3,0,Mavic 3,false,drone_images/Mavic 3.png,28.045000,-82.355000,28.044500,-82.355300,apolloshield_dji,dji,,,2414500000,RADAR-A2D2-F3A1,Sensor Tampa Bay / West Florida Coast,120,GREEN,BLUE
1772040298403,A2D2-F3A1,FLT-F3A1-001,28.050001,-82.348099,43.2,0.3,0,Mavic 3,false,drone_images/Mavic 3.png,28.045000,-82.355000,28.044500,-82.355300,apolloshield_dji,dji,,,2414500000,RADAR-A2D2-F3A1,Sensor Tampa Bay / West Florida Coast,120,GREEN,BLUE
1772040299081,A2D2-F3A1,FLT-F3A1-001,28.050001,-82.348099,43.2,0.3,0,Mavic 3,false,drone_images/Mavic 3.png,28.045000,-82.355000,28.044500,-82.355300,apolloshield_dji,dji,,,2414500000,RADAR-A2D2-F3A1,Sensor Tampa Bay / West Florida Coast,120,GREEN,BLUE
1772040299946,A2D2-F3A1,FLT-F3A1-001,28.050001,-82.348099,43.2,0.3,0,Mavic 3,false,drone_images/Mavic 3.png,28.045000,-82.355000,28.044500,-82.355300,apolloshield_dji,dji,,,2414500000,RADAR-A2D2-F3A1,Sensor Tampa Bay / West Florida Coast,120,GREEN,BLUE
1772040300958,A2D2-F3A1,FLT-F3A1-001,28.050001,-82.348099,43.2,0.3,0,Mavic 3,false,drone_images/Mavic 3.png,28.045000,-82.355000,28.044500,-82.355300,apolloshield_dji,dji,,,2414500000,RADAR-A2D2-F3A1,Sensor Tampa Bay / West Florida Coast,120,GREEN,BLUE
1772040301777,A2D2-F3A1,FLT-F3A1-001,28.050001,-82.348099,43.2,0.3,0,Mavic 3,false,drone_images/Mavic 3.png,28.045000,-82.355000,28.044500,-82.355300,apolloshield_dji,dji,,,2414500000,RADAR-A2D2-F3A1,Sensor Tampa Bay / West Florida Coast,120,GREEN,BLUE
1772040303312,A2D2-F3A1,FLT-F3A1-001,28.050001,-82.348099,43.2,0.3,0,Mavic 3,false,drone_images/Mavic 3.png,28.045000,-82.355000,28.044500,-82.355300,apolloshield_dji,dji,,,2414500000,RADAR-A2D2-F3A1,Sensor Tampa Bay / West Florida Coast,120,GREEN,BLUE
1772040304115,A2D2-F3A1,FLT-F3A1-001,28.050001,-82.348099,43.2,0.3,0,Mavic 3,false,drone_images/Mavic 3.png,28.045000,-82.355000,28.044500,-82.355300,apolloshield_dji,dji,,,2414500000,RADAR-A2D2-F3A1,Sensor Tampa Bay / West Florida Coast,120,GREEN,BLUE
1772040305114,A2D2-F3A1,FLT-F3A1-001,28.050013,-82.348099,43.3,12,0,Mavic 3,false,drone_images/Mavic 3.png,28.045000,-82.355000,28.044500,-82.355300,apolloshield_dji,dji,,,2414500000,RADAR-A2D2-F3A1,Sensor Tampa Bay / West Florida Coast,120,GREEN,BLUE
1772040306034,A2D2-F3A1,FLT-F3A1-001,28.050013,-82.348099,43.3,12,0,Mavic 3,false,drone_images/Mavic 3.png,28.045000,-82.355000,28.044500,-82.355300,apolloshield_dji,dji,,,2414500000,RADAR-A2D2-F3A1,Sensor Tampa Bay / West Florida Coast,120,GREEN,BLUE
1772040307010,A2D2-F3A1,FLT-F3A1-001,28.050013,-82.348099,43.3,12,0,Mavic 3,false,drone_images/Mavic 3.png,28.045000,-82.355000,28.044500,-82.355300,apolloshield_dji,dji,,,2414500000,RADAR-A2D2-F3A1,Sensor Tampa Bay / West Florida Coast,120,GREEN,BLUE
1772040307785,A2D2-F3A1,FLT-F3A1-001,28.050013,-82.348099,43.3,12,0,Mavic 3,false,drone_images/Mavic 3.png,28.045000,-82.355000,28.044500,-82.355300,apolloshield_dji,dji,,,2414500000,RADAR-A2D2-F3A1,Sensor Tampa Bay / West Florida Coast,120,GREEN,BLUE
1772040309307,A2D2-F3A1,FLT-F3A1-001,28.050013,-82.348099,43.3,12,0,Mavic 3,false,drone_images/Mavic 3.png,28.045000,-82.355000,28.044500,-82.355300,apolloshield_dji,dji,,,2414500000,RADAR-A2D2-F3A1,Sensor Tampa Bay / West Florida Coast,120,GREEN,BLUE
1772040309886,A2D2-F3A1,FLT-F3A1-001,28.050013,-82.348099,43.5,0.1,0,Mavic 3,false,drone_images/Mavic 3.png,28.045000,-82.355000,28.044500,-82.355300,apolloshield_dji,dji,,,2414500000,RADAR-A2D2-F3A1,Sensor Tampa Bay / West Florida Coast,120,GREEN,BLUE
1772040311405,A2D2-F3A1,FLT-F3A1-001,28.050013,-82.348099,43.5,0.1,0,Mavic 3,false,drone_images/Mavic 3.png,28.045000,-82.355000,28.044500,-82.355300,apolloshield_dji,dji,,,2414500000,RADAR-A2D2-F3A1,Sensor Tampa Bay / West Florida Coast,120,GREEN,BLUE
1772040311839,A2D2-F3A1,FLT-F3A1-001,28.050013,-82.348099,43.5,0.1,0,Mavic 3,false,drone_images/Mavic 3.png,28.045000,-82.355000,28.044500,-82.355300,apolloshield_dji,dji,,,2414500000,RADAR-A2D2-F3A1,Sensor Tampa Bay / West Florida Coast,120,GREEN,BLUE
1772040312984,A2D2-F3A1,FLT-F3A1-001,28.050013,-82.348099,43.5,0.1,0,Mavic 3,false,drone_images/Mavic 3.png,28.045000,-82.355000,28.044500,-82.355300,apolloshield_dji,dji,,,2414500000,RADAR-A2D2-F3A1,Sensor Tampa Bay / West Florida Coast,120,GREEN,BLUE
1772040313802,A2D2-F3A1,FLT-F3A1-001,28.050013,-82.348099,43.6,0.1,0,Mavic 3,false,drone_images/Mavic 3.png,28.045000,-82.355000,28.044500,-82.355300,apolloshield_dji,dji,,,2414500000,RADAR-A2D2-F3A1,Sensor Tampa Bay / West Florida Coast,120,GREEN,BLUE
1772040314860,A2D2-F3A1,FLT-F3A1-001,28.050013,-82.348099,43.7,12,0,Mavic 3,false,drone_images/Mavic 3.png,28.045000,-82.355000,28.044500,-82.355300,apolloshield_dji,dji,,,2414500000,RADAR-A2D2-F3A1,Sensor Tampa Bay / West Florida Coast,120,GREEN,BLUE
1772040315966,A2D2-F3A1,FLT-F3A1-001,28.050013,-82.348099,43.7,12,0,Mavic 3,false,drone_images/Mavic 3.png,28.045000,-82.355000,28.044500,-82.355300,apolloshield_dji,dji,,,2414500000,RADAR-A2D2-F3A1,Sensor Tampa Bay / West Florida Coast,120,GREEN,BLUE
1772040316695,A2D2-F3A1,FLT-F3A1-001,28.050013,-82.348099,43.7,12,0,Mavic 3,false,drone_images/Mavic 3.png,28.045000,-82.355000,28.044500,-82.355300,apolloshield_dji,dji,,,2414500000,RADAR-A2D2-F3A1,Sensor Tampa Bay / West Florida Coast,120,GREEN,BLUE
1772040317916,A2D2-F3A1,FLT-F3A1-001,28.050013,-82.348099,43.3,0.1,0,Mavic 3,false,drone_images/Mavic 3.png,28.045000,-82.355000,28.044500,-82.355300,apolloshield_dji,dji,,,2414500000,RADAR-A2D2-F3A1,Sensor Tampa Bay / West Florida Coast,120,GREEN,BLUE
1772040318807,A2D2-F3A1,FLT-F3A1-001,28.050013,-82.348099,43.2,12,0,Mavic 3,false,drone_images/Mavic 3.png,28.045000,-82.355000,28.044500,-82.355300,apolloshield_dji,dji,,,2414500000,RADAR-A2D2-F3A1,Sensor Tampa Bay / West Florida Coast,120,GREEN,BLUE
1772040320023,A2D2-F3A1,FLT-F3A1-001,28.050013,-82.348099,43.2,12,0,Mavic 3,false,drone_images/Mavic 3.png,28.045000,-82.355000,28.044500,-82.355300,apolloshield_dji,dji,,,2414500000,RADAR-A2D2-F3A1,Sensor Tampa Bay / West Florida Coast,120,GREEN,BLUE
1772040320914,A2D2-F3A1,FLT-F3A1-001,28.050013,-82.348099,43.2,12,0,Mavic 3,false,drone_images/Mavic 3.png,28.045000,-82.355000,28.044500,-82.355300,apolloshield_dji,dji,,,2414500000,RADAR-A2D2-F3A1,Sensor Tampa Bay / West Florida Coast,120,GREEN,BLUE
1772040321928,A2D2-F3A1,FLT-F3A1-001,28.050013,-82.348099,43.2,12,0,Mavic 3,false,drone_images/Mavic 3.png,28.045000,-82.355000,28.044500,-82.355300,apolloshield_dji,dji,,,2414500000,RADAR-A2D2-F3A1,Sensor Tampa Bay / West Florida Coast,120,GREEN,BLUE
1772040322956,A2D2-F3A1,FLT-F3A1-001,28.050013,-82.348099,43.2,12,0,Mavic 3,false,drone_images/Mavic 3.png,28.045000,-82.355000,28.044500,-82.355300,apolloshield_dji,dji,,,2414500000,RADAR-A2D2-F3A1,Sensor Tampa Bay / West Florida Coast,120,GREEN,BLUE
1772040324104,A2D2-F3A1,FLT-F3A1-001,28.050013,-82.348099,43.2,12,0,Mavic 3,false,drone_images/Mavic 3.png,28.045000,-82.355000,28.044500,-82.355300,apolloshield_dji,dji,,,2414500000,RADAR-A2D2-F3A1,Sensor Tampa Bay / West Florida Coast,120,GREEN,BLUE
1772040324838,A2D2-F3A1,FLT-F3A1-001,28.050013,-82.348099,43.8,12,0,Mavic 3,false,drone_images/Mavic 3.png,28.045000,-82.355000,28.044500,-82.355300,apolloshield_dji,dji,,,2414500000,RADAR-A2D2-F3A1,Sensor Tampa Bay / West Florida Coast,120,GREEN,BLUE
1772040325796,A2D2-F3A1,FLT-F3A1-001,28.050013,-82.348099,43.8,12,0,Mavic 3,false,drone_images/Mavic 3.png,28.045000,-82.355000,28.044500,-82.355300,apolloshield_dji,dji,,,2414500000,RADAR-A2D2-F3A1,Sensor Tampa Bay / West Florida Coast,120,GREEN,BLUE
1772040327018,A2D2-F3A1,FLT-F3A1-001,28.050013,-82.348099,43.8,12,0,Mavic 3,false,drone_images/Mavic 3.png,28.045000,-82.355000,28.044500,-82.355300,apolloshield_dji,dji,,,2414500000,RADAR-A2D2-F3A1,Sensor Tampa Bay / West Florida Coast,120,GREEN,BLUE
1772040328180,A2D2-F3A1,FLT-F3A1-001,28.050013,-82.348099,43.8,12,0,Mavic 3,false,drone_images/Mavic 3.png,28.045000,-82.355000,28.044500,-82.355300,apolloshield_dji,dji,,,2414500000,RADAR-A2D2-F3A1,Sensor Tampa Bay / West Florida Coast,120,GREEN,BLUE
1772040328793,A2D2-F3A1,FLT-F3A1-001,28.050007,-82.348099,43.7,12,0,Mavic 3,false,drone_images/Mavic 3.png,28.045000,-82.355000,28.044500,-82.355300,apolloshield_dji,dji,,,2414500000,RADAR-A2D2-F3A1,Sensor Tampa Bay / West Florida Coast,120,GREEN,BLUE
1772040330051,A2D2-F3A1,FLT-F3A1-001,28.050007,-82.348099,43.6,0.1,0,Mavic 3,false,drone_images/Mavic 3.png,28.045000,-82.355000,28.044500,-82.355300,apolloshield_dji,dji,,,2414500000,RADAR-A2D2-F3A1,Sensor Tampa Bay / West Florida Coast,120,GREEN,BLUE
1772040330808,A2D2-F3A1,FLT-F3A1-001,28.050007,-82.348099,43.6,0.1,0,Mavic 3,false,drone_images/Mavic 3.png,28.045000,-82.355000,28.044500,-82.355300,apolloshield_dji,dji,,,2414500000,RADAR-A2D2-F3A1,Sensor Tampa Bay / West Florida Coast,120,GREEN,BLUE
1772040332374,A2D2-F3A1,FLT-F3A1-001,28.050007,-82.348099,43.6,0.1,0,Mavic 3,false,drone_images/Mavic 3.png,28.045000,-82.355000,28.044500,-82.355300,apolloshield_dji,dji,,,2414500000,RADAR-A2D2-F3A1,Sensor Tampa Bay / West Florida Coast,120,GREEN,BLUE
1772040332991,A2D2-F3A1,FLT-F3A1-001,28.050007,-82.348099,43.6,0.1,0,Mavic 3,false,drone_images/Mavic 3.png,28.045000,-82.355000,28.044500,-82.355300,apolloshield_dji,dji,,,2414500000,RADAR-A2D2-F3A1,Sensor Tampa Bay / West Florida Coast,120,GREEN,BLUE
1772040333947,A2D2-F3A1,FLT-F3A1-001,28.050007,-82.348099,43.5,12,0,Mavic 3,false,drone_images/Mavic 3.png,28.045000,-82.355000,28.044500,-82.355300,apolloshield_dji,dji,,,2414500000,RADAR-A2D2-F3A1,Sensor Tampa Bay / West Florida Coast,120,GREEN,BLUE
1772040335071,A2D2-F3A1,FLT-F3A1-001,28.050007,-82.348099,43.3,12,0,Mavic 3,false,drone_images/Mavic 3.png,28.045000,-82.355000,28.044500,-82.355300,apolloshield_dji,dji,,,2414500000,RADAR-A2D2-F3A1,Sensor Tampa Bay / West Florida Coast,120,GREEN,BLUE
1772040336073,A2D2-F3A1,FLT-F3A1-001,28.050007,-82.348099,43.3,12,0,Mavic 3,false,drone_images/Mavic 3.png,28.045000,-82.355000,28.044500,-82.355300,apolloshield_dji,dji,,,2414500000,RADAR-A2D2-F3A1,Sensor Tampa Bay / West Florida Coast,120,GREEN,BLUE
1772040336928,A2D2-F3A1,FLT-F3A1-001,28.050007,-82.348099,43.3,12,0,Mavic 3,false,drone_images/Mavic 3.png,28.045000,-82.355000,28.044500,-82.355300,apolloshield_dji,dji,,,2414500000,RADAR-A2D2-F3A1,Sensor Tampa Bay / West Florida Coast,120,GREEN,BLUE
1772040337902,A2D2-F3A1,FLT-F3A1-001,28.050007,-82.348099,43.8,0.1,0,Mavic 3,false,drone_images/Mavic 3.png,28.045000,-82.355000,28.044500,-82.355300,apolloshield_dji,dji,,,2414500000,RADAR-A2D2-F3A1,Sensor Tampa Bay / West Florida Coast,120,GREEN,BLUE
1772040339214,A2D2-F3A1,FLT-F3A1-001,28.050007,-82.348099,43.8,0.1,0,Mavic 3,false,drone_images/Mavic 3.png,28.045000,-82.355000,28.044500,-82.355300,apolloshield_dji,dji,,,2414500000,RADAR-A2D2-F3A1,Sensor Tampa Bay / West Florida Coast,120,GREEN,BLUE
1772040340112,A2D2-F3A1,FLT-F3A1-001,28.050007,-82.348099,43.8,0.1,0,Mavic 3,false,drone_images/Mavic 3.png,28.045000,-82.355000,28.044500,-82.355300,apolloshield_dji,dji,,,2414500000,RADAR-A2D2-F3A1,Sensor Tampa Bay / West Florida Coast,120,GREEN,BLUE
1772040341426,A2D2-F3A1,FLT-F3A1-001,28.050007,-82.348099,43.3,0.1,0,Mavic 3,false,drone_images/Mavic 3.png,28.045000,-82.355000,28.044500,-82.355300,apolloshield_dji,dji,,,2414500000,RADAR-A2D2-F3A1,Sensor Tampa Bay / West Florida Coast,120,GREEN,BLUE
1772040342464,A2D2-F3A1,FLT-F3A1-001,28.050007,-82.348099,43.3,0.1,0,Mavic 3,false,drone_images/Mavic 3.png,28.045000,-82.355000,28.044500,-82.355300,apolloshield_dji,dji,,,2414500000,RADAR-A2D2-F3A1,Sensor Tampa Bay / West Florida Coast,120,GREEN,BLUE
1772040343793,A2D2-F3A1,FLT-F3A1-001,28.050007,-82.348099,43.4,12,0,Mavic 3,false,drone_images/Mavic 3.png,28.045000,-82.355000,28.044500,-82.355300,apolloshield_dji,dji,,,2414500000,RADAR-A2D2-F3A1,Sensor Tampa Bay / West Florida Coast,120,GREEN,BLUE
1772040344036,A2D2-F3A1,FLT-F3A1-001,28.050007,-82.348099,43.4,12,0,Mavic 3,false,drone_images/Mavic 3.png,28.045000,-82.355000,28.044500,-82.355300,apolloshield_dji,dji,,,2414500000,RADAR-A2D2-F3A1,Sensor Tampa Bay / West Florida Coast,120,GREEN,BLUE
1772040345024,A2D2-F3A1,FLT-F3A1-001,28.050007,-82.348099,43.4,12,0,Mavic 3,false,drone_images/Mavic 3.png,28.045000,-82.355000,28.044500,-82.355300,apolloshield_dji,dji,,,2414500000,RADAR-A2D2-F3A1,Sensor Tampa Bay / West Florida Coast,120,GREEN,BLUE
1772040345809,A2D2-F3A1,FLT-F3A1-001,28.050007,-82.348099,43.3,12,0,Mavic 3,false,drone_images/Mavic 3.png,28.045000,-82.355000,28.044500,-82.355300,apolloshield_dji,dji,,,2414500000,RADAR-A2D2-F3A1,Sensor Tampa Bay / West Florida Coast,120,GREEN,BLUE
1772040347074,A2D2-F3A1,FLT-F3A1-001,28.050007,-82.348099,43.3,12,0,Mavic 3,false,drone_images/Mavic 3.png,28.045000,-82.355000,28.044500,-82.355300,apolloshield_dji,dji,,,2414500000,RADAR-A2D2-F3A1,Sensor Tampa Bay / West Florida Coast,120,GREEN,BLUE
1772040348104,A2D2-F3A1,FLT-F3A1-001,28.050007,-82.348099,43.3,12,0,Mavic 3,false,drone_images/Mavic 3.png,28.045000,-82.355000,28.044500,-82.355300,apolloshield_dji,dji,,,2414500000,RADAR-A2D2-F3A1,Sensor Tampa Bay / West Florida Coast,120,GREEN,BLUE
1772040348970,A2D2-F3A1,FLT-F3A1-001,28.050007,-82.348099,43.5,12,0,Mavic 3,false,drone_images/Mavic 3.png,28.045000,-82.355000,28.044500,-82.355300,apolloshield_dji,dji,,,2414500000,RADAR-A2D2-F3A1,Sensor Tampa Bay / West Florida Coast,120,GREEN,BLUE
1772040349910,A2D2-F3A1,FLT-F3A1-001,28.050007,-82.348099,43.5,12,0,Mavic 3,false,drone_images/Mavic 3.png,28.045000,-82.355000,28.044500,-82.355300,apolloshield_dji,dji,,,2414500000,RADAR-A2D2-F3A1,Sensor Tampa Bay / West Florida Coast,120,GREEN,BLUE
1772040350955,A2D2-F3A1,FLT-F3A1-001,28.050007,-82.348099,43.5,12,0,Mavic 3,false,drone_images/Mavic 3.png,28.045000,-82.355000,28.044500,-82.355300,apolloshield_dji,dji,,,2414500000,RADAR-A2D2-F3A1,Sensor Tampa Bay / West Florida Coast,120,GREEN,BLUE
1772040352002,A2D2-F3A1,FLT-F3A1-001,28.050007,-82.348099,43.5,12,0,Mavic 3,false,drone_images/Mavic 3.png,28.045000,-82.355000,28.044500,-82.355300,apolloshield_dji,dji,,,2414500000,RADAR-A2D2-F3A1,Sensor Tampa Bay / West Florida Coast,120,GREEN,BLUE
1772040353025,A2D2-F3A1,FLT-F3A1-001,28.050007,-82.348099,43.8,12,0,Mavic 3,false,drone_images/Mavic 3.png,28.045000,-82.355000,28.044500,-82.355300,apolloshield_dji,dji,,,2414500000,RADAR-A2D2-F3A1,Sensor Tampa Bay / West Florida Coast,120,GREEN,BLUE
1772040353778,A2D2-F3A1,FLT-F3A1-001,28.050007,-82.348099,43.8,12,0,Mavic 3,false,drone_images/Mavic 3.png,28.045000,-82.355000,28.044500,-82.355300,apolloshield_dji,dji,,,2414500000,RADAR-A2D2-F3A1,Sensor Tampa Bay / West Florida Coast,120,GREEN,BLUE
1772040354812,A2D2-F3A1,FLT-F3A1-001,28.050007,-82.348099,43.8,12,0,Mavic 3,false,drone_images/Mavic 3.png,28.045000,-82.355000,28.044500,-82.355300,apolloshield_dji,dji,,,2414500000,RADAR-A2D2-F3A1,Sensor Tampa Bay / West Florida Coast,120,GREEN,BLUE
1772040355851,A2D2-F3A1,FLT-F3A1-001,28.050007,-82.348099,43.8,12,0,Mavic 3,false,drone_images/Mavic 3.png,28.045000,-82.355000,28.044500,-82.355300,apolloshield_dji,dji,,,2414500000,RADAR-A2D2-F3A1,Sensor Tampa Bay / West Florida Coast,120,GREEN,BLUE
1772040357268,A2D2-F3A1,FLT-F3A1-001,28.050007,-82.348099,43.8,12,0,Mavic 3,false,drone_images/Mavic 3.png,28.045000,-82.355000,28.044500,-82.355300,apolloshield_dji,dji,,,2414500000,RADAR-A2D2-F3A1,Sensor Tampa Bay / West Florida Coast,120,GREEN,BLUE
1772040358218,A2D2-F3A1,FLT-F3A1-001,28.050007,-82.348099,43.8,12,0,Mavic 3,false,drone_images/Mavic 3.png,28.045000,-82.355000,28.044500,-82.355300,apolloshield_dji,dji,,,2414500000,RADAR-A2D2-F3A1,Sensor Tampa Bay / West Florida Coast,120,GREEN,BLUE
1772040358956,A2D2-F3A1,FLT-F3A1-001,28.050007,-82.348099,43.8,12,0,Mavic 3,false,drone_images/Mavic 3.png,28.045000,-82.355000,28.044500,-82.355300,apolloshield_dji,dji,,,2414500000,RADAR-A2D2-F3A1,Sensor Tampa Bay / West Florida Coast,120,GREEN,BLUE
1772040360180,A2D2-F3A1,FLT-F3A1-001,28.050007,-82.348099,43.8,12,0,Mavic 3,false,drone_images/Mavic 3.png,28.045000,-82.355000,28.044500,-82.355300,apolloshield_dji,dji,,,2414500000,RADAR-A2D2-F3A1,Sensor Tampa Bay / West Florida Coast,120,GREEN,BLUE
1772040361025,A2D2-F3A1,FLT-F3A1-001,28.050007,-82.348099,43.8,12,0,Mavic 3,false,drone_images/Mavic 3.png,28.045000,-82.355000,28.044500,-82.355300,apolloshield_dji,dji,,,2414500000,RADAR-A2D2-F3A1,Sensor Tampa Bay / West Florida Coast,120,GREEN,BLUE
1772040361785,A2D2-F3A1,FLT-F3A1-001,28.050007,-82.348099,43.8,12,0,Mavic 3,false,drone_images/Mavic 3.png,28.045000,-82.355000,28.044500,-82.355300,apolloshield_dji,dji,,,2414500000,RADAR-A2D2-F3A1,Sensor Tampa Bay / West Florida Coast,120,GREEN,BLUE
1772040362908,A2D2-F3A1,FLT-F3A1-001,28.050007,-82.348099,43.8,12,0,Mavic 3,false,drone_images/Mavic 3.png,28.045000,-82.355000,28.044500,-82.355300,apolloshield_dji,dji,,,2414500000,RADAR-A2D2-F3A1,Sensor Tampa Bay / West Florida Coast,120,GREEN,BLUE
1772040363875,A2D2-F3A1,FLT-F3A1-001,28.050007,-82.348099,43.8,12,0,Mavic 3,false,drone_images/Mavic 3.png,28.045000,-82.355000,28.044500,-82.355300,apolloshield_dji,dji,,,2414500000,RADAR-A2D2-F3A1,Sensor Tampa Bay / West Florida Coast,120,GREEN,BLUE
1772040365068,A2D2-F3A1,FLT-F3A1-001,28.050007,-82.348099,43.8,12,0,Mavic 3,false,drone_images/Mavic 3.png,28.045000,-82.355000,28.044500,-82.355300,apolloshield_dji,dji,,,2414500000,RADAR-A2D2-F3A1,Sensor Tampa Bay / West Florida Coast,120,GREEN,BLUE
1772040366476,A2D2-F3A1,FLT-F3A1-001,28.050007,-82.348099,43.8,12,0,Mavic 3,false,drone_images/Mavic 3.png,28.045000,-82.355000,28.044500,-82.355300,apolloshield_dji,dji,,,2414500000,RADAR-A2D2-F3A1,Sensor Tampa Bay / West Florida Coast,120,GREEN,BLUE
1772040367093,A2D2-F3A1,FLT-F3A1-001,28.050007,-82.348099,43.8,12,0,Mavic 3,false,drone_images/Mavic 3.png,28.045000,-82.355000,28.044500,-82.355300,apolloshield_dji,dji,,,2414500000,RADAR-A2D2-F3A1,Sensor Tampa Bay / West Florida Coast,120,GREEN,BLUE
1772040367828,A2D2-F3A1,FLT-F3A1-001,28.050007,-82.348099,43.8,12,0,Mavic 3,false,drone_images/Mavic 3.png,28.045000,-82.355000,28.044500,-82.355300,apolloshield_dji,dji,,,2414500000,RADAR-A2D2-F3A1,Sensor Tampa Bay / West Florida Coast,120,GREEN,BLUE
1772040368714,A2D2-F3A1,FLT-F3A1-001,28.050007,-82.348099,43.8,12,0,Mavic 3,false,drone_images/Mavic 3.png,28.045000,-82.355000,28.044500,-82.355300,apolloshield_dji,dji,,,2414500000,RADAR-A2D2-F3A1,Sensor Tampa Bay / West Florida Coast,120,GREEN,BLUE
1772040369720,A2D2-F3A1,FLT-F3A1-001,28.050007,-82.348099,43.8,12,0,Mavic 3,false,drone_images/Mavic 3.png,28.045000,-82.355000,28.044500,-82.355300,apolloshield_dji,dji,,,2414500000,RADAR-A2D2-F3A1,Sensor Tampa Bay / West Florida Coast,120,GREEN,BLUE
1772040371171,A2D2-F3A1,FLT-F3A1-001,28.050007,-82.348099,43.8,12,0,Mavic 3,false,drone_images/Mavic 3.png,28.045000,-82.355000,28.044500,-82.355300,apolloshield_dji,dji,,,2414500000,RADAR-A2D2-F3A1,Sensor Tampa Bay / West Florida Coast,120,GREEN,BLUE
1772040371918,A2D2-F3A1,FLT-F3A1-001,28.050007,-82.348099,43.8,12,0,Mavic 3,false,drone_images/Mavic 3.png,28.045000,-82.355000,28.044500,-82.355300,apolloshield_dji,dji,,,2414500000,RADAR-A2D2-F3A1,Sensor Tampa Bay / West Florida Coast,120,GREEN,BLUE
1772040373023,A2D2-F3A1,FLT-F3A1-001,28.050007,-82.348099,43.8,12,0,Mavic 3,false,drone_images/Mavic 3.png,28.045000,-82.355000,28.044500,-82.355300,apolloshield_dji,dji,,,2414500000,RADAR-A2D2-F3A1,Sensor Tampa Bay / West Florida Coast,120,GREEN,BLUE
1772040373967,A2D2-F3A1,FLT-F3A1-001,28.050007,-82.348099,43.8,12,0,Mavic 3,false,drone_images/Mavic 3.png,28.045000,-82.355000,28.044500,-82.355300,apolloshield_dji,dji,,,2414500000,RADAR-A2D2-F3A1,Sensor Tampa Bay / West Florida Coast,120,GREEN,BLUE
1772040375378,A2D2-F3A1,FLT-F3A1-001,28.050007,-82.348099,43.8,12,0,Mavic 3,false,drone_images/Mavic 3.png,28.045000,-82.355000,28.044500,-82.355300,apolloshield_dji,dji,,,2414500000,RADAR-A2D2-F3A1,Sensor Tampa Bay / West Florida Coast,120,GREEN,BLUE
1772040376154,A2D2-F3A1,FLT-F3A1-001,28.050007,-82.348099,43.8,12,0,Mavic 3,false,drone_images/Mavic 3.png,28.045000,-82.355000,28.044500,-82.355300,apolloshield_dji,dji,,,2414500000,RADAR-A2D2-F3A1,Sensor Tampa Bay / West Florida Coast,120,GREEN,BLUE
1772040376695,A2D2-F3A1,FLT-F3A1-001,28.050007,-82.348099,43.8,12,0,Mavic 3,false,drone_images/Mavic 3.png,28.045000,-82.355000,28.044500,-82.355300,apolloshield_dji,dji,,,2414500000,RADAR-A2D2-F3A1,Sensor Tampa Bay / West Florida Coast,120,GREEN,BLUE
1772040377694,A2D2-F3A1,FLT-F3A1-001,28.050007,-82.348099,43.8,12,0,Mavic 3,false,drone_images/Mavic 3.png,28.045000,-82.355000,28.044500,-82.355300,apolloshield_dji,dji,,,2414500000,RADAR-A2D2-F3A1,Sensor Tampa Bay / West Florida Coast,120,GREEN,BLUE
1772040378852,A2D2-F3A1,FLT-F3A1-001,28.050007,-82.348099,43.8,12,0,Mavic 3,false,drone_images/Mavic 3.png,28.045000,-82.355000,28.044500,-82.355300,apolloshield_dji,dji,,,2414500000,RADAR-A2D2-F3A1,Sensor Tampa Bay / West Florida Coast,120,GREEN,BLUE
1772040379895,A2D2-F3A1,FLT-F3A1-001,28.050070,-82.349199,43.5,9.8,0,Mavic 3,false,drone_images/Mavic 3.png,28.045000,-82.355000,28.044500,-82.355300,apolloshield_dji,dji,,,2414500000,RADAR-A2D2-F3A1,Sensor Tampa Bay / West Florida Coast,120,GREEN,BLUE
1772040380920,A2D2-F3A1,FLT-F3A1-001,28.050076,-82.349302,43.3,10,0,Mavic 3,false,drone_images/Mavic 3.png,28.045000,-82.355000,28.044500,-82.355300,apolloshield_dji,dji,,,2414500000,RADAR-A2D2-F3A1,Sensor Tampa Bay / West Florida Coast,120,GREEN,BLUE
1772040381942,A2D2-F3A1,FLT-F3A1-001,28.050076,-82.349302,43.3,10,0,Mavic 3,false,drone_images/Mavic 3.png,28.045000,-82.355000,28.044500,-82.355300,apolloshield_dji,dji,,,2414500000,RADAR-A2D2-F3A1,Sensor Tampa Bay / West Florida Coast,120,GREEN,BLUE
1772040382827,A2D2-F3A1,FLT-F3A1-001,28.050076,-82.349302,43.3,10,0,Mavic 3,false,drone_images/Mavic 3.png,28.045000,-82.355000,28.044500,-82.355300,apolloshield_dji,dji,,,2414500000,RADAR-A2D2-F3A1,Sensor Tampa Bay / West Florida Coast,120,GREEN,BLUE
1772040383813,A2D2-F3A1,FLT-F3A1-001,28.050076,-82.349302,43.3,10,0,Mavic 3,false,drone_images/Mavic 3.png,28.045000,-82.355000,28.044500,-82.355300,apolloshield_dji,dji,,,2414500000,RADAR-A2D2-F3A1,Sensor Tampa Bay / West Florida Coast,120,GREEN,BLUE
1772040385083,A2D2-F3A1,FLT-F3A1-001,28.050098,-82.349680,43.4,5.7,0,Mavic 3,false,drone_images/Mavic 3.png,28.045000,-82.355000,28.044500,-82.355300,apolloshield_dji,dji,,,2414500000,RADAR-A2D2-F3A1,Sensor Tampa Bay / West Florida Coast,120,GREEN,BLUE
1772040385969,A2D2-F3A1,FLT-F3A1-001,28.050098,-82.349680,43.4,5.7,0,Mavic 3,false,drone_images/Mavic 3.png,28.045000,-82.355000,28.044500,-82.355300,apolloshield_dji,dji,,,2414500000,RADAR-A2D2-F3A1,Sensor Tampa Bay / West Florida Coast,120,GREEN,BLUE
1772040387523,A2D2-F3A1,FLT-F3A1-001,28.050098,-82.349680,43.4,5.7,0,Mavic 3,false,drone_images/Mavic 3.png,28.045000,-82.355000,28.044500,-82.355300,apolloshield_dji,dji,,,2414500000,RADAR-A2D2-F3A1,Sensor Tampa Bay / West Florida Coast,120,GREEN,BLUE
1772040388314,A2D2-F3A1,FLT-F3A1-001,28.050110,-82.349732,43.8,0.2,0,Mavic 3,false,drone_images/Mavic 3.png,28.045000,-82.355000,28.044500,-82.355300,apolloshield_dji,dji,,,2414500000,RADAR-A2D2-F3A1,Sensor Tampa Bay / West Florida Coast,120,GREEN,BLUE
1772040388996,A2D2-F3A1,FLT-F3A1-001,28.050110,-82.349732,42.9,0.4,0,Mavic 3,false,drone_images/Mavic 3.png,28.045000,-82.355000,28.044500,-82.355300,apolloshield_dji,dji,,,2414500000,RADAR-A2D2-F3A1,Sensor Tampa Bay / West Florida Coast,120,GREEN,BLUE
1772040389842,A2D2-F3A1,FLT-F3A1-001,28.050110,-82.349732,42.9,0.4,0,Mavic 3,false,drone_images/Mavic 3.png,28.045000,-82.355000,28.044500,-82.355300,apolloshield_dji,dji,,,2414500000,RADAR-A2D2-F3A1,Sensor Tampa Bay / West Florida Coast,120,GREEN,BLUE
1772040391095,A2D2-F3A1,FLT-F3A1-001,28.050110,-82.349732,42.9,0.4,0,Mavic 3,false,drone_images/Mavic 3.png,28.045000,-82.355000,28.044500,-82.355300,apolloshield_dji,dji,,,2414500000,RADAR-A2D2-F3A1,Sensor Tampa Bay / West Florida Coast,120,GREEN,BLUE
1772040391990,A2D2-F3A1,FLT-F3A1-001,28.050110,-82.349732,42.9,0.4,0,Mavic 3,false,drone_images/Mavic 3.png,28.045000,-82.355000,28.044500,-82.355300,apolloshield_dji,dji,,,2414500000,RADAR-A2D2-F3A1,Sensor Tampa Bay / West Florida Coast,120,GREEN,BLUE
1772040392856,A2D2-F3A1,FLT-F3A1-001,28.050110,-82.349732,42.9,0.4,0,Mavic 3,false,drone_images/Mavic 3.png,28.045000,-82.355000,28.044500,-82.355300,apolloshield_dji,dji,,,2414500000,RADAR-A2D2-F3A1,Sensor Tampa Bay / West Florida Coast,120,GREEN,BLUE
1772040393731,A2D2-F3A1,FLT-F3A1-001,28.050035,-82.349738,44,1.5,0,Mavic 3,false,drone_images/Mavic 3.png,28.045000,-82.355000,28.044500,-82.355300,apolloshield_dji,dji,,,2414500000,RADAR-A2D2-F3A1,Sensor Tampa Bay / West Florida Coast,120,GREEN,BLUE
1772040395517,A2D2-F3A1,FLT-F3A1-001,28.050035,-82.349738,44,1.5,0,Mavic 3,false,drone_images/Mavic 3.png,28.045000,-82.355000,28.044500,-82.355300,apolloshield_dji,dji,,,2414500000,RADAR-A2D2-F3A1,Sensor Tampa Bay / West Florida Coast,120,GREEN,BLUE
1772040395814,A2D2-F3A1,FLT-F3A1-001,28.050035,-82.349738,44,1.5,0,Mavic 3,false,drone_images/Mavic 3.png,28.045000,-82.355000,28.044500,-82.355300,apolloshield_dji,dji,,,2414500000,RADAR-A2D2-F3A1,Sensor Tampa Bay / West Florida Coast,120,GREEN,BLUE
1772040396914,A2D2-F3A1,FLT-F3A1-001,28.050030,-82.349778,43.3,2.4,0,Mavic 3,false,drone_images/Mavic 3.png,28.045000,-82.355000,28.044500,-82.355300,apolloshield_dji,dji,,,2414500000,RADAR-A2D2-F3A1,Sensor Tampa Bay / West Florida Coast,120,GREEN,BLUE
1772040397909,A2D2-F3A1,FLT-F3A1-001,28.050030,-82.349778,43.3,2.4,0,Mavic 3,false,drone_images/Mavic 3.png,28.045000,-82.355000,28.044500,-82.355300,apolloshield_dji,dji,,,2414500000,RADAR-A2D2-F3A1,Sensor Tampa Bay / West Florida Coast,120,GREEN,BLUE
1772040398779,A2D2-F3A1,FLT-F3A1-001,28.050030,-82.349778,43.3,2.4,0,Mavic 3,false,drone_images/Mavic 3.png,28.045000,-82.355000,28.044500,-82.355300,apolloshield_dji,dji,,,2414500000,RADAR-A2D2-F3A1,Sensor Tampa Bay / West Florida Coast,120,GREEN,BLUE
1772040399859,A2D2-F3A1,FLT-F3A1-001,28.050030,-82.349778,43.3,2.4,0,Mavic 3,false,drone_images/Mavic 3.png,28.045000,-82.355000,28.044500,-82.355300,apolloshield_dji,dji,,,2414500000,RADAR-A2D2-F3A1,Sensor Tampa Bay / West Florida Coast,120,GREEN,BLUE
1772040401056,A2D2-F3A1,FLT-F3A1-001,28.050035,-82.349915,43.6,1.5,0,Mavic 3,false,drone_images/Mavic 3.png,28.045000,-82.355000,28.044500,-82.355300,apolloshield_dji,dji,,,2414500000,RADAR-A2D2-F3A1,Sensor Tampa Bay / West Florida Coast,120,GREEN,BLUE
1772040402105,A2D2-F3A1,FLT-F3A1-001,28.050035,-82.349915,43.6,1.5,0,Mavic 3,false,drone_images/Mavic 3.png,28.045000,-82.355000,28.044500,-82.355300,apolloshield_dji,dji,,,2414500000,RADAR-A2D2-F3A1,Sensor Tampa Bay / West Florida Coast,120,GREEN,BLUE
1772040402900,A2D2-F3A1,FLT-F3A1-001,28.050035,-82.349915,43.6,1.5,0,Mavic 3,false,drone_images/Mavic 3.png,28.045000,-82.355000,28.044500,-82.355300,apolloshield_dji,dji,,,2414500000,RADAR-A2D2-F3A1,Sensor Tampa Bay / West Florida Coast,120,GREEN,BLUE
1772040404264,A2D2-F3A1,FLT-F3A1-001,28.050035,-82.349915,43.6,1.5,0,Mavic 3,false,drone_images/Mavic 3.png,28.045000,-82.355000,28.044500,-82.355300,apolloshield_dji,dji,,,2414500000,RADAR-A2D2-F3A1,Sensor Tampa Bay / West Florida Coast,120,GREEN,BLUE
1772040405083,A2D2-F3A1,FLT-F3A1-001,28.050035,-82.349915,43.5,12,0,Mavic 3,false,drone_images/Mavic 3.png,28.045000,-82.355000,28.044500,-82.355300,apolloshield_dji,dji,,,2414500000,RADAR-A2D2-F3A1,Sensor Tampa Bay / West Florida Coast,120,GREEN,BLUE
1772040406124,A2D2-F3A1,FLT-F3A1-001,28.050035,-82.349915,43.5,12,0,Mavic 3,false,drone_images/Mavic 3.png,28.045000,-82.355000,28.044500,-82.355300,apolloshield_dji,dji,,,2414500000,RADAR-A2D2-F3A1,Sensor Tampa Bay / West Florida Coast,120,GREEN,BLUE
1772040407237,A2D2-F3A1,FLT-F3A1-001,28.050035,-82.349915,43.5,12,0,Mavic 3,false,drone_images/Mavic 3.png,28.045000,-82.355000,28.044500,-82.355300,apolloshield_dji,dji,,,2414500000,RADAR-A2D2-F3A1,Sensor Tampa Bay / West Florida Coast,120,GREEN,BLUE
1772040408276,A2D2-F3A1,FLT-F3A1-001,28.050035,-82.349915,43.5,12,0,Mavic 3,false,drone_images/Mavic 3.png,28.045000,-82.355000,28.044500,-82.355300,apolloshield_dji,dji,,,2414500000,RADAR-A2D2-F3A1,Sensor Tampa Bay / West Florida Coast,120,GREEN,BLUE
1772040409127,A2D2-F3A1,FLT-F3A1-001,28.050035,-82.349915,43.5,12,0,Mavic 3,false,drone_images/Mavic 3.png,28.045000,-82.355000,28.044500,-82.355300,apolloshield_dji,dji,,,2414500000,RADAR-A2D2-F3A1,Sensor Tampa Bay / West Florida Coast,120,GREEN,BLUE
1772040410203,A2D2-F3A1,FLT-F3A1-001,28.050035,-82.349915,43.5,12,0,Mavic 3,false,drone_images/Mavic 3.png,28.045000,-82.355000,28.044500,-82.355300,apolloshield_dji,dji,,,2414500000,RADAR-A2D2-F3A1,Sensor Tampa Bay / West Florida Coast,120,GREEN,BLUE
1772040411015,A2D2-F3A1,FLT-F3A1-001,28.050035,-82.349915,43.5,12,0,Mavic 3,false,drone_images/Mavic 3.png,28.045000,-82.355000,28.044500,-82.355300,apolloshield_dji,dji,,,2414500000,RADAR-A2D2-F3A1,Sensor Tampa Bay / West Florida Coast,120,GREEN,BLUE
1772040411917,A2D2-F3A1,FLT-F3A1-001,28.050035,-82.349921,43.4,12,0,Mavic 3,false,drone_images/Mavic 3.png,28.045000,-82.355000,28.044500,-82.355300,apolloshield_dji,dji,,,2414500000,RADAR-A2D2-F3A1,Sensor Tampa Bay / West Florida Coast,120,GREEN,BLUE
1772040413114,A2D2-F3A1,FLT-F3A1-001,28.050035,-82.349921,43.7,12,0,Mavic 3,false,drone_images/Mavic 3.png,28.045000,-82.355000,28.044500,-82.355300,apolloshield_dji,dji,,,2414500000,RADAR-A2D2-F3A1,Sensor Tampa Bay / West Florida Coast,120,GREEN,BLUE
1772040413887,A2D2-F3A1,FLT-F3A1-001,28.050035,-82.349915,43.8,12,0,Mavic 3,false,drone_images/Mavic 3.png,28.045000,-82.355000,28.044500,-82.355300,apolloshield_dji,dji,,,2414500000,RADAR-A2D2-F3A1,Sensor Tampa Bay / West Florida Coast,120,GREEN,BLUE
1772040414883,A2D2-F3A1,FLT-F3A1-001,28.050035,-82.349921,43.8,0.6,0,Mavic 3,false,drone_images/Mavic 3.png,28.045000,-82.355000,28.044500,-82.355300,apolloshield_dji,dji,,,2414500000,RADAR-A2D2-F3A1,Sensor Tampa Bay / West Florida Coast,120,GREEN,BLUE
1772040415746,A2D2-F3A1,FLT-F3A1-001,28.050035,-82.349921,43.8,0.6,0,Mavic 3,false,drone_images/Mavic 3.png,28.045000,-82.355000,28.044500,-82.355300,apolloshield_dji,dji,,,2414500000,RADAR-A2D2-F3A1,Sensor Tampa Bay / West Florida Coast,120,GREEN,BLUE
1772040416876,A2D2-F3A1,FLT-F3A1-001,28.050035,-82.349967,43.4,4.1,0,Mavic 3,false,drone_images/Mavic 3.png,28.045000,-82.355000,28.044500,-82.355300,apolloshield_dji,dji,,,2414500000,RADAR-A2D2-F3A1,Sensor Tampa Bay / West Florida Coast,120,GREEN,BLUE
1772040417833,A2D2-F3A1,FLT-F3A1-001,28.050041,-82.350018,43.5,5.2,0,Mavic 3,false,drone_images/Mavic 3.png,28.045000,-82.355000,28.044500,-82.355300,apolloshield_dji,dji,,,2414500000,RADAR-A2D2-F3A1,Sensor Tampa Bay / West Florida Coast,120,GREEN,BLUE
1772040418716,A2D2-F3A1,FLT-F3A1-001,28.050047,-82.350064,43.8,2.7,0,Mavic 3,false,drone_images/Mavic 3.png,28.045000,-82.355000,28.044500,-82.355300,apolloshield_dji,dji,,,2414500000,RADAR-A2D2-F3A1,Sensor Tampa Bay / West Florida Coast,120,GREEN,BLUE
1772040419836,A2D2-F3A1,FLT-F3A1-001,28.050047,-82.350064,43.8,2.7,0,Mavic 3,false,drone_images/Mavic 3.png,28.045000,-82.355000,28.044500,-82.355300,apolloshield_dji,dji,,,2414500000,RADAR-A2D2-F3A1,Sensor Tampa Bay / West Florida Coast,120,GREEN,BLUE
1772040421501,A2D2-F3A1,FLT-F3A1-001,28.050047,-82.350064,43.8,2.7,0,Mavic 3,false,drone_images/Mavic 3.png,28.045000,-82.355000,28.044500,-82.355300,apolloshield_dji,dji,,,2414500000,RADAR-A2D2-F3A1,Sensor Tampa Bay / West Florida Coast,120,GREEN,BLUE
1772040422162,A2D2-F3A1,FLT-F3A1-001,28.050047,-82.350064,43.8,2.7,0,Mavic 3,false,drone_images/Mavic 3.png,28.045000,-82.355000,28.044500,-82.355300,apolloshield_dji,dji,,,2414500000,RADAR-A2D2-F3A1,Sensor Tampa Bay / West Florida Coast,120,GREEN,BLUE
1772040423080,A2D2-F3A1,FLT-F3A1-001,28.050047,-82.350064,43.8,2.7,0,Mavic 3,false,drone_images/Mavic 3.png,28.045000,-82.355000,28.044500,-82.355300,apolloshield_dji,dji,,,2414500000,RADAR-A2D2-F3A1,Sensor Tampa Bay / West Florida Coast,120,GREEN,BLUE
1772040424132,A2D2-F3A1,FLT-F3A1-001,28.050047,-82.350076,43.1,0.1,0,Mavic 3,false,drone_images/Mavic 3.png,28.045000,-82.355000,28.044500,-82.355300,apolloshield_dji,dji,,,2414500000,RADAR-A2D2-F3A1,Sensor Tampa Bay / West Florida Coast,120,GREEN,BLUE
1772040425695,A2D2-F3A1,FLT-F3A1-001,28.050047,-82.350076,43.1,0.1,0,Mavic 3,false,drone_images/Mavic 3.png,28.045000,-82.355000,28.044500,-82.355300,apolloshield_dji,dji,,,2414500000,RADAR-A2D2-F3A1,Sensor Tampa Bay / West Florida Coast,120,GREEN,BLUE
1772040426256,A2D2-F3A1,FLT-F3A1-001,28.050047,-82.350076,43.1,0.1,0,Mavic 3,false,drone_images/Mavic 3.png,28.045000,-82.355000,28.044500,-82.355300,apolloshield_dji,dji,,,2414500000,RADAR-A2D2-F3A1,Sensor Tampa Bay / West Florida Coast,120,GREEN,BLUE
1772040427432,A2D2-F3A1,FLT-F3A1-001,28.050047,-82.350076,43.1,0.1,0,Mavic 3,false,drone_images/Mavic 3.png,28.045000,-82.355000,28.044500,-82.355300,apolloshield_dji,dji,,,2414500000,RADAR-A2D2-F3A1,Sensor Tampa Bay / West Florida Coast,120,GREEN,BLUE
1772040427667,A2D2-F3A1,FLT-F3A1-001,28.050047,-82.350070,43.3,12,0,Mavic 3,false,drone_images/Mavic 3.png,28.045000,-82.355000,28.044500,-82.355300,apolloshield_dji,dji,,,2414500000,RADAR-A2D2-F3A1,Sensor Tampa Bay / West Florida Coast,120,GREEN,BLUE
1772040428841,A2D2-F3A1,FLT-F3A1-001,28.050047,-82.350070,43.3,12,0,Mavic 3,false,drone_images/Mavic 3.png,28.045000,-82.355000,28.044500,-82.355300,apolloshield_dji,dji,,,2414500000,RADAR-A2D2-F3A1,Sensor Tampa Bay / West Florida Coast,120,GREEN,BLUE
1772040430000,A2D2-F3A1,FLT-F3A1-001,28.050047,-82.350070,43.3,12,0,Mavic 3,false,drone_images/Mavic 3.png,28.045000,-82.355000,28.044500,-82.355300,apolloshield_dji,dji,,,2414500000,RADAR-A2D2-F3A1,Sensor Tampa Bay / West Florida Coast,120,GREEN,BLUE
1772040431059,A2D2-F3A1,FLT-F3A1-001,28.050047,-82.350076,43.7,0.1,0,Mavic 3,false,drone_images/Mavic 3.png,28.045000,-82.355000,28.044500,-82.355300,apolloshield_dji,dji,,,2414500000,RADAR-A2D2-F3A1,Sensor Tampa Bay / West Florida Coast,120,GREEN,BLUE
1772040432104,A2D2-F3A1,FLT-F3A1-001,28.050047,-82.350076,43.7,0.1,0,Mavic 3,false,drone_images/Mavic 3.png,28.045000,-82.355000,28.044500,-82.355300,apolloshield_dji,dji,,,2414500000,RADAR-A2D2-F3A1,Sensor Tampa Bay / West Florida Coast,120,GREEN,BLUE
1772040433385,A2D2-F3A1,FLT-F3A1-001,28.050047,-82.350070,43.5,12,0,Mavic 3,false,drone_images/Mavic 3.png,28.045000,-82.355000,28.044500,-82.355300,apolloshield_dji,dji,,,2414500000,RADAR-A2D2-F3A1,Sensor Tampa Bay / West Florida Coast,120,GREEN,BLUE
1772040434083,A2D2-F3A1,FLT-F3A1-001,28.050047,-82.350070,43.5,12,0,Mavic 3,false,drone_images/Mavic 3.png,28.045000,-82.355000,28.044500,-82.355300,apolloshield_dji,dji,,,2414500000,RADAR-A2D2-F3A1,Sensor Tampa Bay / West Florida Coast,120,GREEN,BLUE
1772040435459,A2D2-F3A1,FLT-F3A1-001,28.050047,-82.350070,43.8,12,0,Mavic 3,false,drone_images/Mavic 3.png,28.045000,-82.355000,28.044500,-82.355300,apolloshield_dji,dji,,,2414500000,RADAR-A2D2-F3A1,Sensor Tampa Bay / West Florida Coast,120,GREEN,BLUE
1772040436494,A2D2-F3A1,FLT-F3A1-001,28.050047,-82.350076,43.8,12,0,Mavic 3,false,drone_images/Mavic 3.png,28.045000,-82.355000,28.044500,-82.355300,apolloshield_dji,dji,,,2414500000,RADAR-A2D2-F3A1,Sensor Tampa Bay / West Florida Coast,120,GREEN,BLUE
1772040437298,A2D2-F3A1,FLT-F3A1-001,28.050047,-82.350076,43.8,12,0,Mavic 3,false,drone_images/Mavic 3.png,28.045000,-82.355000,28.044500,-82.355300,apolloshield_dji,dji,,,2414500000,RADAR-A2D2-F3A1,Sensor Tampa Bay / West Florida Coast,120,GREEN,BLUE
1772040438184,A2D2-F3A1,FLT-F3A1-001,28.050047,-82.350076,43.8,12,0,Mavic 3,false,drone_images/Mavic 3.png,28.045000,-82.355000,28.044500,-82.355300,apolloshield_dji,dji,,,2414500000,RADAR-A2D2-F3A1,Sensor Tampa Bay / West Florida Coast,120,GREEN,BLUE
1772040439952,A2D2-F3A1,FLT-F3A1-001,28.050047,-82.350076,43.8,12,0,Mavic 3,false,drone_images/Mavic 3.png,28.045000,-82.355000,28.044500,-82.355300,apolloshield_dji,dji,,,2414500000,RADAR-A2D2-F3A1,Sensor Tampa Bay / West Florida Coast,120,GREEN,BLUE
1772040440033,A2D2-F3A1,FLT-F3A1-001,28.050047,-82.350076,43.8,12,0,Mavic 3,false,drone_images/Mavic 3.png,28.045000,-82.355000,28.044500,-82.355300,apolloshield_dji,dji,,,2414500000,RADAR-A2D2-F3A1,Sensor Tampa Bay / West Florida Coast,120,GREEN,BLUE
1772040441235,A2D2-F3A1,FLT-F3A1-001,28.050047,-82.350076,43.8,12,0,Mavic 3,false,drone_images/Mavic 3.png,28.045000,-82.355000,28.044500,-82.355300,apolloshield_dji,dji,,,2414500000,RADAR-A2D2-F3A1,Sensor Tampa Bay / West Florida Coast,120,GREEN,BLUE
1772040441969,A2D2-F3A1,FLT-F3A1-001,28.050047,-82.350076,43.8,12,0,Mavic 3,false,drone_images/Mavic 3.png,28.045000,-82.355000,28.044500,-82.355300,apolloshield_dji,dji,,,2414500000,RADAR-A2D2-F3A1,Sensor Tampa Bay / West Florida Coast,120,GREEN,BLUE
1772040443046,A2D2-F3A1,FLT-F3A1-001,28.050047,-82.350076,43.8,12,0,Mavic 3,false,drone_images/Mavic 3.png,28.045000,-82.355000,28.044500,-82.355300,apolloshield_dji,dji,,,2414500000,RADAR-A2D2-F3A1,Sensor Tampa Bay / West Florida Coast,120,GREEN,BLUE
1772040443827,A2D2-F3A1,FLT-F3A1-001,28.050047,-82.350076,43.8,12,0,Mavic 3,false,drone_images/Mavic 3.png,28.045000,-82.355000,28.044500,-82.355300,apolloshield_dji,dji,,,2414500000,RADAR-A2D2-F3A1,Sensor Tampa Bay / West Florida Coast,120,GREEN,BLUE
1772040444765,A2D2-F3A1,FLT-F3A1-001,28.050047,-82.350076,43.8,12,0,Mavic 3,false,drone_images/Mavic 3.png,28.045000,-82.355000,28.044500,-82.355300,apolloshield_dji,dji,,,2414500000,RADAR-A2D2-F3A1,Sensor Tampa Bay / West Florida Coast,120,GREEN,BLUE
1772040445899,A2D2-F3A1,FLT-F3A1-001,28.050047,-82.350076,43.8,12,0,Mavic 3,false,drone_images/Mavic 3.png,28.045000,-82.355000,28.044500,-82.355300,apolloshield_dji,dji,,,2414500000,RADAR-A2D2-F3A1,Sensor Tampa Bay / West Florida Coast,120,GREEN,BLUE
1772040446836,A2D2-F3A1,FLT-F3A1-001,28.050053,-82.350076,43.5,12,0,Mavic 3,false,drone_images/Mavic 3.png,28.045000,-82.355000,28.044500,-82.355300,apolloshield_dji,dji,,,2414500000,RADAR-A2D2-F3A1,Sensor Tampa Bay / West Florida Coast,120,GREEN,BLUE
1772040448464,A2D2-F3A1,FLT-F3A1-001,28.050053,-82.350076,43.5,12,0,Mavic 3,false,drone_images/Mavic 3.png,28.045000,-82.355000,28.044500,-82.355300,apolloshield_dji,dji,,,2414500000,RADAR-A2D2-F3A1,Sensor Tampa Bay / West Florida Coast,120,GREEN,BLUE
1772040449873,A2D2-F3A1,FLT-F3A1-001,28.050053,-82.350076,43.5,12,0,Mavic 3,false,drone_images/Mavic 3.png,28.045000,-82.355000,28.044500,-82.355300,apolloshield_dji,dji,,,2414500000,RADAR-A2D2-F3A1,Sensor Tampa Bay / West Florida Coast,120,GREEN,BLUE
1772040450439,A2D2-F3A1,FLT-F3A1-001,28.050053,-82.350076,43.5,12,0,Mavic 3,false,drone_images/Mavic 3.png,28.045000,-82.355000,28.044500,-82.355300,apolloshield_dji,dji,,,2414500000,RADAR-A2D2-F3A1,Sensor Tampa Bay / West Florida Coast,120,GREEN,BLUE
1772040450974,A2D2-F3A1,FLT-F3A1-001,28.050053,-82.350076,43.5,12,0,Mavic 3,false,drone_images/Mavic 3.png,28.045000,-82.355000,28.044500,-82.355300,apolloshield_dji,dji,,,2414500000,RADAR-A2D2-F3A1,Sensor Tampa Bay / West Florida Coast,120,GREEN,BLUE
1772040452033,A2D2-F3A1,FLT-F3A1-001,28.050053,-82.350070,43.8,12,0,Mavic 3,false,drone_images/Mavic 3.png,28.045000,-82.355000,28.044500,-82.355300,apolloshield_dji,dji,,,2414500000,RADAR-A2D2-F3A1,Sensor Tampa Bay / West Florida Coast,120,GREEN,BLUE
1772040453064,A2D2-F3A1,FLT-F3A1-001,28.050053,-82.350070,43.8,12,0,Mavic 3,false,drone_images/Mavic 3.png,28.045000,-82.355000,28.044500,-82.355300,apolloshield_dji,dji,,,2414500000,RADAR-A2D2-F3A1,Sensor Tampa Bay / West Florida Coast,120,GREEN,BLUE
1772040454261,A2D2-F3A1,FLT-F3A1-001,28.050053,-82.350070,43.8,12,0,Mavic 3,false,drone_images/Mavic 3.png,28.045000,-82.355000,28.044500,-82.355300,apolloshield_dji,dji,,,2414500000,RADAR-A2D2-F3A1,Sensor Tampa Bay / West Florida Coast,120,GREEN,BLUE
1772040455453,A2D2-F3A1,FLT-F3A1-001,28.050053,-82.350070,43.8,12,0,Mavic 3,false,drone_images/Mavic 3.png,28.045000,-82.355000,28.044500,-82.355300,apolloshield_dji,dji,,,2414500000,RADAR-A2D2-F3A1,Sensor Tampa Bay / West Florida Coast,120,GREEN,BLUE
1772040456370,A2D2-F3A1,FLT-F3A1-001,28.050053,-82.350070,43.8,12,0,Mavic 3,false,drone_images/Mavic 3.png,28.045000,-82.355000,28.044500,-82.355300,apolloshield_dji,dji,,,2414500000,RADAR-A2D2-F3A1,Sensor Tampa Bay / West Florida Coast,120,GREEN,BLUE
1772040456979,A2D2-F3A1,FLT-F3A1-001,28.050053,-82.350070,43.8,12,0,Mavic 3,false,drone_images/Mavic 3.png,28.045000,-82.355000,28.044500,-82.355300,apolloshield_dji,dji,,,2414500000,RADAR-A2D2-F3A1,Sensor Tampa Bay / West Florida Coast,120,GREEN,BLUE
1772040458200,A2D2-F3A1,FLT-F3A1-001,28.050053,-82.350070,43.8,12,0,Mavic 3,false,drone_images/Mavic 3.png,28.045000,-82.355000,28.044500,-82.355300,apolloshield_dji,dji,,,2414500000,RADAR-A2D2-F3A1,Sensor Tampa Bay / West Florida Coast,120,GREEN,BLUE
1772040459097,A2D2-F3A1,FLT-F3A1-001,28.050053,-82.350070,43.8,12,0,Mavic 3,false,drone_images/Mavic 3.png,28.045000,-82.355000,28.044500,-82.355300,apolloshield_dji,dji,,,2414500000,RADAR-A2D2-F3A1,Sensor Tampa Bay / West Florida Coast,120,GREEN,BLUE
1772040460005,A2D2-F3A1,FLT-F3A1-001,28.050053,-82.350070,43.8,12,0,Mavic 3,false,drone_images/Mavic 3.png,28.045000,-82.355000,28.044500,-82.355300,apolloshield_dji,dji,,,2414500000,RADAR-A2D2-F3A1,Sensor Tampa Bay / West Florida Coast,120,GREEN,BLUE
1772040460845,A2D2-F3A1,FLT-F3A1-001,28.050053,-82.350070,43.8,12,0,Mavic 3,false,drone_images/Mavic 3.png,28.045000,-82.355000,28.044500,-82.355300,apolloshield_dji,dji,,,2414500000,RADAR-A2D2-F3A1,Sensor Tampa Bay / West Florida Coast,120,GREEN,BLUE
1772040462204,A2D2-F3A1,FLT-F3A1-001,28.050053,-82.350070,43.8,12,0,Mavic 3,false,drone_images/Mavic 3.png,28.045000,-82.355000,28.044500,-82.355300,apolloshield_dji,dji,,,2414500000,RADAR-A2D2-F3A1,Sensor Tampa Bay / West Florida Coast,120,GREEN,BLUE
1772040463035,A2D2-F3A1,FLT-F3A1-001,28.050053,-82.350070,43.8,12,0,Mavic 3,false,drone_images/Mavic 3.png,28.045000,-82.355000,28.044500,-82.355300,apolloshield_dji,dji,,,2414500000,RADAR-A2D2-F3A1,Sensor Tampa Bay / West Florida Coast,120,GREEN,BLUE
1772040464537,A2D2-F3A1,FLT-F3A1-001,28.050053,-82.350070,43.8,12,0,Mavic 3,false,drone_images/Mavic 3.png,28.045000,-82.355000,28.044500,-82.355300,apolloshield_dji,dji,,,2414500000,RADAR-A2D2-F3A1,Sensor Tampa Bay / West Florida Coast,120,GREEN,BLUE
1772040465794,A2D2-F3A1,FLT-F3A1-001,28.050053,-82.350070,43.8,12,0,Mavic 3,false,drone_images/Mavic 3.png,28.045000,-82.355000,28.044500,-82.355300,apolloshield_dji,dji,,,2414500000,RADAR-A2D2-F3A1,Sensor Tampa Bay / West Florida Coast,120,GREEN,BLUE
1772040466589,A2D2-F3A1,FLT-F3A1-001,28.050053,-82.350070,43.8,12,0,Mavic 3,false,drone_images/Mavic 3.png,28.045000,-82.355000,28.044500,-82.355300,apolloshield_dji,dji,,,2414500000,RADAR-A2D2-F3A1,Sensor Tampa Bay / West Florida Coast,120,GREEN,BLUE
1772040467444,A2D2-F3A1,FLT-F3A1-001,28.050053,-82.350070,43.5,12,0,Mavic 3,false,drone_images/Mavic 3.png,28.045000,-82.355000,28.044500,-82.355300,apolloshield_dji,dji,,,2414500000,RADAR-A2D2-F3A1,Sensor Tampa Bay / West Florida Coast,120,GREEN,BLUE
1772040467883,A2D2-F3A1,FLT-F3A1-001,28.050053,-82.350070,43.5,12,0,Mavic 3,false,drone_images/Mavic 3.png,28.045000,-82.355000,28.044500,-82.355300,apolloshield_dji,dji,,,2414500000,RADAR-A2D2-F3A1,Sensor Tampa Bay / West Florida Coast,120,GREEN,BLUE
1772040469209,A2D2-F3A1,FLT-F3A1-001,28.050053,-82.350070,43.5,12,0,Mavic 3,false,drone_images/Mavic 3.png,28.045000,-82.355000,28.044500,-82.355300,apolloshield_dji,dji,,,2414500000,RADAR-A2D2-F3A1,Sensor Tampa Bay / West Florida Coast,120,GREEN,BLUE
1772040470166,A2D2-F3A1,FLT-F3A1-001,28.050053,-82.350070,43.5,12,0,Mavic 3,false,drone_images/Mavic 3.png,28.045000,-82.355000,28.044500,-82.355300,apolloshield_dji,dji,,,2414500000,RADAR-A2D2-F3A1,Sensor Tampa Bay / West Florida Coast,120,GREEN,BLUE
1772040471307,A2D2-F3A1,FLT-F3A1-001,28.050053,-82.350070,43.5,12,0,Mavic 3,false,drone_images/Mavic 3.png,28.045000,-82.355000,28.044500,-82.355300,apolloshield_dji,dji,,,2414500000,RADAR-A2D2-F3A1,Sensor Tampa Bay / West Florida Coast,120,GREEN,BLUE
1772040472173,A2D2-F3A1,FLT-F3A1-001,28.050053,-82.350070,43.5,12,0,Mavic 3,false,drone_images/Mavic 3.png,28.045000,-82.355000,28.044500,-82.355300,apolloshield_dji,dji,,,2414500000,RADAR-A2D2-F3A1,Sensor Tampa Bay / West Florida Coast,120,GREEN,BLUE
1772040473059,A2D2-F3A1,FLT-F3A1-001,28.050053,-82.350070,43.4,0.1,0,Mavic 3,false,drone_images/Mavic 3.png,28.045000,-82.355000,28.044500,-82.355300,apolloshield_dji,dji,,,2414500000,RADAR-A2D2-F3A1,Sensor Tampa Bay / West Florida Coast,120,GREEN,BLUE
1772040474012,A2D2-F3A1,FLT-F3A1-001,28.050053,-82.350070,43.4,12,0,Mavic 3,false,drone_images/Mavic 3.png,28.045000,-82.355000,28.044500,-82.355300,apolloshield_dji,dji,,,2414500000,RADAR-A2D2-F3A1,Sensor Tampa Bay / West Florida Coast,120,GREEN,BLUE
1772040474976,A2D2-F3A1,FLT-F3A1-001,28.050053,-82.350076,43.4,0.1,0,Mavic 3,false,drone_images/Mavic 3.png,28.045000,-82.355000,28.044500,-82.355300,apolloshield_dji,dji,,,2414500000,RADAR-A2D2-F3A1,Sensor Tampa Bay / West Florida Coast,120,GREEN,BLUE
1772040476345,A2D2-F3A1,FLT-F3A1-001,28.050053,-82.350076,43.4,0.1,0,Mavic 3,false,drone_images/Mavic 3.png,28.045000,-82.355000,28.044500,-82.355300,apolloshield_dji,dji,,,2414500000,RADAR-A2D2-F3A1,Sensor Tampa Bay / West Florida Coast,120,GREEN,BLUE
1772040476953,A2D2-F3A1,FLT-F3A1-001,28.050053,-82.350076,43.4,0.1,0,Mavic 3,false,drone_images/Mavic 3.png,28.045000,-82.355000,28.044500,-82.355300,apolloshield_dji,dji,,,2414500000,RADAR-A2D2-F3A1,Sensor Tampa Bay / West Florida Coast,120,GREEN,BLUE
1772040477940,A2D2-F3A1,FLT-F3A1-001,28.050053,-82.350076,43.5,0.1,0,Mavic 3,false,drone_images/Mavic 3.png,28.045000,-82.355000,28.044500,-82.355300,apolloshield_dji,dji,,,2414500000,RADAR-A2D2-F3A1,Sensor Tampa Bay / West Florida Coast,120,GREEN,BLUE
1772040479305,A2D2-F3A1,FLT-F3A1-001,28.050053,-82.350076,43.5,0.1,0,Mavic 3,false,drone_images/Mavic 3.png,28.045000,-82.355000,28.044500,-82.355300,apolloshield_dji,dji,,,2414500000,RADAR-A2D2-F3A1,Sensor Tampa Bay / West Florida Coast,120,GREEN,BLUE
1772040479976,A2D2-F3A1,FLT-F3A1-001,28.050053,-82.350076,43.5,0.1,0,Mavic 3,false,drone_images/Mavic 3.png,28.045000,-82.355000,28.044500,-82.355300,apolloshield_dji,dji,,,2414500000,RADAR-A2D2-F3A1,Sensor Tampa Bay / West Florida Coast,120,GREEN,BLUE
1772040480868,A2D2-F3A1,FLT-F3A1-001,28.050053,-82.350070,43.4,12,0,Mavic 3,false,drone_images/Mavic 3.png,28.045000,-82.355000,28.044500,-82.355300,apolloshield_dji,dji,,,2414500000,RADAR-A2D2-F3A1,Sensor Tampa Bay / West Florida Coast,120,GREEN,BLUE
1772040482035,A2D2-F3A1,FLT-F3A1-001,28.050053,-82.350070,43.2,12,0,Mavic 3,false,drone_images/Mavic 3.png,28.045000,-82.355000,28.044500,-82.355300,apolloshield_dji,dji,,,2414500000,RADAR-A2D2-F3A1,Sensor Tampa Bay / West Florida Coast,120,GREEN,BLUE
1772040483198,A2D2-F3A1,FLT-F3A1-001,28.050053,-82.350070,43.2,12,0,Mavic 3,false,drone_images/Mavic 3.png,28.045000,-82.355000,28.044500,-82.355300,apolloshield_dji,dji,,,2414500000,RADAR-A2D2-F3A1,Sensor Tampa Bay / West Florida Coast,120,GREEN,BLUE
1772040483751,A2D2-F3A1,FLT-F3A1-001,28.050053,-82.350070,43.6,12,0,Mavic 3,false,drone_images/Mavic 3.png,28.045000,-82.355000,28.044500,-82.355300,apolloshield_dji,dji,,,2414500000,RADAR-A2D2-F3A1,Sensor Tampa Bay / West Florida Coast,120,GREEN,BLUE
1772040485069,A2D2-F3A1,FLT-F3A1-001,28.050053,-82.350070,43.6,12,0,Mavic 3,false,drone_images/Mavic 3.png,28.045000,-82.355000,28.044500,-82.355300,apolloshield_dji,dji,,,2414500000,RADAR-A2D2-F3A1,Sensor Tampa Bay / West Florida Coast,120,GREEN,BLUE
1772040485840,A2D2-F3A1,FLT-F3A1-001,28.050047,-82.350099,43.4,2.8,0,Mavic 3,false,drone_images/Mavic 3.png,28.045000,-82.355000,28.044500,-82.355300,apolloshield_dji,dji,,,2414500000,RADAR-A2D2-F3A1,Sensor Tampa Bay / West Florida Coast,120,GREEN,BLUE
1772040486916,A2D2-F3A1,FLT-F3A1-001,28.050047,-82.350099,43.4,2.8,0,Mavic 3,false,drone_images/Mavic 3.png,28.045000,-82.355000,28.044500,-82.355300,apolloshield_dji,dji,,,2414500000,RADAR-A2D2-F3A1,Sensor Tampa Bay / West Florida Coast,120,GREEN,BLUE
1772040487893,A2D2-F3A1,FLT-F3A1-001,28.050047,-82.350099,43.4,2.8,0,Mavic 3,false,drone_images/Mavic 3.png,28.045000,-82.355000,28.044500,-82.355300,apolloshield_dji,dji,,,2414500000,RADAR-A2D2-F3A1,Sensor Tampa Bay / West Florida Coast,120,GREEN,BLUE
1772040488922,A2D2-F3A1,FLT-F3A1-001,28.050047,-82.350099,43.4,2.8,0,Mavic 3,false,drone_images/Mavic 3.png,28.045000,-82.355000,28.044500,-82.355300,apolloshield_dji,dji,,,2414500000,RADAR-A2D2-F3A1,Sensor Tampa Bay / West Florida Coast,120,GREEN,BLUE
1772040489713,A2D2-F3A1,FLT-F3A1-001,28.050047,-82.350099,43.4,2.8,0,Mavic 3,false,drone_images/Mavic 3.png,28.045000,-82.355000,28.044500,-82.355300,apolloshield_dji,dji,,,2414500000,RADAR-A2D2-F3A1,Sensor Tampa Bay / West Florida Coast,120,GREEN,BLUE
1772040491002,A2D2-F3A1,FLT-F3A1-001,28.050047,-82.350099,43.4,2.8,0,Mavic 3,false,drone_images/Mavic 3.png,28.045000,-82.355000,28.044500,-82.355300,apolloshield_dji,dji,,,2414500000,RADAR-A2D2-F3A1,Sensor Tampa Bay / West Florida Coast,120,GREEN,BLUE
1772040491958,A2D2-F3A1,FLT-F3A1-001,28.050047,-82.350099,43.4,2.8,0,Mavic 3,false,drone_images/Mavic 3.png,28.045000,-82.355000,28.044500,-82.355300,apolloshield_dji,dji,,,2414500000,RADAR-A2D2-F3A1,Sensor Tampa Bay / West Florida Coast,120,GREEN,BLUE
1772040493030,A2D2-F3A1,FLT-F3A1-001,28.050047,-82.350099,43.4,2.8,0,Mavic 3,false,drone_images/Mavic 3.png,28.045000,-82.355000,28.044500,-82.355300,apolloshield_dji,dji,,,2414500000,RADAR-A2D2-F3A1,Sensor Tampa Bay / West Florida Coast,120,GREEN,BLUE
1772040493905,A2D2-F3A1,FLT-F3A1-001,28.050047,-82.350099,43.4,2.8,0,Mavic 3,false,drone_images/Mavic 3.png,28.045000,-82.355000,28.044500,-82.355300,apolloshield_dji,dji,,,2414500000,RADAR-A2D2-F3A1,Sensor Tampa Bay / West Florida Coast,120,GREEN,BLUE
1772040495095,A2D2-F3A1,FLT-F3A1-001,28.050047,-82.350099,43.4,2.8,0,Mavic 3,false,drone_images/Mavic 3.png,28.045000,-82.355000,28.044500,-82.355300,apolloshield_dji,dji,,,2414500000,RADAR-A2D2-F3A1,Sensor Tampa Bay / West Florida Coast,120,GREEN,BLUE
1772040495822,A2D2-F3A1,FLT-F3A1-001,28.050047,-82.350099,43.4,2.8,0,Mavic 3,false,drone_images/Mavic 3.png,28.045000,-82.355000,28.044500,-82.355300,apolloshield_dji,dji,,,2414500000,RADAR-A2D2-F3A1,Sensor Tampa Bay / West Florida Coast,120,GREEN,BLUE
1772040496778,A2D2-F3A1,FLT-F3A1-001,28.050047,-82.350099,43.4,2.8,0,Mavic 3,false,drone_images/Mavic 3.png,28.045000,-82.355000,28.044500,-82.355300,apolloshield_dji,dji,,,2414500000,RADAR-A2D2-F3A1,Sensor Tampa Bay / West Florida Coast,120,GREEN,BLUE
1772040498588,A2D2-F3A1,FLT-F3A1-001,28.050047,-82.350099,43.4,2.8,0,Mavic 3,false,drone_images/Mavic 3.png,28.045000,-82.355000,28.044500,-82.355300,apolloshield_dji,dji,,,2414500000,RADAR-A2D2-F3A1,Sensor Tampa Bay / West Florida Coast,120,GREEN,BLUE
1772040499981,A2D2-F3A1,FLT-F3A1-001,28.050047,-82.350099,43.4,2.8,0,Mavic 3,false,drone_images/Mavic 3.png,28.045000,-82.355000,28.044500,-82.355300,apolloshield_dji,dji,,,2414500000,RADAR-A2D2-F3A1,Sensor Tampa Bay / West Florida Coast,120,GREEN,BLUE
1772040500144,A2D2-F3A1,FLT-F3A1-001,28.050047,-82.350099,43.4,2.8,0,Mavic 3,false,drone_images/Mavic 3.png,28.045000,-82.355000,28.044500,-82.355300,apolloshield_dji,dji,,,2414500000,RADAR-A2D2-F3A1,Sensor Tampa Bay / West Florida Coast,120,GREEN,BLUE
1772040500747,A2D2-F3A1,FLT-F3A1-001,28.050047,-82.350099,43.4,2.8,0,Mavic 3,false,drone_images/Mavic 3.png,28.045000,-82.355000,28.044500,-82.355300,apolloshield_dji,dji,,,2414500000,RADAR-A2D2-F3A1,Sensor Tampa Bay / West Florida Coast,120,GREEN,BLUE
1772040502763,A2D2-F3A1,FLT-F3A1-001,28.050047,-82.350099,43.4,2.8,0,Mavic 3,false,drone_images/Mavic 3.png,28.045000,-82.355000,28.044500,-82.355300,apolloshield_dji,dji,,,2414500000,RADAR-A2D2-F3A1,Sensor Tampa Bay / West Florida Coast,120,GREEN,BLUE
1772040504391,A2D2-F3A1,FLT-F3A1-001,28.050047,-82.350099,43.4,2.8,0,Mavic 3,false,drone_images/Mavic 3.png,28.045000,-82.355000,28.044500,-82.355300,apolloshield_dji,dji,,,2414500000,RADAR-A2D2-F3A1,Sensor Tampa Bay / West Florida Coast,120,GREEN,BLUE
1772040504431,A2D2-F3A1,FLT-F3A1-001,28.050047,-82.350099,43.4,2.8,0,Mavic 3,false,drone_images/Mavic 3.png,28.045000,-82.355000,28.044500,-82.355300,apolloshield_dji,dji,,,2414500000,RADAR-A2D2-F3A1,Sensor Tampa Bay / West Florida Coast,120,GREEN,BLUE
1772040504960,A2D2-F3A1,FLT-F3A1-001,28.050024,-82.350156,43.5,1.4,0,Mavic 3,false,drone_images/Mavic 3.png,28.045000,-82.355000,28.044500,-82.355300,apolloshield_dji,dji,,,2414500000,RADAR-A2D2-F3A1,Sensor Tampa Bay / West Florida Coast,120,GREEN,BLUE
1772040506263,A2D2-F3A1,FLT-F3A1-001,28.050024,-82.350156,43.5,1.4,0,Mavic 3,false,drone_images/Mavic 3.png,28.045000,-82.355000,28.044500,-82.355300,apolloshield_dji,dji,,,2414500000,RADAR-A2D2-F3A1,Sensor Tampa Bay / West Florida Coast,120,GREEN,BLUE
1772040507077,A2D2-F3A1,FLT-F3A1-001,28.050024,-82.350156,43.5,1.4,0,Mavic 3,false,drone_images/Mavic 3.png,28.045000,-82.355000,28.044500,-82.355300,apolloshield_dji,dji,,,2414500000,RADAR-A2D2-F3A1,Sensor Tampa Bay / West Florida Coast,120,GREEN,BLUE
1772040508006,A2D2-F3A1,FLT-F3A1-001,28.050024,-82.350156,43.5,1.4,0,Mavic 3,false,drone_images/Mavic 3.png,28.045000,-82.355000,28.044500,-82.355300,apolloshield_dji,dji,,,2414500000,RADAR-A2D2-F3A1,Sensor Tampa Bay / West Florida Coast,120,GREEN,BLUE
1772040509366,A2D2-F3A1,FLT-F3A1-001,28.049984,-82.350156,43.8,12,0,Mavic 3,false,drone_images/Mavic 3.png,28.045000,-82.355000,28.044500,-82.355300,apolloshield_dji,dji,,,2414500000,RADAR-A2D2-F3A1,Sensor Tampa Bay / West Florida Coast,120,GREEN,BLUE
1772040509890,A2D2-F3A1,FLT-F3A1-001,28.049984,-82.350156,43.8,12,0,Mavic 3,false,drone_images/Mavic 3.png,28.045000,-82.355000,28.044500,-82.355300,apolloshield_dji,dji,,,2414500000,RADAR-A2D2-F3A1,Sensor Tampa Bay / West Florida Coast,120,GREEN,BLUE
1772040511150,A2D2-F3A1,FLT-F3A1-001,28.049984,-82.350156,43.8,12,0,Mavic 3,false,drone_images/Mavic 3.png,28.045000,-82.355000,28.044500,-82.355300,apolloshield_dji,dji,,,2414500000,RADAR-A2D2-F3A1,Sensor Tampa Bay / West Florida Coast,120,GREEN,BLUE
1772040511863,A2D2-F3A1,FLT-F3A1-001,28.049984,-82.350156,43.8,12,0,Mavic 3,false,drone_images/Mavic 3.png,28.045000,-82.355000,28.044500,-82.355300,apolloshield_dji,dji,,,2414500000,RADAR-A2D2-F3A1,Sensor Tampa Bay / West Florida Coast,120,GREEN,BLUE
1772040513128,A2D2-F3A1,FLT-F3A1-001,28.049984,-82.350156,43.8,12,0,Mavic 3,false,drone_images/Mavic 3.png,28.045000,-82.355000,28.044500,-82.355300,apolloshield_dji,dji,,,2414500000,RADAR-A2D2-F3A1,Sensor Tampa Bay / West Florida Coast,120,GREEN,BLUE
1772040514145,A2D2-F3A1,FLT-F3A1-001,28.049984,-82.350156,43.8,12,0,Mavic 3,false,drone_images/Mavic 3.png,28.045000,-82.355000,28.044500,-82.355300,apolloshield_dji,dji,,,2414500000,RADAR-A2D2-F3A1,Sensor Tampa Bay / West Florida Coast,120,GREEN,BLUE
1772040514981,A2D2-F3A1,FLT-F3A1-001,28.049984,-82.350156,43.8,12,0,Mavic 3,false,drone_images/Mavic 3.png,28.045000,-82.355000,28.044500,-82.355300,apolloshield_dji,dji,,,2414500000,RADAR-A2D2-F3A1,Sensor Tampa Bay / West Florida Coast,120,GREEN,BLUE
1772040516557,A2D2-F3A1,FLT-F3A1-001,28.049984,-82.350156,43.8,12,0,Mavic 3,false,drone_images/Mavic 3.png,28.045000,-82.355000,28.044500,-82.355300,apolloshield_dji,dji,,,2414500000,RADAR-A2D2-F3A1,Sensor Tampa Bay / West Florida Coast,120,GREEN,BLUE
1772040517049,A2D2-F3A1,FLT-F3A1-001,28.049984,-82.350156,43.8,12,0,Mavic 3,false,drone_images/Mavic 3.png,28.045000,-82.355000,28.044500,-82.355300,apolloshield_dji,dji,,,2414500000,RADAR-A2D2-F3A1,Sensor Tampa Bay / West Florida Coast,120,GREEN,BLUE
1772040518134,A2D2-F3A1,FLT-F3A1-001,28.049984,-82.350156,43.8,12,0,Mavic 3,false,drone_images/Mavic 3.png,28.045000,-82.355000,28.044500,-82.355300,apolloshield_dji,dji,,,2414500000,RADAR-A2D2-F3A1,Sensor Tampa Bay / West Florida Coast,120,GREEN,BLUE
1772040519448,A2D2-F3A1,FLT-F3A1-001,28.049984,-82.350156,43.8,12,0,Mavic 3,false,drone_images/Mavic 3.png,28.045000,-82.355000,28.044500,-82.355300,apolloshield_dji,dji,,,2414500000,RADAR-A2D2-F3A1,Sensor Tampa Bay / West Florida Coast,120,GREEN,BLUE
1772040519895,A2D2-F3A1,FLT-F3A1-001,28.049984,-82.350156,43.8,12,0,Mavic 3,false,drone_images/Mavic 3.png,28.045000,-82.355000,28.044500,-82.355300,apolloshield_dji,dji,,,2414500000,RADAR-A2D2-F3A1,Sensor Tampa Bay / West Florida Coast,120,GREEN,BLUE
1772040521111,A2D2-F3A1,FLT-F3A1-001,28.049984,-82.350156,43.8,12,0,Mavic 3,false,drone_images/Mavic 3.png,28.045000,-82.355000,28.044500,-82.355300,apolloshield_dji,dji,,,2414500000,RADAR-A2D2-F3A1,Sensor Tampa Bay / West Florida Coast,120,GREEN,BLUE
1772040522053,A2D2-F3A1,FLT-F3A1-001,28.049990,-82.350276,43.3,1.6,0,Mavic 3,false,drone_images/Mavic 3.png,28.045000,-82.355000,28.044500,-82.355300,apolloshield_dji,dji,,,2414500000,RADAR-A2D2-F3A1,Sensor Tampa Bay / West Florida Coast,120,GREEN,BLUE
1772040522763,A2D2-F3A1,FLT-F3A1-001,28.049990,-82.350276,43.3,1.6,0,Mavic 3,false,drone_images/Mavic 3.png,28.045000,-82.355000,28.044500,-82.355300,apolloshield_dji,dji,,,2414500000,RADAR-A2D2-F3A1,Sensor Tampa Bay / West Florida Coast,120,GREEN,BLUE
1772040524018,A2D2-F3A1,FLT-F3A1-001,28.050007,-82.350276,43.1,0.1,0,Mavic 3,false,drone_images/Mavic 3.png,28.045000,-82.355000,28.044500,-82.355300,apolloshield_dji,dji,,,2414500000,RADAR-A2D2-F3A1,Sensor Tampa Bay / West Florida Coast,120,GREEN,BLUE
1772040524990,A2D2-F3A1,FLT-F3A1-001,28.050007,-82.350276,43.1,0.1,0,Mavic 3,false,drone_images/Mavic 3.png,28.045000,-82.355000,28.044500,-82.355300,apolloshield_dji,dji,,,2414500000,RADAR-A2D2-F3A1,Sensor Tampa Bay / West Florida Coast,120,GREEN,BLUE
1772040526044,A2D2-F3A1,FLT-F3A1-001,28.050007,-82.350276,43.1,0.1,0,Mavic 3,false,drone_images/Mavic 3.png,28.045000,-82.355000,28.044500,-82.355300,apolloshield_dji,dji,,,2414500000,RADAR-A2D2-F3A1,Sensor Tampa Bay / West Florida Coast,120,GREEN,BLUE
1772040527404,A2D2-F3A1,FLT-F3A1-001,28.050007,-82.350276,43.1,0.1,0,Mavic 3,false,drone_images/Mavic 3.png,28.045000,-82.355000,28.044500,-82.355300,apolloshield_dji,dji,,,2414500000,RADAR-A2D2-F3A1,Sensor Tampa Bay / West Florida Coast,120,GREEN,BLUE
1772040528058,A2D2-F3A1,FLT-F3A1-001,28.050001,-82.350299,37.5,1.6,0,Mavic 3,false,drone_images/Mavic 3.png,28.045000,-82.355000,28.044500,-82.355300,apolloshield_dji,dji,,,2414500000,RADAR-A2D2-F3A1,Sensor Tampa Bay / West Florida Coast,120,GREEN,BLUE
1772040530231,A2D2-F3A1,FLT-F3A1-001,28.050001,-82.350316,35.8,2.2,0,Mavic 3,false,drone_images/Mavic 3.png,28.045000,-82.355000,28.044500,-82.355300,apolloshield_dji,dji,,,2414500000,RADAR-A2D2-F3A1,Sensor Tampa Bay / West Florida Coast,120,GREEN,BLUE
1772040530551,A2D2-F3A1,FLT-F3A1-001,28.050001,-82.350316,35.8,2.2,0,Mavic 3,false,drone_images/Mavic 3.png,28.045000,-82.355000,28.044500,-82.355300,apolloshield_dji,dji,,,2414500000,RADAR-A2D2-F3A1,Sensor Tampa Bay / West Florida Coast,120,GREEN,BLUE
1772040530917,A2D2-F3A1,FLT-F3A1-001,28.050001,-82.350316,35.8,2.2,0,Mavic 3,false,drone_images/Mavic 3.png,28.045000,-82.355000,28.044500,-82.355300,apolloshield_dji,dji,,,2414500000,RADAR-A2D2-F3A1,Sensor Tampa Bay / West Florida Coast,120,GREEN,BLUE
1772040532343,A2D2-F3A1,FLT-F3A1-001,28.050001,-82.350316,35.8,2.2,0,Mavic 3,false,drone_images/Mavic 3.png,28.045000,-82.355000,28.044500,-82.355300,apolloshield_dji,dji,,,2414500000,RADAR-A2D2-F3A1,Sensor Tampa Bay / West Florida Coast,120,GREEN,BLUE
1772040533255,A2D2-F3A1,FLT-F3A1-001,28.050001,-82.350316,35.8,2.2,0,Mavic 3,false,drone_images/Mavic 3.png,28.045000,-82.355000,28.044500,-82.355300,apolloshield_dji,dji,,,2414500000,RADAR-A2D2-F3A1,Sensor Tampa Bay / West Florida Coast,120,GREEN,BLUE
1772040534219,A2D2-F3A1,FLT-F3A1-001,28.050001,-82.350316,35.8,2.2,0,Mavic 3,false,drone_images/Mavic 3.png,28.045000,-82.355000,28.044500,-82.355300,apolloshield_dji,dji,,,2414500000,RADAR-A2D2-F3A1,Sensor Tampa Bay / West Florida Coast,120,GREEN,BLUE
1772040535382,A2D2-F3A1,FLT-F3A1-001,28.050001,-82.350316,35.8,2.2,0,Mavic 3,false,drone_images/Mavic 3.png,28.045000,-82.355000,28.044500,-82.355300,apolloshield_dji,dji,,,2414500000,RADAR-A2D2-F3A1,Sensor Tampa Bay / West Florida Coast,120,GREEN,BLUE
1772040535982,A2D2-F3A1,FLT-F3A1-001,28.050001,-82.350316,35.8,2.2,0,Mavic 3,false,drone_images/Mavic 3.png,28.045000,-82.355000,28.044500,-82.355300,apolloshield_dji,dji,,,2414500000,RADAR-A2D2-F3A1,Sensor Tampa Bay / West Florida Coast,120,GREEN,BLUE
1772040537144,A2D2-F3A1,FLT-F3A1-001,28.050001,-82.350316,35.8,2.2,0,Mavic 3,false,drone_images/Mavic 3.png,28.045000,-82.355000,28.044500,-82.355300,apolloshield_dji,dji,,,2414500000,RADAR-A2D2-F3A1,Sensor Tampa Bay / West Florida Coast,120,GREEN,BLUE
1772040538040,A2D2-F3A1,FLT-F3A1-001,28.050001,-82.350316,35.8,2.2,0,Mavic 3,false,drone_images/Mavic 3.png,28.045000,-82.355000,28.044500,-82.355300,apolloshield_dji,dji,,,2414500000,RADAR-A2D2-F3A1,Sensor Tampa Bay / West Florida Coast,120,GREEN,BLUE
1772040539345,A2D2-F3A1,FLT-F3A1-001,28.049995,-82.350374,25.7,0.7,0,Mavic 3,false,drone_images/Mavic 3.png,28.045000,-82.355000,28.044500,-82.355300,apolloshield_dji,dji,,,2414500000,RADAR-A2D2-F3A1,Sensor Tampa Bay / West Florida Coast,120,GREEN,BLUE
1772040540098,A2D2-F3A1,FLT-F3A1-001,28.049995,-82.350385,25.5,1.3,0,Mavic 3,false,drone_images/Mavic 3.png,28.045000,-82.355000,28.044500,-82.355300,apolloshield_dji,dji,,,2414500000,RADAR-A2D2-F3A1,Sensor Tampa Bay / West Florida Coast,120,GREEN,BLUE
1772040541035,A2D2-F3A1,FLT-F3A1-001,28.049995,-82.350385,25.5,1.3,0,Mavic 3,false,drone_images/Mavic 3.png,28.045000,-82.355000,28.044500,-82.355300,apolloshield_dji,dji,,,2414500000,RADAR-A2D2-F3A1,Sensor Tampa Bay / West Florida Coast,120,GREEN,BLUE
1772040542351,A2D2-F3A1,FLT-F3A1-001,28.049995,-82.350385,25.5,1.3,0,Mavic 3,false,drone_images/Mavic 3.png,28.045000,-82.355000,28.044500,-82.355300,apolloshield_dji,dji,,,2414500000,RADAR-A2D2-F3A1,Sensor Tampa Bay / West Florida Coast,120,GREEN,BLUE
1772040544415,A2D2-F3A1,FLT-F3A1-001,28.049990,-82.350431,25.8,1.3,0,Mavic 3,false,drone_images/Mavic 3.png,28.045000,-82.355000,28.044500,-82.355300,apolloshield_dji,dji,,,2414500000,RADAR-A2D2-F3A1,Sensor Tampa Bay / West Florida Coast,120,GREEN,BLUE
1772040544559,A2D2-F3A1,FLT-F3A1-001,28.049995,-82.350385,25.5,1.3,0,Mavic 3,false,drone_images/Mavic 3.png,28.045000,-82.355000,28.044500,-82.355300,apolloshield_dji,dji,,,2414500000,RADAR-A2D2-F3A1,Sensor Tampa Bay / West Florida Coast,120,GREEN,BLUE
1772040545229,A2D2-F3A1,FLT-F3A1-001,28.050001,-82.350437,25.8,1.1,0,Mavic 3,false,drone_images/Mavic 3.png,28.045000,-82.355000,28.044500,-82.355300,apolloshield_dji,dji,,,2414500000,RADAR-A2D2-F3A1,Sensor Tampa Bay / West Florida Coast,120,GREEN,BLUE
1772040546458,A2D2-F3A1,FLT-F3A1-001,28.050001,-82.350437,25.8,1.1,0,Mavic 3,false,drone_images/Mavic 3.png,28.045000,-82.355000,28.044500,-82.355300,apolloshield_dji,dji,,,2414500000,RADAR-A2D2-F3A1,Sensor Tampa Bay / West Florida Coast,120,GREEN,BLUE
1772040546952,A2D2-F3A1,FLT-F3A1-001,28.050001,-82.350437,25.8,1.1,0,Mavic 3,false,drone_images/Mavic 3.png,28.045000,-82.355000,28.044500,-82.355300,apolloshield_dji,dji,,,2414500000,RADAR-A2D2-F3A1,Sensor Tampa Bay / West Florida Coast,120,GREEN,BLUE
1772040547947,A2D2-F3A1,FLT-F3A1-001,28.050001,-82.350437,25.8,1.1,0,Mavic 3,false,drone_images/Mavic 3.png,28.045000,-82.355000,28.044500,-82.355300,apolloshield_dji,dji,,,2414500000,RADAR-A2D2-F3A1,Sensor Tampa Bay / West Florida Coast,120,GREEN,BLUE
1772040549515,A2D2-F3A1,FLT-F3A1-001,28.050001,-82.350437,25.8,1.1,0,Mavic 3,false,drone_images/Mavic 3.png,28.045000,-82.355000,28.044500,-82.355300,apolloshield_dji,dji,,,2414500000,RADAR-A2D2-F3A1,Sensor Tampa Bay / West Florida Coast,120,GREEN,BLUE
1772040550628,A2D2-F3A1,FLT-F3A1-001,28.050001,-82.350437,25.8,1.1,0,Mavic 3,false,drone_images/Mavic 3.png,28.045000,-82.355000,28.044500,-82.355300,apolloshield_dji,dji,,,2414500000,RADAR-A2D2-F3A1,Sensor Tampa Bay / West Florida Coast,120,GREEN,BLUE
1772040550808,A2D2-F3A1,FLT-F3A1-001,28.050001,-82.350437,25.8,1.1,0,Mavic 3,false,drone_images/Mavic 3.png,28.045000,-82.355000,28.044500,-82.355300,apolloshield_dji,dji,,,2414500000,RADAR-A2D2-F3A1,Sensor Tampa Bay / West Florida Coast,120,GREEN,BLUE
1772040552077,A2D2-F3A1,FLT-F3A1-001,28.050001,-82.350437,25.8,1.1,0,Mavic 3,false,drone_images/Mavic 3.png,28.045000,-82.355000,28.044500,-82.355300,apolloshield_dji,dji,,,2414500000,RADAR-A2D2-F3A1,Sensor Tampa Bay / West Florida Coast,120,GREEN,BLUE
1772040553094,A2D2-F3A1,FLT-F3A1-001,28.050001,-82.350437,25.8,1.1,0,Mavic 3,false,drone_images/Mavic 3.png,28.045000,-82.355000,28.044500,-82.355300,apolloshield_dji,dji,,,2414500000,RADAR-A2D2-F3A1,Sensor Tampa Bay / West Florida Coast,120,GREEN,BLUE
1772040554664,A2D2-F3A1,FLT-F3A1-001,28.050001,-82.350437,25.8,1.1,0,Mavic 3,false,drone_images/Mavic 3.png,28.045000,-82.355000,28.044500,-82.355300,apolloshield_dji,dji,,,2414500000,RADAR-A2D2-F3A1,Sensor Tampa Bay / West Florida Coast,120,GREEN,BLUE
1772040555720,A2D2-F3A1,FLT-F3A1-001,28.050001,-82.350437,25.8,1.1,0,Mavic 3,false,drone_images/Mavic 3.png,28.045000,-82.355000,28.044500,-82.355300,apolloshield_dji,dji,,,2414500000,RADAR-A2D2-F3A1,Sensor Tampa Bay / West Florida Coast,120,GREEN,BLUE
1772040556004,A2D2-F3A1,FLT-F3A1-001,28.050001,-82.350437,25.8,1.1,0,Mavic 3,false,drone_images/Mavic 3.png,28.045000,-82.355000,28.044500,-82.355300,apolloshield_dji,dji,,,2414500000,RADAR-A2D2-F3A1,Sensor Tampa Bay / West Florida Coast,120,GREEN,BLUE
1772040557354,A2D2-F3A1,FLT-F3A1-001,28.050001,-82.350437,25.8,1.1,0,Mavic 3,false,drone_images/Mavic 3.png,28.045000,-82.355000,28.044500,-82.355300,apolloshield_dji,dji,,,2414500000,RADAR-A2D2-F3A1,Sensor Tampa Bay / West Florida Coast,120,GREEN,BLUE
1772040558355,A2D2-F3A1,FLT-F3A1-001,28.050001,-82.350437,25.8,1.1,0,Mavic 3,false,drone_images/Mavic 3.png,28.045000,-82.355000,28.044500,-82.355300,apolloshield_dji,dji,,,2414500000,RADAR-A2D2-F3A1,Sensor Tampa Bay / West Florida Coast,120,GREEN,BLUE
1772040559919,A2D2-F3A1,FLT-F3A1-001,28.050001,-82.350437,25.8,1.1,0,Mavic 3,false,drone_images/Mavic 3.png,28.045000,-82.355000,28.044500,-82.355300,apolloshield_dji,dji,,,2414500000,RADAR-A2D2-F3A1,Sensor Tampa Bay / West Florida Coast,120,GREEN,BLUE
1772040560467,A2D2-F3A1,FLT-F3A1-001,28.050001,-82.350437,25.8,1.1,0,Mavic 3,false,drone_images/Mavic 3.png,28.045000,-82.355000,28.044500,-82.355300,apolloshield_dji,dji,,,2414500000,RADAR-A2D2-F3A1,Sensor Tampa Bay / West Florida Coast,120,GREEN,BLUE
1772040561031,A2D2-F3A1,FLT-F3A1-001,28.050001,-82.350437,25.8,1.1,0,Mavic 3,false,drone_images/Mavic 3.png,28.045000,-82.355000,28.044500,-82.355300,apolloshield_dji,dji,,,2414500000,RADAR-A2D2-F3A1,Sensor Tampa Bay / West Florida Coast,120,GREEN,BLUE
1772040562377,A2D2-F3A1,FLT-F3A1-001,28.050001,-82.350437,25.8,1.1,0,Mavic 3,false,drone_images/Mavic 3.png,28.045000,-82.355000,28.044500,-82.355300,apolloshield_dji,dji,,,2414500000,RADAR-A2D2-F3A1,Sensor Tampa Bay / West Florida Coast,120,GREEN,BLUE
1772040563343,A2D2-F3A1,FLT-F3A1-001,28.050001,-82.350437,25.8,1.1,0,Mavic 3,false,drone_images/Mavic 3.png,28.045000,-82.355000,28.044500,-82.355300,apolloshield_dji,dji,,,2414500000,RADAR-A2D2-F3A1,Sensor Tampa Bay / West Florida Coast,120,GREEN,BLUE
1772040564390,A2D2-F3A1,FLT-F3A1-001,28.050001,-82.350437,25.8,1.1,0,Mavic 3,false,drone_images/Mavic 3.png,28.045000,-82.355000,28.044500,-82.355300,apolloshield_dji,dji,,,2414500000,RADAR-A2D2-F3A1,Sensor Tampa Bay / West Florida Coast,120,GREEN,BLUE
1772040565417,A2D2-F3A1,FLT-F3A1-001,28.050001,-82.350437,25.8,1.1,0,Mavic 3,false,drone_images/Mavic 3.png,28.045000,-82.355000,28.044500,-82.355300,apolloshield_dji,dji,,,2414500000,RADAR-A2D2-F3A1,Sensor Tampa Bay / West Florida Coast,120,GREEN,BLUE
1772040566820,A2D2-F3A1,FLT-F3A1-001,28.050001,-82.350437,25.8,1.1,0,Mavic 3,false,drone_images/Mavic 3.png,28.045000,-82.355000,28.044500,-82.355300,apolloshield_dji,dji,,,2414500000,RADAR-A2D2-F3A1,Sensor Tampa Bay / West Florida Coast,120,GREEN,BLUE
1772040567047,A2D2-F3A1,FLT-F3A1-001,28.050001,-82.350437,25.8,1.1,0,Mavic 3,false,drone_images/Mavic 3.png,28.045000,-82.355000,28.044500,-82.355300,apolloshield_dji,dji,,,2414500000,RADAR-A2D2-F3A1,Sensor Tampa Bay / West Florida Coast,120,GREEN,BLUE
1772040568296,A2D2-F3A1,FLT-F3A1-001,28.050001,-82.350437,25.8,1.1,0,Mavic 3,false,drone_images/Mavic 3.png,28.045000,-82.355000,28.044500,-82.355300,apolloshield_dji,dji,,,2414500000,RADAR-A2D2-F3A1,Sensor Tampa Bay / West Florida Coast,120,GREEN,BLUE
1772040569885,A2D2-F3A1,FLT-F3A1-001,28.050001,-82.350437,25.8,1.1,0,Mavic 3,false,drone_images/Mavic 3.png,28.045000,-82.355000,28.044500,-82.355300,apolloshield_dji,dji,,,2414500000,RADAR-A2D2-F3A1,Sensor Tampa Bay / West Florida Coast,120,GREEN,BLUE
1772040570664,A2D2-F3A1,FLT-F3A1-001,28.050001,-82.350437,25.8,1.1,0,Mavic 3,false,drone_images/Mavic 3.png,28.045000,-82.355000,28.044500,-82.355300,apolloshield_dji,dji,,,2414500000,RADAR-A2D2-F3A1,Sensor Tampa Bay / West Florida Coast,120,GREEN,BLUE
1772040572124,A2D2-F3A1,FLT-F3A1-001,28.050001,-82.350437,25.8,1.1,0,Mavic 3,false,drone_images/Mavic 3.png,28.045000,-82.355000,28.044500,-82.355300,apolloshield_dji,dji,,,2414500000,RADAR-A2D2-F3A1,Sensor Tampa Bay / West Florida Coast,120,GREEN,BLUE
1772040573317,A2D2-F3A1,FLT-F3A1-001,28.050001,-82.350437,25.8,1.1,0,Mavic 3,false,drone_images/Mavic 3.png,28.045000,-82.355000,28.044500,-82.355300,apolloshield_dji,dji,,,2414500000,RADAR-A2D2-F3A1,Sensor Tampa Bay / West Florida Coast,120,GREEN,BLUE
1772040574455,A2D2-F3A1,FLT-F3A1-001,28.050001,-82.350437,25.8,1.1,0,Mavic 3,false,drone_images/Mavic 3.png,28.045000,-82.355000,28.044500,-82.355300,apolloshield_dji,dji,,,2414500000,RADAR-A2D2-F3A1,Sensor Tampa Bay / West Florida Coast,120,GREEN,BLUE
1772040574926,A2D2-F3A1,FLT-F3A1-001,28.050001,-82.350437,25.8,1.1,0,Mavic 3,false,drone_images/Mavic 3.png,28.045000,-82.355000,28.044500,-82.355300,apolloshield_dji,dji,,,2414500000,RADAR-A2D2-F3A1,Sensor Tampa Bay / West Florida Coast,120,GREEN,BLUE
1772040575987,A2D2-F3A1,FLT-F3A1-001,28.050001,-82.350437,25.8,1.1,0,Mavic 3,false,drone_images/Mavic 3.png,28.045000,-82.355000,28.044500,-82.355300,apolloshield_dji,dji,,,2414500000,RADAR-A2D2-F3A1,Sensor Tampa Bay / West Florida Coast,120,GREEN,BLUE
1772040577224,A2D2-F3A1,FLT-F3A1-001,28.050001,-82.350437,25.8,1.1,0,Mavic 3,false,drone_images/Mavic 3.png,28.045000,-82.355000,28.044500,-82.355300,apolloshield_dji,dji,,,2414500000,RADAR-A2D2-F3A1,Sensor Tampa Bay / West Florida Coast,120,GREEN,BLUE
1772040578133,A2D2-F3A1,FLT-F3A1-001,28.050001,-82.350437,25.8,1.1,0,Mavic 3,false,drone_images/Mavic 3.png,28.045000,-82.355000,28.044500,-82.355300,apolloshield_dji,dji,,,2414500000,RADAR-A2D2-F3A1,Sensor Tampa Bay / West Florida Coast,120,GREEN,BLUE
1772040578874,A2D2-F3A1,FLT-F3A1-001,28.050001,-82.350437,25.8,1.1,0,Mavic 3,false,drone_images/Mavic 3.png,28.045000,-82.355000,28.044500,-82.355300,apolloshield_dji,dji,,,2414500000,RADAR-A2D2-F3A1,Sensor Tampa Bay / West Florida Coast,120,GREEN,BLUE
1772040580879,A2D2-F3A1,FLT-F3A1-001,28.050001,-82.350437,25.8,1.1,0,Mavic 3,false,drone_images/Mavic 3.png,28.045000,-82.355000,28.044500,-82.355300,apolloshield_dji,dji,,,2414500000,RADAR-A2D2-F3A1,Sensor Tampa Bay / West Florida Coast,120,GREEN,BLUE
1772040581928,A2D2-F3A1,FLT-F3A1-001,28.050001,-82.350437,25.8,1.1,0,Mavic 3,false,drone_images/Mavic 3.png,28.045000,-82.355000,28.044500,-82.355300,apolloshield_dji,dji,,,2414500000,RADAR-A2D2-F3A1,Sensor Tampa Bay / West Florida Coast,120,GREEN,BLUE
1772040582517,A2D2-F3A1,FLT-F3A1-001,28.050001,-82.350437,25.8,1.1,0,Mavic 3,false,drone_images/Mavic 3.png,28.045000,-82.355000,28.044500,-82.355300,apolloshield_dji,dji,,,2414500000,RADAR-A2D2-F3A1,Sensor Tampa Bay / West Florida Coast,120,GREEN,BLUE
1772040582780,A2D2-F3A1,FLT-F3A1-001,28.050001,-82.350437,25.8,1.1,0,Mavic 3,false,drone_images/Mavic 3.png,28.045000,-82.355000,28.044500,-82.355300,apolloshield_dji,dji,,,2414500000,RADAR-A2D2-F3A1,Sensor Tampa Bay / West Florida Coast,120,GREEN,BLUE
1772040584253,A2D2-F3A1,FLT-F3A1-001,28.050001,-82.350437,25.8,1.1,0,Mavic 3,false,drone_images/Mavic 3.png,28.045000,-82.355000,28.044500,-82.355300,apolloshield_dji,dji,,,2414500000,RADAR-A2D2-F3A1,Sensor Tampa Bay / West Florida Coast,120,GREEN,BLUE
1772040584681,A2D2-F3A1,FLT-F3A1-001,28.050001,-82.350437,25.8,1.1,0,Mavic 3,false,drone_images/Mavic 3.png,28.045000,-82.355000,28.044500,-82.355300,apolloshield_dji,dji,,,2414500000,RADAR-A2D2-F3A1,Sensor Tampa Bay / West Florida Coast,120,GREEN,BLUE
1772040586372,A2D2-F3A1,FLT-F3A1-001,28.050001,-82.350437,25.8,1.1,0,Mavic 3,false,drone_images/Mavic 3.png,28.045000,-82.355000,28.044500,-82.355300,apolloshield_dji,dji,,,2414500000,RADAR-A2D2-F3A1,Sensor Tampa Bay / West Florida Coast,120,GREEN,BLUE
1772040586546,A2D2-F3A1,FLT-F3A1-001,28.050001,-82.350437,25.8,1.1,0,Mavic 3,false,drone_images/Mavic 3.png,28.045000,-82.355000,28.044500,-82.355300,apolloshield_dji,dji,,,2414500000,RADAR-A2D2-F3A1,Sensor Tampa Bay / West Florida Coast,120,GREEN,BLUE
1772040587699,A2D2-F3A1,FLT-F3A1-001,28.050001,-82.350437,25.8,1.1,0,Mavic 3,false,drone_images/Mavic 3.png,28.045000,-82.355000,28.044500,-82.355300,apolloshield_dji,dji,,,2414500000,RADAR-A2D2-F3A1,Sensor Tampa Bay / West Florida Coast,120,GREEN,BLUE
1772040587893,A2D2-F3A1,FLT-F3A1-001,28.050001,-82.350437,25.8,1.1,0,Mavic 3,false,drone_images/Mavic 3.png,28.045000,-82.355000,28.044500,-82.355300,apolloshield_dji,dji,,,2414500000,RADAR-A2D2-F3A1,Sensor Tampa Bay / West Florida Coast,120,GREEN,BLUE
1772041119829,A2D2-F3A1,FLT-F3A1-001,28.050001,-82.350660,14.4,12,0,Mavic 3,false,drone_images/Mavic 3.png,28.045000,-82.355000,28.044500,-82.355300,apolloshield_dji,dji,,,2414500000,RADAR-A2D2-F3A1,Sensor Tampa Bay / West Florida Coast,120,GREEN,BLUE
1772041121405,A2D2-F3A1,FLT-F3A1-001,28.050001,-82.350660,14.4,12,0,Mavic 3,false,drone_images/Mavic 3.png,28.045000,-82.355000,28.044500,-82.355300,apolloshield_dji,dji,,,2414500000,RADAR-A2D2-F3A1,Sensor Tampa Bay / West Florida Coast,120,GREEN,BLUE
1772041121924,A2D2-F3A1,FLT-F3A1-001,28.050001,-82.350660,14.4,12,0,Mavic 3,false,drone_images/Mavic 3.png,28.045000,-82.355000,28.044500,-82.355300,apolloshield_dji,dji,,,2414500000,RADAR-A2D2-F3A1,Sensor Tampa Bay / West Florida Coast,120,GREEN,BLUE
1772041123042,A2D2-F3A1,FLT-F3A1-001,28.050001,-82.350660,14.4,12,0,Mavic 3,false,drone_images/Mavic 3.png,28.045000,-82.355000,28.044500,-82.355300,apolloshield_dji,dji,,,2414500000,RADAR-A2D2-F3A1,Sensor Tampa Bay / West Florida Coast,120,GREEN,BLUE
1772041124066,A2D2-F3A1,FLT-F3A1-001,28.050001,-82.350660,14.4,12,0,Mavic 3,false,drone_images/Mavic 3.png,28.045000,-82.355000,28.044500,-82.355300,apolloshield_dji,dji,,,2414500000,RADAR-A2D2-F3A1,Sensor Tampa Bay / West Florida Coast,120,GREEN,BLUE
1772041124822,A2D2-F3A1,FLT-F3A1-001,28.050001,-82.350643,29.3,1.6,0,Mavic 3,false,drone_images/Mavic 3.png,28.045000,-82.355000,28.044500,-82.355300,apolloshield_dji,dji,,,2414500000,RADAR-A2D2-F3A1,Sensor Tampa Bay / West Florida Coast,120,GREEN,BLUE
1772041125894,A2D2-F3A1,FLT-F3A1-001,28.050001,-82.350643,29.3,1.6,0,Mavic 3,false,drone_images/Mavic 3.png,28.045000,-82.355000,28.044500,-82.355300,apolloshield_dji,dji,,,2414500000,RADAR-A2D2-F3A1,Sensor Tampa Bay / West Florida Coast,120,GREEN,BLUE
1772041127209,A2D2-F3A1,FLT-F3A1-001,28.050001,-82.350643,29.3,1.6,0,Mavic 3,false,drone_images/Mavic 3.png,28.045000,-82.355000,28.044500,-82.355300,apolloshield_dji,dji,,,2414500000,RADAR-A2D2-F3A1,Sensor Tampa Bay / West Florida Coast,120,GREEN,BLUE
1772041128256,A2D2-F3A1,FLT-F3A1-001,28.050001,-82.350643,29.3,1.6,0,Mavic 3,false,drone_images/Mavic 3.png,28.045000,-82.355000,28.044500,-82.355300,apolloshield_dji,dji,,,2414500000,RADAR-A2D2-F3A1,Sensor Tampa Bay / West Florida Coast,120,GREEN,BLUE
1772041130011,A2D2-F3A1,FLT-F3A1-001,28.050001,-82.350643,29.3,1.6,0,Mavic 3,false,drone_images/Mavic 3.png,28.045000,-82.355000,28.044500,-82.355300,apolloshield_dji,dji,,,2414500000,RADAR-A2D2-F3A1,Sensor Tampa Bay / West Florida Coast,120,GREEN,BLUE
1772041130314,A2D2-F3A1,FLT-F3A1-001,28.050001,-82.350643,29.3,1.6,0,Mavic 3,false,drone_images/Mavic 3.png,28.045000,-82.355000,28.044500,-82.355300,apolloshield_dji,dji,,,2414500000,RADAR-A2D2-F3A1,Sensor Tampa Bay / West Florida Coast,120,GREEN,BLUE
1772041131751,A2D2-F3A1,FLT-F3A1-001,28.050001,-82.350540,47,0.1,0,Mavic 3,false,drone_images/Mavic 3.png,28.045000,-82.355000,28.044500,-82.355300,apolloshield_dji,dji,,,2414500000,RADAR-A2D2-F3A1,Sensor Tampa Bay / West Florida Coast,120,GREEN,BLUE
1772041131936,A2D2-F3A1,FLT-F3A1-001,28.050001,-82.350540,47,0.1,0,Mavic 3,false,drone_images/Mavic 3.png,28.045000,-82.355000,28.044500,-82.355300,apolloshield_dji,dji,,,2414500000,RADAR-A2D2-F3A1,Sensor Tampa Bay / West Florida Coast,120,GREEN,BLUE
1772041133858,A2D2-F3A1,FLT-F3A1-001,28.050001,-82.350540,47,0.1,0,Mavic 3,false,drone_images/Mavic 3.png,28.045000,-82.355000,28.044500,-82.355300,apolloshield_dji,dji,,,2414500000,RADAR-A2D2-F3A1,Sensor Tampa Bay / West Florida Coast,120,GREEN,BLUE
1772041134536,A2D2-F3A1,FLT-F3A1-001,28.049995,-82.350546,51.5,0.1,0,Mavic 3,false,drone_images/Mavic 3.png,28.045000,-82.355000,28.044500,-82.355300,apolloshield_dji,dji,,,2414500000,RADAR-A2D2-F3A1,Sensor Tampa Bay / West Florida Coast,120,GREEN,BLUE
1772041135591,A2D2-F3A1,FLT-F3A1-001,28.049995,-82.350546,51.5,0.1,0,Mavic 3,false,drone_images/Mavic 3.png,28.045000,-82.355000,28.044500,-82.355300,apolloshield_dji,dji,,,2414500000,RADAR-A2D2-F3A1,Sensor Tampa Bay / West Florida Coast,120,GREEN,BLUE
1772041136186,A2D2-F3A1,FLT-F3A1-001,28.050001,-82.350540,51.5,12,0,Mavic 3,false,drone_images/Mavic 3.png,28.045000,-82.355000,28.044500,-82.355300,apolloshield_dji,dji,,,2414500000,RADAR-A2D2-F3A1,Sensor Tampa Bay / West Florida Coast,120,GREEN,BLUE
1772041136903,A2D2-F3A1,FLT-F3A1-001,28.050001,-82.350540,51.5,12,0,Mavic 3,false,drone_images/Mavic 3.png,28.045000,-82.355000,28.044500,-82.355300,apolloshield_dji,dji,,,2414500000,RADAR-A2D2-F3A1,Sensor Tampa Bay / West Florida Coast,120,GREEN,BLUE
1772041138751,A2D2-F3A1,FLT-F3A1-001,28.050001,-82.350540,51.5,12,0,Mavic 3,false,drone_images/Mavic 3.png,28.045000,-82.355000,28.044500,-82.355300,apolloshield_dji,dji,,,2414500000,RADAR-A2D2-F3A1,Sensor Tampa Bay / West Florida Coast,120,GREEN,BLUE
1772041139850,A2D2-F3A1,FLT-F3A1-001,28.050001,-82.350540,51.5,12,0,Mavic 3,false,drone_images/Mavic 3.png,28.045000,-82.355000,28.044500,-82.355300,apolloshield_dji,dji,,,2414500000,RADAR-A2D2-F3A1,Sensor Tampa Bay / West Florida Coast,120,GREEN,BLUE
1772041141016,A2D2-F3A1,FLT-F3A1-001,28.049995,-82.350540,51.7,12,0,Mavic 3,false,drone_images/Mavic 3.png,28.045000,-82.355000,28.044500,-82.355300,apolloshield_dji,dji,,,2414500000,RADAR-A2D2-F3A1,Sensor Tampa Bay / West Florida Coast,120,GREEN,BLUE
1772041142259,A2D2-F3A1,FLT-F3A1-001,28.049995,-82.350540,51.7,12,0,Mavic 3,false,drone_images/Mavic 3.png,28.045000,-82.355000,28.044500,-82.355300,apolloshield_dji,dji,,,2414500000,RADAR-A2D2-F3A1,Sensor Tampa Bay / West Florida Coast,120,GREEN,BLUE
1772041142374,A2D2-F3A1,FLT-F3A1-001,28.049995,-82.350540,51.6,12,0,Mavic 3,false,drone_images/Mavic 3.png,28.045000,-82.355000,28.044500,-82.355300,apolloshield_dji,dji,,,2414500000,RADAR-A2D2-F3A1,Sensor Tampa Bay / West Florida Coast,120,GREEN,BLUE
1772041143426,A2D2-F3A1,FLT-F3A1-001,28.049995,-82.350540,51.7,12,0,Mavic 3,false,drone_images/Mavic 3.png,28.045000,-82.355000,28.044500,-82.355300,apolloshield_dji,dji,,,2414500000,RADAR-A2D2-F3A1,Sensor Tampa Bay / West Florida Coast,120,GREEN,BLUE
1772041143821,A2D2-F3A1,FLT-F3A1-001,28.049995,-82.350540,51.8,12,0,Mavic 3,false,drone_images/Mavic 3.png,28.045000,-82.355000,28.044500,-82.355300,apolloshield_dji,dji,,,2414500000,RADAR-A2D2-F3A1,Sensor Tampa Bay / West Florida Coast,120,GREEN,BLUE
1772041145189,A2D2-F3A1,FLT-F3A1-001,28.049995,-82.350540,51.8,12,0,Mavic 3,false,drone_images/Mavic 3.png,28.045000,-82.355000,28.044500,-82.355300,apolloshield_dji,dji,,,2414500000,RADAR-A2D2-F3A1,Sensor Tampa Bay / West Florida Coast,120,GREEN,BLUE
1772041145923,A2D2-F3A1,FLT-F3A1-001,28.049995,-82.350540,51.8,12,0,Mavic 3,false,drone_images/Mavic 3.png,28.045000,-82.355000,28.044500,-82.355300,apolloshield_dji,dji,,,2414500000,RADAR-A2D2-F3A1,Sensor Tampa Bay / West Florida Coast,120,GREEN,BLUE
1772041147968,A2D2-F3A1,FLT-F3A1-001,28.049995,-82.350540,51.6,12,0,Mavic 3,false,drone_images/Mavic 3.png,28.045000,-82.355000,28.044500,-82.355300,apolloshield_dji,dji,,,2414500000,RADAR-A2D2-F3A1,Sensor Tampa Bay / West Florida Coast,120,GREEN,BLUE
1772041148139,A2D2-F3A1,FLT-F3A1-001,28.049995,-82.350540,51.8,12,0,Mavic 3,false,drone_images/Mavic 3.png,28.045000,-82.355000,28.044500,-82.355300,apolloshield_dji,dji,,,2414500000,RADAR-A2D2-F3A1,Sensor Tampa Bay / West Florida Coast,120,GREEN,BLUE
1772041149191,A2D2-F3A1,FLT-F3A1-001,28.049995,-82.350540,51.6,12,0,Mavic 3,false,drone_images/Mavic 3.png,28.045000,-82.355000,28.044500,-82.355300,apolloshield_dji,dji,,,2414500000,RADAR-A2D2-F3A1,Sensor Tampa Bay / West Florida Coast,120,GREEN,BLUE
1772041149987,A2D2-F3A1,FLT-F3A1-001,28.049995,-82.350540,51.6,12,0,Mavic 3,false,drone_images/Mavic 3.png,28.045000,-82.355000,28.044500,-82.355300,apolloshield_dji,dji,,,2414500000,RADAR-A2D2-F3A1,Sensor Tampa Bay / West Florida Coast,120,GREEN,BLUE
1772041151174,A2D2-F3A1,FLT-F3A1-001,28.049995,-82.350540,51.6,12,0,Mavic 3,false,drone_images/Mavic 3.png,28.045000,-82.355000,28.044500,-82.355300,apolloshield_dji,dji,,,2414500000,RADAR-A2D2-F3A1,Sensor Tampa Bay / West Florida Coast,120,GREEN,BLUE
1772041152567,A2D2-F3A1,FLT-F3A1-001,28.049995,-82.350540,51.7,12,0,Mavic 3,false,drone_images/Mavic 3.png,28.045000,-82.355000,28.044500,-82.355300,apolloshield_dji,dji,,,2414500000,RADAR-A2D2-F3A1,Sensor Tampa Bay / West Florida Coast,120,GREEN,BLUE
1772041153196,A2D2-F3A1,FLT-F3A1-001,28.049995,-82.350540,51.7,12,0,Mavic 3,false,drone_images/Mavic 3.png,28.045000,-82.355000,28.044500,-82.355300,apolloshield_dji,dji,,,2414500000,RADAR-A2D2-F3A1,Sensor Tampa Bay / West Florida Coast,120,GREEN,BLUE
1772041154056,A2D2-F3A1,FLT-F3A1-001,28.049995,-82.350540,51.7,0.1,0,Mavic 3,false,drone_images/Mavic 3.png,28.045000,-82.355000,28.044500,-82.355300,apolloshield_dji,dji,,,2414500000,RADAR-A2D2-F3A1,Sensor Tampa Bay / West Florida Coast,120,GREEN,BLUE
1772041155063,A2D2-F3A1,FLT-F3A1-001,28.049995,-82.350540,51.6,12,0,Mavic 3,false,drone_images/Mavic 3.png,28.045000,-82.355000,28.044500,-82.355300,apolloshield_dji,dji,,,2414500000,RADAR-A2D2-F3A1,Sensor Tampa Bay / West Florida Coast,120,GREEN,BLUE
1772041155763,A2D2-F3A1,FLT-F3A1-001,28.049995,-82.350540,51.6,12,0,Mavic 3,false,drone_images/Mavic 3.png,28.045000,-82.355000,28.044500,-82.355300,apolloshield_dji,dji,,,2414500000,RADAR-A2D2-F3A1,Sensor Tampa Bay / West Florida Coast,120,GREEN,BLUE
1772041156912,A2D2-F3A1,FLT-F3A1-001,28.049995,-82.350540,51.6,12,0,Mavic 3,false,drone_images/Mavic 3.png,28.045000,-82.355000,28.044500,-82.355300,apolloshield_dji,dji,,,2414500000,RADAR-A2D2-F3A1,Sensor Tampa Bay / West Florida Coast,120,GREEN,BLUE
1772041158101,A2D2-F3A1,FLT-F3A1-001,28.049995,-82.350540,51.6,12,0,Mavic 3,false,drone_images/Mavic 3.png,28.045000,-82.355000,28.044500,-82.355300,apolloshield_dji,dji,,,2414500000,RADAR-A2D2-F3A1,Sensor Tampa Bay / West Florida Coast,120,GREEN,BLUE
1772041158984,A2D2-F3A1,FLT-F3A1-001,28.049995,-82.350540,51.8,12,0,Mavic 3,false,drone_images/Mavic 3.png,28.045000,-82.355000,28.044500,-82.355300,apolloshield_dji,dji,,,2414500000,RADAR-A2D2-F3A1,Sensor Tampa Bay / West Florida Coast,120,GREEN,BLUE
1772041159867,A2D2-F3A1,FLT-F3A1-001,28.049995,-82.350540,51.8,12,0,Mavic 3,false,drone_images/Mavic 3.png,28.045000,-82.355000,28.044500,-82.355300,apolloshield_dji,dji,,,2414500000,RADAR-A2D2-F3A1,Sensor Tampa Bay / West Florida Coast,120,GREEN,BLUE
1772041160818,A2D2-F3A1,FLT-F3A1-001,28.049995,-82.350540,51.8,12,0,Mavic 3,false,drone_images/Mavic 3.png,28.045000,-82.355000,28.044500,-82.355300,apolloshield_dji,dji,,,2414500000,RADAR-A2D2-F3A1,Sensor Tampa Bay / West Florida Coast,120,GREEN,BLUE
1772041161770,A2D2-F3A1,FLT-F3A1-001,28.049995,-82.350540,51.8,12,0,Mavic 3,false,drone_images/Mavic 3.png,28.045000,-82.355000,28.044500,-82.355300,apolloshield_dji,dji,,,2414500000,RADAR-A2D2-F3A1,Sensor Tampa Bay / West Florida Coast,120,GREEN,BLUE
1772041162710,A2D2-F3A1,FLT-F3A1-001,28.049995,-82.350540,51.8,12,0,Mavic 3,false,drone_images/Mavic 3.png,28.045000,-82.355000,28.044500,-82.355300,apolloshield_dji,dji,,,2414500000,RADAR-A2D2-F3A1,Sensor Tampa Bay / West Florida Coast,120,GREEN,BLUE
1772041164244,A2D2-F3A1,FLT-F3A1-001,28.049995,-82.350540,51.8,12,0,Mavic 3,false,drone_images/Mavic 3.png,28.045000,-82.355000,28.044500,-82.355300,apolloshield_dji,dji,,,2414500000,RADAR-A2D2-F3A1,Sensor Tampa Bay / West Florida Coast,120,GREEN,BLUE
1772041164647,A2D2-F3A1,FLT-F3A1-001,28.049995,-82.350540,51.8,12,0,Mavic 3,false,drone_images/Mavic 3.png,28.045000,-82.355000,28.044500,-82.355300,apolloshield_dji,dji,,,2414500000,RADAR-A2D2-F3A1,Sensor Tampa Bay / West Florida Coast,120,GREEN,BLUE
1772041166591,A2D2-F3A1,FLT-F3A1-001,28.049995,-82.350540,51.8,12,0,Mavic 3,false,drone_images/Mavic 3.png,28.045000,-82.355000,28.044500,-82.355300,apolloshield_dji,dji,,,2414500000,RADAR-A2D2-F3A1,Sensor Tampa Bay / West Florida Coast,120,GREEN,BLUE
1772041167068,A2D2-F3A1,FLT-F3A1-001,28.049995,-82.350540,51.8,12,0,Mavic 3,false,drone_images/Mavic 3.png,28.045000,-82.355000,28.044500,-82.355300,apolloshield_dji,dji,,,2414500000,RADAR-A2D2-F3A1,Sensor Tampa Bay / West Florida Coast,120,GREEN,BLUE
1772041168586,A2D2-F3A1,FLT-F3A1-001,28.049995,-82.350540,51.8,12,0,Mavic 3,false,drone_images/Mavic 3.png,28.045000,-82.355000,28.044500,-82.355300,apolloshield_dji,dji,,,2414500000,RADAR-A2D2-F3A1,Sensor Tampa Bay / West Florida Coast,120,GREEN,BLUE
1772041168983,A2D2-F3A1,FLT-F3A1-001,28.049995,-82.350540,51.8,12,0,Mavic 3,false,drone_images/Mavic 3.png,28.045000,-82.355000,28.044500,-82.355300,apolloshield_dji,dji,,,2414500000,RADAR-A2D2-F3A1,Sensor Tampa Bay / West Florida Coast,120,GREEN,BLUE
1772041169781,A2D2-F3A1,FLT-F3A1-001,28.049995,-82.350540,51.8,12,0,Mavic 3,false,drone_images/Mavic 3.png,28.045000,-82.355000,28.044500,-82.355300,apolloshield_dji,dji,,,2414500000,RADAR-A2D2-F3A1,Sensor Tampa Bay / West Florida Coast,120,GREEN,BLUE
1772041171368,A2D2-F3A1,FLT-F3A1-001,28.049995,-82.350540,51.8,12,0,Mavic 3,false,drone_images/Mavic 3.png,28.045000,-82.355000,28.044500,-82.355300,apolloshield_dji,dji,,,2414500000,RADAR-A2D2-F3A1,Sensor Tampa Bay / West Florida Coast,120,GREEN,BLUE
1772041171812,A2D2-F3A1,FLT-F3A1-001,28.049995,-82.350540,51.8,12,0,Mavic 3,false,drone_images/Mavic 3.png,28.045000,-82.355000,28.044500,-82.355300,apolloshield_dji,dji,,,2414500000,RADAR-A2D2-F3A1,Sensor Tampa Bay / West Florida Coast,120,GREEN,BLUE
1772041172843,A2D2-F3A1,FLT-F3A1-001,28.049995,-82.350540,51.8,12,0,Mavic 3,false,drone_images/Mavic 3.png,28.045000,-82.355000,28.044500,-82.355300,apolloshield_dji,dji,,,2414500000,RADAR-A2D2-F3A1,Sensor Tampa Bay / West Florida Coast,120,GREEN,BLUE
1772041174007,A2D2-F3A1,FLT-F3A1-001,28.049995,-82.350540,51.8,12,0,Mavic 3,false,drone_images/Mavic 3.png,28.045000,-82.355000,28.044500,-82.355300,apolloshield_dji,dji,,,2414500000,RADAR-A2D2-F3A1,Sensor Tampa Bay / West Florida Coast,120,GREEN,BLUE
1772041175079,A2D2-F3A1,FLT-F3A1-001,28.049995,-82.350540,51.8,12,0,Mavic 3,false,drone_images/Mavic 3.png,28.045000,-82.355000,28.044500,-82.355300,apolloshield_dji,dji,,,2414500000,RADAR-A2D2-F3A1,Sensor Tampa Bay / West Florida Coast,120,GREEN,BLUE
1772041175924,A2D2-F3A1,FLT-F3A1-001,28.049995,-82.350540,51.8,12,0,Mavic 3,false,drone_images/Mavic 3.png,28.045000,-82.355000,28.044500,-82.355300,apolloshield_dji,dji,,,2414500000,RADAR-A2D2-F3A1,Sensor Tampa Bay / West Florida Coast,120,GREEN,BLUE
1772041176973,A2D2-F3A1,FLT-F3A1-001,28.049995,-82.350540,51.8,12,0,Mavic 3,false,drone_images/Mavic 3.png,28.045000,-82.355000,28.044500,-82.355300,apolloshield_dji,dji,,,2414500000,RADAR-A2D2-F3A1,Sensor Tampa Bay / West Florida Coast,120,GREEN,BLUE
1772041177814,A2D2-F3A1,FLT-F3A1-001,28.049995,-82.350540,51.8,12,0,Mavic 3,false,drone_images/Mavic 3.png,28.045000,-82.355000,28.044500,-82.355300,apolloshield_dji,dji,,,2414500000,RADAR-A2D2-F3A1,Sensor Tampa Bay / West Florida Coast,120,GREEN,BLUE
1772041180119,A2D2-F3A1,FLT-F3A1-001,28.049995,-82.350540,51.8,12,0,Mavic 3,false,drone_images/Mavic 3.png,28.045000,-82.355000,28.044500,-82.355300,apolloshield_dji,dji,,,2414500000,RADAR-A2D2-F3A1,Sensor Tampa Bay / West Florida Coast,120,GREEN,BLUE
1772041180123,A2D2-F3A1,FLT-F3A1-001,28.049995,-82.350540,51.8,12,0,Mavic 3,false,drone_images/Mavic 3.png,28.045000,-82.355000,28.044500,-82.355300,apolloshield_dji,dji,,,2414500000,RADAR-A2D2-F3A1,Sensor Tampa Bay / West Florida Coast,120,GREEN,BLUE
1772041180980,A2D2-F3A1,FLT-F3A1-001,28.049995,-82.350540,51.8,12,0,Mavic 3,false,drone_images/Mavic 3.png,28.045000,-82.355000,28.044500,-82.355300,apolloshield_dji,dji,,,2414500000,RADAR-A2D2-F3A1,Sensor Tampa Bay / West Florida Coast,120,GREEN,BLUE
1772041182217,A2D2-F3A1,FLT-F3A1-001,28.049995,-82.350540,51.8,12,0,Mavic 3,false,drone_images/Mavic 3.png,28.045000,-82.355000,28.044500,-82.355300,apolloshield_dji,dji,,,2414500000,RADAR-A2D2-F3A1,Sensor Tampa Bay / West Florida Coast,120,GREEN,BLUE
1772041183266,A2D2-F3A1,FLT-F3A1-001,28.049995,-82.350540,51.8,12,0,Mavic 3,false,drone_images/Mavic 3.png,28.045000,-82.355000,28.044500,-82.355300,apolloshield_dji,dji,,,2414500000,RADAR-A2D2-F3A1,Sensor Tampa Bay / West Florida Coast,120,GREEN,BLUE
1772041183987,A2D2-F3A1,FLT-F3A1-001,28.049995,-82.350540,51.8,12,0,Mavic 3,false,drone_images/Mavic 3.png,28.045000,-82.355000,28.044500,-82.355300,apolloshield_dji,dji,,,2414500000,RADAR-A2D2-F3A1,Sensor Tampa Bay / West Florida Coast,120,GREEN,BLUE
1772041184960,A2D2-F3A1,FLT-F3A1-001,28.049995,-82.350540,51.8,12,0,Mavic 3,false,drone_images/Mavic 3.png,28.045000,-82.355000,28.044500,-82.355300,apolloshield_dji,dji,,,2414500000,RADAR-A2D2-F3A1,Sensor Tampa Bay / West Florida Coast,120,GREEN,BLUE
1772041186094,A2D2-F3A1,FLT-F3A1-001,28.050001,-82.350540,51.7,12,0,Mavic 3,false,drone_images/Mavic 3.png,28.045000,-82.355000,28.044500,-82.355300,apolloshield_dji,dji,,,2414500000,RADAR-A2D2-F3A1,Sensor Tampa Bay / West Florida Coast,120,GREEN,BLUE
1772041186936,A2D2-F3A1,FLT-F3A1-001,28.050001,-82.350540,51.7,12,0,Mavic 3,false,drone_images/Mavic 3.png,28.045000,-82.355000,28.044500,-82.355300,apolloshield_dji,dji,,,2414500000,RADAR-A2D2-F3A1,Sensor Tampa Bay / West Florida Coast,120,GREEN,BLUE
1772041187873,A2D2-F3A1,FLT-F3A1-001,28.050001,-82.350540,51.7,12,0,Mavic 3,false,drone_images/Mavic 3.png,28.045000,-82.355000,28.044500,-82.355300,apolloshield_dji,dji,,,2414500000,RADAR-A2D2-F3A1,Sensor Tampa Bay / West Florida Coast,120,GREEN,BLUE
1772041188896,A2D2-F3A1,FLT-F3A1-001,28.050001,-82.350540,51.8,0.1,0,Mavic 3,false,drone_images/Mavic 3.png,28.045000,-82.355000,28.044500,-82.355300,apolloshield_dji,dji,,,2414500000,RADAR-A2D2-F3A1,Sensor Tampa Bay / West Florida Coast,120,GREEN,BLUE
1772041189883,A2D2-F3A1,FLT-F3A1-001,28.050001,-82.350540,51.7,0.1,0,Mavic 3,false,drone_images/Mavic 3.png,28.045000,-82.355000,28.044500,-82.355300,apolloshield_dji,dji,,,2414500000,RADAR-A2D2-F3A1,Sensor Tampa Bay / West Florida Coast,120,GREEN,BLUE
1772041190830,A2D2-F3A1,FLT-F3A1-001,28.050001,-82.350540,51.7,12,0,Mavic 3,false,drone_images/Mavic 3.png,28.045000,-82.355000,28.044500,-82.355300,apolloshield_dji,dji,,,2414500000,RADAR-A2D2-F3A1,Sensor Tampa Bay / West Florida Coast,120,GREEN,BLUE
1772041191758,A2D2-F3A1,FLT-F3A1-001,28.050001,-82.350540,51.7,12,0,Mavic 3,false,drone_images/Mavic 3.png,28.045000,-82.355000,28.044500,-82.355300,apolloshield_dji,dji,,,2414500000,RADAR-A2D2-F3A1,Sensor Tampa Bay / West Florida Coast,120,GREEN,BLUE
1772041193276,A2D2-F3A1,FLT-F3A1-001,28.050001,-82.350540,51.6,0.1,0,Mavic 3,false,drone_images/Mavic 3.png,28.045000,-82.355000,28.044500,-82.355300,apolloshield_dji,dji,,,2414500000,RADAR-A2D2-F3A1,Sensor Tampa Bay / West Florida Coast,120,GREEN,BLUE
1772041193756,A2D2-F3A1,FLT-F3A1-001,28.050001,-82.350540,51.6,0.1,0,Mavic 3,false,drone_images/Mavic 3.png,28.045000,-82.355000,28.044500,-82.355300,apolloshield_dji,dji,,,2414500000,RADAR-A2D2-F3A1,Sensor Tampa Bay / West Florida Coast,120,GREEN,BLUE
1772041194828,A2D2-F3A1,FLT-F3A1-001,28.050001,-82.350540,51.7,12,0,Mavic 3,false,drone_images/Mavic 3.png,28.045000,-82.355000,28.044500,-82.355300,apolloshield_dji,dji,,,2414500000,RADAR-A2D2-F3A1,Sensor Tampa Bay / West Florida Coast,120,GREEN,BLUE
1772041195848,A2D2-F3A1,FLT-F3A1-001,28.050001,-82.350540,51.7,12,0,Mavic 3,false,drone_images/Mavic 3.png,28.045000,-82.355000,28.044500,-82.355300,apolloshield_dji,dji,,,2414500000,RADAR-A2D2-F3A1,Sensor Tampa Bay / West Florida Coast,120,GREEN,BLUE
1772041196948,A2D2-F3A1,FLT-F3A1-001,28.050001,-82.350540,51.6,12,0,Mavic 3,false,drone_images/Mavic 3.png,28.045000,-82.355000,28.044500,-82.355300,apolloshield_dji,dji,,,2414500000,RADAR-A2D2-F3A1,Sensor Tampa Bay / West Florida Coast,120,GREEN,BLUE
1772041197948,A2D2-F3A1,FLT-F3A1-001,28.050001,-82.350540,51.6,12,0,Mavic 3,false,drone_images/Mavic 3.png,28.045000,-82.355000,28.044500,-82.355300,apolloshield_dji,dji,,,2414500000,RADAR-A2D2-F3A1,Sensor Tampa Bay / West Florida Coast,120,GREEN,BLUE
1772041199200,A2D2-F3A1,FLT-F3A1-001,28.050001,-82.350540,51.7,12,0,Mavic 3,false,drone_images/Mavic 3.png,28.045000,-82.355000,28.044500,-82.355300,apolloshield_dji,dji,,,2414500000,RADAR-A2D2-F3A1,Sensor Tampa Bay / West Florida Coast,120,GREEN,BLUE
1772041200151,A2D2-F3A1,FLT-F3A1-001,28.050001,-82.350540,51.7,12,0,Mavic 3,false,drone_images/Mavic 3.png,28.045000,-82.355000,28.044500,-82.355300,apolloshield_dji,dji,,,2414500000,RADAR-A2D2-F3A1,Sensor Tampa Bay / West Florida Coast,120,GREEN,BLUE
1772041201154,A2D2-F3A1,FLT-F3A1-001,28.050001,-82.350540,51.6,0.1,0,Mavic 3,false,drone_images/Mavic 3.png,28.045000,-82.355000,28.044500,-82.355300,apolloshield_dji,dji,,,2414500000,RADAR-A2D2-F3A1,Sensor Tampa Bay / West Florida Coast,120,GREEN,BLUE
1772041201984,A2D2-F3A1,FLT-F3A1-001,28.050001,-82.350540,51.7,12,0,Mavic 3,false,drone_images/Mavic 3.png,28.045000,-82.355000,28.044500,-82.355300,apolloshield_dji,dji,,,2414500000,RADAR-A2D2-F3A1,Sensor Tampa Bay / West Florida Coast,120,GREEN,BLUE
1772041203406,A2D2-F3A1,FLT-F3A1-001,28.050001,-82.350540,51.6,12,0,Mavic 3,false,drone_images/Mavic 3.png,28.045000,-82.355000,28.044500,-82.355300,apolloshield_dji,dji,,,2414500000,RADAR-A2D2-F3A1,Sensor Tampa Bay / West Florida Coast,120,GREEN,BLUE
1772041204455,A2D2-F3A1,FLT-F3A1-001,28.050001,-82.350540,51.6,12,0,Mavic 3,false,drone_images/Mavic 3.png,28.045000,-82.355000,28.044500,-82.355300,apolloshield_dji,dji,,,2414500000,RADAR-A2D2-F3A1,Sensor Tampa Bay / West Florida Coast,120,GREEN,BLUE
1772041205168,A2D2-F3A1,FLT-F3A1-001,28.050001,-82.350540,51.6,12,0,Mavic 3,false,drone_images/Mavic 3.png,28.045000,-82.355000,28.044500,-82.355300,apolloshield_dji,dji,,,2414500000,RADAR-A2D2-F3A1,Sensor Tampa Bay / West Florida Coast,120,GREEN,BLUE
1772041206502,A2D2-F3A1,FLT-F3A1-001,28.049995,-82.350540,51.7,12,0,Mavic 3,false,drone_images/Mavic 3.png,28.045000,-82.355000,28.044500,-82.355300,apolloshield_dji,dji,,,2414500000,RADAR-A2D2-F3A1,Sensor Tampa Bay / West Florida Coast,120,GREEN,BLUE
1772041208295,A2D2-F3A1,FLT-F3A1-001,28.050001,-82.350540,51.7,0.1,0,Mavic 3,false,drone_images/Mavic 3.png,28.045000,-82.355000,28.044500,-82.355300,apolloshield_dji,dji,,,2414500000,RADAR-A2D2-F3A1,Sensor Tampa Bay / West Florida Coast,120,GREEN,BLUE
1772041208430,A2D2-F3A1,FLT-F3A1-001,28.050001,-82.350540,51.7,0.1,0,Mavic 3,false,drone_images/Mavic 3.png,28.045000,-82.355000,28.044500,-82.355300,apolloshield_dji,dji,,,2414500000,RADAR-A2D2-F3A1,Sensor Tampa Bay / West Florida Coast,120,GREEN,BLUE
1772041209257,A2D2-F3A1,FLT-F3A1-001,28.050001,-82.350540,51.7,0.1,0,Mavic 3,false,drone_images/Mavic 3.png,28.045000,-82.355000,28.044500,-82.355300,apolloshield_dji,dji,,,2414500000,RADAR-A2D2-F3A1,Sensor Tampa Bay / West Florida Coast,120,GREEN,BLUE
1772041210015,A2D2-F3A1,FLT-F3A1-001,28.050001,-82.350540,51.7,0.1,0,Mavic 3,false,drone_images/Mavic 3.png,28.045000,-82.355000,28.044500,-82.355300,apolloshield_dji,dji,,,2414500000,RADAR-A2D2-F3A1,Sensor Tampa Bay / West Florida Coast,120,GREEN,BLUE
1772041211095,A2D2-F3A1,FLT-F3A1-001,28.050001,-82.350540,51.7,0.1,0,Mavic 3,false,drone_images/Mavic 3.png,28.045000,-82.355000,28.044500,-82.355300,apolloshield_dji,dji,,,2414500000,RADAR-A2D2-F3A1,Sensor Tampa Bay / West Florida Coast,120,GREEN,BLUE
1772041211922,A2D2-F3A1,FLT-F3A1-001,28.050001,-82.350540,51.7,0.1,0,Mavic 3,false,drone_images/Mavic 3.png,28.045000,-82.355000,28.044500,-82.355300,apolloshield_dji,dji,,,2414500000,RADAR-A2D2-F3A1,Sensor Tampa Bay / West Florida Coast,120,GREEN,BLUE
1772041213001,A2D2-F3A1,FLT-F3A1-001,28.050001,-82.350540,51.7,0.1,0,Mavic 3,false,drone_images/Mavic 3.png,28.045000,-82.355000,28.044500,-82.355300,apolloshield_dji,dji,,,2414500000,RADAR-A2D2-F3A1,Sensor Tampa Bay / West Florida Coast,120,GREEN,BLUE
1772041213386,A2D2-F3A1,FLT-F3A1-001,28.050001,-82.350540,51.7,0.1,0,Mavic 3,false,drone_images/Mavic 3.png,28.045000,-82.355000,28.044500,-82.355300,apolloshield_dji,dji,,,2414500000,RADAR-A2D2-F3A1,Sensor Tampa Bay / West Florida Coast,120,GREEN,BLUE
1772041224908,A2D2-F3A1,FLT-F3A1-001,28.049995,-82.350540,51.6,12,0,Mavic 3,false,drone_images/Mavic 3.png,28.045000,-82.355000,28.044500,-82.355300,apolloshield_dji,dji,,,2414500000,RADAR-A2D2-F3A1,Sensor Tampa Bay / West Florida Coast,120,GREEN,BLUE
1772041225570,A2D2-F3A1,FLT-F3A1-001,28.050001,-82.350540,51.7,12,0,Mavic 3,false,drone_images/Mavic 3.png,28.045000,-82.355000,28.044500,-82.355300,apolloshield_dji,dji,,,2414500000,RADAR-A2D2-F3A1,Sensor Tampa Bay / West Florida Coast,120,GREEN,BLUE
1772041226036,A2D2-F3A1,FLT-F3A1-001,28.050001,-82.350540,51.7,12,0,Mavic 3,false,drone_images/Mavic 3.png,28.045000,-82.355000,28.044500,-82.355300,apolloshield_dji,dji,,,2414500000,RADAR-A2D2-F3A1,Sensor Tampa Bay / West Florida Coast,120,GREEN,BLUE
1772041226960,A2D2-F3A1,FLT-F3A1-001,28.050001,-82.350540,51.5,12,0,Mavic 3,false,drone_images/Mavic 3.png,28.045000,-82.355000,28.044500,-82.355300,apolloshield_dji,dji,,,2414500000,RADAR-A2D2-F3A1,Sensor Tampa Bay / West Florida Coast,120,GREEN,BLUE
1772041228918,A2D2-F3A1,FLT-F3A1-001,28.050001,-82.350540,51.5,12,0,Mavic 3,false,drone_images/Mavic 3.png,28.045000,-82.355000,28.044500,-82.355300,apolloshield_dji,dji,,,2414500000,RADAR-A2D2-F3A1,Sensor Tampa Bay / West Florida Coast,120,GREEN,BLUE
1772041228948,A2D2-F3A1,FLT-F3A1-001,28.050001,-82.350540,51.5,12,0,Mavic 3,false,drone_images/Mavic 3.png,28.045000,-82.355000,28.044500,-82.355300,apolloshield_dji,dji,,,2414500000,RADAR-A2D2-F3A1,Sensor Tampa Bay / West Florida Coast,120,GREEN,BLUE
1772041229925,A2D2-F3A1,FLT-F3A1-001,28.050001,-82.350540,52.1,12,0,Mavic 3,false,drone_images/Mavic 3.png,28.045000,-82.355000,28.044500,-82.355300,apolloshield_dji,dji,,,2414500000,RADAR-A2D2-F3A1,Sensor Tampa Bay / West Florida Coast,120,GREEN,BLUE
1772041231187,A2D2-F3A1,FLT-F3A1-001,28.050001,-82.350540,52,12,0,Mavic 3,false,drone_images/Mavic 3.png,28.045000,-82.355000,28.044500,-82.355300,apolloshield_dji,dji,,,2414500000,RADAR-A2D2-F3A1,Sensor Tampa Bay / West Florida Coast,120,GREEN,BLUE
1772041232141,A2D2-F3A1,FLT-F3A1-001,28.050001,-82.350540,52,12,0,Mavic 3,false,drone_images/Mavic 3.png,28.045000,-82.355000,28.044500,-82.355300,apolloshield_dji,dji,,,2414500000,RADAR-A2D2-F3A1,Sensor Tampa Bay / West Florida Coast,120,GREEN,BLUE
1772041233473,A2D2-F3A1,FLT-F3A1-001,28.050001,-82.350540,52,12,0,Mavic 3,false,drone_images/Mavic 3.png,28.045000,-82.355000,28.044500,-82.355300,apolloshield_dji,dji,,,2414500000,RADAR-A2D2-F3A1,Sensor Tampa Bay / West Florida Coast,120,GREEN,BLUE
1772041234644,A2D2-F3A1,FLT-F3A1-001,28.049995,-82.350540,51.4,12,0,Mavic 3,false,drone_images/Mavic 3.png,28.045000,-82.355000,28.044500,-82.355300,apolloshield_dji,dji,,,2414500000,RADAR-A2D2-F3A1,Sensor Tampa Bay / West Florida Coast,120,GREEN,BLUE
1772041236220,A2D2-F3A1,FLT-F3A1-001,28.049995,-82.350540,51.4,12,0,Mavic 3,false,drone_images/Mavic 3.png,28.045000,-82.355000,28.044500,-82.355300,apolloshield_dji,dji,,,2414500000,RADAR-A2D2-F3A1,Sensor Tampa Bay / West Florida Coast,120,GREEN,BLUE
1772041237047,A2D2-F3A1,FLT-F3A1-001,28.050001,-82.350540,52,0.1,0,Mavic 3,false,drone_images/Mavic 3.png,28.045000,-82.355000,28.044500,-82.355300,apolloshield_dji,dji,,,2414500000,RADAR-A2D2-F3A1,Sensor Tampa Bay / West Florida Coast,120,GREEN,BLUE
1772041237987,A2D2-F3A1,FLT-F3A1-001,28.049995,-82.350540,51.4,12,0,Mavic 3,false,drone_images/Mavic 3.png,28.045000,-82.355000,28.044500,-82.355300,apolloshield_dji,dji,,,2414500000,RADAR-A2D2-F3A1,Sensor Tampa Bay / West Florida Coast,120,GREEN,BLUE
1772041238471,A2D2-F3A1,FLT-F3A1-001,28.050001,-82.350540,52,0.1,0,Mavic 3,false,drone_images/Mavic 3.png,28.045000,-82.355000,28.044500,-82.355300,apolloshield_dji,dji,,,2414500000,RADAR-A2D2-F3A1,Sensor Tampa Bay / West Florida Coast,120,GREEN,BLUE
1772041239530,A2D2-F3A1,FLT-F3A1-001,28.050001,-82.350540,52,0.1,0,Mavic 3,false,drone_images/Mavic 3.png,28.045000,-82.355000,28.044500,-82.355300,apolloshield_dji,dji,,,2414500000,RADAR-A2D2-F3A1,Sensor Tampa Bay / West Florida Coast,120,GREEN,BLUE
1772041240410,A2D2-F3A1,FLT-F3A1-001,28.050001,-82.350540,52,0.1,0,Mavic 3,false,drone_images/Mavic 3.png,28.045000,-82.355000,28.044500,-82.355300,apolloshield_dji,dji,,,2414500000,RADAR-A2D2-F3A1,Sensor Tampa Bay / West Florida Coast,120,GREEN,BLUE
1772041240771,A2D2-F3A1,FLT-F3A1-001,28.049995,-82.350540,56.3,0.1,0,Mavic 3,false,drone_images/Mavic 3.png,28.045000,-82.355000,28.044500,-82.355300,apolloshield_dji,dji,,,2414500000,RADAR-A2D2-F3A1,Sensor Tampa Bay / West Florida Coast,120,GREEN,BLUE
1772041241892,A2D2-F3A1,FLT-F3A1-001,28.049995,-82.350540,58.4,12,0,Mavic 3,false,drone_images/Mavic 3.png,28.045000,-82.355000,28.044500,-82.355300,apolloshield_dji,dji,,,2414500000,RADAR-A2D2-F3A1,Sensor Tampa Bay / West Florida Coast,120,GREEN,BLUE
1772041243437,A2D2-F3A1,FLT-F3A1-001,28.049995,-82.350540,58.4,12,0,Mavic 3,false,drone_images/Mavic 3.png,28.045000,-82.355000,28.044500,-82.355300,apolloshield_dji,dji,,,2414500000,RADAR-A2D2-F3A1,Sensor Tampa Bay / West Florida Coast,120,GREEN,BLUE
1772041244236,A2D2-F3A1,FLT-F3A1-001,28.049995,-82.350540,60.6,12,0,Mavic 3,false,drone_images/Mavic 3.png,28.045000,-82.355000,28.044500,-82.355300,apolloshield_dji,dji,,,2414500000,RADAR-A2D2-F3A1,Sensor Tampa Bay / West Florida Coast,120,GREEN,BLUE
1772041245176,A2D2-F3A1,FLT-F3A1-001,28.049995,-82.350540,60.6,12,0,Mavic 3,false,drone_images/Mavic 3.png,28.045000,-82.355000,28.044500,-82.355300,apolloshield_dji,dji,,,2414500000,RADAR-A2D2-F3A1,Sensor Tampa Bay / West Florida Coast,120,GREEN,BLUE
1772041246701,A2D2-F3A1,FLT-F3A1-001,28.049995,-82.350540,60.6,12,0,Mavic 3,false,drone_images/Mavic 3.png,28.045000,-82.355000,28.044500,-82.355300,apolloshield_dji,dji,,,2414500000,RADAR-A2D2-F3A1,Sensor Tampa Bay / West Florida Coast,120,GREEN,BLUE
1772041247639,A2D2-F3A1,FLT-F3A1-001,28.049995,-82.350540,60.6,12,0,Mavic 3,false,drone_images/Mavic 3.png,28.045000,-82.355000,28.044500,-82.355300,apolloshield_dji,dji,,,2414500000,RADAR-A2D2-F3A1,Sensor Tampa Bay / West Florida Coast,120,GREEN,BLUE
1772041248106,A2D2-F3A1,FLT-F3A1-001,28.049995,-82.350540,60.6,12,0,Mavic 3,false,drone_images/Mavic 3.png,28.045000,-82.355000,28.044500,-82.355300,apolloshield_dji,dji,,,2414500000,RADAR-A2D2-F3A1,Sensor Tampa Bay / West Florida Coast,120,GREEN,BLUE
1772041249004,A2D2-F3A1,FLT-F3A1-001,28.049995,-82.350540,60.6,12,0,Mavic 3,false,drone_images/Mavic 3.png,28.045000,-82.355000,28.044500,-82.355300,apolloshield_dji,dji,,,2414500000,RADAR-A2D2-F3A1,Sensor Tampa Bay / West Florida Coast,120,GREEN,BLUE
1772041249702,A2D2-F3A1,FLT-F3A1-001,28.049995,-82.350540,60.6,12,0,Mavic 3,false,drone_images/Mavic 3.png,28.045000,-82.355000,28.044500,-82.355300,apolloshield_dji,dji,,,2414500000,RADAR-A2D2-F3A1,Sensor Tampa Bay / West Florida Coast,120,GREEN,BLUE
1772041251157,A2D2-F3A1,FLT-F3A1-001,28.049995,-82.350540,60.6,12,0,Mavic 3,false,drone_images/Mavic 3.png,28.045000,-82.355000,28.044500,-82.355300,apolloshield_dji,dji,,,2414500000,RADAR-A2D2-F3A1,Sensor Tampa Bay / West Florida Coast,120,GREEN,BLUE
1772041252238,A2D2-F3A1,FLT-F3A1-001,28.049995,-82.350540,60.6,12,0,Mavic 3,false,drone_images/Mavic 3.png,28.045000,-82.355000,28.044500,-82.355300,apolloshield_dji,dji,,,2414500000,RADAR-A2D2-F3A1,Sensor Tampa Bay / West Florida Coast,120,GREEN,BLUE
1772041253694,A2D2-F3A1,FLT-F3A1-001,28.049995,-82.350540,60.6,12,0,Mavic 3,false,drone_images/Mavic 3.png,28.045000,-82.355000,28.044500,-82.355300,apolloshield_dji,dji,,,2414500000,RADAR-A2D2-F3A1,Sensor Tampa Bay / West Florida Coast,120,GREEN,BLUE
1772041254067,A2D2-F3A1,FLT-F3A1-001,28.050001,-82.350540,81.8,12,0,Mavic 3,false,drone_images/Mavic 3.png,28.045000,-82.355000,28.044500,-82.355300,apolloshield_dji,dji,,,2414500000,RADAR-A2D2-F3A1,Sensor Tampa Bay / West Florida Coast,120,GREEN,BLUE
1772041254813,A2D2-F3A1,FLT-F3A1-001,28.050001,-82.350540,81.8,12,0,Mavic 3,false,drone_images/Mavic 3.png,28.045000,-82.355000,28.044500,-82.355300,apolloshield_dji,dji,,,2414500000,RADAR-A2D2-F3A1,Sensor Tampa Bay / West Florida Coast,120,GREEN,BLUE
1772041256037,A2D2-F3A1,FLT-F3A1-001,28.050001,-82.350540,81.8,12,0,Mavic 3,false,drone_images/Mavic 3.png,28.045000,-82.355000,28.044500,-82.355300,apolloshield_dji,dji,,,2414500000,RADAR-A2D2-F3A1,Sensor Tampa Bay / West Florida Coast,120,GREEN,BLUE
1772041257084,A2D2-F3A1,FLT-F3A1-001,28.050001,-82.350540,81.8,12,0,Mavic 3,false,drone_images/Mavic 3.png,28.045000,-82.355000,28.044500,-82.355300,apolloshield_dji,dji,,,2414500000,RADAR-A2D2-F3A1,Sensor Tampa Bay / West Florida Coast,120,GREEN,BLUE
1772041258369,A2D2-F3A1,FLT-F3A1-001,28.049995,-82.350540,81.5,12,0,Mavic 3,false,drone_images/Mavic 3.png,28.045000,-82.355000,28.044500,-82.355300,apolloshield_dji,dji,,,2414500000,RADAR-A2D2-F3A1,Sensor Tampa Bay / West Florida Coast,120,GREEN,BLUE
1772041258869,A2D2-F3A1,FLT-F3A1-001,28.049995,-82.350540,81.5,12,0,Mavic 3,false,drone_images/Mavic 3.png,28.045000,-82.355000,28.044500,-82.355300,apolloshield_dji,dji,,,2414500000,RADAR-A2D2-F3A1,Sensor Tampa Bay / West Florida Coast,120,GREEN,BLUE
1772041259952,A2D2-F3A1,FLT-F3A1-001,28.049995,-82.350540,81.5,12,0,Mavic 3,false,drone_images/Mavic 3.png,28.045000,-82.355000,28.044500,-82.355300,apolloshield_dji,dji,,,2414500000,RADAR-A2D2-F3A1,Sensor Tampa Bay / West Florida Coast,120,GREEN,BLUE
1772041261026,A2D2-F3A1,FLT-F3A1-001,28.049995,-82.350540,81.5,12,0,Mavic 3,false,drone_images/Mavic 3.png,28.045000,-82.355000,28.044500,-82.355300,apolloshield_dji,dji,,,2414500000,RADAR-A2D2-F3A1,Sensor Tampa Bay / West Florida Coast,120,GREEN,BLUE
1772041261995,A2D2-F3A1,FLT-F3A1-001,28.049995,-82.350540,81.5,12,0,Mavic 3,false,drone_images/Mavic 3.png,28.045000,-82.355000,28.044500,-82.355300,apolloshield_dji,dji,,,2414500000,RADAR-A2D2-F3A1,Sensor Tampa Bay / West Florida Coast,120,GREEN,BLUE
1772041263127,A2D2-F3A1,FLT-F3A1-001,28.049995,-82.350540,81.5,12,0,Mavic 3,false,drone_images/Mavic 3.png,28.045000,-82.355000,28.044500,-82.355300,apolloshield_dji,dji,,,2414500000,RADAR-A2D2-F3A1,Sensor Tampa Bay / West Florida Coast,120,GREEN,BLUE
1772041263909,A2D2-F3A1,FLT-F3A1-001,28.049995,-82.350540,81.5,12,0,Mavic 3,false,drone_images/Mavic 3.png,28.045000,-82.355000,28.044500,-82.355300,apolloshield_dji,dji,,,2414500000,RADAR-A2D2-F3A1,Sensor Tampa Bay / West Florida Coast,120,GREEN,BLUE
1772041265374,A2D2-F3A1,FLT-F3A1-001,28.049995,-82.350540,81.5,12,0,Mavic 3,false,drone_images/Mavic 3.png,28.045000,-82.355000,28.044500,-82.355300,apolloshield_dji,dji,,,2414500000,RADAR-A2D2-F3A1,Sensor Tampa Bay / West Florida Coast,120,GREEN,BLUE
1772041265830,A2D2-F3A1,FLT-F3A1-001,28.049995,-82.350540,81.5,12,0,Mavic 3,false,drone_images/Mavic 3.png,28.045000,-82.355000,28.044500,-82.355300,apolloshield_dji,dji,,,2414500000,RADAR-A2D2-F3A1,Sensor Tampa Bay / West Florida Coast,120,GREEN,BLUE
1772041266706,A2D2-F3A1,FLT-F3A1-001,28.049995,-82.350540,81.5,12,0,Mavic 3,false,drone_images/Mavic 3.png,28.045000,-82.355000,28.044500,-82.355300,apolloshield_dji,dji,,,2414500000,RADAR-A2D2-F3A1,Sensor Tampa Bay / West Florida Coast,120,GREEN,BLUE
1772041267818,A2D2-F3A1,FLT-F3A1-001,28.049995,-82.350540,81.5,12,0,Mavic 3,false,drone_images/Mavic 3.png,28.045000,-82.355000,28.044500,-82.355300,apolloshield_dji,dji,,,2414500000,RADAR-A2D2-F3A1,Sensor Tampa Bay / West Florida Coast,120,GREEN,BLUE
1772041268801,A2D2-F3A1,FLT-F3A1-001,28.049995,-82.350540,81.5,12,0,Mavic 3,false,drone_images/Mavic 3.png,28.045000,-82.355000,28.044500,-82.355300,apolloshield_dji,dji,,,2414500000,RADAR-A2D2-F3A1,Sensor Tampa Bay / West Florida Coast,120,GREEN,BLUE
1772041270417,A2D2-F3A1,FLT-F3A1-001,28.049995,-82.350540,81.2,12,0,Mavic 3,false,drone_images/Mavic 3.png,28.045000,-82.355000,28.044500,-82.355300,apolloshield_dji,dji,,,2414500000,RADAR-A2D2-F3A1,Sensor Tampa Bay / West Florida Coast,120,GREEN,BLUE
1772041271341,A2D2-F3A1,FLT-F3A1-001,28.049995,-82.350540,81.2,12,0,Mavic 3,false,drone_images/Mavic 3.png,28.045000,-82.355000,28.044500,-82.355300,apolloshield_dji,dji,,,2414500000,RADAR-A2D2-F3A1,Sensor Tampa Bay / West Florida Coast,120,GREEN,BLUE
1772041272431,A2D2-F3A1,FLT-F3A1-001,28.049995,-82.350540,81.2,12,0,Mavic 3,false,drone_images/Mavic 3.png,28.045000,-82.355000,28.044500,-82.355300,apolloshield_dji,dji,,,2414500000,RADAR-A2D2-F3A1,Sensor Tampa Bay / West Florida Coast,120,GREEN,BLUE
1772041272647,A2D2-F3A1,FLT-F3A1-001,28.049995,-82.350540,81.2,12,0,Mavic 3,false,drone_images/Mavic 3.png,28.045000,-82.355000,28.044500,-82.355300,apolloshield_dji,dji,,,2414500000,RADAR-A2D2-F3A1,Sensor Tampa Bay / West Florida Coast,120,GREEN,BLUE
1772041273593,A2D2-F3A1,FLT-F3A1-001,28.050001,-82.350540,75.1,0.1,0,Mavic 3,false,drone_images/Mavic 3.png,28.045000,-82.355000,28.044500,-82.355300,apolloshield_dji,dji,,,2414500000,RADAR-A2D2-F3A1,Sensor Tampa Bay / West Florida Coast,120,GREEN,BLUE
1772041274827,A2D2-F3A1,FLT-F3A1-001,28.050001,-82.350540,75.1,0.1,0,Mavic 3,false,drone_images/Mavic 3.png,28.045000,-82.355000,28.044500,-82.355300,apolloshield_dji,dji,,,2414500000,RADAR-A2D2-F3A1,Sensor Tampa Bay / West Florida Coast,120,GREEN,BLUE
1772041275776,A2D2-F3A1,FLT-F3A1-001,28.050001,-82.350540,75.1,0.1,0,Mavic 3,false,drone_images/Mavic 3.png,28.045000,-82.355000,28.044500,-82.355300,apolloshield_dji,dji,,,2414500000,RADAR-A2D2-F3A1,Sensor Tampa Bay / West Florida Coast,120,GREEN,BLUE
1772041276861,A2D2-F3A1,FLT-F3A1-001,28.050001,-82.350540,75.1,0.1,0,Mavic 3,false,drone_images/Mavic 3.png,28.045000,-82.355000,28.044500,-82.355300,apolloshield_dji,dji,,,2414500000,RADAR-A2D2-F3A1,Sensor Tampa Bay / West Florida Coast,120,GREEN,BLUE
1772041278207,A2D2-F3A1,FLT-F3A1-001,28.050001,-82.350540,75.1,0.1,0,Mavic 3,false,drone_images/Mavic 3.png,28.045000,-82.355000,28.044500,-82.355300,apolloshield_dji,dji,,,2414500000,RADAR-A2D2-F3A1,Sensor Tampa Bay / West Florida Coast,120,GREEN,BLUE
1772041278753,A2D2-F3A1,FLT-F3A1-001,28.049995,-82.350540,60,12,0,Mavic 3,false,drone_images/Mavic 3.png,28.045000,-82.355000,28.044500,-82.355300,apolloshield_dji,dji,,,2414500000,RADAR-A2D2-F3A1,Sensor Tampa Bay / West Florida Coast,120,GREEN,BLUE
1772041279894,A2D2-F3A1,FLT-F3A1-001,28.050001,-82.350540,57.1,0.1,0,Mavic 3,false,drone_images/Mavic 3.png,28.045000,-82.355000,28.044500,-82.355300,apolloshield_dji,dji,,,2414500000,RADAR-A2D2-F3A1,Sensor Tampa Bay / West Florida Coast,120,GREEN,BLUE
1772041280781,A2D2-F3A1,FLT-F3A1-001,28.050001,-82.350540,57.1,0.1,0,Mavic 3,false,drone_images/Mavic 3.png,28.045000,-82.355000,28.044500,-82.355300,apolloshield_dji,dji,,,2414500000,RADAR-A2D2-F3A1,Sensor Tampa Bay / West Florida Coast,120,GREEN,BLUE
1772041281983,A2D2-F3A1,FLT-F3A1-001,28.049995,-82.350540,53,0.1,0,Mavic 3,false,drone_images/Mavic 3.png,28.045000,-82.355000,28.044500,-82.355300,apolloshield_dji,dji,,,2414500000,RADAR-A2D2-F3A1,Sensor Tampa Bay / West Florida Coast,120,GREEN,BLUE
1772041282876,A2D2-F3A1,FLT-F3A1-001,28.050001,-82.350540,52.6,12,0,Mavic 3,false,drone_images/Mavic 3.png,28.045000,-82.355000,28.044500,-82.355300,apolloshield_dji,dji,,,2414500000,RADAR-A2D2-F3A1,Sensor Tampa Bay / West Florida Coast,120,GREEN,BLUE
1772041284358,A2D2-F3A1,FLT-F3A1-001,28.050001,-82.350540,52.6,12,0,Mavic 3,false,drone_images/Mavic 3.png,28.045000,-82.355000,28.044500,-82.355300,apolloshield_dji,dji,,,2414500000,RADAR-A2D2-F3A1,Sensor Tampa Bay / West Florida Coast,120,GREEN,BLUE
1772041284807,A2D2-F3A1,FLT-F3A1-001,28.050001,-82.350540,52.6,12,0,Mavic 3,false,drone_images/Mavic 3.png,28.045000,-82.355000,28.044500,-82.355300,apolloshield_dji,dji,,,2414500000,RADAR-A2D2-F3A1,Sensor Tampa Bay / West Florida Coast,120,GREEN,BLUE
1772041285894,A2D2-F3A1,FLT-F3A1-001,28.050001,-82.350540,52.6,12,0,Mavic 3,false,drone_images/Mavic 3.png,28.045000,-82.355000,28.044500,-82.355300,apolloshield_dji,dji,,,2414500000,RADAR-A2D2-F3A1,Sensor Tampa Bay / West Florida Coast,120,GREEN,BLUE
1772041286751,A2D2-F3A1,FLT-F3A1-001,28.050001,-82.350540,52.6,12,0,Mavic 3,false,drone_images/Mavic 3.png,28.045000,-82.355000,28.044500,-82.355300,apolloshield_dji,dji,,,2414500000,RADAR-A2D2-F3A1,Sensor Tampa Bay / West Florida Coast,120,GREEN,BLUE
1772041287852,A2D2-F3A1,FLT-F3A1-001,28.050001,-82.350540,53,12,0,Mavic 3,false,drone_images/Mavic 3.png,28.045000,-82.355000,28.044500,-82.355300,apolloshield_dji,dji,,,2414500000,RADAR-A2D2-F3A1,Sensor Tampa Bay / West Florida Coast,120,GREEN,BLUE
1772041289168,A2D2-F3A1,FLT-F3A1-001,28.050001,-82.350540,53,12,0,Mavic 3,false,drone_images/Mavic 3.png,28.045000,-82.355000,28.044500,-82.355300,apolloshield_dji,dji,,,2414500000,RADAR-A2D2-F3A1,Sensor Tampa Bay / West Florida Coast,120,GREEN,BLUE
1772041289773,A2D2-F3A1,FLT-F3A1-001,28.050001,-82.350540,53,12,0,Mavic 3,false,drone_images/Mavic 3.png,28.045000,-82.355000,28.044500,-82.355300,apolloshield_dji,dji,,,2414500000,RADAR-A2D2-F3A1,Sensor Tampa Bay / West Florida Coast,120,GREEN,BLUE
1772041291086,A2D2-F3A1,FLT-F3A1-001,28.050001,-82.350540,53,12,0,Mavic 3,false,drone_images/Mavic 3.png,28.045000,-82.355000,28.044500,-82.355300,apolloshield_dji,dji,,,2414500000,RADAR-A2D2-F3A1,Sensor Tampa Bay / West Florida Coast,120,GREEN,BLUE
1772041292950,A2D2-F3A1,FLT-F3A1-001,28.050001,-82.350540,52.9,12,0,Mavic 3,false,drone_images/Mavic 3.png,28.045000,-82.355000,28.044500,-82.355300,apolloshield_dji,dji,,,2414500000,RADAR-A2D2-F3A1,Sensor Tampa Bay / West Florida Coast,120,GREEN,BLUE
1772041293094,A2D2-F3A1,FLT-F3A1-001,28.050001,-82.350540,52.7,0.1,0,Mavic 3,false,drone_images/Mavic 3.png,28.045000,-82.355000,28.044500,-82.355300,apolloshield_dji,dji,,,2414500000,RADAR-A2D2-F3A1,Sensor Tampa Bay / West Florida Coast,120,GREEN,BLUE
1772041293957,A2D2-F3A1,FLT-F3A1-001,28.050001,-82.350540,52.9,12,0,Mavic 3,false,drone_images/Mavic 3.png,28.045000,-82.355000,28.044500,-82.355300,apolloshield_dji,dji,,,2414500000,RADAR-A2D2-F3A1,Sensor Tampa Bay / West Florida Coast,120,GREEN,BLUE
1772041295476,A2D2-F3A1,FLT-F3A1-001,28.050001,-82.350540,52.9,12,0,Mavic 3,false,drone_images/Mavic 3.png,28.045000,-82.355000,28.044500,-82.355300,apolloshield_dji,dji,,,2414500000,RADAR-A2D2-F3A1,Sensor Tampa Bay / West Florida Coast,120,GREEN,BLUE
1772041295756,A2D2-F3A1,FLT-F3A1-001,28.050001,-82.350540,52.9,12,0,Mavic 3,false,drone_images/Mavic 3.png,28.045000,-82.355000,28.044500,-82.355300,apolloshield_dji,dji,,,2414500000,RADAR-A2D2-F3A1,Sensor Tampa Bay / West Florida Coast,120,GREEN,BLUE
1772041296877,A2D2-F3A1,FLT-F3A1-001,28.050001,-82.350540,52.9,12,0,Mavic 3,false,drone_images/Mavic 3.png,28.045000,-82.355000,28.044500,-82.355300,apolloshield_dji,dji,,,2414500000,RADAR-A2D2-F3A1,Sensor Tampa Bay / West Florida Coast,120,GREEN,BLUE
1772041297983,A2D2-F3A1,FLT-F3A1-001,28.050001,-82.350540,52.9,12,0,Mavic 3,false,drone_images/Mavic 3.png,28.045000,-82.355000,28.044500,-82.355300,apolloshield_dji,dji,,,2414500000,RADAR-A2D2-F3A1,Sensor Tampa Bay / West Florida Coast,120,GREEN,BLUE
1772041299822,A2D2-F3A1,FLT-F3A1-001,28.050001,-82.350540,52.9,12,0,Mavic 3,false,drone_images/Mavic 3.png,28.045000,-82.355000,28.044500,-82.355300,apolloshield_dji,dji,,,2414500000,RADAR-A2D2-F3A1,Sensor Tampa Bay / West Florida Coast,120,GREEN,BLUE
1772041300729,A2D2-F3A1,FLT-F3A1-001,28.050001,-82.350540,52.9,12,0,Mavic 3,false,drone_images/Mavic 3.png,28.045000,-82.355000,28.044500,-82.355300,apolloshield_dji,dji,,,2414500000,RADAR-A2D2-F3A1,Sensor Tampa Bay / West Florida Coast,120,GREEN,BLUE
1772041302157,A2D2-F3A1,FLT-F3A1-001,28.050001,-82.350540,52.9,12,0,Mavic 3,false,drone_images/Mavic 3.png,28.045000,-82.355000,28.044500,-82.355300,apolloshield_dji,dji,,,2414500000,RADAR-A2D2-F3A1,Sensor Tampa Bay / West Florida Coast,120,GREEN,BLUE
1772041302392,A2D2-F3A1,FLT-F3A1-001,28.050001,-82.350540,52.9,12,0,Mavic 3,false,drone_images/Mavic 3.png,28.045000,-82.355000,28.044500,-82.355300,apolloshield_dji,dji,,,2414500000,RADAR-A2D2-F3A1,Sensor Tampa Bay / West Florida Coast,120,GREEN,BLUE
1772041303123,A2D2-F3A1,FLT-F3A1-001,28.050001,-82.350540,52.9,12,0,Mavic 3,false,drone_images/Mavic 3.png,28.045000,-82.355000,28.044500,-82.355300,apolloshield_dji,dji,,,2414500000,RADAR-A2D2-F3A1,Sensor Tampa Bay / West Florida Coast,120,GREEN,BLUE
1772041303854,A2D2-F3A1,FLT-F3A1-001,28.050001,-82.350540,52.9,12,0,Mavic 3,false,drone_images/Mavic 3.png,28.045000,-82.355000,28.044500,-82.355300,apolloshield_dji,dji,,,2414500000,RADAR-A2D2-F3A1,Sensor Tampa Bay / West Florida Coast,120,GREEN,BLUE
1772041305700,A2D2-F3A1,FLT-F3A1-001,28.050001,-82.350540,52.9,12,0,Mavic 3,false,drone_images/Mavic 3.png,28.045000,-82.355000,28.044500,-82.355300,apolloshield_dji,dji,,,2414500000,RADAR-A2D2-F3A1,Sensor Tampa Bay / West Florida Coast,120,GREEN,BLUE
1772041306079,A2D2-F3A1,FLT-F3A1-001,28.050001,-82.350540,52.9,12,0,Mavic 3,false,drone_images/Mavic 3.png,28.045000,-82.355000,28.044500,-82.355300,apolloshield_dji,dji,,,2414500000,RADAR-A2D2-F3A1,Sensor Tampa Bay / West Florida Coast,120,GREEN,BLUE
1772041307605,A2D2-F3A1,FLT-F3A1-001,28.050001,-82.350540,52.9,12,0,Mavic 3,false,drone_images/Mavic 3.png,28.045000,-82.355000,28.044500,-82.355300,apolloshield_dji,dji,,,2414500000,RADAR-A2D2-F3A1,Sensor Tampa Bay / West Florida Coast,120,GREEN,BLUE
1772041307941,A2D2-F3A1,FLT-F3A1-001,28.050001,-82.350540,52.9,12,0,Mavic 3,false,drone_images/Mavic 3.png,28.045000,-82.355000,28.044500,-82.355300,apolloshield_dji,dji,,,2414500000,RADAR-A2D2-F3A1,Sensor Tampa Bay / West Florida Coast,120,GREEN,BLUE
1772041309429,A2D2-F3A1,FLT-F3A1-001,28.050001,-82.350540,52.9,12,0,Mavic 3,false,drone_images/Mavic 3.png,28.045000,-82.355000,28.044500,-82.355300,apolloshield_dji,dji,,,2414500000,RADAR-A2D2-F3A1,Sensor Tampa Bay / West Florida Coast,120,GREEN,BLUE
1772041309756,A2D2-F3A1,FLT-F3A1-001,28.050001,-82.350540,52.7,12,0,Mavic 3,false,drone_images/Mavic 3.png,28.045000,-82.355000,28.044500,-82.355300,apolloshield_dji,dji,,,2414500000,RADAR-A2D2-F3A1,Sensor Tampa Bay / West Florida Coast,120,GREEN,BLUE
1772041312012,A2D2-F3A1,FLT-F3A1-001,28.050001,-82.350540,52.7,12,0,Mavic 3,false,drone_images/Mavic 3.png,28.045000,-82.355000,28.044500,-82.355300,apolloshield_dji,dji,,,2414500000,RADAR-A2D2-F3A1,Sensor Tampa Bay / West Florida Coast,120,GREEN,BLUE
1772041312427,A2D2-F3A1,FLT-F3A1-001,28.050001,-82.350540,53,12,0,Mavic 3,false,drone_images/Mavic 3.png,28.045000,-82.355000,28.044500,-82.355300,apolloshield_dji,dji,,,2414500000,RADAR-A2D2-F3A1,Sensor Tampa Bay / West Florida Coast,120,GREEN,BLUE
1772041313057,A2D2-F3A1,FLT-F3A1-001,28.050001,-82.350540,53,12,0,Mavic 3,false,drone_images/Mavic 3.png,28.045000,-82.355000,28.044500,-82.355300,apolloshield_dji,dji,,,2414500000,RADAR-A2D2-F3A1,Sensor Tampa Bay / West Florida Coast,120,GREEN,BLUE
1772041313807,A2D2-F3A1,FLT-F3A1-001,28.050001,-82.350540,53,12,0,Mavic 3,false,drone_images/Mavic 3.png,28.045000,-82.355000,28.044500,-82.355300,apolloshield_dji,dji,,,2414500000,RADAR-A2D2-F3A1,Sensor Tampa Bay / West Florida Coast,120,GREEN,BLUE
1772041315911,A2D2-F3A1,FLT-F3A1-001,28.050001,-82.350540,53.3,12,0,Mavic 3,false,drone_images/Mavic 3.png,28.045000,-82.355000,28.044500,-82.355300,apolloshield_dji,dji,,,2414500000,RADAR-A2D2-F3A1,Sensor Tampa Bay / West Florida Coast,120,GREEN,BLUE
1772041316953,A2D2-F3A1,FLT-F3A1-001,28.050001,-82.350540,53.2,12,0,Mavic 3,false,drone_images/Mavic 3.png,28.045000,-82.355000,28.044500,-82.355300,apolloshield_dji,dji,,,2414500000,RADAR-A2D2-F3A1,Sensor Tampa Bay / West Florida Coast,120,GREEN,BLUE
1772041318192,A2D2-F3A1,FLT-F3A1-001,28.050001,-82.350540,53.2,12,0,Mavic 3,false,drone_images/Mavic 3.png,28.045000,-82.355000,28.044500,-82.355300,apolloshield_dji,dji,,,2414500000,RADAR-A2D2-F3A1,Sensor Tampa Bay / West Florida Coast,120,GREEN,BLUE
1772041318578,A2D2-F3A1,FLT-F3A1-001,28.050001,-82.350540,53.2,12,0,Mavic 3,false,drone_images/Mavic 3.png,28.045000,-82.355000,28.044500,-82.355300,apolloshield_dji,dji,,,2414500000,RADAR-A2D2-F3A1,Sensor Tampa Bay / West Florida Coast,120,GREEN,BLUE
1772041319842,A2D2-F3A1,FLT-F3A1-001,28.050001,-82.350540,53.2,12,0,Mavic 3,false,drone_images/Mavic 3.png,28.045000,-82.355000,28.044500,-82.355300,apolloshield_dji,dji,,,2414500000,RADAR-A2D2-F3A1,Sensor Tampa Bay / West Florida Coast,120,GREEN,BLUE
1772041319899,A2D2-F3A1,FLT-F3A1-001,28.050001,-82.350540,53.2,12,0,Mavic 3,false,drone_images/Mavic 3.png,28.045000,-82.355000,28.044500,-82.355300,apolloshield_dji,dji,,,2414500000,RADAR-A2D2-F3A1,Sensor Tampa Bay / West Florida Coast,120,GREEN,BLUE
1772041320985,A2D2-F3A1,FLT-F3A1-001,28.050001,-82.350540,53.2,12,0,Mavic 3,false,drone_images/Mavic 3.png,28.045000,-82.355000,28.044500,-82.355300,apolloshield_dji,dji,,,2414500000,RADAR-A2D2-F3A1,Sensor Tampa Bay / West Florida Coast,120,GREEN,BLUE
1772041321998,A2D2-F3A1,FLT-F3A1-001,28.050001,-82.350540,53.2,12,0,Mavic 3,false,drone_images/Mavic 3.png,28.045000,-82.355000,28.044500,-82.355300,apolloshield_dji,dji,,,2414500000,RADAR-A2D2-F3A1,Sensor Tampa Bay / West Florida Coast,120,GREEN,BLUE
1772041323349,A2D2-F3A1,FLT-F3A1-001,28.050001,-82.350540,53.2,12,0,Mavic 3,false,drone_images/Mavic 3.png,28.045000,-82.355000,28.044500,-82.355300,apolloshield_dji,dji,,,2414500000,RADAR-A2D2-F3A1,Sensor Tampa Bay / West Florida Coast,120,GREEN,BLUE
1772041325041,A2D2-F3A1,FLT-F3A1-001,28.050001,-82.350540,53.2,12,0,Mavic 3,false,drone_images/Mavic 3.png,28.045000,-82.355000,28.044500,-82.355300,apolloshield_dji,dji,,,2414500000,RADAR-A2D2-F3A1,Sensor Tampa Bay / West Florida Coast,120,GREEN,BLUE
1772041326391,A2D2-F3A1,FLT-F3A1-001,28.050001,-82.350540,53.2,12,0,Mavic 3,false,drone_images/Mavic 3.png,28.045000,-82.355000,28.044500,-82.355300,apolloshield_dji,dji,,,2414500000,RADAR-A2D2-F3A1,Sensor Tampa Bay / West Florida Coast,120,GREEN,BLUE
1772041326937,A2D2-F3A1,FLT-F3A1-001,28.050001,-82.350540,53.2,12,0,Mavic 3,false,drone_images/Mavic 3.png,28.045000,-82.355000,28.044500,-82.355300,apolloshield_dji,dji,,,2414500000,RADAR-A2D2-F3A1,Sensor Tampa Bay / West Florida Coast,120,GREEN,BLUE
1772041327333,A2D2-F3A1,FLT-F3A1-001,28.050001,-82.350540,53.2,12,0,Mavic 3,false,drone_images/Mavic 3.png,28.045000,-82.355000,28.044500,-82.355300,apolloshield_dji,dji,,,2414500000,RADAR-A2D2-F3A1,Sensor Tampa Bay / West Florida Coast,120,GREEN,BLUE
1772041329153,A2D2-F3A1,FLT-F3A1-001,28.050001,-82.350540,53.1,12,0,Mavic 3,false,drone_images/Mavic 3.png,28.045000,-82.355000,28.044500,-82.355300,apolloshield_dji,dji,,,2414500000,RADAR-A2D2-F3A1,Sensor Tampa Bay / West Florida Coast,120,GREEN,BLUE
1772041330195,A2D2-F3A1,FLT-F3A1-001,28.050001,-82.350540,53.1,12,0,Mavic 3,false,drone_images/Mavic 3.png,28.045000,-82.355000,28.044500,-82.355300,apolloshield_dji,dji,,,2414500000,RADAR-A2D2-F3A1,Sensor Tampa Bay / West Florida Coast,120,GREEN,BLUE
1772041330703,A2D2-F3A1,FLT-F3A1-001,28.050001,-82.350540,53,0.1,0,Mavic 3,false,drone_images/Mavic 3.png,28.045000,-82.355000,28.044500,-82.355300,apolloshield_dji,dji,,,2414500000,RADAR-A2D2-F3A1,Sensor Tampa Bay / West Florida Coast,120,GREEN,BLUE
1772041331233,A2D2-F3A1,FLT-F3A1-001,28.050001,-82.350540,53,0.1,0,Mavic 3,false,drone_images/Mavic 3.png,28.045000,-82.355000,28.044500,-82.355300,apolloshield_dji,dji,,,2414500000,RADAR-A2D2-F3A1,Sensor Tampa Bay / West Florida Coast,120,GREEN,BLUE
1772041332271,A2D2-F3A1,FLT-F3A1-001,28.050001,-82.350540,53.2,12,0,Mavic 3,false,drone_images/Mavic 3.png,28.045000,-82.355000,28.044500,-82.355300,apolloshield_dji,dji,,,2414500000,RADAR-A2D2-F3A1,Sensor Tampa Bay / West Florida Coast,120,GREEN,BLUE
1772041333344,A2D2-F3A1,FLT-F3A1-001,28.050001,-82.350540,53.2,12,0,Mavic 3,false,drone_images/Mavic 3.png,28.045000,-82.355000,28.044500,-82.355300,apolloshield_dji,dji,,,2414500000,RADAR-A2D2-F3A1,Sensor Tampa Bay / West Florida Coast,120,GREEN,BLUE
1772041334899,A2D2-F3A1,FLT-F3A1-001,28.049995,-82.350540,53.1,0.1,0,Mavic 3,false,drone_images/Mavic 3.png,28.045000,-82.355000,28.044500,-82.355300,apolloshield_dji,dji,,,2414500000,RADAR-A2D2-F3A1,Sensor Tampa Bay / West Florida Coast,120,GREEN,BLUE
1772041334983,A2D2-F3A1,FLT-F3A1-001,28.049995,-82.350540,52.9,12,0,Mavic 3,false,drone_images/Mavic 3.png,28.045000,-82.355000,28.044500,-82.355300,apolloshield_dji,dji,,,2414500000,RADAR-A2D2-F3A1,Sensor Tampa Bay / West Florida Coast,120,GREEN,BLUE
1772041335855,A2D2-F3A1,FLT-F3A1-001,28.049995,-82.350540,53.1,0.1,0,Mavic 3,false,drone_images/Mavic 3.png,28.045000,-82.355000,28.044500,-82.355300,apolloshield_dji,dji,,,2414500000,RADAR-A2D2-F3A1,Sensor Tampa Bay / West Florida Coast,120,GREEN,BLUE
1772041337150,A2D2-F3A1,FLT-F3A1-001,28.049995,-82.350540,53.1,0.1,0,Mavic 3,false,drone_images/Mavic 3.png,28.045000,-82.355000,28.044500,-82.355300,apolloshield_dji,dji,,,2414500000,RADAR-A2D2-F3A1,Sensor Tampa Bay / West Florida Coast,120,GREEN,BLUE
1772041338450,A2D2-F3A1,FLT-F3A1-001,28.049995,-82.350540,53.1,0.1,0,Mavic 3,false,drone_images/Mavic 3.png,28.045000,-82.355000,28.044500,-82.355300,apolloshield_dji,dji,,,2414500000,RADAR-A2D2-F3A1,Sensor Tampa Bay / West Florida Coast,120,GREEN,BLUE
1772041339870,A2D2-F3A1,FLT-F3A1-001,28.049995,-82.350540,53.1,0.1,0,Mavic 3,false,drone_images/Mavic 3.png,28.045000,-82.355000,28.044500,-82.355300,apolloshield_dji,dji,,,2414500000,RADAR-A2D2-F3A1,Sensor Tampa Bay / West Florida Coast,120,GREEN,BLUE
1772041341072,A2D2-F3A1,FLT-F3A1-001,28.049995,-82.350540,53.1,0.1,0,Mavic 3,false,drone_images/Mavic 3.png,28.045000,-82.355000,28.044500,-82.355300,apolloshield_dji,dji,,,2414500000,RADAR-A2D2-F3A1,Sensor Tampa Bay / West Florida Coast,120,GREEN,BLUE
1772041341597,A2D2-F3A1,FLT-F3A1-001,28.049995,-82.350540,53.1,0.1,0,Mavic 3,false,drone_images/Mavic 3.png,28.045000,-82.355000,28.044500,-82.355300,apolloshield_dji,dji,,,2414500000,RADAR-A2D2-F3A1,Sensor Tampa Bay / West Florida Coast,120,GREEN,BLUE
1772041342528,A2D2-F3A1,FLT-F3A1-001,28.049995,-82.350540,53.1,0.1,0,Mavic 3,false,drone_images/Mavic 3.png,28.045000,-82.355000,28.044500,-82.355300,apolloshield_dji,dji,,,2414500000,RADAR-A2D2-F3A1,Sensor Tampa Bay / West Florida Coast,120,GREEN,BLUE
1772041343003,A2D2-F3A1,FLT-F3A1-001,28.049995,-82.350540,53.1,0.1,0,Mavic 3,false,drone_images/Mavic 3.png,28.045000,-82.355000,28.044500,-82.355300,apolloshield_dji,dji,,,2414500000,RADAR-A2D2-F3A1,Sensor Tampa Bay / West Florida Coast,120,GREEN,BLUE
1772041344571,A2D2-F3A1,FLT-F3A1-001,28.049995,-82.350540,53.1,0.1,0,Mavic 3,false,drone_images/Mavic 3.png,28.045000,-82.355000,28.044500,-82.355300,apolloshield_dji,dji,,,2414500000,RADAR-A2D2-F3A1,Sensor Tampa Bay / West Florida Coast,120,GREEN,BLUE
1772041344966,A2D2-F3A1,FLT-F3A1-001,28.049995,-82.350540,53.1,0.1,0,Mavic 3,false,drone_images/Mavic 3.png,28.045000,-82.355000,28.044500,-82.355300,apolloshield_dji,dji,,,2414500000,RADAR-A2D2-F3A1,Sensor Tampa Bay / West Florida Coast,120,GREEN,BLUE
1772041346168,A2D2-F3A1,FLT-F3A1-001,28.050001,-82.350540,52.9,0.1,0,Mavic 3,false,drone_images/Mavic 3.png,28.045000,-82.355000,28.044500,-82.355300,apolloshield_dji,dji,,,2414500000,RADAR-A2D2-F3A1,Sensor Tampa Bay / West Florida Coast,120,GREEN,BLUE
1772041346983,A2D2-F3A1,FLT-F3A1-001,28.050001,-82.350540,52.9,0.1,0,Mavic 3,false,drone_images/Mavic 3.png,28.045000,-82.355000,28.044500,-82.355300,apolloshield_dji,dji,,,2414500000,RADAR-A2D2-F3A1,Sensor Tampa Bay / West Florida Coast,120,GREEN,BLUE
1772041349206,A2D2-F3A1,FLT-F3A1-001,28.050001,-82.350540,52.9,0.1,0,Mavic 3,false,drone_images/Mavic 3.png,28.045000,-82.355000,28.044500,-82.355300,apolloshield_dji,dji,,,2414500000,RADAR-A2D2-F3A1,Sensor Tampa Bay / West Florida Coast,120,GREEN,BLUE
1772041349264,A2D2-F3A1,FLT-F3A1-001,28.050001,-82.350540,52.9,0.1,0,Mavic 3,false,drone_images/Mavic 3.png,28.045000,-82.355000,28.044500,-82.355300,apolloshield_dji,dji,,,2414500000,RADAR-A2D2-F3A1,Sensor Tampa Bay / West Florida Coast,120,GREEN,BLUE
1772041351182,A2D2-F3A1,FLT-F3A1-001,28.050001,-82.350356,52.7,6.7,0,Mavic 3,false,drone_images/Mavic 3.png,28.045000,-82.355000,28.044500,-82.355300,apolloshield_dji,dji,,,2414500000,RADAR-A2D2-F3A1,Sensor Tampa Bay / West Florida Coast,120,GREEN,BLUE
1772041351585,A2D2-F3A1,FLT-F3A1-001,28.050001,-82.350419,53.1,6,0,Mavic 3,false,drone_images/Mavic 3.png,28.045000,-82.355000,28.044500,-82.355300,apolloshield_dji,dji,,,2414500000,RADAR-A2D2-F3A1,Sensor Tampa Bay / West Florida Coast,120,GREEN,BLUE
1772041352329,A2D2-F3A1,FLT-F3A1-001,28.050001,-82.350356,52.7,6.7,0,Mavic 3,false,drone_images/Mavic 3.png,28.045000,-82.355000,28.044500,-82.355300,apolloshield_dji,dji,,,2414500000,RADAR-A2D2-F3A1,Sensor Tampa Bay / West Florida Coast,120,GREEN,BLUE
1772041352913,A2D2-F3A1,FLT-F3A1-001,28.050001,-82.350356,52.7,6.7,0,Mavic 3,false,drone_images/Mavic 3.png,28.045000,-82.355000,28.044500,-82.355300,apolloshield_dji,dji,,,2414500000,RADAR-A2D2-F3A1,Sensor Tampa Bay / West Florida Coast,120,GREEN,BLUE
1772041354185,A2D2-F3A1,FLT-F3A1-001,28.050001,-82.350356,52.7,6.7,0,Mavic 3,false,drone_images/Mavic 3.png,28.045000,-82.355000,28.044500,-82.355300,apolloshield_dji,dji,,,2414500000,RADAR-A2D2-F3A1,Sensor Tampa Bay / West Florida Coast,120,GREEN,BLUE
1772041355126,A2D2-F3A1,FLT-F3A1-001,28.050001,-82.350356,52.7,6.7,0,Mavic 3,false,drone_images/Mavic 3.png,28.045000,-82.355000,28.044500,-82.355300,apolloshield_dji,dji,,,2414500000,RADAR-A2D2-F3A1,Sensor Tampa Bay / West Florida Coast,120,GREEN,BLUE
1772041356009,A2D2-F3A1,FLT-F3A1-001,28.050001,-82.350356,52.7,6.7,0,Mavic 3,false,drone_images/Mavic 3.png,28.045000,-82.355000,28.044500,-82.355300,apolloshield_dji,dji,,,2414500000,RADAR-A2D2-F3A1,Sensor Tampa Bay / West Florida Coast,120,GREEN,BLUE
1772041357178,A2D2-F3A1,FLT-F3A1-001,28.050001,-82.350356,52.7,6.7,0,Mavic 3,false,drone_images/Mavic 3.png,28.045000,-82.355000,28.044500,-82.355300,apolloshield_dji,dji,,,2414500000,RADAR-A2D2-F3A1,Sensor Tampa Bay / West Florida Coast,120,GREEN,BLUE
1772041357972,A2D2-F3A1,FLT-F3A1-001,28.050001,-82.350356,52.7,6.7,0,Mavic 3,false,drone_images/Mavic 3.png,28.045000,-82.355000,28.044500,-82.355300,apolloshield_dji,dji,,,2414500000,RADAR-A2D2-F3A1,Sensor Tampa Bay / West Florida Coast,120,GREEN,BLUE
1772041359453,A2D2-F3A1,FLT-F3A1-001,28.050001,-82.350356,52.7,6.7,0,Mavic 3,false,drone_images/Mavic 3.png,28.045000,-82.355000,28.044500,-82.355300,apolloshield_dji,dji,,,2414500000,RADAR-A2D2-F3A1,Sensor Tampa Bay / West Florida Coast,120,GREEN,BLUE
1772041360283,A2D2-F3A1,FLT-F3A1-001,28.050001,-82.350356,52.7,6.7,0,Mavic 3,false,drone_images/Mavic 3.png,28.045000,-82.355000,28.044500,-82.355300,apolloshield_dji,dji,,,2414500000,RADAR-A2D2-F3A1,Sensor Tampa Bay / West Florida Coast,120,GREEN,BLUE
1772041362043,A2D2-F3A1,FLT-F3A1-001,28.050001,-82.350356,52.7,6.7,0,Mavic 3,false,drone_images/Mavic 3.png,28.045000,-82.355000,28.044500,-82.355300,apolloshield_dji,dji,,,2414500000,RADAR-A2D2-F3A1,Sensor Tampa Bay / West Florida Coast,120,GREEN,BLUE
1772041362406,A2D2-F3A1,FLT-F3A1-001,28.050001,-82.350356,52.7,6.7,0,Mavic 3,false,drone_images/Mavic 3.png,28.045000,-82.355000,28.044500,-82.355300,apolloshield_dji,dji,,,2414500000,RADAR-A2D2-F3A1,Sensor Tampa Bay / West Florida Coast,120,GREEN,BLUE
1772041363278,A2D2-F3A1,FLT-F3A1-001,28.050001,-82.350356,52.7,6.7,0,Mavic 3,false,drone_images/Mavic 3.png,28.045000,-82.355000,28.044500,-82.355300,apolloshield_dji,dji,,,2414500000,RADAR-A2D2-F3A1,Sensor Tampa Bay / West Florida Coast,120,GREEN,BLUE
1772041364014,A2D2-F3A1,FLT-F3A1-001,28.050001,-82.350356,52.7,6.7,0,Mavic 3,false,drone_images/Mavic 3.png,28.045000,-82.355000,28.044500,-82.355300,apolloshield_dji,dji,,,2414500000,RADAR-A2D2-F3A1,Sensor Tampa Bay / West Florida Coast,120,GREEN,BLUE
1772041364973,A2D2-F3A1,FLT-F3A1-001,28.050001,-82.350356,52.7,6.7,0,Mavic 3,false,drone_images/Mavic 3.png,28.045000,-82.355000,28.044500,-82.355300,apolloshield_dji,dji,,,2414500000,RADAR-A2D2-F3A1,Sensor Tampa Bay / West Florida Coast,120,GREEN,BLUE
1772041366152,A2D2-F3A1,FLT-F3A1-001,28.050001,-82.350356,52.7,6.7,0,Mavic 3,false,drone_images/Mavic 3.png,28.045000,-82.355000,28.044500,-82.355300,apolloshield_dji,dji,,,2414500000,RADAR-A2D2-F3A1,Sensor Tampa Bay / West Florida Coast,120,GREEN,BLUE
1772041367093,A2D2-F3A1,FLT-F3A1-001,28.050001,-82.350356,52.7,6.7,0,Mavic 3,false,drone_images/Mavic 3.png,28.045000,-82.355000,28.044500,-82.355300,apolloshield_dji,dji,,,2414500000,RADAR-A2D2-F3A1,Sensor Tampa Bay / West Florida Coast,120,GREEN,BLUE
1772041367978,A2D2-F3A1,FLT-F3A1-001,28.050001,-82.350356,52.7,6.7,0,Mavic 3,false,drone_images/Mavic 3.png,28.045000,-82.355000,28.044500,-82.355300,apolloshield_dji,dji,,,2414500000,RADAR-A2D2-F3A1,Sensor Tampa Bay / West Florida Coast,120,GREEN,BLUE
1772041369776,A2D2-F3A1,FLT-F3A1-001,28.050001,-82.350356,52.7,6.7,0,Mavic 3,false,drone_images/Mavic 3.png,28.045000,-82.355000,28.044500,-82.355300,apolloshield_dji,dji,,,2414500000,RADAR-A2D2-F3A1,Sensor Tampa Bay / West Florida Coast,120,GREEN,BLUE
1772041370543,A2D2-F3A1,FLT-F3A1-001,28.050001,-82.350356,52.7,6.7,0,Mavic 3,false,drone_images/Mavic 3.png,28.045000,-82.355000,28.044500,-82.355300,apolloshield_dji,dji,,,2414500000,RADAR-A2D2-F3A1,Sensor Tampa Bay / West Florida Coast,120,GREEN,BLUE
1772041371628,A2D2-F3A1,FLT-F3A1-001,28.050001,-82.350356,52.7,6.7,0,Mavic 3,false,drone_images/Mavic 3.png,28.045000,-82.355000,28.044500,-82.355300,apolloshield_dji,dji,,,2414500000,RADAR-A2D2-F3A1,Sensor Tampa Bay / West Florida Coast,120,GREEN,BLUE
1772041372135,A2D2-F3A1,FLT-F3A1-001,28.050001,-82.350356,52.7,6.7,0,Mavic 3,false,drone_images/Mavic 3.png,28.045000,-82.355000,28.044500,-82.355300,apolloshield_dji,dji,,,2414500000,RADAR-A2D2-F3A1,Sensor Tampa Bay / West Florida Coast,120,GREEN,BLUE
1772041373206,A2D2-F3A1,FLT-F3A1-001,28.050001,-82.350356,52.7,6.7,0,Mavic 3,false,drone_images/Mavic 3.png,28.045000,-82.355000,28.044500,-82.355300,apolloshield_dji,dji,,,2414500000,RADAR-A2D2-F3A1,Sensor Tampa Bay / West Florida Coast,120,GREEN,BLUE
1772041374304,A2D2-F3A1,FLT-F3A1-001,28.050001,-82.350356,52.7,6.7,0,Mavic 3,false,drone_images/Mavic 3.png,28.045000,-82.355000,28.044500,-82.355300,apolloshield_dji,dji,,,2414500000,RADAR-A2D2-F3A1,Sensor Tampa Bay / West Florida Coast,120,GREEN,BLUE
1772041376202,A2D2-F3A1,FLT-F3A1-001,28.050001,-82.350356,52.7,6.7,0,Mavic 3,false,drone_images/Mavic 3.png,28.045000,-82.355000,28.044500,-82.355300,apolloshield_dji,dji,,,2414500000,RADAR-A2D2-F3A1,Sensor Tampa Bay / West Florida Coast,120,GREEN,BLUE
1772041376330,A2D2-F3A1,FLT-F3A1-001,28.050001,-82.350356,52.7,6.7,0,Mavic 3,false,drone_images/Mavic 3.png,28.045000,-82.355000,28.044500,-82.355300,apolloshield_dji,dji,,,2414500000,RADAR-A2D2-F3A1,Sensor Tampa Bay / West Florida Coast,120,GREEN,BLUE
1772041377272,A2D2-F3A1,FLT-F3A1-001,28.050007,-82.349927,58.1,12,0,Mavic 3,false,drone_images/Mavic 3.png,28.045000,-82.355000,28.044500,-82.355300,apolloshield_dji,dji,,,2414500000,RADAR-A2D2-F3A1,Sensor Tampa Bay / West Florida Coast,120,GREEN,BLUE
1772041378298,A2D2-F3A1,FLT-F3A1-001,28.050007,-82.349927,58.2,12,0,Mavic 3,false,drone_images/Mavic 3.png,28.045000,-82.355000,28.044500,-82.355300,apolloshield_dji,dji,,,2414500000,RADAR-A2D2-F3A1,Sensor Tampa Bay / West Florida Coast,120,GREEN,BLUE
1772041379413,A2D2-F3A1,FLT-F3A1-001,28.050007,-82.349927,58.2,12,0,Mavic 3,false,drone_images/Mavic 3.png,28.045000,-82.355000,28.044500,-82.355300,apolloshield_dji,dji,,,2414500000,RADAR-A2D2-F3A1,Sensor Tampa Bay / West Florida Coast,120,GREEN,BLUE
1772041380790,A2D2-F3A1,FLT-F3A1-001,28.050007,-82.349927,58.2,12,0,Mavic 3,false,drone_images/Mavic 3.png,28.045000,-82.355000,28.044500,-82.355300,apolloshield_dji,dji,,,2414500000,RADAR-A2D2-F3A1,Sensor Tampa Bay / West Florida Coast,120,GREEN,BLUE
1772041381001,A2D2-F3A1,FLT-F3A1-001,28.050007,-82.349927,58.2,12,0,Mavic 3,false,drone_images/Mavic 3.png,28.045000,-82.355000,28.044500,-82.355300,apolloshield_dji,dji,,,2414500000,RADAR-A2D2-F3A1,Sensor Tampa Bay / West Florida Coast,120,GREEN,BLUE
1772041382317,A2D2-F3A1,FLT-F3A1-001,28.050007,-82.349927,58.1,12,0,Mavic 3,false,drone_images/Mavic 3.png,28.045000,-82.355000,28.044500,-82.355300,apolloshield_dji,dji,,,2414500000,RADAR-A2D2-F3A1,Sensor Tampa Bay / West Florida Coast,120,GREEN,BLUE
1772041383320,A2D2-F3A1,FLT-F3A1-001,28.050007,-82.349927,58.1,12,0,Mavic 3,false,drone_images/Mavic 3.png,28.045000,-82.355000,28.044500,-82.355300,apolloshield_dji,dji,,,2414500000,RADAR-A2D2-F3A1,Sensor Tampa Bay / West Florida Coast,120,GREEN,BLUE
1772041383956,A2D2-F3A1,FLT-F3A1-001,28.050007,-82.349927,57.9,12,0,Mavic 3,false,drone_images/Mavic 3.png,28.045000,-82.355000,28.044500,-82.355300,apolloshield_dji,dji,,,2414500000,RADAR-A2D2-F3A1,Sensor Tampa Bay / West Florida Coast,120,GREEN,BLUE
1772041384744,A2D2-F3A1,FLT-F3A1-001,28.050007,-82.349927,57.9,12,0,Mavic 3,false,drone_images/Mavic 3.png,28.045000,-82.355000,28.044500,-82.355300,apolloshield_dji,dji,,,2414500000,RADAR-A2D2-F3A1,Sensor Tampa Bay / West Florida Coast,120,GREEN,BLUE
1772041385906,A2D2-F3A1,FLT-F3A1-001,28.050007,-82.349927,58.2,12,0,Mavic 3,false,drone_images/Mavic 3.png,28.045000,-82.355000,28.044500,-82.355300,apolloshield_dji,dji,,,2414500000,RADAR-A2D2-F3A1,Sensor Tampa Bay / West Florida Coast,120,GREEN,BLUE
1772041387427,A2D2-F3A1,FLT-F3A1-001,28.050007,-82.349927,58.2,12,0,Mavic 3,false,drone_images/Mavic 3.png,28.045000,-82.355000,28.044500,-82.355300,apolloshield_dji,dji,,,2414500000,RADAR-A2D2-F3A1,Sensor Tampa Bay / West Florida Coast,120,GREEN,BLUE
1772041388284,A2D2-F3A1,FLT-F3A1-001,28.050007,-82.349927,58.2,12,0,Mavic 3,false,drone_images/Mavic 3.png,28.045000,-82.355000,28.044500,-82.355300,apolloshield_dji,dji,,,2414500000,RADAR-A2D2-F3A1,Sensor Tampa Bay / West Florida Coast,120,GREEN,BLUE
1772041389828,A2D2-F3A1,FLT-F3A1-001,28.050007,-82.349927,58.2,12,0,Mavic 3,false,drone_images/Mavic 3.png,28.045000,-82.355000,28.044500,-82.355300,apolloshield_dji,dji,,,2414500000,RADAR-A2D2-F3A1,Sensor Tampa Bay / West Florida Coast,120,GREEN,BLUE
1772041390230,A2D2-F3A1,FLT-F3A1-001,28.050007,-82.349927,58.3,0.1,0,Mavic 3,false,drone_images/Mavic 3.png,28.045000,-82.355000,28.044500,-82.355300,apolloshield_dji,dji,,,2414500000,RADAR-A2D2-F3A1,Sensor Tampa Bay / West Florida Coast,120,GREEN,BLUE
1772041391113,A2D2-F3A1,FLT-F3A1-001,28.050007,-82.349927,58.3,0.1,0,Mavic 3,false,drone_images/Mavic 3.png,28.045000,-82.355000,28.044500,-82.355300,apolloshield_dji,dji,,,2414500000,RADAR-A2D2-F3A1,Sensor Tampa Bay / West Florida Coast,120,GREEN,BLUE
1772041394606,A2D2-F3A1,FLT-F3A1-001,28.050007,-82.349927,58.3,0.1,0,Mavic 3,false,drone_images/Mavic 3.png,28.045000,-82.355000,28.044500,-82.355300,apolloshield_dji,dji,,,2414500000,RADAR-A2D2-F3A1,Sensor Tampa Bay / West Florida Coast,120,GREEN,BLUE
1772041394980,A2D2-F3A1,FLT-F3A1-001,28.050007,-82.349927,58.3,0.1,0,Mavic 3,false,drone_images/Mavic 3.png,28.045000,-82.355000,28.044500,-82.355300,apolloshield_dji,dji,,,2414500000,RADAR-A2D2-F3A1,Sensor Tampa Bay / West Florida Coast,120,GREEN,BLUE
1772041395594,A2D2-F3A1,FLT-F3A1-001,28.050007,-82.349927,58.3,0.1,0,Mavic 3,false,drone_images/Mavic 3.png,28.045000,-82.355000,28.044500,-82.355300,apolloshield_dji,dji,,,2414500000,RADAR-A2D2-F3A1,Sensor Tampa Bay / West Florida Coast,120,GREEN,BLUE
1772041395894,A2D2-F3A1,FLT-F3A1-001,28.050007,-82.349927,58.1,12,0,Mavic 3,false,drone_images/Mavic 3.png,28.045000,-82.355000,28.044500,-82.355300,apolloshield_dji,dji,,,2414500000,RADAR-A2D2-F3A1,Sensor Tampa Bay / West Florida Coast,120,GREEN,BLUE
1772041396024,A2D2-F3A1,FLT-F3A1-001,28.050007,-82.349927,58.3,0.1,0,Mavic 3,false,drone_images/Mavic 3.png,28.045000,-82.355000,28.044500,-82.355300,apolloshield_dji,dji,,,2414500000,RADAR-A2D2-F3A1,Sensor Tampa Bay / West Florida Coast,120,GREEN,BLUE
1772041398481,A2D2-F3A1,FLT-F3A1-001,28.050007,-82.349927,58,12,0,Mavic 3,false,drone_images/Mavic 3.png,28.045000,-82.355000,28.044500,-82.355300,apolloshield_dji,dji,,,2414500000,RADAR-A2D2-F3A1,Sensor Tampa Bay / West Florida Coast,120,GREEN,BLUE
1772041399266,A2D2-F3A1,FLT-F3A1-001,28.050007,-82.349927,58,12,0,Mavic 3,false,drone_images/Mavic 3.png,28.045000,-82.355000,28.044500,-82.355300,apolloshield_dji,dji,,,2414500000,RADAR-A2D2-F3A1,Sensor Tampa Bay / West Florida Coast,120,GREEN,BLUE
1772041400516,A2D2-F3A1,FLT-F3A1-001,28.050007,-82.349927,58,12,0,Mavic 3,false,drone_images/Mavic 3.png,28.045000,-82.355000,28.044500,-82.355300,apolloshield_dji,dji,,,2414500000,RADAR-A2D2-F3A1,Sensor Tampa Bay / West Florida Coast,120,GREEN,BLUE
1772041400894,A2D2-F3A1,FLT-F3A1-001,28.050007,-82.349927,58,12,0,Mavic 3,false,drone_images/Mavic 3.png,28.045000,-82.355000,28.044500,-82.355300,apolloshield_dji,dji,,,2414500000,RADAR-A2D2-F3A1,Sensor Tampa Bay / West Florida Coast,120,GREEN,BLUE
1772041402144,A2D2-F3A1,FLT-F3A1-001,28.050007,-82.349927,58.1,12,0,Mavic 3,false,drone_images/Mavic 3.png,28.045000,-82.355000,28.044500,-82.355300,apolloshield_dji,dji,,,2414500000,RADAR-A2D2-F3A1,Sensor Tampa Bay / West Florida Coast,120,GREEN,BLUE
1772041402988,A2D2-F3A1,FLT-F3A1-001,28.050007,-82.349927,58.2,12,0,Mavic 3,false,drone_images/Mavic 3.png,28.045000,-82.355000,28.044500,-82.355300,apolloshield_dji,dji,,,2414500000,RADAR-A2D2-F3A1,Sensor Tampa Bay / West Florida Coast,120,GREEN,BLUE
1772041403983,A2D2-F3A1,FLT-F3A1-001,28.050007,-82.349927,58.1,12,0,Mavic 3,false,drone_images/Mavic 3.png,28.045000,-82.355000,28.044500,-82.355300,apolloshield_dji,dji,,,2414500000,RADAR-A2D2-F3A1,Sensor Tampa Bay / West Florida Coast,120,GREEN,BLUE
1772041404830,A2D2-F3A1,FLT-F3A1-001,28.050007,-82.349927,58.2,12,0,Mavic 3,false,drone_images/Mavic 3.png,28.045000,-82.355000,28.044500,-82.355300,apolloshield_dji,dji,,,2414500000,RADAR-A2D2-F3A1,Sensor Tampa Bay / West Florida Coast,120,GREEN,BLUE
1772041405032,A2D2-F3A1,FLT-F3A1-001,28.050007,-82.349927,58.1,12,0,Mavic 3,false,drone_images/Mavic 3.png,28.045000,-82.355000,28.044500,-82.355300,apolloshield_dji,dji,,,2414500000,RADAR-A2D2-F3A1,Sensor Tampa Bay / West Florida Coast,120,GREEN,BLUE
1772041405988,A2D2-F3A1,FLT-F3A1-001,28.050007,-82.349927,58.2,12,0,Mavic 3,false,drone_images/Mavic 3.png,28.045000,-82.355000,28.044500,-82.355300,apolloshield_dji,dji,,,2414500000,RADAR-A2D2-F3A1,Sensor Tampa Bay / West Florida Coast,120,GREEN,BLUE
1772041408215,A2D2-F3A1,FLT-F3A1-001,28.050007,-82.349927,58.2,12,0,Mavic 3,false,drone_images/Mavic 3.png,28.045000,-82.355000,28.044500,-82.355300,apolloshield_dji,dji,,,2414500000,RADAR-A2D2-F3A1,Sensor Tampa Bay / West Florida Coast,120,GREEN,BLUE
1772041408537,A2D2-F3A1,FLT-F3A1-001,28.050007,-82.349927,58.2,12,0,Mavic 3,false,drone_images/Mavic 3.png,28.045000,-82.355000,28.044500,-82.355300,apolloshield_dji,dji,,,2414500000,RADAR-A2D2-F3A1,Sensor Tampa Bay / West Florida Coast,120,GREEN,BLUE
1772041409226,A2D2-F3A1,FLT-F3A1-001,28.050007,-82.349927,58.2,12,0,Mavic 3,false,drone_images/Mavic 3.png,28.045000,-82.355000,28.044500,-82.355300,apolloshield_dji,dji,,,2414500000,RADAR-A2D2-F3A1,Sensor Tampa Bay / West Florida Coast,120,GREEN,BLUE
1772041409842,A2D2-F3A1,FLT-F3A1-001,28.050007,-82.349927,58.2,12,0,Mavic 3,false,drone_images/Mavic 3.png,28.045000,-82.355000,28.044500,-82.355300,apolloshield_dji,dji,,,2414500000,RADAR-A2D2-F3A1,Sensor Tampa Bay / West Florida Coast,120,GREEN,BLUE
1772041410977,A2D2-F3A1,FLT-F3A1-001,28.050007,-82.349927,58.2,12,0,Mavic 3,false,drone_images/Mavic 3.png,28.045000,-82.355000,28.044500,-82.355300,apolloshield_dji,dji,,,2414500000,RADAR-A2D2-F3A1,Sensor Tampa Bay / West Florida Coast,120,GREEN,BLUE
1772041411993,A2D2-F3A1,FLT-F3A1-001,28.050007,-82.349927,58.2,12,0,Mavic 3,false,drone_images/Mavic 3.png,28.045000,-82.355000,28.044500,-82.355300,apolloshield_dji,dji,,,2414500000,RADAR-A2D2-F3A1,Sensor Tampa Bay / West Florida Coast,120,GREEN,BLUE
1772041412927,A2D2-F3A1,FLT-F3A1-001,28.050007,-82.349927,58.2,12,0,Mavic 3,false,drone_images/Mavic 3.png,28.045000,-82.355000,28.044500,-82.355300,apolloshield_dji,dji,,,2414500000,RADAR-A2D2-F3A1,Sensor Tampa Bay / West Florida Coast,120,GREEN,BLUE
1772041414572,A2D2-F3A1,FLT-F3A1-001,28.050007,-82.349927,58.2,12,0,Mavic 3,false,drone_images/Mavic 3.png,28.045000,-82.355000,28.044500,-82.355300,apolloshield_dji,dji,,,2414500000,RADAR-A2D2-F3A1,Sensor Tampa Bay / West Florida Coast,120,GREEN,BLUE
1772041415108,A2D2-F3A1,FLT-F3A1-001,28.050007,-82.349927,58.2,12,0,Mavic 3,false,drone_images/Mavic 3.png,28.045000,-82.355000,28.044500,-82.355300,apolloshield_dji,dji,,,2414500000,RADAR-A2D2-F3A1,Sensor Tampa Bay / West Florida Coast,120,GREEN,BLUE
1772041416098,A2D2-F3A1,FLT-F3A1-001,28.050007,-82.349927,58.2,12,0,Mavic 3,false,drone_images/Mavic 3.png,28.045000,-82.355000,28.044500,-82.355300,apolloshield_dji,dji,,,2414500000,RADAR-A2D2-F3A1,Sensor Tampa Bay / West Florida Coast,120,GREEN,BLUE
1772041417276,A2D2-F3A1,FLT-F3A1-001,28.050007,-82.349921,58.2,12,0,Mavic 3,false,drone_images/Mavic 3.png,28.045000,-82.355000,28.044500,-82.355300,apolloshield_dji,dji,,,2414500000,RADAR-A2D2-F3A1,Sensor Tampa Bay / West Florida Coast,120,GREEN,BLUE
1772041418878,A2D2-F3A1,FLT-F3A1-001,28.050007,-82.349927,58.1,12,0,Mavic 3,false,drone_images/Mavic 3.png,28.045000,-82.355000,28.044500,-82.355300,apolloshield_dji,dji,,,2414500000,RADAR-A2D2-F3A1,Sensor Tampa Bay / West Florida Coast,120,GREEN,BLUE
1772041419615,A2D2-F3A1,FLT-F3A1-001,28.050007,-82.349927,58.1,12,0,Mavic 3,false,drone_images/Mavic 3.png,28.045000,-82.355000,28.044500,-82.355300,apolloshield_dji,dji,,,2414500000,RADAR-A2D2-F3A1,Sensor Tampa Bay / West Florida Coast,120,GREEN,BLUE
1772041420808,A2D2-F3A1,FLT-F3A1-001,28.050007,-82.349927,58.1,12,0,Mavic 3,false,drone_images/Mavic 3.png,28.045000,-82.355000,28.044500,-82.355300,apolloshield_dji,dji,,,2414500000,RADAR-A2D2-F3A1,Sensor Tampa Bay / West Florida Coast,120,GREEN,BLUE
1772041421335,A2D2-F3A1,FLT-F3A1-001,28.050007,-82.349927,58.2,12,0,Mavic 3,false,drone_images/Mavic 3.png,28.045000,-82.355000,28.044500,-82.355300,apolloshield_dji,dji,,,2414500000,RADAR-A2D2-F3A1,Sensor Tampa Bay / West Florida Coast,120,GREEN,BLUE
1772041422339,A2D2-F3A1,FLT-F3A1-001,28.050007,-82.349927,58.2,12,0,Mavic 3,false,drone_images/Mavic 3.png,28.045000,-82.355000,28.044500,-82.355300,apolloshield_dji,dji,,,2414500000,RADAR-A2D2-F3A1,Sensor Tampa Bay / West Florida Coast,120,GREEN,BLUE
1772041422952,A2D2-F3A1,FLT-F3A1-001,28.050007,-82.349927,58.2,12,0,Mavic 3,false,drone_images/Mavic 3.png,28.045000,-82.355000,28.044500,-82.355300,apolloshield_dji,dji,,,2414500000,RADAR-A2D2-F3A1,Sensor Tampa Bay / West Florida Coast,120,GREEN,BLUE
1772041424955,A2D2-F3A1,FLT-F3A1-001,28.050007,-82.349927,58.2,12,0,Mavic 3,false,drone_images/Mavic 3.png,28.045000,-82.355000,28.044500,-82.355300,apolloshield_dji,dji,,,2414500000,RADAR-A2D2-F3A1,Sensor Tampa Bay / West Florida Coast,120,GREEN,BLUE
1772041425252,A2D2-F3A1,FLT-F3A1-001,28.050007,-82.349927,58.1,12,0,Mavic 3,false,drone_images/Mavic 3.png,28.045000,-82.355000,28.044500,-82.355300,apolloshield_dji,dji,,,2414500000,RADAR-A2D2-F3A1,Sensor Tampa Bay / West Florida Coast,120,GREEN,BLUE
1772041426016,A2D2-F3A1,FLT-F3A1-001,28.050007,-82.349927,58.2,12,0,Mavic 3,false,drone_images/Mavic 3.png,28.045000,-82.355000,28.044500,-82.355300,apolloshield_dji,dji,,,2414500000,RADAR-A2D2-F3A1,Sensor Tampa Bay / West Florida Coast,120,GREEN,BLUE
1772041427362,A2D2-F3A1,FLT-F3A1-001,28.050007,-82.349927,58.2,12,0,Mavic 3,false,drone_images/Mavic 3.png,28.045000,-82.355000,28.044500,-82.355300,apolloshield_dji,dji,,,2414500000,RADAR-A2D2-F3A1,Sensor Tampa Bay / West Florida Coast,120,GREEN,BLUE
1772041428141,A2D2-F3A1,FLT-F3A1-001,28.050007,-82.349927,58.2,12,0,Mavic 3,false,drone_images/Mavic 3.png,28.045000,-82.355000,28.044500,-82.355300,apolloshield_dji,dji,,,2414500000,RADAR-A2D2-F3A1,Sensor Tampa Bay / West Florida Coast,120,GREEN,BLUE
1772041429305,A2D2-F3A1,FLT-F3A1-001,28.050007,-82.349927,58.2,12,0,Mavic 3,false,drone_images/Mavic 3.png,28.045000,-82.355000,28.044500,-82.355300,apolloshield_dji,dji,,,2414500000,RADAR-A2D2-F3A1,Sensor Tampa Bay / West Florida Coast,120,GREEN,BLUE
1772041430466,A2D2-F3A1,FLT-F3A1-001,28.050007,-82.349927,58.2,12,0,Mavic 3,false,drone_images/Mavic 3.png,28.045000,-82.355000,28.044500,-82.355300,apolloshield_dji,dji,,,2414500000,RADAR-A2D2-F3A1,Sensor Tampa Bay / West Florida Coast,120,GREEN,BLUE
1772041431108,A2D2-F3A1,FLT-F3A1-001,28.050007,-82.349927,58.2,12,0,Mavic 3,false,drone_images/Mavic 3.png,28.045000,-82.355000,28.044500,-82.355300,apolloshield_dji,dji,,,2414500000,RADAR-A2D2-F3A1,Sensor Tampa Bay / West Florida Coast,120,GREEN,BLUE
1772041432143,A2D2-F3A1,FLT-F3A1-001,28.050007,-82.349927,58.2,12,0,Mavic 3,false,drone_images/Mavic 3.png,28.045000,-82.355000,28.044500,-82.355300,apolloshield_dji,dji,,,2414500000,RADAR-A2D2-F3A1,Sensor Tampa Bay / West Florida Coast,120,GREEN,BLUE
1772041433757,A2D2-F3A1,FLT-F3A1-001,28.050007,-82.349927,58.2,12,0,Mavic 3,false,drone_images/Mavic 3.png,28.045000,-82.355000,28.044500,-82.355300,apolloshield_dji,dji,,,2414500000,RADAR-A2D2-F3A1,Sensor Tampa Bay / West Florida Coast,120,GREEN,BLUE
1772041433935,A2D2-F3A1,FLT-F3A1-001,28.050007,-82.349927,58.2,12,0,Mavic 3,false,drone_images/Mavic 3.png,28.045000,-82.355000,28.044500,-82.355300,apolloshield_dji,dji,,,2414500000,RADAR-A2D2-F3A1,Sensor Tampa Bay / West Florida Coast,120,GREEN,BLUE
1772041435169,A2D2-F3A1,FLT-F3A1-001,28.050007,-82.349927,58.2,12,0,Mavic 3,false,drone_images/Mavic 3.png,28.045000,-82.355000,28.044500,-82.355300,apolloshield_dji,dji,,,2414500000,RADAR-A2D2-F3A1,Sensor Tampa Bay / West Florida Coast,120,GREEN,BLUE
1772041436151,A2D2-F3A1,FLT-F3A1-001,28.050007,-82.349927,58.2,12,0,Mavic 3,false,drone_images/Mavic 3.png,28.045000,-82.355000,28.044500,-82.355300,apolloshield_dji,dji,,,2414500000,RADAR-A2D2-F3A1,Sensor Tampa Bay / West Florida Coast,120,GREEN,BLUE
1772041437281,A2D2-F3A1,FLT-F3A1-001,28.050007,-82.349927,58.2,12,0,Mavic 3,false,drone_images/Mavic 3.png,28.045000,-82.355000,28.044500,-82.355300,apolloshield_dji,dji,,,2414500000,RADAR-A2D2-F3A1,Sensor Tampa Bay / West Florida Coast,120,GREEN,BLUE
1772041439108,A2D2-F3A1,FLT-F3A1-001,28.050007,-82.349927,58.2,12,0,Mavic 3,false,drone_images/Mavic 3.png,28.045000,-82.355000,28.044500,-82.355300,apolloshield_dji,dji,,,2414500000,RADAR-A2D2-F3A1,Sensor Tampa Bay / West Florida Coast,120,GREEN,BLUE
1772041439528,A2D2-F3A1,FLT-F3A1-001,28.050007,-82.349927,58.2,12,0,Mavic 3,false,drone_images/Mavic 3.png,28.045000,-82.355000,28.044500,-82.355300,apolloshield_dji,dji,,,2414500000,RADAR-A2D2-F3A1,Sensor Tampa Bay / West Florida Coast,120,GREEN,BLUE
1772041440332,A2D2-F3A1,FLT-F3A1-001,28.050007,-82.349927,58.2,12,0,Mavic 3,false,drone_images/Mavic 3.png,28.045000,-82.355000,28.044500,-82.355300,apolloshield_dji,dji,,,2414500000,RADAR-A2D2-F3A1,Sensor Tampa Bay / West Florida Coast,120,GREEN,BLUE
1772041441552,A2D2-F3A1,FLT-F3A1-001,28.050007,-82.349927,58.2,12,0,Mavic 3,false,drone_images/Mavic 3.png,28.045000,-82.355000,28.044500,-82.355300,apolloshield_dji,dji,,,2414500000,RADAR-A2D2-F3A1,Sensor Tampa Bay / West Florida Coast,120,GREEN,BLUE
1772041442123,A2D2-F3A1,FLT-F3A1-001,28.050007,-82.349927,58.2,12,0,Mavic 3,false,drone_images/Mavic 3.png,28.045000,-82.355000,28.044500,-82.355300,apolloshield_dji,dji,,,2414500000,RADAR-A2D2-F3A1,Sensor Tampa Bay / West Florida Coast,120,GREEN,BLUE
1772041443409,A2D2-F3A1,FLT-F3A1-001,28.050007,-82.349927,58.2,12,0,Mavic 3,false,drone_images/Mavic 3.png,28.045000,-82.355000,28.044500,-82.355300,apolloshield_dji,dji,,,2414500000,RADAR-A2D2-F3A1,Sensor Tampa Bay / West Florida Coast,120,GREEN,BLUE
1772041444730,A2D2-F3A1,FLT-F3A1-001,28.050007,-82.349927,58.2,12,0,Mavic 3,false,drone_images/Mavic 3.png,28.045000,-82.355000,28.044500,-82.355300,apolloshield_dji,dji,,,2414500000,RADAR-A2D2-F3A1,Sensor Tampa Bay / West Florida Coast,120,GREEN,BLUE
1772041445186,A2D2-F3A1,FLT-F3A1-001,28.050007,-82.349927,58.2,12,0,Mavic 3,false,drone_images/Mavic 3.png,28.045000,-82.355000,28.044500,-82.355300,apolloshield_dji,dji,,,2414500000,RADAR-A2D2-F3A1,Sensor Tampa Bay / West Florida Coast,120,GREEN,BLUE
1772041446449,A2D2-F3A1,FLT-F3A1-001,28.050007,-82.349927,58.2,12,0,Mavic 3,false,drone_images/Mavic 3.png,28.045000,-82.355000,28.044500,-82.355300,apolloshield_dji,dji,,,2414500000,RADAR-A2D2-F3A1,Sensor Tampa Bay / West Florida Coast,120,GREEN,BLUE
1772041448163,A2D2-F3A1,FLT-F3A1-001,28.050007,-82.349927,58.2,12,0,Mavic 3,false,drone_images/Mavic 3.png,28.045000,-82.355000,28.044500,-82.355300,apolloshield_dji,dji,,,2414500000,RADAR-A2D2-F3A1,Sensor Tampa Bay / West Florida Coast,120,GREEN,BLUE
1772041449072,A2D2-F3A1,FLT-F3A1-001,28.050007,-82.349927,58.2,12,0,Mavic 3,false,drone_images/Mavic 3.png,28.045000,-82.355000,28.044500,-82.355300,apolloshield_dji,dji,,,2414500000,RADAR-A2D2-F3A1,Sensor Tampa Bay / West Florida Coast,120,GREEN,BLUE
1772041449849,A2D2-F3A1,FLT-F3A1-001,28.050007,-82.349927,58.2,12,0,Mavic 3,false,drone_images/Mavic 3.png,28.045000,-82.355000,28.044500,-82.355300,apolloshield_dji,dji,,,2414500000,RADAR-A2D2-F3A1,Sensor Tampa Bay / West Florida Coast,120,GREEN,BLUE
1772041451492,A2D2-F3A1,FLT-F3A1-001,28.050007,-82.349927,58.2,12,0,Mavic 3,false,drone_images/Mavic 3.png,28.045000,-82.355000,28.044500,-82.355300,apolloshield_dji,dji,,,2414500000,RADAR-A2D2-F3A1,Sensor Tampa Bay / West Florida Coast,120,GREEN,BLUE
1772041452321,A2D2-F3A1,FLT-F3A1-001,28.050007,-82.349927,58.2,12,0,Mavic 3,false,drone_images/Mavic 3.png,28.045000,-82.355000,28.044500,-82.355300,apolloshield_dji,dji,,,2414500000,RADAR-A2D2-F3A1,Sensor Tampa Bay / West Florida Coast,120,GREEN,BLUE
1772041452439,A2D2-F3A1,FLT-F3A1-001,28.050007,-82.349927,58.2,12,0,Mavic 3,false,drone_images/Mavic 3.png,28.045000,-82.355000,28.044500,-82.355300,apolloshield_dji,dji,,,2414500000,RADAR-A2D2-F3A1,Sensor Tampa Bay / West Florida Coast,120,GREEN,BLUE
1772041453368,A2D2-F3A1,FLT-F3A1-001,28.050007,-82.349927,58.2,12,0,Mavic 3,false,drone_images/Mavic 3.png,28.045000,-82.355000,28.044500,-82.355300,apolloshield_dji,dji,,,2414500000,RADAR-A2D2-F3A1,Sensor Tampa Bay / West Florida Coast,120,GREEN,BLUE
1772041454363,A2D2-F3A1,FLT-F3A1-001,28.050007,-82.349927,58.2,12,0,Mavic 3,false,drone_images/Mavic 3.png,28.045000,-82.355000,28.044500,-82.355300,apolloshield_dji,dji,,,2414500000,RADAR-A2D2-F3A1,Sensor Tampa Bay / West Florida Coast,120,GREEN,BLUE
1772041455635,A2D2-F3A1,FLT-F3A1-001,28.050007,-82.349927,58.2,12,0,Mavic 3,false,drone_images/Mavic 3.png,28.045000,-82.355000,28.044500,-82.355300,apolloshield_dji,dji,,,2414500000,RADAR-A2D2-F3A1,Sensor Tampa Bay / West Florida Coast,120,GREEN,BLUE
1772041456614,A2D2-F3A1,FLT-F3A1-001,28.050007,-82.349927,58,0.1,0,Mavic 3,false,drone_images/Mavic 3.png,28.045000,-82.355000,28.044500,-82.355300,apolloshield_dji,dji,,,2414500000,RADAR-A2D2-F3A1,Sensor Tampa Bay / West Florida Coast,120,GREEN,BLUE
1772041457612,A2D2-F3A1,FLT-F3A1-001,28.050007,-82.349927,58.1,0.1,0,Mavic 3,false,drone_images/Mavic 3.png,28.045000,-82.355000,28.044500,-82.355300,apolloshield_dji,dji,,,2414500000,RADAR-A2D2-F3A1,Sensor Tampa Bay / West Florida Coast,120,GREEN,BLUE
1772041457879,A2D2-F3A1,FLT-F3A1-001,28.050007,-82.349927,58.1,0.1,0,Mavic 3,false,drone_images/Mavic 3.png,28.045000,-82.355000,28.044500,-82.355300,apolloshield_dji,dji,,,2414500000,RADAR-A2D2-F3A1,Sensor Tampa Bay / West Florida Coast,120,GREEN,BLUE
1772041459314,A2D2-F3A1,FLT-F3A1-001,28.050007,-82.349927,58.3,0.1,0,Mavic 3,false,drone_images/Mavic 3.png,28.045000,-82.355000,28.044500,-82.355300,apolloshield_dji,dji,,,2414500000,RADAR-A2D2-F3A1,Sensor Tampa Bay / West Florida Coast,120,GREEN,BLUE
1772041461381,A2D2-F3A1,FLT-F3A1-001,28.050007,-82.349927,58.1,0.1,0,Mavic 3,false,drone_images/Mavic 3.png,28.045000,-82.355000,28.044500,-82.355300,apolloshield_dji,dji,,,2414500000,RADAR-A2D2-F3A1,Sensor Tampa Bay / West Florida Coast,120,GREEN,BLUE
1772041461527,A2D2-F3A1,FLT-F3A1-001,28.050007,-82.349927,58.1,0.1,0,Mavic 3,false,drone_images/Mavic 3.png,28.045000,-82.355000,28.044500,-82.355300,apolloshield_dji,dji,,,2414500000,RADAR-A2D2-F3A1,Sensor Tampa Bay / West Florida Coast,120,GREEN,BLUE
1772041462265,A2D2-F3A1,FLT-F3A1-001,28.050007,-82.349927,58,0.1,0,Mavic 3,false,drone_images/Mavic 3.png,28.045000,-82.355000,28.044500,-82.355300,apolloshield_dji,dji,,,2414500000,RADAR-A2D2-F3A1,Sensor Tampa Bay / West Florida Coast,120,GREEN,BLUE
1772041463636,A2D2-F3A1,FLT-F3A1-001,28.050007,-82.349927,58.3,12,0,Mavic 3,false,drone_images/Mavic 3.png,28.045000,-82.355000,28.044500,-82.355300,apolloshield_dji,dji,,,2414500000,RADAR-A2D2-F3A1,Sensor Tampa Bay / West Florida Coast,120,GREEN,BLUE
1772041463890,A2D2-F3A1,FLT-F3A1-001,28.050007,-82.349927,58.3,12,0,Mavic 3,false,drone_images/Mavic 3.png,28.045000,-82.355000,28.044500,-82.355300,apolloshield_dji,dji,,,2414500000,RADAR-A2D2-F3A1,Sensor Tampa Bay / West Florida Coast,120,GREEN,BLUE
1772041464968,A2D2-F3A1,FLT-F3A1-001,28.050001,-82.349927,58.1,0.1,0,Mavic 3,false,drone_images/Mavic 3.png,28.045000,-82.355000,28.044500,-82.355300,apolloshield_dji,dji,,,2414500000,RADAR-A2D2-F3A1,Sensor Tampa Bay / West Florida Coast,120,GREEN,BLUE
1772041466695,A2D2-F3A1,FLT-F3A1-001,28.050001,-82.349927,58.1,0.1,0,Mavic 3,false,drone_images/Mavic 3.png,28.045000,-82.355000,28.044500,-82.355300,apolloshield_dji,dji,,,2414500000,RADAR-A2D2-F3A1,Sensor Tampa Bay / West Florida Coast,120,GREEN,BLUE
1772041467119,A2D2-F3A1,FLT-F3A1-001,28.050001,-82.349927,58.1,0.1,0,Mavic 3,false,drone_images/Mavic 3.png,28.045000,-82.355000,28.044500,-82.355300,apolloshield_dji,dji,,,2414500000,RADAR-A2D2-F3A1,Sensor Tampa Bay / West Florida Coast,120,GREEN,BLUE
1772041468063,A2D2-F3A1,FLT-F3A1-001,28.050001,-82.349927,58.2,0.1,0,Mavic 3,false,drone_images/Mavic 3.png,28.045000,-82.355000,28.044500,-82.355300,apolloshield_dji,dji,,,2414500000,RADAR-A2D2-F3A1,Sensor Tampa Bay / West Florida Coast,120,GREEN,BLUE
1772041469089,A2D2-F3A1,FLT-F3A1-001,28.050001,-82.349927,58.2,0.1,0,Mavic 3,false,drone_images/Mavic 3.png,28.045000,-82.355000,28.044500,-82.355300,apolloshield_dji,dji,,,2414500000,RADAR-A2D2-F3A1,Sensor Tampa Bay / West Florida Coast,120,GREEN,BLUE
1772041469908,A2D2-F3A1,FLT-F3A1-001,28.050001,-82.349927,58.2,0.1,0,Mavic 3,false,drone_images/Mavic 3.png,28.045000,-82.355000,28.044500,-82.355300,apolloshield_dji,dji,,,2414500000,RADAR-A2D2-F3A1,Sensor Tampa Bay / West Florida Coast,120,GREEN,BLUE
1772041471090,A2D2-F3A1,FLT-F3A1-001,28.050001,-82.349927,58.2,0.1,0,Mavic 3,false,drone_images/Mavic 3.png,28.045000,-82.355000,28.044500,-82.355300,apolloshield_dji,dji,,,2414500000,RADAR-A2D2-F3A1,Sensor Tampa Bay / West Florida Coast,120,GREEN,BLUE
1772041473012,A2D2-F3A1,FLT-F3A1-001,28.050001,-82.349927,58.2,0.1,0,Mavic 3,false,drone_images/Mavic 3.png,28.045000,-82.355000,28.044500,-82.355300,apolloshield_dji,dji,,,2414500000,RADAR-A2D2-F3A1,Sensor Tampa Bay / West Florida Coast,120,GREEN,BLUE
1772041473186,A2D2-F3A1,FLT-F3A1-001,28.050001,-82.349927,58.1,0.1,0,Mavic 3,false,drone_images/Mavic 3.png,28.045000,-82.355000,28.044500,-82.355300,apolloshield_dji,dji,,,2414500000,RADAR-A2D2-F3A1,Sensor Tampa Bay / West Florida Coast,120,GREEN,BLUE
1772041474407,A2D2-F3A1,FLT-F3A1-001,28.050001,-82.349927,58.1,0.1,0,Mavic 3,false,drone_images/Mavic 3.png,28.045000,-82.355000,28.044500,-82.355300,apolloshield_dji,dji,,,2414500000,RADAR-A2D2-F3A1,Sensor Tampa Bay / West Florida Coast,120,GREEN,BLUE
1772041475893,A2D2-F3A1,FLT-F3A1-001,28.050001,-82.349927,58.1,0.1,0,Mavic 3,false,drone_images/Mavic 3.png,28.045000,-82.355000,28.044500,-82.355300,apolloshield_dji,dji,,,2414500000,RADAR-A2D2-F3A1,Sensor Tampa Bay / West Florida Coast,120,GREEN,BLUE
1772041475996,A2D2-F3A1,FLT-F3A1-001,28.050001,-82.349927,58.3,12,0,Mavic 3,false,drone_images/Mavic 3.png,28.045000,-82.355000,28.044500,-82.355300,apolloshield_dji,dji,,,2414500000,RADAR-A2D2-F3A1,Sensor Tampa Bay / West Florida Coast,120,GREEN,BLUE
1772041477252,A2D2-F3A1,FLT-F3A1-001,28.050001,-82.349927,58.3,12,0,Mavic 3,false,drone_images/Mavic 3.png,28.045000,-82.355000,28.044500,-82.355300,apolloshield_dji,dji,,,2414500000,RADAR-A2D2-F3A1,Sensor Tampa Bay / West Florida Coast,120,GREEN,BLUE
1772041478428,A2D2-F3A1,FLT-F3A1-001,28.050001,-82.349927,58.3,12,0,Mavic 3,false,drone_images/Mavic 3.png,28.045000,-82.355000,28.044500,-82.355300,apolloshield_dji,dji,,,2414500000,RADAR-A2D2-F3A1,Sensor Tampa Bay / West Florida Coast,120,GREEN,BLUE
1772041479009,A2D2-F3A1,FLT-F3A1-001,28.050001,-82.349927,58.3,12,0,Mavic 3,false,drone_images/Mavic 3.png,28.045000,-82.355000,28.044500,-82.355300,apolloshield_dji,dji,,,2414500000,RADAR-A2D2-F3A1,Sensor Tampa Bay / West Florida Coast,120,GREEN,BLUE
1772041480563,A2D2-F3A1,FLT-F3A1-001,28.050001,-82.349927,58.4,0.1,0,Mavic 3,false,drone_images/Mavic 3.png,28.045000,-82.355000,28.044500,-82.355300,apolloshield_dji,dji,,,2414500000,RADAR-A2D2-F3A1,Sensor Tampa Bay / West Florida Coast,120,GREEN,BLUE
1772041481058,A2D2-F3A1,FLT-F3A1-001,28.050001,-82.349927,58.4,0.1,0,Mavic 3,false,drone_images/Mavic 3.png,28.045000,-82.355000,28.044500,-82.355300,apolloshield_dji,dji,,,2414500000,RADAR-A2D2-F3A1,Sensor Tampa Bay / West Florida Coast,120,GREEN,BLUE
1772041481900,A2D2-F3A1,FLT-F3A1-001,28.050001,-82.349927,58.4,0.1,0,Mavic 3,false,drone_images/Mavic 3.png,28.045000,-82.355000,28.044500,-82.355300,apolloshield_dji,dji,,,2414500000,RADAR-A2D2-F3A1,Sensor Tampa Bay / West Florida Coast,120,GREEN,BLUE
1772041482837,A2D2-F3A1,FLT-F3A1-001,28.050001,-82.349927,58.4,0.1,0,Mavic 3,false,drone_images/Mavic 3.png,28.045000,-82.355000,28.044500,-82.355300,apolloshield_dji,dji,,,2414500000,RADAR-A2D2-F3A1,Sensor Tampa Bay / West Florida Coast,120,GREEN,BLUE
1772041484196,A2D2-F3A1,FLT-F3A1-001,28.050001,-82.349927,57.9,0.1,0,Mavic 3,false,drone_images/Mavic 3.png,28.045000,-82.355000,28.044500,-82.355300,apolloshield_dji,dji,,,2414500000,RADAR-A2D2-F3A1,Sensor Tampa Bay / West Florida Coast,120,GREEN,BLUE
1772041484733,A2D2-F3A1,FLT-F3A1-001,28.050001,-82.349927,57.8,0.1,0,Mavic 3,false,drone_images/Mavic 3.png,28.045000,-82.355000,28.044500,-82.355300,apolloshield_dji,dji,,,2414500000,RADAR-A2D2-F3A1,Sensor Tampa Bay / West Florida Coast,120,GREEN,BLUE
1772041485960,A2D2-F3A1,FLT-F3A1-001,28.050001,-82.349927,58,12,0,Mavic 3,false,drone_images/Mavic 3.png,28.045000,-82.355000,28.044500,-82.355300,apolloshield_dji,dji,,,2414500000,RADAR-A2D2-F3A1,Sensor Tampa Bay / West Florida Coast,120,GREEN,BLUE
1772041487341,A2D2-F3A1,FLT-F3A1-001,28.050001,-82.349927,58,12,0,Mavic 3,false,drone_images/Mavic 3.png,28.045000,-82.355000,28.044500,-82.355300,apolloshield_dji,dji,,,2414500000,RADAR-A2D2-F3A1,Sensor Tampa Bay / West Florida Coast,120,GREEN,BLUE
1772041488086,A2D2-F3A1,FLT-F3A1-001,28.050001,-82.349927,58,12,0,Mavic 3,false,drone_images/Mavic 3.png,28.045000,-82.355000,28.044500,-82.355300,apolloshield_dji,dji,,,2414500000,RADAR-A2D2-F3A1,Sensor Tampa Bay / West Florida Coast,120,GREEN,BLUE
1772041488763,A2D2-F3A1,FLT-F3A1-001,28.050001,-82.349927,58,12,0,Mavic 3,false,drone_images/Mavic 3.png,28.045000,-82.355000,28.044500,-82.355300,apolloshield_dji,dji,,,2414500000,RADAR-A2D2-F3A1,Sensor Tampa Bay / West Florida Coast,120,GREEN,BLUE
1772041490297,A2D2-F3A1,FLT-F3A1-001,28.050001,-82.349927,58,12,0,Mavic 3,false,drone_images/Mavic 3.png,28.045000,-82.355000,28.044500,-82.355300,apolloshield_dji,dji,,,2414500000,RADAR-A2D2-F3A1,Sensor Tampa Bay / West Florida Coast,120,GREEN,BLUE
1772041490898,A2D2-F3A1,FLT-F3A1-001,28.050001,-82.349927,58.5,0.1,0,Mavic 3,false,drone_images/Mavic 3.png,28.045000,-82.355000,28.044500,-82.355300,apolloshield_dji,dji,,,2414500000,RADAR-A2D2-F3A1,Sensor Tampa Bay / West Florida Coast,120,GREEN,BLUE
1772041492138,A2D2-F3A1,FLT-F3A1-001,28.050001,-82.349927,58.2,0.1,0,Mavic 3,false,drone_images/Mavic 3.png,28.045000,-82.355000,28.044500,-82.355300,apolloshield_dji,dji,,,2414500000,RADAR-A2D2-F3A1,Sensor Tampa Bay / West Florida Coast,120,GREEN,BLUE
1772041493173,A2D2-F3A1,FLT-F3A1-001,28.050001,-82.349927,58.2,12,0,Mavic 3,false,drone_images/Mavic 3.png,28.045000,-82.355000,28.044500,-82.355300,apolloshield_dji,dji,,,2414500000,RADAR-A2D2-F3A1,Sensor Tampa Bay / West Florida Coast,120,GREEN,BLUE
1772041494769,A2D2-F3A1,FLT-F3A1-001,28.050001,-82.349927,58.2,12,0,Mavic 3,false,drone_images/Mavic 3.png,28.045000,-82.355000,28.044500,-82.355300,apolloshield_dji,dji,,,2414500000,RADAR-A2D2-F3A1,Sensor Tampa Bay / West Florida Coast,120,GREEN,BLUE
1772041495072,A2D2-F3A1,FLT-F3A1-001,28.050001,-82.349927,58.2,12,0,Mavic 3,false,drone_images/Mavic 3.png,28.045000,-82.355000,28.044500,-82.355300,apolloshield_dji,dji,,,2414500000,RADAR-A2D2-F3A1,Sensor Tampa Bay / West Florida Coast,120,GREEN,BLUE
1772041496074,A2D2-F3A1,FLT-F3A1-001,28.050001,-82.349927,58.4,12,0,Mavic 3,false,drone_images/Mavic 3.png,28.045000,-82.355000,28.044500,-82.355300,apolloshield_dji,dji,,,2414500000,RADAR-A2D2-F3A1,Sensor Tampa Bay / West Florida Coast,120,GREEN,BLUE
1772041497171,A2D2-F3A1,FLT-F3A1-001,28.050001,-82.349927,58.4,12,0,Mavic 3,false,drone_images/Mavic 3.png,28.045000,-82.355000,28.044500,-82.355300,apolloshield_dji,dji,,,2414500000,RADAR-A2D2-F3A1,Sensor Tampa Bay / West Florida Coast,120,GREEN,BLUE
1772041498171,A2D2-F3A1,FLT-F3A1-001,28.050001,-82.349927,58.4,12,0,Mavic 3,false,drone_images/Mavic 3.png,28.045000,-82.355000,28.044500,-82.355300,apolloshield_dji,dji,,,2414500000,RADAR-A2D2-F3A1,Sensor Tampa Bay / West Florida Coast,120,GREEN,BLUE
1772041499192,A2D2-F3A1,FLT-F3A1-001,28.050001,-82.349927,58.4,12,0,Mavic 3,false,drone_images/Mavic 3.png,28.045000,-82.355000,28.044500,-82.355300,apolloshield_dji,dji,,,2414500000,RADAR-A2D2-F3A1,Sensor Tampa Bay / West Florida Coast,120,GREEN,BLUE
1772041500220,A2D2-F3A1,FLT-F3A1-001,28.050001,-82.349927,58,12,0,Mavic 3,false,drone_images/Mavic 3.png,28.045000,-82.355000,28.044500,-82.355300,apolloshield_dji,dji,,,2414500000,RADAR-A2D2-F3A1,Sensor Tampa Bay / West Florida Coast,120,GREEN,BLUE
1772041501223,A2D2-F3A1,FLT-F3A1-001,28.050001,-82.349927,58,12,0,Mavic 3,false,drone_images/Mavic 3.png,28.045000,-82.355000,28.044500,-82.355300,apolloshield_dji,dji,,,2414500000,RADAR-A2D2-F3A1,Sensor Tampa Bay / West Florida Coast,120,GREEN,BLUE
1772041502295,A2D2-F3A1,FLT-F3A1-001,28.050001,-82.349927,58,12,0,Mavic 3,false,drone_images/Mavic 3.png,28.045000,-82.355000,28.044500,-82.355300,apolloshield_dji,dji,,,2414500000,RADAR-A2D2-F3A1,Sensor Tampa Bay / West Florida Coast,120,GREEN,BLUE
1772041503081,A2D2-F3A1,FLT-F3A1-001,28.050001,-82.349927,58.2,12,0,Mavic 3,false,drone_images/Mavic 3.png,28.045000,-82.355000,28.044500,-82.355300,apolloshield_dji,dji,,,2414500000,RADAR-A2D2-F3A1,Sensor Tampa Bay / West Florida Coast,120,GREEN,BLUE
1772041504926,A2D2-F3A1,FLT-F3A1-001,28.050001,-82.349927,58.3,12,0,Mavic 3,false,drone_images/Mavic 3.png,28.045000,-82.355000,28.044500,-82.355300,apolloshield_dji,dji,,,2414500000,RADAR-A2D2-F3A1,Sensor Tampa Bay / West Florida Coast,120,GREEN,BLUE
1772041505812,A2D2-F3A1,FLT-F3A1-001,28.050001,-82.349927,58.2,12,0,Mavic 3,false,drone_images/Mavic 3.png,28.045000,-82.355000,28.044500,-82.355300,apolloshield_dji,dji,,,2414500000,RADAR-A2D2-F3A1,Sensor Tampa Bay / West Florida Coast,120,GREEN,BLUE
1772041506982,A2D2-F3A1,FLT-F3A1-001,28.050001,-82.349927,58.2,0.1,0,Mavic 3,false,drone_images/Mavic 3.png,28.045000,-82.355000,28.044500,-82.355300,apolloshield_dji,dji,,,2414500000,RADAR-A2D2-F3A1,Sensor Tampa Bay / West Florida Coast,120,GREEN,BLUE
1772041507672,A2D2-F3A1,FLT-F3A1-001,28.050001,-82.349927,58.2,12,0,Mavic 3,false,drone_images/Mavic 3.png,28.045000,-82.355000,28.044500,-82.355300,apolloshield_dji,dji,,,2414500000,RADAR-A2D2-F3A1,Sensor Tampa Bay / West Florida Coast,120,GREEN,BLUE
1772041508177,A2D2-F3A1,FLT-F3A1-001,28.050001,-82.349927,58.3,12,0,Mavic 3,false,drone_images/Mavic 3.png,28.045000,-82.355000,28.044500,-82.355300,apolloshield_dji,dji,,,2414500000,RADAR-A2D2-F3A1,Sensor Tampa Bay / West Florida Coast,120,GREEN,BLUE
1772041509442,A2D2-F3A1,FLT-F3A1-001,28.050001,-82.349927,58.3,12,0,Mavic 3,false,drone_images/Mavic 3.png,28.045000,-82.355000,28.044500,-82.355300,apolloshield_dji,dji,,,2414500000,RADAR-A2D2-F3A1,Sensor Tampa Bay / West Florida Coast,120,GREEN,BLUE
1772041510122,A2D2-F3A1,FLT-F3A1-001,28.050001,-82.349927,58.3,12,0,Mavic 3,false,drone_images/Mavic 3.png,28.045000,-82.355000,28.044500,-82.355300,apolloshield_dji,dji,,,2414500000,RADAR-A2D2-F3A1,Sensor Tampa Bay / West Florida Coast,120,GREEN,BLUE
1772041510980,A2D2-F3A1,FLT-F3A1-001,28.050001,-82.349927,58.3,12,0,Mavic 3,false,drone_images/Mavic 3.png,28.045000,-82.355000,28.044500,-82.355300,apolloshield_dji,dji,,,2414500000,RADAR-A2D2-F3A1,Sensor Tampa Bay / West Florida Coast,120,GREEN,BLUE
1772041512156,A2D2-F3A1,FLT-F3A1-001,28.050001,-82.349927,58.3,12,0,Mavic 3,false,drone_images/Mavic 3.png,28.045000,-82.355000,28.044500,-82.355300,apolloshield_dji,dji,,,2414500000,RADAR-A2D2-F3A1,Sensor Tampa Bay / West Florida Coast,120,GREEN,BLUE
1772041513563,A2D2-F3A1,FLT-F3A1-001,28.050001,-82.349927,58.3,12,0,Mavic 3,false,drone_images/Mavic 3.png,28.045000,-82.355000,28.044500,-82.355300,apolloshield_dji,dji,,,2414500000,RADAR-A2D2-F3A1,Sensor Tampa Bay / West Florida Coast,120,GREEN,BLUE
1772041514127,A2D2-F3A1,FLT-F3A1-001,28.050001,-82.349927,58.3,12,0,Mavic 3,false,drone_images/Mavic 3.png,28.045000,-82.355000,28.044500,-82.355300,apolloshield_dji,dji,,,2414500000,RADAR-A2D2-F3A1,Sensor Tampa Bay / West Florida Coast,120,GREEN,BLUE
1772041515129,A2D2-F3A1,FLT-F3A1-001,28.050001,-82.349927,58.3,12,0,Mavic 3,false,drone_images/Mavic 3.png,28.045000,-82.355000,28.044500,-82.355300,apolloshield_dji,dji,,,2414500000,RADAR-A2D2-F3A1,Sensor Tampa Bay / West Florida Coast,120,GREEN,BLUE
1772041516029,A2D2-F3A1,FLT-F3A1-001,28.050001,-82.349927,58.3,12,0,Mavic 3,false,drone_images/Mavic 3.png,28.045000,-82.355000,28.044500,-82.355300,apolloshield_dji,dji,,,2414500000,RADAR-A2D2-F3A1,Sensor Tampa Bay / West Florida Coast,120,GREEN,BLUE
1772041517237,A2D2-F3A1,FLT-F3A1-001,28.050001,-82.349927,58.3,12,0,Mavic 3,false,drone_images/Mavic 3.png,28.045000,-82.355000,28.044500,-82.355300,apolloshield_dji,dji,,,2414500000,RADAR-A2D2-F3A1,Sensor Tampa Bay / West Florida Coast,120,GREEN,BLUE
1772041517908,A2D2-F3A1,FLT-F3A1-001,28.050001,-82.349927,58.3,12,0,Mavic 3,false,drone_images/Mavic 3.png,28.045000,-82.355000,28.044500,-82.355300,apolloshield_dji,dji,,,2414500000,RADAR-A2D2-F3A1,Sensor Tampa Bay / West Florida Coast,120,GREEN,BLUE
1772041519196,A2D2-F3A1,FLT-F3A1-001,28.050001,-82.349927,58.1,12,0,Mavic 3,false,drone_images/Mavic 3.png,28.045000,-82.355000,28.044500,-82.355300,apolloshield_dji,dji,,,2414500000,RADAR-A2D2-F3A1,Sensor Tampa Bay / West Florida Coast,120,GREEN,BLUE
1772041520078,A2D2-F3A1,FLT-F3A1-001,28.050001,-82.349927,58.1,12,0,Mavic 3,false,drone_images/Mavic 3.png,28.045000,-82.355000,28.044500,-82.355300,apolloshield_dji,dji,,,2414500000,RADAR-A2D2-F3A1,Sensor Tampa Bay / West Florida Coast,120,GREEN,BLUE
1772041521963,A2D2-F3A1,FLT-F3A1-001,28.050001,-82.349927,58.1,12,0,Mavic 3,false,drone_images/Mavic 3.png,28.045000,-82.355000,28.044500,-82.355300,apolloshield_dji,dji,,,2414500000,RADAR-A2D2-F3A1,Sensor Tampa Bay / West Florida Coast,120,GREEN,BLUE
1772041522014,A2D2-F3A1,FLT-F3A1-001,28.050001,-82.349927,58.1,12,0,Mavic 3,false,drone_images/Mavic 3.png,28.045000,-82.355000,28.044500,-82.355300,apolloshield_dji,dji,,,2414500000,RADAR-A2D2-F3A1,Sensor Tampa Bay / West Florida Coast,120,GREEN,BLUE
1772041523035,A2D2-F3A1,FLT-F3A1-001,28.050001,-82.349927,58.1,0.1,0,Mavic 3,false,drone_images/Mavic 3.png,28.045000,-82.355000,28.044500,-82.355300,apolloshield_dji,dji,,,2414500000,RADAR-A2D2-F3A1,Sensor Tampa Bay / West Florida Coast,120,GREEN,BLUE
1772041524040,A2D2-F3A1,FLT-F3A1-001,28.050001,-82.349927,57.9,12,0,Mavic 3,false,drone_images/Mavic 3.png,28.045000,-82.355000,28.044500,-82.355300,apolloshield_dji,dji,,,2414500000,RADAR-A2D2-F3A1,Sensor Tampa Bay / West Florida Coast,120,GREEN,BLUE
1772041525109,A2D2-F3A1,FLT-F3A1-001,28.050001,-82.349927,57.9,12,0,Mavic 3,false,drone_images/Mavic 3.png,28.045000,-82.355000,28.044500,-82.355300,apolloshield_dji,dji,,,2414500000,RADAR-A2D2-F3A1,Sensor Tampa Bay / West Florida Coast,120,GREEN,BLUE
1772041526378,A2D2-F3A1,FLT-F3A1-001,28.050001,-82.349927,57.9,12,0,Mavic 3,false,drone_images/Mavic 3.png,28.045000,-82.355000,28.044500,-82.355300,apolloshield_dji,dji,,,2414500000,RADAR-A2D2-F3A1,Sensor Tampa Bay / West Florida Coast,120,GREEN,BLUE
1772041527216,A2D2-F3A1,FLT-F3A1-001,28.050001,-82.349927,57.9,12,0,Mavic 3,false,drone_images/Mavic 3.png,28.045000,-82.355000,28.044500,-82.355300,apolloshield_dji,dji,,,2414500000,RADAR-A2D2-F3A1,Sensor Tampa Bay / West Florida Coast,120,GREEN,BLUE
1772041528879,A2D2-F3A1,FLT-F3A1-001,28.050001,-82.349927,57.9,12,0,Mavic 3,false,drone_images/Mavic 3.png,28.045000,-82.355000,28.044500,-82.355300,apolloshield_dji,dji,,,2414500000,RADAR-A2D2-F3A1,Sensor Tampa Bay / West Florida Coast,120,GREEN,BLUE
1772041529506,A2D2-F3A1,FLT-F3A1-001,28.050001,-82.349927,57.9,12,0,Mavic 3,false,drone_images/Mavic 3.png,28.045000,-82.355000,28.044500,-82.355300,apolloshield_dji,dji,,,2414500000,RADAR-A2D2-F3A1,Sensor Tampa Bay / West Florida Coast,120,GREEN,BLUE
1772041529919,A2D2-F3A1,FLT-F3A1-001,28.050001,-82.349927,57.9,12,0,Mavic 3,false,drone_images/Mavic 3.png,28.045000,-82.355000,28.044500,-82.355300,apolloshield_dji,dji,,,2414500000,RADAR-A2D2-F3A1,Sensor Tampa Bay / West Florida Coast,120,GREEN,BLUE
1772041531145,A2D2-F3A1,FLT-F3A1-001,28.050001,-82.349927,57.9,12,0,Mavic 3,false,drone_images/Mavic 3.png,28.045000,-82.355000,28.044500,-82.355300,apolloshield_dji,dji,,,2414500000,RADAR-A2D2-F3A1,Sensor Tampa Bay / West Florida Coast,120,GREEN,BLUE
1772041533050,A2D2-F3A1,FLT-F3A1-001,28.050001,-82.349927,57.9,12,0,Mavic 3,false,drone_images/Mavic 3.png,28.045000,-82.355000,28.044500,-82.355300,apolloshield_dji,dji,,,2414500000,RADAR-A2D2-F3A1,Sensor Tampa Bay / West Florida Coast,120,GREEN,BLUE
1772041533764,A2D2-F3A1,FLT-F3A1-001,28.050001,-82.349927,57.9,12,0,Mavic 3,false,drone_images/Mavic 3.png,28.045000,-82.355000,28.044500,-82.355300,apolloshield_dji,dji,,,2414500000,RADAR-A2D2-F3A1,Sensor Tampa Bay / West Florida Coast,120,GREEN,BLUE
1772041535366,A2D2-F3A1,FLT-F3A1-001,28.050001,-82.349927,57.8,0.1,0,Mavic 3,false,drone_images/Mavic 3.png,28.045000,-82.355000,28.044500,-82.355300,apolloshield_dji,dji,,,2414500000,RADAR-A2D2-F3A1,Sensor Tampa Bay / West Florida Coast,120,GREEN,BLUE
1772041535372,A2D2-F3A1,FLT-F3A1-001,28.050001,-82.349927,57.9,12,0,Mavic 3,false,drone_images/Mavic 3.png,28.045000,-82.355000,28.044500,-82.355300,apolloshield_dji,dji,,,2414500000,RADAR-A2D2-F3A1,Sensor Tampa Bay / West Florida Coast,120,GREEN,BLUE
1772041536645,A2D2-F3A1,FLT-F3A1-001,28.050001,-82.349927,57.8,0.1,0,Mavic 3,false,drone_images/Mavic 3.png,28.045000,-82.355000,28.044500,-82.355300,apolloshield_dji,dji,,,2414500000,RADAR-A2D2-F3A1,Sensor Tampa Bay / West Florida Coast,120,GREEN,BLUE
1772041536974,A2D2-F3A1,FLT-F3A1-001,28.050001,-82.349927,57.8,0.1,0,Mavic 3,false,drone_images/Mavic 3.png,28.045000,-82.355000,28.044500,-82.355300,apolloshield_dji,dji,,,2414500000,RADAR-A2D2-F3A1,Sensor Tampa Bay / West Florida Coast,120,GREEN,BLUE
1772041537860,A2D2-F3A1,FLT-F3A1-001,28.050001,-82.349927,58.1,0.1,0,Mavic 3,false,drone_images/Mavic 3.png,28.045000,-82.355000,28.044500,-82.355300,apolloshield_dji,dji,,,2414500000,RADAR-A2D2-F3A1,Sensor Tampa Bay / West Florida Coast,120,GREEN,BLUE
1772041538914,A2D2-F3A1,FLT-F3A1-001,28.050001,-82.349927,58.4,12,0,Mavic 3,false,drone_images/Mavic 3.png,28.045000,-82.355000,28.044500,-82.355300,apolloshield_dji,dji,,,2414500000,RADAR-A2D2-F3A1,Sensor Tampa Bay / West Florida Coast,120,GREEN,BLUE
1772041540295,A2D2-F3A1,FLT-F3A1-001,28.050001,-82.349927,58.2,0.1,0,Mavic 3,false,drone_images/Mavic 3.png,28.045000,-82.355000,28.044500,-82.355300,apolloshield_dji,dji,,,2414500000,RADAR-A2D2-F3A1,Sensor Tampa Bay / West Florida Coast,120,GREEN,BLUE
1772041541577,A2D2-F3A1,FLT-F3A1-001,28.050001,-82.349927,58.2,0.1,0,Mavic 3,false,drone_images/Mavic 3.png,28.045000,-82.355000,28.044500,-82.355300,apolloshield_dji,dji,,,2414500000,RADAR-A2D2-F3A1,Sensor Tampa Bay / West Florida Coast,120,GREEN,BLUE
1772041542179,A2D2-F3A1,FLT-F3A1-001,28.050001,-82.349927,58.2,0.1,0,Mavic 3,false,drone_images/Mavic 3.png,28.045000,-82.355000,28.044500,-82.355300,apolloshield_dji,dji,,,2414500000,RADAR-A2D2-F3A1,Sensor Tampa Bay / West Florida Coast,120,GREEN,BLUE
1772041543515,A2D2-F3A1,FLT-F3A1-001,28.050001,-82.349927,58.2,12,0,Mavic 3,false,drone_images/Mavic 3.png,28.045000,-82.355000,28.044500,-82.355300,apolloshield_dji,dji,,,2414500000,RADAR-A2D2-F3A1,Sensor Tampa Bay / West Florida Coast,120,GREEN,BLUE
1772041544333,A2D2-F3A1,FLT-F3A1-001,28.050001,-82.349927,58.2,12,0,Mavic 3,false,drone_images/Mavic 3.png,28.045000,-82.355000,28.044500,-82.355300,apolloshield_dji,dji,,,2414500000,RADAR-A2D2-F3A1,Sensor Tampa Bay / West Florida Coast,120,GREEN,BLUE
1772041545217,A2D2-F3A1,FLT-F3A1-001,28.050001,-82.349927,58.4,12,0,Mavic 3,false,drone_images/Mavic 3.png,28.045000,-82.355000,28.044500,-82.355300,apolloshield_dji,dji,,,2414500000,RADAR-A2D2-F3A1,Sensor Tampa Bay / West Florida Coast,120,GREEN,BLUE
1772041546348,A2D2-F3A1,FLT-F3A1-001,28.050001,-82.349927,58.4,12,0,Mavic 3,false,drone_images/Mavic 3.png,28.045000,-82.355000,28.044500,-82.355300,apolloshield_dji,dji,,,2414500000,RADAR-A2D2-F3A1,Sensor Tampa Bay / West Florida Coast,120,GREEN,BLUE
1772041547215,A2D2-F3A1,FLT-F3A1-001,28.050001,-82.349927,58.4,12,0,Mavic 3,false,drone_images/Mavic 3.png,28.045000,-82.355000,28.044500,-82.355300,apolloshield_dji,dji,,,2414500000,RADAR-A2D2-F3A1,Sensor Tampa Bay / West Florida Coast,120,GREEN,BLUE
1772041554821,A2D2-F3A1,FLT-F3A1-001,28.050007,-82.349927,58.1,12,0,Mavic 3,false,drone_images/Mavic 3.png,28.045000,-82.355000,28.044500,-82.355300,apolloshield_dji,dji,,,2414500000,RADAR-A2D2-F3A1,Sensor Tampa Bay / West Florida Coast,120,GREEN,BLUE
1772041555059,A2D2-F3A1,FLT-F3A1-001,28.050007,-82.349927,58.1,12,0,Mavic 3,false,drone_images/Mavic 3.png,28.045000,-82.355000,28.044500,-82.355300,apolloshield_dji,dji,,,2414500000,RADAR-A2D2-F3A1,Sensor Tampa Bay / West Florida Coast,120,GREEN,BLUE
1772041556323,A2D2-F3A1,FLT-F3A1-001,28.050007,-82.349927,58.1,12,0,Mavic 3,false,drone_images/Mavic 3.png,28.045000,-82.355000,28.044500,-82.355300,apolloshield_dji,dji,,,2414500000,RADAR-A2D2-F3A1,Sensor Tampa Bay / West Florida Coast,120,GREEN,BLUE
1772041557501,A2D2-F3A1,FLT-F3A1-001,28.050007,-82.349927,58.1,12,0,Mavic 3,false,drone_images/Mavic 3.png,28.045000,-82.355000,28.044500,-82.355300,apolloshield_dji,dji,,,2414500000,RADAR-A2D2-F3A1,Sensor Tampa Bay / West Florida Coast,120,GREEN,BLUE
1772041558119,A2D2-F3A1,FLT-F3A1-001,28.050007,-82.349927,58.1,12,0,Mavic 3,false,drone_images/Mavic 3.png,28.045000,-82.355000,28.044500,-82.355300,apolloshield_dji,dji,,,2414500000,RADAR-A2D2-F3A1,Sensor Tampa Bay / West Florida Coast,120,GREEN,BLUE
1772041559903,A2D2-F3A1,FLT-F3A1-001,28.050007,-82.349927,58.1,12,0,Mavic 3,false,drone_images/Mavic 3.png,28.045000,-82.355000,28.044500,-82.355300,apolloshield_dji,dji,,,2414500000,RADAR-A2D2-F3A1,Sensor Tampa Bay / West Florida Coast,120,GREEN,BLUE
1772041559973,A2D2-F3A1,FLT-F3A1-001,28.050007,-82.349927,58.1,12,0,Mavic 3,false,drone_images/Mavic 3.png,28.045000,-82.355000,28.044500,-82.355300,apolloshield_dji,dji,,,2414500000,RADAR-A2D2-F3A1,Sensor Tampa Bay / West Florida Coast,120,GREEN,BLUE
1772041560738,A2D2-F3A1,FLT-F3A1-001,28.050007,-82.349927,58.1,12,0,Mavic 3,false,drone_images/Mavic 3.png,28.045000,-82.355000,28.044500,-82.355300,apolloshield_dji,dji,,,2414500000,RADAR-A2D2-F3A1,Sensor Tampa Bay / West Florida Coast,120,GREEN,BLUE
1772041561885,A2D2-F3A1,FLT-F3A1-001,28.050007,-82.349927,58.1,12,0,Mavic 3,false,drone_images/Mavic 3.png,28.045000,-82.355000,28.044500,-82.355300,apolloshield_dji,dji,,,2414500000,RADAR-A2D2-F3A1,Sensor Tampa Bay / West Florida Coast,120,GREEN,BLUE
1772041563135,A2D2-F3A1,FLT-F3A1-001,28.050007,-82.349927,58.1,12,0,Mavic 3,false,drone_images/Mavic 3.png,28.045000,-82.355000,28.044500,-82.355300,apolloshield_dji,dji,,,2414500000,RADAR-A2D2-F3A1,Sensor Tampa Bay / West Florida Coast,120,GREEN,BLUE
1772041564412,A2D2-F3A1,FLT-F3A1-001,28.050007,-82.349927,58.1,12,0,Mavic 3,false,drone_images/Mavic 3.png,28.045000,-82.355000,28.044500,-82.355300,apolloshield_dji,dji,,,2414500000,RADAR-A2D2-F3A1,Sensor Tampa Bay / West Florida Coast,120,GREEN,BLUE
1772041565253,A2D2-F3A1,FLT-F3A1-001,28.050007,-82.349927,58.1,12,0,Mavic 3,false,drone_images/Mavic 3.png,28.045000,-82.355000,28.044500,-82.355300,apolloshield_dji,dji,,,2414500000,RADAR-A2D2-F3A1,Sensor Tampa Bay / West Florida Coast,120,GREEN,BLUE
1772041566838,A2D2-F3A1,FLT-F3A1-001,28.050007,-82.349927,58.1,12,0,Mavic 3,false,drone_images/Mavic 3.png,28.045000,-82.355000,28.044500,-82.355300,apolloshield_dji,dji,,,2414500000,RADAR-A2D2-F3A1,Sensor Tampa Bay / West Florida Coast,120,GREEN,BLUE
1772041567075,A2D2-F3A1,FLT-F3A1-001,28.050007,-82.349927,58.1,12,0,Mavic 3,false,drone_images/Mavic 3.png,28.045000,-82.355000,28.044500,-82.355300,apolloshield_dji,dji,,,2414500000,RADAR-A2D2-F3A1,Sensor Tampa Bay / West Florida Coast,120,GREEN,BLUE
1772041568326,A2D2-F3A1,FLT-F3A1-001,28.050007,-82.349927,58.1,12,0,Mavic 3,false,drone_images/Mavic 3.png,28.045000,-82.355000,28.044500,-82.355300,apolloshield_dji,dji,,,2414500000,RADAR-A2D2-F3A1,Sensor Tampa Bay / West Florida Coast,120,GREEN,BLUE
1772041569386,A2D2-F3A1,FLT-F3A1-001,28.050007,-82.349927,58.1,12,0,Mavic 3,false,drone_images/Mavic 3.png,28.045000,-82.355000,28.044500,-82.355300,apolloshield_dji,dji,,,2414500000,RADAR-A2D2-F3A1,Sensor Tampa Bay / West Florida Coast,120,GREEN,BLUE
1772041570259,A2D2-F3A1,FLT-F3A1-001,28.050007,-82.349927,58.1,12,0,Mavic 3,false,drone_images/Mavic 3.png,28.045000,-82.355000,28.044500,-82.355300,apolloshield_dji,dji,,,2414500000,RADAR-A2D2-F3A1,Sensor Tampa Bay / West Florida Coast,120,GREEN,BLUE
1772041570891,A2D2-F3A1,FLT-F3A1-001,28.050007,-82.349927,58.1,12,0,Mavic 3,false,drone_images/Mavic 3.png,28.045000,-82.355000,28.044500,-82.355300,apolloshield_dji,dji,,,2414500000,RADAR-A2D2-F3A1,Sensor Tampa Bay / West Florida Coast,120,GREEN,BLUE
1772041571953,A2D2-F3A1,FLT-F3A1-001,28.050007,-82.349927,58.1,12,0,Mavic 3,false,drone_images/Mavic 3.png,28.045000,-82.355000,28.044500,-82.355300,apolloshield_dji,dji,,,2414500000,RADAR-A2D2-F3A1,Sensor Tampa Bay / West Florida Coast,120,GREEN,BLUE
1772041572890,A2D2-F3A1,FLT-F3A1-001,28.050007,-82.349927,58.1,12,0,Mavic 3,false,drone_images/Mavic 3.png,28.045000,-82.355000,28.044500,-82.355300,apolloshield_dji,dji,,,2414500000,RADAR-A2D2-F3A1,Sensor Tampa Bay / West Florida Coast,120,GREEN,BLUE
1772041573984,A2D2-F3A1,FLT-F3A1-001,28.050007,-82.349927,58.1,12,0,Mavic 3,false,drone_images/Mavic 3.png,28.045000,-82.355000,28.044500,-82.355300,apolloshield_dji,dji,,,2414500000,RADAR-A2D2-F3A1,Sensor Tampa Bay / West Florida Coast,120,GREEN,BLUE
1772041574895,A2D2-F3A1,FLT-F3A1-001,28.050007,-82.349927,58.1,12,0,Mavic 3,false,drone_images/Mavic 3.png,28.045000,-82.355000,28.044500,-82.355300,apolloshield_dji,dji,,,2414500000,RADAR-A2D2-F3A1,Sensor Tampa Bay / West Florida Coast,120,GREEN,BLUE
1772041576042,A2D2-F3A1,FLT-F3A1-001,28.050007,-82.349927,58.1,12,0,Mavic 3,false,drone_images/Mavic 3.png,28.045000,-82.355000,28.044500,-82.355300,apolloshield_dji,dji,,,2414500000,RADAR-A2D2-F3A1,Sensor Tampa Bay / West Florida Coast,120,GREEN,BLUE
1772041576991,A2D2-F3A1,FLT-F3A1-001,28.050007,-82.349927,58.1,12,0,Mavic 3,false,drone_images/Mavic 3.png,28.045000,-82.355000,28.044500,-82.355300,apolloshield_dji,dji,,,2414500000,RADAR-A2D2-F3A1,Sensor Tampa Bay / West Florida Coast,120,GREEN,BLUE
1772041578040,A2D2-F3A1,FLT-F3A1-001,28.050007,-82.349927,58.1,12,0,Mavic 3,false,drone_images/Mavic 3.png,28.045000,-82.355000,28.044500,-82.355300,apolloshield_dji,dji,,,2414500000,RADAR-A2D2-F3A1,Sensor Tampa Bay / West Florida Coast,120,GREEN,BLUE
1772041579276,A2D2-F3A1,FLT-F3A1-001,28.050007,-82.349927,58.1,12,0,Mavic 3,false,drone_images/Mavic 3.png,28.045000,-82.355000,28.044500,-82.355300,apolloshield_dji,dji,,,2414500000,RADAR-A2D2-F3A1,Sensor Tampa Bay / West Florida Coast,120,GREEN,BLUE
1772041580802,A2D2-F3A1,FLT-F3A1-001,28.050007,-82.349927,58.1,12,0,Mavic 3,false,drone_images/Mavic 3.png,28.045000,-82.355000,28.044500,-82.355300,apolloshield_dji,dji,,,2414500000,RADAR-A2D2-F3A1,Sensor Tampa Bay / West Florida Coast,120,GREEN,BLUE
1772041580917,A2D2-F3A1,FLT-F3A1-001,28.050001,-82.349921,57.7,0.1,0,Mavic 3,false,drone_images/Mavic 3.png,28.045000,-82.355000,28.044500,-82.355300,apolloshield_dji,dji,,,2414500000,RADAR-A2D2-F3A1,Sensor Tampa Bay / West Florida Coast,120,GREEN,BLUE
1772041581853,A2D2-F3A1,FLT-F3A1-001,28.050001,-82.349927,58.4,0.1,0,Mavic 3,false,drone_images/Mavic 3.png,28.045000,-82.355000,28.044500,-82.355300,apolloshield_dji,dji,,,2414500000,RADAR-A2D2-F3A1,Sensor Tampa Bay / West Florida Coast,120,GREEN,BLUE
1772041583038,A2D2-F3A1,FLT-F3A1-001,28.050001,-82.349927,58.4,0.1,0,Mavic 3,false,drone_images/Mavic 3.png,28.045000,-82.355000,28.044500,-82.355300,apolloshield_dji,dji,,,2414500000,RADAR-A2D2-F3A1,Sensor Tampa Bay / West Florida Coast,120,GREEN,BLUE
1772041584362,A2D2-F3A1,FLT-F3A1-001,28.050001,-82.349927,58.4,0.1,0,Mavic 3,false,drone_images/Mavic 3.png,28.045000,-82.355000,28.044500,-82.355300,apolloshield_dji,dji,,,2414500000,RADAR-A2D2-F3A1,Sensor Tampa Bay / West Florida Coast,120,GREEN,BLUE
1772041585386,A2D2-F3A1,FLT-F3A1-001,28.050001,-82.349927,58.4,0.1,0,Mavic 3,false,drone_images/Mavic 3.png,28.045000,-82.355000,28.044500,-82.355300,apolloshield_dji,dji,,,2414500000,RADAR-A2D2-F3A1,Sensor Tampa Bay / West Florida Coast,120,GREEN,BLUE
1772041585907,A2D2-F3A1,FLT-F3A1-001,28.050001,-82.349927,58.4,0.1,0,Mavic 3,false,drone_images/Mavic 3.png,28.045000,-82.355000,28.044500,-82.355300,apolloshield_dji,dji,,,2414500000,RADAR-A2D2-F3A1,Sensor Tampa Bay / West Florida Coast,120,GREEN,BLUE
1772041587374,A2D2-F3A1,FLT-F3A1-001,28.050001,-82.349927,58.4,0.1,0,Mavic 3,false,drone_images/Mavic 3.png,28.045000,-82.355000,28.044500,-82.355300,apolloshield_dji,dji,,,2414500000,RADAR-A2D2-F3A1,Sensor Tampa Bay / West Florida Coast,120,GREEN,BLUE
1772041587826,A2D2-F3A1,FLT-F3A1-001,28.050001,-82.349927,58.4,0.1,0,Mavic 3,false,drone_images/Mavic 3.png,28.045000,-82.355000,28.044500,-82.355300,apolloshield_dji,dji,,,2414500000,RADAR-A2D2-F3A1,Sensor Tampa Bay / West Florida Coast,120,GREEN,BLUE
1772041588855,A2D2-F3A1,FLT-F3A1-001,28.050001,-82.349927,58.4,0.1,0,Mavic 3,false,drone_images/Mavic 3.png,28.045000,-82.355000,28.044500,-82.355300,apolloshield_dji,dji,,,2414500000,RADAR-A2D2-F3A1,Sensor Tampa Bay / West Florida Coast,120,GREEN,BLUE
1772041590465,A2D2-F3A1,FLT-F3A1-001,28.050001,-82.349927,58.4,0.1,0,Mavic 3,false,drone_images/Mavic 3.png,28.045000,-82.355000,28.044500,-82.355300,apolloshield_dji,dji,,,2414500000,RADAR-A2D2-F3A1,Sensor Tampa Bay / West Florida Coast,120,GREEN,BLUE
1772041590826,A2D2-F3A1,FLT-F3A1-001,28.050001,-82.349927,58.4,0.1,0,Mavic 3,false,drone_images/Mavic 3.png,28.045000,-82.355000,28.044500,-82.355300,apolloshield_dji,dji,,,2414500000,RADAR-A2D2-F3A1,Sensor Tampa Bay / West Florida Coast,120,GREEN,BLUE
1772041592201,A2D2-F3A1,FLT-F3A1-001,28.050001,-82.349927,58.4,0.1,0,Mavic 3,false,drone_images/Mavic 3.png,28.045000,-82.355000,28.044500,-82.355300,apolloshield_dji,dji,,,2414500000,RADAR-A2D2-F3A1,Sensor Tampa Bay / West Florida Coast,120,GREEN,BLUE
1772041592745,A2D2-F3A1,FLT-F3A1-001,28.050001,-82.349927,58.4,0.1,0,Mavic 3,false,drone_images/Mavic 3.png,28.045000,-82.355000,28.044500,-82.355300,apolloshield_dji,dji,,,2414500000,RADAR-A2D2-F3A1,Sensor Tampa Bay / West Florida Coast,120,GREEN,BLUE
1772041593839,A2D2-F3A1,FLT-F3A1-001,28.050001,-82.349927,58.4,0.1,0,Mavic 3,false,drone_images/Mavic 3.png,28.045000,-82.355000,28.044500,-82.355300,apolloshield_dji,dji,,,2414500000,RADAR-A2D2-F3A1,Sensor Tampa Bay / West Florida Coast,120,GREEN,BLUE
1772041595175,A2D2-F3A1,FLT-F3A1-001,28.050001,-82.349927,58,0.1,0,Mavic 3,false,drone_images/Mavic 3.png,28.045000,-82.355000,28.044500,-82.355300,apolloshield_dji,dji,,,2414500000,RADAR-A2D2-F3A1,Sensor Tampa Bay / West Florida Coast,120,GREEN,BLUE
1772041596457,A2D2-F3A1,FLT-F3A1-001,28.050007,-82.349927,57.9,0.1,0,Mavic 3,false,drone_images/Mavic 3.png,28.045000,-82.355000,28.044500,-82.355300,apolloshield_dji,dji,,,2414500000,RADAR-A2D2-F3A1,Sensor Tampa Bay / West Florida Coast,120,GREEN,BLUE
1772041597152,A2D2-F3A1,FLT-F3A1-001,28.050007,-82.349927,57.9,0.1,0,Mavic 3,false,drone_images/Mavic 3.png,28.045000,-82.355000,28.044500,-82.355300,apolloshield_dji,dji,,,2414500000,RADAR-A2D2-F3A1,Sensor Tampa Bay / West Florida Coast,120,GREEN,BLUE
1772041598487,A2D2-F3A1,FLT-F3A1-001,28.050007,-82.349927,57.9,0.1,0,Mavic 3,false,drone_images/Mavic 3.png,28.045000,-82.355000,28.044500,-82.355300,apolloshield_dji,dji,,,2414500000,RADAR-A2D2-F3A1,Sensor Tampa Bay / West Florida Coast,120,GREEN,BLUE
1772041599426,A2D2-F3A1,FLT-F3A1-001,28.050007,-82.349927,57.9,0.1,0,Mavic 3,false,drone_images/Mavic 3.png,28.045000,-82.355000,28.044500,-82.355300,apolloshield_dji,dji,,,2414500000,RADAR-A2D2-F3A1,Sensor Tampa Bay / West Florida Coast,120,GREEN,BLUE
1772041600224,A2D2-F3A1,FLT-F3A1-001,28.050007,-82.349927,58.4,0.1,0,Mavic 3,false,drone_images/Mavic 3.png,28.045000,-82.355000,28.044500,-82.355300,apolloshield_dji,dji,,,2414500000,RADAR-A2D2-F3A1,Sensor Tampa Bay / West Florida Coast,120,GREEN,BLUE
1772041601178,A2D2-F3A1,FLT-F3A1-001,28.050007,-82.349927,58.4,0.1,0,Mavic 3,false,drone_images/Mavic 3.png,28.045000,-82.355000,28.044500,-82.355300,apolloshield_dji,dji,,,2414500000,RADAR-A2D2-F3A1,Sensor Tampa Bay / West Florida Coast,120,GREEN,BLUE
1772041602158,A2D2-F3A1,FLT-F3A1-001,28.050007,-82.349927,58.4,0.1,0,Mavic 3,false,drone_images/Mavic 3.png,28.045000,-82.355000,28.044500,-82.355300,apolloshield_dji,dji,,,2414500000,RADAR-A2D2-F3A1,Sensor Tampa Bay / West Florida Coast,120,GREEN,BLUE
1772041604322,A2D2-F3A1,FLT-F3A1-001,28.050007,-82.349927,58.4,0.1,0,Mavic 3,false,drone_images/Mavic 3.png,28.045000,-82.355000,28.044500,-82.355300,apolloshield_dji,dji,,,2414500000,RADAR-A2D2-F3A1,Sensor Tampa Bay / West Florida Coast,120,GREEN,BLUE
1772041604854,A2D2-F3A1,FLT-F3A1-001,28.050007,-82.349927,58.4,0.1,0,Mavic 3,false,drone_images/Mavic 3.png,28.045000,-82.355000,28.044500,-82.355300,apolloshield_dji,dji,,,2414500000,RADAR-A2D2-F3A1,Sensor Tampa Bay / West Florida Coast,120,GREEN,BLUE
1772041606152,A2D2-F3A1,FLT-F3A1-001,28.050007,-82.349927,58.4,0.1,0,Mavic 3,false,drone_images/Mavic 3.png,28.045000,-82.355000,28.044500,-82.355300,apolloshield_dji,dji,,,2414500000,RADAR-A2D2-F3A1,Sensor Tampa Bay / West Florida Coast,120,GREEN,BLUE
1772041606531,A2D2-F3A1,FLT-F3A1-001,28.050007,-82.349927,58.4,0.1,0,Mavic 3,false,drone_images/Mavic 3.png,28.045000,-82.355000,28.044500,-82.355300,apolloshield_dji,dji,,,2414500000,RADAR-A2D2-F3A1,Sensor Tampa Bay / West Florida Coast,120,GREEN,BLUE
1772041607816,A2D2-F3A1,FLT-F3A1-001,28.050007,-82.349927,58.4,0.1,0,Mavic 3,false,drone_images/Mavic 3.png,28.045000,-82.355000,28.044500,-82.355300,apolloshield_dji,dji,,,2414500000,RADAR-A2D2-F3A1,Sensor Tampa Bay / West Florida Coast,120,GREEN,BLUE
1772041608448,A2D2-F3A1,FLT-F3A1-001,28.050007,-82.349927,58.4,0.1,0,Mavic 3,false,drone_images/Mavic 3.png,28.045000,-82.355000,28.044500,-82.355300,apolloshield_dji,dji,,,2414500000,RADAR-A2D2-F3A1,Sensor Tampa Bay / West Florida Coast,120,GREEN,BLUE
1772041609543,A2D2-F3A1,FLT-F3A1-001,28.050007,-82.349927,58.4,0.1,0,Mavic 3,false,drone_images/Mavic 3.png,28.045000,-82.355000,28.044500,-82.355300,apolloshield_dji,dji,,,2414500000,RADAR-A2D2-F3A1,Sensor Tampa Bay / West Florida Coast,120,GREEN,BLUE
1772041611225,A2D2-F3A1,FLT-F3A1-001,28.050007,-82.349927,58.2,12,0,Mavic 3,false,drone_images/Mavic 3.png,28.045000,-82.355000,28.044500,-82.355300,apolloshield_dji,dji,,,2414500000,RADAR-A2D2-F3A1,Sensor Tampa Bay / West Florida Coast,120,GREEN,BLUE
1772041611595,A2D2-F3A1,FLT-F3A1-001,28.050007,-82.349927,58.4,0.1,0,Mavic 3,false,drone_images/Mavic 3.png,28.045000,-82.355000,28.044500,-82.355300,apolloshield_dji,dji,,,2414500000,RADAR-A2D2-F3A1,Sensor Tampa Bay / West Florida Coast,120,GREEN,BLUE
1772041612284,A2D2-F3A1,FLT-F3A1-001,28.050007,-82.349927,58.2,0.1,0,Mavic 3,false,drone_images/Mavic 3.png,28.045000,-82.355000,28.044500,-82.355300,apolloshield_dji,dji,,,2414500000,RADAR-A2D2-F3A1,Sensor Tampa Bay / West Florida Coast,120,GREEN,BLUE
1772041612968,A2D2-F3A1,FLT-F3A1-001,28.050007,-82.349921,58.2,12,0,Mavic 3,false,drone_images/Mavic 3.png,28.045000,-82.355000,28.044500,-82.355300,apolloshield_dji,dji,,,2414500000,RADAR-A2D2-F3A1,Sensor Tampa Bay / West Florida Coast,120,GREEN,BLUE
1772041614521,A2D2-F3A1,FLT-F3A1-001,28.050007,-82.349921,58.2,12,0,Mavic 3,false,drone_images/Mavic 3.png,28.045000,-82.355000,28.044500,-82.355300,apolloshield_dji,dji,,,2414500000,RADAR-A2D2-F3A1,Sensor Tampa Bay / West Florida Coast,120,GREEN,BLUE
1772041614907,A2D2-F3A1,FLT-F3A1-001,28.050007,-82.349921,58.2,12,0,Mavic 3,false,drone_images/Mavic 3.png,28.045000,-82.355000,28.044500,-82.355300,apolloshield_dji,dji,,,2414500000,RADAR-A2D2-F3A1,Sensor Tampa Bay / West Florida Coast,120,GREEN,BLUE
1772041616077,A2D2-F3A1,FLT-F3A1-001,28.050007,-82.349927,58,0.1,0,Mavic 3,false,drone_images/Mavic 3.png,28.045000,-82.355000,28.044500,-82.355300,apolloshield_dji,dji,,,2414500000,RADAR-A2D2-F3A1,Sensor Tampa Bay / West Florida Coast,120,GREEN,BLUE
1772041617673,A2D2-F3A1,FLT-F3A1-001,28.050007,-82.349927,58,0.1,0,Mavic 3,false,drone_images/Mavic 3.png,28.045000,-82.355000,28.044500,-82.355300,apolloshield_dji,dji,,,2414500000,RADAR-A2D2-F3A1,Sensor Tampa Bay / West Florida Coast,120,GREEN,BLUE
1772041619047,A2D2-F3A1,FLT-F3A1-001,28.050007,-82.349927,58,0.1,0,Mavic 3,false,drone_images/Mavic 3.png,28.045000,-82.355000,28.044500,-82.355300,apolloshield_dji,dji,,,2414500000,RADAR-A2D2-F3A1,Sensor Tampa Bay / West Florida Coast,120,GREEN,BLUE
1772041619458,A2D2-F3A1,FLT-F3A1-001,28.050007,-82.349927,58,0.1,0,Mavic 3,false,drone_images/Mavic 3.png,28.045000,-82.355000,28.044500,-82.355300,apolloshield_dji,dji,,,2414500000,RADAR-A2D2-F3A1,Sensor Tampa Bay / West Florida Coast,120,GREEN,BLUE
1772041619844,A2D2-F3A1,FLT-F3A1-001,28.050007,-82.349927,58,0.1,0,Mavic 3,false,drone_images/Mavic 3.png,28.045000,-82.355000,28.044500,-82.355300,apolloshield_dji,dji,,,2414500000,RADAR-A2D2-F3A1,Sensor Tampa Bay / West Florida Coast,120,GREEN,BLUE
1772041621794,A2D2-F3A1,FLT-F3A1-001,28.050007,-82.349927,58,0.1,0,Mavic 3,false,drone_images/Mavic 3.png,28.045000,-82.355000,28.044500,-82.355300,apolloshield_dji,dji,,,2414500000,RADAR-A2D2-F3A1,Sensor Tampa Bay / West Florida Coast,120,GREEN,BLUE
1772041622078,A2D2-F3A1,FLT-F3A1-001,28.050007,-82.349927,58,0.1,0,Mavic 3,false,drone_images/Mavic 3.png,28.045000,-82.355000,28.044500,-82.355300,apolloshield_dji,dji,,,2414500000,RADAR-A2D2-F3A1,Sensor Tampa Bay / West Florida Coast,120,GREEN,BLUE
1772041623287,A2D2-F3A1,FLT-F3A1-001,28.050007,-82.349927,58,0.1,0,Mavic 3,false,drone_images/Mavic 3.png,28.045000,-82.355000,28.044500,-82.355300,apolloshield_dji,dji,,,2414500000,RADAR-A2D2-F3A1,Sensor Tampa Bay / West Florida Coast,120,GREEN,BLUE
1772041624053,A2D2-F3A1,FLT-F3A1-001,28.050007,-82.349927,58,0.1,0,Mavic 3,false,drone_images/Mavic 3.png,28.045000,-82.355000,28.044500,-82.355300,apolloshield_dji,dji,,,2414500000,RADAR-A2D2-F3A1,Sensor Tampa Bay / West Florida Coast,120,GREEN,BLUE
1772041625494,A2D2-F3A1,FLT-F3A1-001,28.050007,-82.349927,58,0.1,0,Mavic 3,false,drone_images/Mavic 3.png,28.045000,-82.355000,28.044500,-82.355300,apolloshield_dji,dji,,,2414500000,RADAR-A2D2-F3A1,Sensor Tampa Bay / West Florida Coast,120,GREEN,BLUE
1772041625815,A2D2-F3A1,FLT-F3A1-001,28.050007,-82.349927,58,0.1,0,Mavic 3,false,drone_images/Mavic 3.png,28.045000,-82.355000,28.044500,-82.355300,apolloshield_dji,dji,,,2414500000,RADAR-A2D2-F3A1,Sensor Tampa Bay / West Florida Coast,120,GREEN,BLUE
1772041626797,A2D2-F3A1,FLT-F3A1-001,28.050007,-82.349927,58,0.1,0,Mavic 3,false,drone_images/Mavic 3.png,28.045000,-82.355000,28.044500,-82.355300,apolloshield_dji,dji,,,2414500000,RADAR-A2D2-F3A1,Sensor Tampa Bay / West Florida Coast,120,GREEN,BLUE
1772041628022,A2D2-F3A1,FLT-F3A1-001,28.050007,-82.349927,58,0.1,0,Mavic 3,false,drone_images/Mavic 3.png,28.045000,-82.355000,28.044500,-82.355300,apolloshield_dji,dji,,,2414500000,RADAR-A2D2-F3A1,Sensor Tampa Bay / West Florida Coast,120,GREEN,BLUE
1772041629154,A2D2-F3A1,FLT-F3A1-001,28.050007,-82.349927,58,0.1,0,Mavic 3,false,drone_images/Mavic 3.png,28.045000,-82.355000,28.044500,-82.355300,apolloshield_dji,dji,,,2414500000,RADAR-A2D2-F3A1,Sensor Tampa Bay / West Florida Coast,120,GREEN,BLUE
1772041630052,A2D2-F3A1,FLT-F3A1-001,28.050007,-82.349927,58,0.1,0,Mavic 3,false,drone_images/Mavic 3.png,28.045000,-82.355000,28.044500,-82.355300,apolloshield_dji,dji,,,2414500000,RADAR-A2D2-F3A1,Sensor Tampa Bay / West Florida Coast,120,GREEN,BLUE
1772041630991,A2D2-F3A1,FLT-F3A1-001,28.050007,-82.349927,58,0.1,0,Mavic 3,false,drone_images/Mavic 3.png,28.045000,-82.355000,28.044500,-82.355300,apolloshield_dji,dji,,,2414500000,RADAR-A2D2-F3A1,Sensor Tampa Bay / West Florida Coast,120,GREEN,BLUE
1772041631823,A2D2-F3A1,FLT-F3A1-001,28.050007,-82.349927,58,0.1,0,Mavic 3,false,drone_images/Mavic 3.png,28.045000,-82.355000,28.044500,-82.355300,apolloshield_dji,dji,,,2414500000,RADAR-A2D2-F3A1,Sensor Tampa Bay / West Florida Coast,120,GREEN,BLUE
1772041633088,A2D2-F3A1,FLT-F3A1-001,28.050007,-82.349927,58,0.1,0,Mavic 3,false,drone_images/Mavic 3.png,28.045000,-82.355000,28.044500,-82.355300,apolloshield_dji,dji,,,2414500000,RADAR-A2D2-F3A1,Sensor Tampa Bay / West Florida Coast,120,GREEN,BLUE
1772041634012,A2D2-F3A1,FLT-F3A1-001,28.050007,-82.349927,58,0.1,0,Mavic 3,false,drone_images/Mavic 3.png,28.045000,-82.355000,28.044500,-82.355300,apolloshield_dji,dji,,,2414500000,RADAR-A2D2-F3A1,Sensor Tampa Bay / West Florida Coast,120,GREEN,BLUE
1772041634915,A2D2-F3A1,FLT-F3A1-001,28.050007,-82.349927,58,0.1,0,Mavic 3,false,drone_images/Mavic 3.png,28.045000,-82.355000,28.044500,-82.355300,apolloshield_dji,dji,,,2414500000,RADAR-A2D2-F3A1,Sensor Tampa Bay / West Florida Coast,120,GREEN,BLUE
1772041635798,A2D2-F3A1,FLT-F3A1-001,28.050007,-82.349927,58,0.1,0,Mavic 3,false,drone_images/Mavic 3.png,28.045000,-82.355000,28.044500,-82.355300,apolloshield_dji,dji,,,2414500000,RADAR-A2D2-F3A1,Sensor Tampa Bay / West Florida Coast,120,GREEN,BLUE
1772041636888,A2D2-F3A1,FLT-F3A1-001,28.050007,-82.349927,58,0.1,0,Mavic 3,false,drone_images/Mavic 3.png,28.045000,-82.355000,28.044500,-82.355300,apolloshield_dji,dji,,,2414500000,RADAR-A2D2-F3A1,Sensor Tampa Bay / West Florida Coast,120,GREEN,BLUE
1772041638468,A2D2-F3A1,FLT-F3A1-001,28.050007,-82.349927,58,0.1,0,Mavic 3,false,drone_images/Mavic 3.png,28.045000,-82.355000,28.044500,-82.355300,apolloshield_dji,dji,,,2414500000,RADAR-A2D2-F3A1,Sensor Tampa Bay / West Florida Coast,120,GREEN,BLUE
1772041638855,A2D2-F3A1,FLT-F3A1-001,28.050007,-82.349927,58,0.1,0,Mavic 3,false,drone_images/Mavic 3.png,28.045000,-82.355000,28.044500,-82.355300,apolloshield_dji,dji,,,2414500000,RADAR-A2D2-F3A1,Sensor Tampa Bay / West Florida Coast,120,GREEN,BLUE
1772041639741,A2D2-F3A1,FLT-F3A1-001,28.050007,-82.349927,58,0.1,0,Mavic 3,false,drone_images/Mavic 3.png,28.045000,-82.355000,28.044500,-82.355300,apolloshield_dji,dji,,,2414500000,RADAR-A2D2-F3A1,Sensor Tampa Bay / West Florida Coast,120,GREEN,BLUE
1772041641367,A2D2-F3A1,FLT-F3A1-001,28.050007,-82.349927,58,0.1,0,Mavic 3,false,drone_images/Mavic 3.png,28.045000,-82.355000,28.044500,-82.355300,apolloshield_dji,dji,,,2414500000,RADAR-A2D2-F3A1,Sensor Tampa Bay / West Florida Coast,120,GREEN,BLUE
1772041641746,A2D2-F3A1,FLT-F3A1-001,28.050007,-82.349927,58,0.1,0,Mavic 3,false,drone_images/Mavic 3.png,28.045000,-82.355000,28.044500,-82.355300,apolloshield_dji,dji,,,2414500000,RADAR-A2D2-F3A1,Sensor Tampa Bay / West Florida Coast,120,GREEN,BLUE
1772041642823,A2D2-F3A1,FLT-F3A1-001,28.050007,-82.349927,58,0.1,0,Mavic 3,false,drone_images/Mavic 3.png,28.045000,-82.355000,28.044500,-82.355300,apolloshield_dji,dji,,,2414500000,RADAR-A2D2-F3A1,Sensor Tampa Bay / West Florida Coast,120,GREEN,BLUE
1772041644004,A2D2-F3A1,FLT-F3A1-001,28.050007,-82.349927,58,0.1,0,Mavic 3,false,drone_images/Mavic 3.png,28.045000,-82.355000,28.044500,-82.355300,apolloshield_dji,dji,,,2414500000,RADAR-A2D2-F3A1,Sensor Tampa Bay / West Florida Coast,120,GREEN,BLUE
1772041644856,A2D2-F3A1,FLT-F3A1-001,28.050007,-82.349927,58,0.1,0,Mavic 3,false,drone_images/Mavic 3.png,28.045000,-82.355000,28.044500,-82.355300,apolloshield_dji,dji,,,2414500000,RADAR-A2D2-F3A1,Sensor Tampa Bay / West Florida Coast,120,GREEN,BLUE
1772041646196,A2D2-F3A1,FLT-F3A1-001,28.050007,-82.349927,58,0.1,0,Mavic 3,false,drone_images/Mavic 3.png,28.045000,-82.355000,28.044500,-82.355300,apolloshield_dji,dji,,,2414500000,RADAR-A2D2-F3A1,Sensor Tampa Bay / West Florida Coast,120,GREEN,BLUE
1772041646720,A2D2-F3A1,FLT-F3A1-001,28.050007,-82.349927,58,0.1,0,Mavic 3,false,drone_images/Mavic 3.png,28.045000,-82.355000,28.044500,-82.355300,apolloshield_dji,dji,,,2414500000,RADAR-A2D2-F3A1,Sensor Tampa Bay / West Florida Coast,120,GREEN,BLUE
1772041648292,A2D2-F3A1,FLT-F3A1-001,28.050007,-82.349927,58.1,0.1,0,Mavic 3,false,drone_images/Mavic 3.png,28.045000,-82.355000,28.044500,-82.355300,apolloshield_dji,dji,,,2414500000,RADAR-A2D2-F3A1,Sensor Tampa Bay / West Florida Coast,120,GREEN,BLUE
1772041649340,A2D2-F3A1,FLT-F3A1-001,28.050007,-82.349927,58.1,0.1,0,Mavic 3,false,drone_images/Mavic 3.png,28.045000,-82.355000,28.044500,-82.355300,apolloshield_dji,dji,,,2414500000,RADAR-A2D2-F3A1,Sensor Tampa Bay / West Florida Coast,120,GREEN,BLUE
1772041650062,A2D2-F3A1,FLT-F3A1-001,28.050007,-82.349927,58.1,0.1,0,Mavic 3,false,drone_images/Mavic 3.png,28.045000,-82.355000,28.044500,-82.355300,apolloshield_dji,dji,,,2414500000,RADAR-A2D2-F3A1,Sensor Tampa Bay / West Florida Coast,120,GREEN,BLUE
1772041650915,A2D2-F3A1,FLT-F3A1-001,28.050007,-82.349927,58.1,0.1,0,Mavic 3,false,drone_images/Mavic 3.png,28.045000,-82.355000,28.044500,-82.355300,apolloshield_dji,dji,,,2414500000,RADAR-A2D2-F3A1,Sensor Tampa Bay / West Florida Coast,120,GREEN,BLUE
1772041652161,A2D2-F3A1,FLT-F3A1-001,28.050007,-82.349927,57.8,0.1,0,Mavic 3,false,drone_images/Mavic 3.png,28.045000,-82.355000,28.044500,-82.355300,apolloshield_dji,dji,,,2414500000,RADAR-A2D2-F3A1,Sensor Tampa Bay / West Florida Coast,120,GREEN,BLUE
1772041653619,A2D2-F3A1,FLT-F3A1-001,28.050007,-82.349927,57.8,0.1,0,Mavic 3,false,drone_images/Mavic 3.png,28.045000,-82.355000,28.044500,-82.355300,apolloshield_dji,dji,,,2414500000,RADAR-A2D2-F3A1,Sensor Tampa Bay / West Florida Coast,120,GREEN,BLUE
1772041654834,A2D2-F3A1,FLT-F3A1-001,28.050007,-82.349927,57.8,0.1,0,Mavic 3,false,drone_images/Mavic 3.png,28.045000,-82.355000,28.044500,-82.355300,apolloshield_dji,dji,,,2414500000,RADAR-A2D2-F3A1,Sensor Tampa Bay / West Florida Coast,120,GREEN,BLUE
1772041654961,A2D2-F3A1,FLT-F3A1-001,28.050007,-82.349927,57.8,0.1,0,Mavic 3,false,drone_images/Mavic 3.png,28.045000,-82.355000,28.044500,-82.355300,apolloshield_dji,dji,,,2414500000,RADAR-A2D2-F3A1,Sensor Tampa Bay / West Florida Coast,120,GREEN,BLUE
1772041655837,A2D2-F3A1,FLT-F3A1-001,28.050007,-82.349927,57.8,0.1,0,Mavic 3,false,drone_images/Mavic 3.png,28.045000,-82.355000,28.044500,-82.355300,apolloshield_dji,dji,,,2414500000,RADAR-A2D2-F3A1,Sensor Tampa Bay / West Florida Coast,120,GREEN,BLUE
1772041656965,A2D2-F3A1,FLT-F3A1-001,28.050007,-82.349927,58.3,12,0,Mavic 3,false,drone_images/Mavic 3.png,28.045000,-82.355000,28.044500,-82.355300,apolloshield_dji,dji,,,2414500000,RADAR-A2D2-F3A1,Sensor Tampa Bay / West Florida Coast,120,GREEN,BLUE
1772041658119,A2D2-F3A1,FLT-F3A1-001,28.050007,-82.349927,58.3,12,0,Mavic 3,false,drone_images/Mavic 3.png,28.045000,-82.355000,28.044500,-82.355300,apolloshield_dji,dji,,,2414500000,RADAR-A2D2-F3A1,Sensor Tampa Bay / West Florida Coast,120,GREEN,BLUE
1772041658992,A2D2-F3A1,FLT-F3A1-001,28.050007,-82.349927,58.3,12,0,Mavic 3,false,drone_images/Mavic 3.png,28.045000,-82.355000,28.044500,-82.355300,apolloshield_dji,dji,,,2414500000,RADAR-A2D2-F3A1,Sensor Tampa Bay / West Florida Coast,120,GREEN,BLUE
1772041660885,A2D2-F3A1,FLT-F3A1-001,28.050007,-82.349927,58.3,12,0,Mavic 3,false,drone_images/Mavic 3.png,28.045000,-82.355000,28.044500,-82.355300,apolloshield_dji,dji,,,2414500000,RADAR-A2D2-F3A1,Sensor Tampa Bay / West Florida Coast,120,GREEN,BLUE
1772041661166,A2D2-F3A1,FLT-F3A1-001,28.050007,-82.349927,58.3,12,0,Mavic 3,false,drone_images/Mavic 3.png,28.045000,-82.355000,28.044500,-82.355300,apolloshield_dji,dji,,,2414500000,RADAR-A2D2-F3A1,Sensor Tampa Bay / West Florida Coast,120,GREEN,BLUE
1772041662121,A2D2-F3A1,FLT-F3A1-001,28.050007,-82.349927,58.3,12,0,Mavic 3,false,drone_images/Mavic 3.png,28.045000,-82.355000,28.044500,-82.355300,apolloshield_dji,dji,,,2414500000,RADAR-A2D2-F3A1,Sensor Tampa Bay / West Florida Coast,120,GREEN,BLUE
1772041663035,A2D2-F3A1,FLT-F3A1-001,28.050007,-82.349927,58,0.1,0,Mavic 3,false,drone_images/Mavic 3.png,28.045000,-82.355000,28.044500,-82.355300,apolloshield_dji,dji,,,2414500000,RADAR-A2D2-F3A1,Sensor Tampa Bay / West Florida Coast,120,GREEN,BLUE
1772041663917,A2D2-F3A1,FLT-F3A1-001,28.050007,-82.349927,58,0.1,0,Mavic 3,false,drone_images/Mavic 3.png,28.045000,-82.355000,28.044500,-82.355300,apolloshield_dji,dji,,,2414500000,RADAR-A2D2-F3A1,Sensor Tampa Bay / West Florida Coast,120,GREEN,BLUE
1772041664811,A2D2-F3A1,FLT-F3A1-001,28.050007,-82.349927,58,0.1,0,Mavic 3,false,drone_images/Mavic 3.png,28.045000,-82.355000,28.044500,-82.355300,apolloshield_dji,dji,,,2414500000,RADAR-A2D2-F3A1,Sensor Tampa Bay / West Florida Coast,120,GREEN,BLUE
1772041665794,A2D2-F3A1,FLT-F3A1-001,28.050001,-82.349927,58.1,0.1,0,Mavic 3,false,drone_images/Mavic 3.png,28.045000,-82.355000,28.044500,-82.355300,apolloshield_dji,dji,,,2414500000,RADAR-A2D2-F3A1,Sensor Tampa Bay / West Florida Coast,120,GREEN,BLUE
1772041666928,A2D2-F3A1,FLT-F3A1-001,28.050001,-82.349927,58.3,0.1,0,Mavic 3,false,drone_images/Mavic 3.png,28.045000,-82.355000,28.044500,-82.355300,apolloshield_dji,dji,,,2414500000,RADAR-A2D2-F3A1,Sensor Tampa Bay / West Florida Coast,120,GREEN,BLUE
1772041667951,A2D2-F3A1,FLT-F3A1-001,28.050001,-82.349927,58.3,0.1,0,Mavic 3,false,drone_images/Mavic 3.png,28.045000,-82.355000,28.044500,-82.355300,apolloshield_dji,dji,,,2414500000,RADAR-A2D2-F3A1,Sensor Tampa Bay / West Florida Coast,120,GREEN,BLUE
1772041669264,A2D2-F3A1,FLT-F3A1-001,28.050001,-82.349927,58.3,0.1,0,Mavic 3,false,drone_images/Mavic 3.png,28.045000,-82.355000,28.044500,-82.355300,apolloshield_dji,dji,,,2414500000,RADAR-A2D2-F3A1,Sensor Tampa Bay / West Florida Coast,120,GREEN,BLUE
1772041670836,A2D2-F3A1,FLT-F3A1-001,28.050001,-82.349927,58.3,12,0,Mavic 3,false,drone_images/Mavic 3.png,28.045000,-82.355000,28.044500,-82.355300,apolloshield_dji,dji,,,2414500000,RADAR-A2D2-F3A1,Sensor Tampa Bay / West Florida Coast,120,GREEN,BLUE
1772041671049,A2D2-F3A1,FLT-F3A1-001,28.050001,-82.349927,58.3,0.1,0,Mavic 3,false,drone_images/Mavic 3.png,28.045000,-82.355000,28.044500,-82.355300,apolloshield_dji,dji,,,2414500000,RADAR-A2D2-F3A1,Sensor Tampa Bay / West Florida Coast,120,GREEN,BLUE
1772041672037,A2D2-F3A1,FLT-F3A1-001,28.050001,-82.349927,58.2,12,0,Mavic 3,false,drone_images/Mavic 3.png,28.045000,-82.355000,28.044500,-82.355300,apolloshield_dji,dji,,,2414500000,RADAR-A2D2-F3A1,Sensor Tampa Bay / West Florida Coast,120,GREEN,BLUE
1772041673095,A2D2-F3A1,FLT-F3A1-001,28.050001,-82.349927,58.2,12,0,Mavic 3,false,drone_images/Mavic 3.png,28.045000,-82.355000,28.044500,-82.355300,apolloshield_dji,dji,,,2414500000,RADAR-A2D2-F3A1,Sensor Tampa Bay / West Florida Coast,120,GREEN,BLUE
1772041673889,A2D2-F3A1,FLT-F3A1-001,28.050001,-82.349927,58.2,12,0,Mavic 3,false,drone_images/Mavic 3.png,28.045000,-82.355000,28.044500,-82.355300,apolloshield_dji,dji,,,2414500000,RADAR-A2D2-F3A1,Sensor Tampa Bay / West Florida Coast,120,GREEN,BLUE
1772041675277,A2D2-F3A1,FLT-F3A1-001,28.050001,-82.349927,58.2,12,0,Mavic 3,false,drone_images/Mavic 3.png,28.045000,-82.355000,28.044500,-82.355300,apolloshield_dji,dji,,,2414500000,RADAR-A2D2-F3A1,Sensor Tampa Bay / West Florida Coast,120,GREEN,BLUE
1772041675880,A2D2-F3A1,FLT-F3A1-001,28.050001,-82.349927,58,0.1,0,Mavic 3,false,drone_images/Mavic 3.png,28.045000,-82.355000,28.044500,-82.355300,apolloshield_dji,dji,,,2414500000,RADAR-A2D2-F3A1,Sensor Tampa Bay / West Florida Coast,120,GREEN,BLUE
1772041677652,A2D2-F3A1,FLT-F3A1-001,28.050001,-82.349927,58,0.1,0,Mavic 3,false,drone_images/Mavic 3.png,28.045000,-82.355000,28.044500,-82.355300,apolloshield_dji,dji,,,2414500000,RADAR-A2D2-F3A1,Sensor Tampa Bay / West Florida Coast,120,GREEN,BLUE
1772041678177,A2D2-F3A1,FLT-F3A1-001,28.050001,-82.349927,58,0.1,0,Mavic 3,false,drone_images/Mavic 3.png,28.045000,-82.355000,28.044500,-82.355300,apolloshield_dji,dji,,,2414500000,RADAR-A2D2-F3A1,Sensor Tampa Bay / West Florida Coast,120,GREEN,BLUE
1772041678872,A2D2-F3A1,FLT-F3A1-001,28.050001,-82.349927,58.1,0.1,0,Mavic 3,false,drone_images/Mavic 3.png,28.045000,-82.355000,28.044500,-82.355300,apolloshield_dji,dji,,,2414500000,RADAR-A2D2-F3A1,Sensor Tampa Bay / West Florida Coast,120,GREEN,BLUE
1772041680476,A2D2-F3A1,FLT-F3A1-001,28.050001,-82.349927,58.1,0.1,0,Mavic 3,false,drone_images/Mavic 3.png,28.045000,-82.355000,28.044500,-82.355300,apolloshield_dji,dji,,,2414500000,RADAR-A2D2-F3A1,Sensor Tampa Bay / West Florida Coast,120,GREEN,BLUE
1772041681432,A2D2-F3A1,FLT-F3A1-001,28.050001,-82.349927,58.1,0.1,0,Mavic 3,false,drone_images/Mavic 3.png,28.045000,-82.355000,28.044500,-82.355300,apolloshield_dji,dji,,,2414500000,RADAR-A2D2-F3A1,Sensor Tampa Bay / West Florida Coast,120,GREEN,BLUE
1772041682034,A2D2-F3A1,FLT-F3A1-001,28.050001,-82.349927,58.1,0.1,0,Mavic 3,false,drone_images/Mavic 3.png,28.045000,-82.355000,28.044500,-82.355300,apolloshield_dji,dji,,,2414500000,RADAR-A2D2-F3A1,Sensor Tampa Bay / West Florida Coast,120,GREEN,BLUE
1772041683454,A2D2-F3A1,FLT-F3A1-001,28.050001,-82.349927,58.1,0.1,0,Mavic 3,false,drone_images/Mavic 3.png,28.045000,-82.355000,28.044500,-82.355300,apolloshield_dji,dji,,,2414500000,RADAR-A2D2-F3A1,Sensor Tampa Bay / West Florida Coast,120,GREEN,BLUE
1772041684037,A2D2-F3A1,FLT-F3A1-001,28.050001,-82.349927,58.7,12,0,Mavic 3,false,drone_images/Mavic 3.png,28.045000,-82.355000,28.044500,-82.355300,apolloshield_dji,dji,,,2414500000,RADAR-A2D2-F3A1,Sensor Tampa Bay / West Florida Coast,120,GREEN,BLUE
1772041685051,A2D2-F3A1,FLT-F3A1-001,28.050001,-82.349927,58.7,12,0,Mavic 3,false,drone_images/Mavic 3.png,28.045000,-82.355000,28.044500,-82.355300,apolloshield_dji,dji,,,2414500000,RADAR-A2D2-F3A1,Sensor Tampa Bay / West Florida Coast,120,GREEN,BLUE
1772041685699,A2D2-F3A1,FLT-F3A1-001,28.050001,-82.349927,58.7,12,0,Mavic 3,false,drone_images/Mavic 3.png,28.045000,-82.355000,28.044500,-82.355300,apolloshield_dji,dji,,,2414500000,RADAR-A2D2-F3A1,Sensor Tampa Bay / West Florida Coast,120,GREEN,BLUE
1772041687013,A2D2-F3A1,FLT-F3A1-001,28.050001,-82.349927,58.5,0.1,0,Mavic 3,false,drone_images/Mavic 3.png,28.045000,-82.355000,28.044500,-82.355300,apolloshield_dji,dji,,,2414500000,RADAR-A2D2-F3A1,Sensor Tampa Bay / West Florida Coast,120,GREEN,BLUE
1772041688043,A2D2-F3A1,FLT-F3A1-001,28.050001,-82.349927,58.5,0.1,0,Mavic 3,false,drone_images/Mavic 3.png,28.045000,-82.355000,28.044500,-82.355300,apolloshield_dji,dji,,,2414500000,RADAR-A2D2-F3A1,Sensor Tampa Bay / West Florida Coast,120,GREEN,BLUE
1772041688781,A2D2-F3A1,FLT-F3A1-001,28.050001,-82.349927,58.5,0.1,0,Mavic 3,false,drone_images/Mavic 3.png,28.045000,-82.355000,28.044500,-82.355300,apolloshield_dji,dji,,,2414500000,RADAR-A2D2-F3A1,Sensor Tampa Bay / West Florida Coast,120,GREEN,BLUE
1772041689766,A2D2-F3A1,FLT-F3A1-001,28.050001,-82.349927,58.5,0.1,0,Mavic 3,false,drone_images/Mavic 3.png,28.045000,-82.355000,28.044500,-82.355300,apolloshield_dji,dji,,,2414500000,RADAR-A2D2-F3A1,Sensor Tampa Bay / West Florida Coast,120,GREEN,BLUE
1772041690817,A2D2-F3A1,FLT-F3A1-001,28.050001,-82.349927,58.1,0.1,0,Mavic 3,false,drone_images/Mavic 3.png,28.045000,-82.355000,28.044500,-82.355300,apolloshield_dji,dji,,,2414500000,RADAR-A2D2-F3A1,Sensor Tampa Bay / West Florida Coast,120,GREEN,BLUE
1772041691807,A2D2-F3A1,FLT-F3A1-001,28.050001,-82.349927,58.1,0.1,0,Mavic 3,false,drone_images/Mavic 3.png,28.045000,-82.355000,28.044500,-82.355300,apolloshield_dji,dji,,,2414500000,RADAR-A2D2-F3A1,Sensor Tampa Bay / West Florida Coast,120,GREEN,BLUE
1772041693116,A2D2-F3A1,FLT-F3A1-001,28.050001,-82.349927,58.1,0.1,0,Mavic 3,false,drone_images/Mavic 3.png,28.045000,-82.355000,28.044500,-82.355300,apolloshield_dji,dji,,,2414500000,RADAR-A2D2-F3A1,Sensor Tampa Bay / West Florida Coast,120,GREEN,BLUE
1772041693916,A2D2-F3A1,FLT-F3A1-001,28.050001,-82.349927,58.1,0.1,0,Mavic 3,false,drone_images/Mavic 3.png,28.045000,-82.355000,28.044500,-82.355300,apolloshield_dji,dji,,,2414500000,RADAR-A2D2-F3A1,Sensor Tampa Bay / West Florida Coast,120,GREEN,BLUE
1772041695245,A2D2-F3A1,FLT-F3A1-001,28.050001,-82.349927,58.1,0.1,0,Mavic 3,false,drone_images/Mavic 3.png,28.045000,-82.355000,28.044500,-82.355300,apolloshield_dji,dji,,,2414500000,RADAR-A2D2-F3A1,Sensor Tampa Bay / West Florida Coast,120,GREEN,BLUE
1772041695898,A2D2-F3A1,FLT-F3A1-001,28.050001,-82.349927,58.1,0.1,0,Mavic 3,false,drone_images/Mavic 3.png,28.045000,-82.355000,28.044500,-82.355300,apolloshield_dji,dji,,,2414500000,RADAR-A2D2-F3A1,Sensor Tampa Bay / West Florida Coast,120,GREEN,BLUE
1772041697052,A2D2-F3A1,FLT-F3A1-001,28.050001,-82.349927,58.1,0.1,0,Mavic 3,false,drone_images/Mavic 3.png,28.045000,-82.355000,28.044500,-82.355300,apolloshield_dji,dji,,,2414500000,RADAR-A2D2-F3A1,Sensor Tampa Bay / West Florida Coast,120,GREEN,BLUE
1772041698125,A2D2-F3A1,FLT-F3A1-001,28.050001,-82.349927,58.1,0.1,0,Mavic 3,false,drone_images/Mavic 3.png,28.045000,-82.355000,28.044500,-82.355300,apolloshield_dji,dji,,,2414500000,RADAR-A2D2-F3A1,Sensor Tampa Bay / West Florida Coast,120,GREEN,BLUE
1772041698704,A2D2-F3A1,FLT-F3A1-001,28.050001,-82.349927,58.1,0.1,0,Mavic 3,false,drone_images/Mavic 3.png,28.045000,-82.355000,28.044500,-82.355300,apolloshield_dji,dji,,,2414500000,RADAR-A2D2-F3A1,Sensor Tampa Bay / West Florida Coast,120,GREEN,BLUE
1772041699799,A2D2-F3A1,FLT-F3A1-001,28.050001,-82.349927,58.1,0.1,0,Mavic 3,false,drone_images/Mavic 3.png,28.045000,-82.355000,28.044500,-82.355300,apolloshield_dji,dji,,,2414500000,RADAR-A2D2-F3A1,Sensor Tampa Bay / West Florida Coast,120,GREEN,BLUE
1772041700720,A2D2-F3A1,FLT-F3A1-001,28.050001,-82.349927,58.1,0.1,0,Mavic 3,false,drone_images/Mavic 3.png,28.045000,-82.355000,28.044500,-82.355300,apolloshield_dji,dji,,,2414500000,RADAR-A2D2-F3A1,Sensor Tampa Bay / West Florida Coast,120,GREEN,BLUE
1772041701910,A2D2-F3A1,FLT-F3A1-001,28.050001,-82.349927,58.1,0.1,0,Mavic 3,false,drone_images/Mavic 3.png,28.045000,-82.355000,28.044500,-82.355300,apolloshield_dji,dji,,,2414500000,RADAR-A2D2-F3A1,Sensor Tampa Bay / West Florida Coast,120,GREEN,BLUE
1772041702979,A2D2-F3A1,FLT-F3A1-001,28.050001,-82.349927,58.1,0.1,0,Mavic 3,false,drone_images/Mavic 3.png,28.045000,-82.355000,28.044500,-82.355300,apolloshield_dji,dji,,,2414500000,RADAR-A2D2-F3A1,Sensor Tampa Bay / West Florida Coast,120,GREEN,BLUE
1772041704070,A2D2-F3A1,FLT-F3A1-001,28.050001,-82.349927,58.1,0.1,0,Mavic 3,false,drone_images/Mavic 3.png,28.045000,-82.355000,28.044500,-82.355300,apolloshield_dji,dji,,,2414500000,RADAR-A2D2-F3A1,Sensor Tampa Bay / West Florida Coast,120,GREEN,BLUE
1772041704915,A2D2-F3A1,FLT-F3A1-001,28.050001,-82.349927,58.1,0.1,0,Mavic 3,false,drone_images/Mavic 3.png,28.045000,-82.355000,28.044500,-82.355300,apolloshield_dji,dji,,,2414500000,RADAR-A2D2-F3A1,Sensor Tampa Bay / West Florida Coast,120,GREEN,BLUE
1772041705748,A2D2-F3A1,FLT-F3A1-001,28.050001,-82.349927,58.1,0.1,0,Mavic 3,false,drone_images/Mavic 3.png,28.045000,-82.355000,28.044500,-82.355300,apolloshield_dji,dji,,,2414500000,RADAR-A2D2-F3A1,Sensor Tampa Bay / West Florida Coast,120,GREEN,BLUE
1772041706794,A2D2-F3A1,FLT-F3A1-001,28.050001,-82.349927,58.1,0.1,0,Mavic 3,false,drone_images/Mavic 3.png,28.045000,-82.355000,28.044500,-82.355300,apolloshield_dji,dji,,,2414500000,RADAR-A2D2-F3A1,Sensor Tampa Bay / West Florida Coast,120,GREEN,BLUE
1772041707832,A2D2-F3A1,FLT-F3A1-001,28.050001,-82.349927,58.1,0.1,0,Mavic 3,false,drone_images/Mavic 3.png,28.045000,-82.355000,28.044500,-82.355300,apolloshield_dji,dji,,,2414500000,RADAR-A2D2-F3A1,Sensor Tampa Bay / West Florida Coast,120,GREEN,BLUE
1772041709136,A2D2-F3A1,FLT-F3A1-001,28.050001,-82.349927,58.1,0.1,0,Mavic 3,false,drone_images/Mavic 3.png,28.045000,-82.355000,28.044500,-82.355300,apolloshield_dji,dji,,,2414500000,RADAR-A2D2-F3A1,Sensor Tampa Bay / West Florida Coast,120,GREEN,BLUE
1772041709675,A2D2-F3A1,FLT-F3A1-001,28.050001,-82.349927,58.1,0.1,0,Mavic 3,false,drone_images/Mavic 3.png,28.045000,-82.355000,28.044500,-82.355300,apolloshield_dji,dji,,,2414500000,RADAR-A2D2-F3A1,Sensor Tampa Bay / West Florida Coast,120,GREEN,BLUE
1772041710708,A2D2-F3A1,FLT-F3A1-001,28.050001,-82.349927,58.1,0.1,0,Mavic 3,false,drone_images/Mavic 3.png,28.045000,-82.355000,28.044500,-82.355300,apolloshield_dji,dji,,,2414500000,RADAR-A2D2-F3A1,Sensor Tampa Bay / West Florida Coast,120,GREEN,BLUE
1772041711756,A2D2-F3A1,FLT-F3A1-001,28.050001,-82.349927,58.1,0.1,0,Mavic 3,false,drone_images/Mavic 3.png,28.045000,-82.355000,28.044500,-82.355300,apolloshield_dji,dji,,,2414500000,RADAR-A2D2-F3A1,Sensor Tampa Bay / West Florida Coast,120,GREEN,BLUE
1772041713302,A2D2-F3A1,FLT-F3A1-001,28.050001,-82.349927,58.1,0.1,0,Mavic 3,false,drone_images/Mavic 3.png,28.045000,-82.355000,28.044500,-82.355300,apolloshield_dji,dji,,,2414500000,RADAR-A2D2-F3A1,Sensor Tampa Bay / West Florida Coast,120,GREEN,BLUE
1772041713637,A2D2-F3A1,FLT-F3A1-001,28.050001,-82.349927,58.1,0.1,0,Mavic 3,false,drone_images/Mavic 3.png,28.045000,-82.355000,28.044500,-82.355300,apolloshield_dji,dji,,,2414500000,RADAR-A2D2-F3A1,Sensor Tampa Bay / West Florida Coast,120,GREEN,BLUE
1772041715080,A2D2-F3A1,FLT-F3A1-001,28.050001,-82.349927,58.1,0.1,0,Mavic 3,false,drone_images/Mavic 3.png,28.045000,-82.355000,28.044500,-82.355300,apolloshield_dji,dji,,,2414500000,RADAR-A2D2-F3A1,Sensor Tampa Bay / West Florida Coast,120,GREEN,BLUE
1772041715740,A2D2-F3A1,FLT-F3A1-001,28.050001,-82.349927,58.1,0.1,0,Mavic 3,false,drone_images/Mavic 3.png,28.045000,-82.355000,28.044500,-82.355300,apolloshield_dji,dji,,,2414500000,RADAR-A2D2-F3A1,Sensor Tampa Bay / West Florida Coast,120,GREEN,BLUE
1772041716971,A2D2-F3A1,FLT-F3A1-001,28.050001,-82.349927,58.1,0.1,0,Mavic 3,false,drone_images/Mavic 3.png,28.045000,-82.355000,28.044500,-82.355300,apolloshield_dji,dji,,,2414500000,RADAR-A2D2-F3A1,Sensor Tampa Bay / West Florida Coast,120,GREEN,BLUE
1772041717838,A2D2-F3A1,FLT-F3A1-001,28.050001,-82.349927,58.3,12,0,Mavic 3,false,drone_images/Mavic 3.png,28.045000,-82.355000,28.044500,-82.355300,apolloshield_dji,dji,,,2414500000,RADAR-A2D2-F3A1,Sensor Tampa Bay / West Florida Coast,120,GREEN,BLUE
1772041719070,A2D2-F3A1,FLT-F3A1-001,28.050001,-82.349927,58.1,12,0,Mavic 3,false,drone_images/Mavic 3.png,28.045000,-82.355000,28.044500,-82.355300,apolloshield_dji,dji,,,2414500000,RADAR-A2D2-F3A1,Sensor Tampa Bay / West Florida Coast,120,GREEN,BLUE
1772041719930,A2D2-F3A1,FLT-F3A1-001,28.050001,-82.349927,58.1,12,0,Mavic 3,false,drone_images/Mavic 3.png,28.045000,-82.355000,28.044500,-82.355300,apolloshield_dji,dji,,,2414500000,RADAR-A2D2-F3A1,Sensor Tampa Bay / West Florida Coast,120,GREEN,BLUE
1772041721414,A2D2-F3A1,FLT-F3A1-001,28.050001,-82.349927,58.1,12,0,Mavic 3,false,drone_images/Mavic 3.png,28.045000,-82.355000,28.044500,-82.355300,apolloshield_dji,dji,,,2414500000,RADAR-A2D2-F3A1,Sensor Tampa Bay / West Florida Coast,120,GREEN,BLUE
1772041721887,A2D2-F3A1,FLT-F3A1-001,28.050001,-82.349927,58,0.1,0,Mavic 3,false,drone_images/Mavic 3.png,28.045000,-82.355000,28.044500,-82.355300,apolloshield_dji,dji,,,2414500000,RADAR-A2D2-F3A1,Sensor Tampa Bay / West Florida Coast,120,GREEN,BLUE
1772041722738,A2D2-F3A1,FLT-F3A1-001,28.050001,-82.349927,58,12,0,Mavic 3,false,drone_images/Mavic 3.png,28.045000,-82.355000,28.044500,-82.355300,apolloshield_dji,dji,,,2414500000,RADAR-A2D2-F3A1,Sensor Tampa Bay / West Florida Coast,120,GREEN,BLUE
1772041723634,A2D2-F3A1,FLT-F3A1-001,28.050001,-82.349927,58,12,0,Mavic 3,false,drone_images/Mavic 3.png,28.045000,-82.355000,28.044500,-82.355300,apolloshield_dji,dji,,,2414500000,RADAR-A2D2-F3A1,Sensor Tampa Bay / West Florida Coast,120,GREEN,BLUE
1772041724723,A2D2-F3A1,FLT-F3A1-001,28.050001,-82.349927,58,12,0,Mavic 3,false,drone_images/Mavic 3.png,28.045000,-82.355000,28.044500,-82.355300,apolloshield_dji,dji,,,2414500000,RADAR-A2D2-F3A1,Sensor Tampa Bay / West Florida Coast,120,GREEN,BLUE
1772041725983,A2D2-F3A1,FLT-F3A1-001,28.050001,-82.349927,58,12,0,Mavic 3,false,drone_images/Mavic 3.png,28.045000,-82.355000,28.044500,-82.355300,apolloshield_dji,dji,,,2414500000,RADAR-A2D2-F3A1,Sensor Tampa Bay / West Florida Coast,120,GREEN,BLUE
1772041726966,A2D2-F3A1,FLT-F3A1-001,28.050001,-82.349927,58.3,12,0,Mavic 3,false,drone_images/Mavic 3.png,28.045000,-82.355000,28.044500,-82.355300,apolloshield_dji,dji,,,2414500000,RADAR-A2D2-F3A1,Sensor Tampa Bay / West Florida Coast,120,GREEN,BLUE
1772041727772,A2D2-F3A1,FLT-F3A1-001,28.050001,-82.349927,58.3,12,0,Mavic 3,false,drone_images/Mavic 3.png,28.045000,-82.355000,28.044500,-82.355300,apolloshield_dji,dji,,,2414500000,RADAR-A2D2-F3A1,Sensor Tampa Bay / West Florida Coast,120,GREEN,BLUE
1772041729287,A2D2-F3A1,FLT-F3A1-001,28.050001,-82.349927,58.2,12,0,Mavic 3,false,drone_images/Mavic 3.png,28.045000,-82.355000,28.044500,-82.355300,apolloshield_dji,dji,,,2414500000,RADAR-A2D2-F3A1,Sensor Tampa Bay / West Florida Coast,120,GREEN,BLUE
1772041729878,A2D2-F3A1,FLT-F3A1-001,28.050001,-82.349927,58.3,12,0,Mavic 3,false,drone_images/Mavic 3.png,28.045000,-82.355000,28.044500,-82.355300,apolloshield_dji,dji,,,2414500000,RADAR-A2D2-F3A1,Sensor Tampa Bay / West Florida Coast,120,GREEN,BLUE
1772041730978,A2D2-F3A1,FLT-F3A1-001,28.050001,-82.349927,58.2,12,0,Mavic 3,false,drone_images/Mavic 3.png,28.045000,-82.355000,28.044500,-82.355300,apolloshield_dji,dji,,,2414500000,RADAR-A2D2-F3A1,Sensor Tampa Bay / West Florida Coast,120,GREEN,BLUE
1772041731977,A2D2-F3A1,FLT-F3A1-001,28.050001,-82.349927,58.2,12,0,Mavic 3,false,drone_images/Mavic 3.png,28.045000,-82.355000,28.044500,-82.355300,apolloshield_dji,dji,,,2414500000,RADAR-A2D2-F3A1,Sensor Tampa Bay / West Florida Coast,120,GREEN,BLUE
1772041732923,A2D2-F3A1,FLT-F3A1-001,28.050001,-82.349927,58.2,12,0,Mavic 3,false,drone_images/Mavic 3.png,28.045000,-82.355000,28.044500,-82.355300,apolloshield_dji,dji,,,2414500000,RADAR-A2D2-F3A1,Sensor Tampa Bay / West Florida Coast,120,GREEN,BLUE
1772041734273,A2D2-F3A1,FLT-F3A1-001,28.050001,-82.349927,58.2,12,0,Mavic 3,false,drone_images/Mavic 3.png,28.045000,-82.355000,28.044500,-82.355300,apolloshield_dji,dji,,,2414500000,RADAR-A2D2-F3A1,Sensor Tampa Bay / West Florida Coast,120,GREEN,BLUE
1772041734977,A2D2-F3A1,FLT-F3A1-001,28.050001,-82.349927,58.1,12,0,Mavic 3,false,drone_images/Mavic 3.png,28.045000,-82.355000,28.044500,-82.355300,apolloshield_dji,dji,,,2414500000,RADAR-A2D2-F3A1,Sensor Tampa Bay / West Florida Coast,120,GREEN,BLUE
1772041735849,A2D2-F3A1,FLT-F3A1-001,28.050001,-82.349927,58.1,12,0,Mavic 3,false,drone_images/Mavic 3.png,28.045000,-82.355000,28.044500,-82.355300,apolloshield_dji,dji,,,2414500000,RADAR-A2D2-F3A1,Sensor Tampa Bay / West Florida Coast,120,GREEN,BLUE
1772041736763,A2D2-F3A1,FLT-F3A1-001,28.050001,-82.349927,58.1,12,0,Mavic 3,false,drone_images/Mavic 3.png,28.045000,-82.355000,28.044500,-82.355300,apolloshield_dji,dji,,,2414500000,RADAR-A2D2-F3A1,Sensor Tampa Bay / West Florida Coast,120,GREEN,BLUE
1772041738078,A2D2-F3A1,FLT-F3A1-001,28.050001,-82.349927,58.1,12,0,Mavic 3,false,drone_images/Mavic 3.png,28.045000,-82.355000,28.044500,-82.355300,apolloshield_dji,dji,,,2414500000,RADAR-A2D2-F3A1,Sensor Tampa Bay / West Florida Coast,120,GREEN,BLUE
1772041738994,A2D2-F3A1,FLT-F3A1-001,28.050001,-82.349927,58.1,12,0,Mavic 3,false,drone_images/Mavic 3.png,28.045000,-82.355000,28.044500,-82.355300,apolloshield_dji,dji,,,2414500000,RADAR-A2D2-F3A1,Sensor Tampa Bay / West Florida Coast,120,GREEN,BLUE
1772041739660,A2D2-F3A1,FLT-F3A1-001,28.050001,-82.349927,58.1,12,0,Mavic 3,false,drone_images/Mavic 3.png,28.045000,-82.355000,28.044500,-82.355300,apolloshield_dji,dji,,,2414500000,RADAR-A2D2-F3A1,Sensor Tampa Bay / West Florida Coast,120,GREEN,BLUE
1772041740751,A2D2-F3A1,FLT-F3A1-001,28.050001,-82.349927,58.1,12,0,Mavic 3,false,drone_images/Mavic 3.png,28.045000,-82.355000,28.044500,-82.355300,apolloshield_dji,dji,,,2414500000,RADAR-A2D2-F3A1,Sensor Tampa Bay / West Florida Coast,120,GREEN,BLUE
1772041742212,A2D2-F3A1,FLT-F3A1-001,28.050001,-82.349927,58.3,12,0,Mavic 3,false,drone_images/Mavic 3.png,28.045000,-82.355000,28.044500,-82.355300,apolloshield_dji,dji,,,2414500000,RADAR-A2D2-F3A1,Sensor Tampa Bay / West Florida Coast,120,GREEN,BLUE
1772041743185,A2D2-F3A1,FLT-F3A1-001,28.050001,-82.349927,58.3,12,0,Mavic 3,false,drone_images/Mavic 3.png,28.045000,-82.355000,28.044500,-82.355300,apolloshield_dji,dji,,,2414500000,RADAR-A2D2-F3A1,Sensor Tampa Bay / West Florida Coast,120,GREEN,BLUE
1772041744234,A2D2-F3A1,FLT-F3A1-001,28.050001,-82.349927,58.3,12,0,Mavic 3,false,drone_images/Mavic 3.png,28.045000,-82.355000,28.044500,-82.355300,apolloshield_dji,dji,,,2414500000,RADAR-A2D2-F3A1,Sensor Tampa Bay / West Florida Coast,120,GREEN,BLUE
1772041744817,A2D2-F3A1,FLT-F3A1-001,28.050001,-82.349927,58.3,12,0,Mavic 3,false,drone_images/Mavic 3.png,28.045000,-82.355000,28.044500,-82.355300,apolloshield_dji,dji,,,2414500000,RADAR-A2D2-F3A1,Sensor Tampa Bay / West Florida Coast,120,GREEN,BLUE
1772041745892,A2D2-F3A1,FLT-F3A1-001,28.050001,-82.349927,58.2,0.1,0,Mavic 3,false,drone_images/Mavic 3.png,28.045000,-82.355000,28.044500,-82.355300,apolloshield_dji,dji,,,2414500000,RADAR-A2D2-F3A1,Sensor Tampa Bay / West Florida Coast,120,GREEN,BLUE
1772041746631,A2D2-F3A1,FLT-F3A1-001,28.050001,-82.349927,58.2,0.1,0,Mavic 3,false,drone_images/Mavic 3.png,28.045000,-82.355000,28.044500,-82.355300,apolloshield_dji,dji,,,2414500000,RADAR-A2D2-F3A1,Sensor Tampa Bay / West Florida Coast,120,GREEN,BLUE
1772041747753,A2D2-F3A1,FLT-F3A1-001,28.050001,-82.349927,58.2,0.1,0,Mavic 3,false,drone_images/Mavic 3.png,28.045000,-82.355000,28.044500,-82.355300,apolloshield_dji,dji,,,2414500000,RADAR-A2D2-F3A1,Sensor Tampa Bay / West Florida Coast,120,GREEN,BLUE
1772041748953,A2D2-F3A1,FLT-F3A1-001,28.050001,-82.349927,58.2,0.1,0,Mavic 3,false,drone_images/Mavic 3.png,28.045000,-82.355000,28.044500,-82.355300,apolloshield_dji,dji,,,2414500000,RADAR-A2D2-F3A1,Sensor Tampa Bay / West Florida Coast,120,GREEN,BLUE
1772041749797,A2D2-F3A1,FLT-F3A1-001,28.050001,-82.349927,58,12,0,Mavic 3,false,drone_images/Mavic 3.png,28.045000,-82.355000,28.044500,-82.355300,apolloshield_dji,dji,,,2414500000,RADAR-A2D2-F3A1,Sensor Tampa Bay / West Florida Coast,120,GREEN,BLUE
1772041750799,A2D2-F3A1,FLT-F3A1-001,28.050001,-82.349927,58,12,0,Mavic 3,false,drone_images/Mavic 3.png,28.045000,-82.355000,28.044500,-82.355300,apolloshield_dji,dji,,,2414500000,RADAR-A2D2-F3A1,Sensor Tampa Bay / West Florida Coast,120,GREEN,BLUE
1772041751892,A2D2-F3A1,FLT-F3A1-001,28.050001,-82.349927,58.3,12,0,Mavic 3,false,drone_images/Mavic 3.png,28.045000,-82.355000,28.044500,-82.355300,apolloshield_dji,dji,,,2414500000,RADAR-A2D2-F3A1,Sensor Tampa Bay / West Florida Coast,120,GREEN,BLUE
1772041752747,A2D2-F3A1,FLT-F3A1-001,28.050001,-82.349927,58.4,12,0,Mavic 3,false,drone_images/Mavic 3.png,28.045000,-82.355000,28.044500,-82.355300,apolloshield_dji,dji,,,2414500000,RADAR-A2D2-F3A1,Sensor Tampa Bay / West Florida Coast,120,GREEN,BLUE
1772041753916,A2D2-F3A1,FLT-F3A1-001,28.050001,-82.349927,58.4,12,0,Mavic 3,false,drone_images/Mavic 3.png,28.045000,-82.355000,28.044500,-82.355300,apolloshield_dji,dji,,,2414500000,RADAR-A2D2-F3A1,Sensor Tampa Bay / West Florida Coast,120,GREEN,BLUE
1772041754902,A2D2-F3A1,FLT-F3A1-001,28.050001,-82.349927,58.4,12,0,Mavic 3,false,drone_images/Mavic 3.png,28.045000,-82.355000,28.044500,-82.355300,apolloshield_dji,dji,,,2414500000,RADAR-A2D2-F3A1,Sensor Tampa Bay / West Florida Coast,120,GREEN,BLUE
1772041756030,A2D2-F3A1,FLT-F3A1-001,28.050001,-82.349927,58,12,0,Mavic 3,false,drone_images/Mavic 3.png,28.045000,-82.355000,28.044500,-82.355300,apolloshield_dji,dji,,,2414500000,RADAR-A2D2-F3A1,Sensor Tampa Bay / West Florida Coast,120,GREEN,BLUE
1772041757376,A2D2-F3A1,FLT-F3A1-001,28.050001,-82.349927,58,12,0,Mavic 3,false,drone_images/Mavic 3.png,28.045000,-82.355000,28.044500,-82.355300,apolloshield_dji,dji,,,2414500000,RADAR-A2D2-F3A1,Sensor Tampa Bay / West Florida Coast,120,GREEN,BLUE
1772041758089,A2D2-F3A1,FLT-F3A1-001,28.050001,-82.349927,58,12,0,Mavic 3,false,drone_images/Mavic 3.png,28.045000,-82.355000,28.044500,-82.355300,apolloshield_dji,dji,,,2414500000,RADAR-A2D2-F3A1,Sensor Tampa Bay / West Florida Coast,120,GREEN,BLUE
1772041758724,A2D2-F3A1,FLT-F3A1-001,28.050001,-82.349927,58,12,0,Mavic 3,false,drone_images/Mavic 3.png,28.045000,-82.355000,28.044500,-82.355300,apolloshield_dji,dji,,,2414500000,RADAR-A2D2-F3A1,Sensor Tampa Bay / West Florida Coast,120,GREEN,BLUE
1772041759962,A2D2-F3A1,FLT-F3A1-001,28.050001,-82.349927,58,12,0,Mavic 3,false,drone_images/Mavic 3.png,28.045000,-82.355000,28.044500,-82.355300,apolloshield_dji,dji,,,2414500000,RADAR-A2D2-F3A1,Sensor Tampa Bay / West Florida Coast,120,GREEN,BLUE
1772041760802,A2D2-F3A1,FLT-F3A1-001,28.050001,-82.349927,57.9,0.1,0,Mavic 3,false,drone_images/Mavic 3.png,28.045000,-82.355000,28.044500,-82.355300,apolloshield_dji,dji,,,2414500000,RADAR-A2D2-F3A1,Sensor Tampa Bay / West Florida Coast,120,GREEN,BLUE
1772041761892,A2D2-F3A1,FLT-F3A1-001,28.050001,-82.349927,57.9,0.1,0,Mavic 3,false,drone_images/Mavic 3.png,28.045000,-82.355000,28.044500,-82.355300,apolloshield_dji,dji,,,2414500000,RADAR-A2D2-F3A1,Sensor Tampa Bay / West Florida Coast,120,GREEN,BLUE
1772041762876,A2D2-F3A1,FLT-F3A1-001,28.050001,-82.349927,58,12,0,Mavic 3,false,drone_images/Mavic 3.png,28.045000,-82.355000,28.044500,-82.355300,apolloshield_dji,dji,,,2414500000,RADAR-A2D2-F3A1,Sensor Tampa Bay / West Florida Coast,120,GREEN,BLUE
1772041763889,A2D2-F3A1,FLT-F3A1-001,28.050001,-82.349927,58,12,0,Mavic 3,false,drone_images/Mavic 3.png,28.045000,-82.355000,28.044500,-82.355300,apolloshield_dji,dji,,,2414500000,RADAR-A2D2-F3A1,Sensor Tampa Bay / West Florida Coast,120,GREEN,BLUE
1772041764696,A2D2-F3A1,FLT-F3A1-001,28.050001,-82.349927,58,12,0,Mavic 3,false,drone_images/Mavic 3.png,28.045000,-82.355000,28.044500,-82.355300,apolloshield_dji,dji,,,2414500000,RADAR-A2D2-F3A1,Sensor Tampa Bay / West Florida Coast,120,GREEN,BLUE
1772041765729,A2D2-F3A1,FLT-F3A1-001,28.050001,-82.349927,58.2,12,0,Mavic 3,false,drone_images/Mavic 3.png,28.045000,-82.355000,28.044500,-82.355300,apolloshield_dji,dji,,,2414500000,RADAR-A2D2-F3A1,Sensor Tampa Bay / West Florida Coast,120,GREEN,BLUE
1772041768128,A2D2-F3A1,FLT-F3A1-001,28.050001,-82.349927,58.2,12,0,Mavic 3,false,drone_images/Mavic 3.png,28.045000,-82.355000,28.044500,-82.355300,apolloshield_dji,dji,,,2414500000,RADAR-A2D2-F3A1,Sensor Tampa Bay / West Florida Coast,120,GREEN,BLUE
1772041768243,A2D2-F3A1,FLT-F3A1-001,28.050001,-82.349927,58.2,12,0,Mavic 3,false,drone_images/Mavic 3.png,28.045000,-82.355000,28.044500,-82.355300,apolloshield_dji,dji,,,2414500000,RADAR-A2D2-F3A1,Sensor Tampa Bay / West Florida Coast,120,GREEN,BLUE
1772041769289,A2D2-F3A1,FLT-F3A1-001,28.050001,-82.349927,58.4,12,0,Mavic 3,false,drone_images/Mavic 3.png,28.045000,-82.355000,28.044500,-82.355300,apolloshield_dji,dji,,,2414500000,RADAR-A2D2-F3A1,Sensor Tampa Bay / West Florida Coast,120,GREEN,BLUE
1772041770448,A2D2-F3A1,FLT-F3A1-001,28.050001,-82.349927,58.4,12,0,Mavic 3,false,drone_images/Mavic 3.png,28.045000,-82.355000,28.044500,-82.355300,apolloshield_dji,dji,,,2414500000,RADAR-A2D2-F3A1,Sensor Tampa Bay / West Florida Coast,120,GREEN,BLUE
1772041771314,A2D2-F3A1,FLT-F3A1-001,28.050001,-82.349927,58.4,12,0,Mavic 3,false,drone_images/Mavic 3.png,28.045000,-82.355000,28.044500,-82.355300,apolloshield_dji,dji,,,2414500000,RADAR-A2D2-F3A1,Sensor Tampa Bay / West Florida Coast,120,GREEN,BLUE
1772041771796,A2D2-F3A1,FLT-F3A1-001,28.050001,-82.349927,58.4,12,0,Mavic 3,false,drone_images/Mavic 3.png,28.045000,-82.355000,28.044500,-82.355300,apolloshield_dji,dji,,,2414500000,RADAR-A2D2-F3A1,Sensor Tampa Bay / West Florida Coast,120,GREEN,BLUE
1772041773074,A2D2-F3A1,FLT-F3A1-001,28.050001,-82.349927,58,12,0,Mavic 3,false,drone_images/Mavic 3.png,28.045000,-82.355000,28.044500,-82.355300,apolloshield_dji,dji,,,2414500000,RADAR-A2D2-F3A1,Sensor Tampa Bay / West Florida Coast,120,GREEN,BLUE
1772041773862,A2D2-F3A1,FLT-F3A1-001,28.050001,-82.349927,58,12,0,Mavic 3,false,drone_images/Mavic 3.png,28.045000,-82.355000,28.044500,-82.355300,apolloshield_dji,dji,,,2414500000,RADAR-A2D2-F3A1,Sensor Tampa Bay / West Florida Coast,120,GREEN,BLUE
1772041774790,A2D2-F3A1,FLT-F3A1-001,28.050001,-82.349927,58,12,0,Mavic 3,false,drone_images/Mavic 3.png,28.045000,-82.355000,28.044500,-82.355300,apolloshield_dji,dji,,,2414500000,RADAR-A2D2-F3A1,Sensor Tampa Bay / West Florida Coast,120,GREEN,BLUE
1772041775791,A2D2-F3A1,FLT-F3A1-001,28.050001,-82.349927,58,12,0,Mavic 3,false,drone_images/Mavic 3.png,28.045000,-82.355000,28.044500,-82.355300,apolloshield_dji,dji,,,2414500000,RADAR-A2D2-F3A1,Sensor Tampa Bay / West Florida Coast,120,GREEN,BLUE
1772041776930,A2D2-F3A1,FLT-F3A1-001,28.050001,-82.349927,58,12,0,Mavic 3,false,drone_images/Mavic 3.png,28.045000,-82.355000,28.044500,-82.355300,apolloshield_dji,dji,,,2414500000,RADAR-A2D2-F3A1,Sensor Tampa Bay / West Florida Coast,120,GREEN,BLUE
1772041777944,A2D2-F3A1,FLT-F3A1-001,28.050001,-82.349927,58,12,0,Mavic 3,false,drone_images/Mavic 3.png,28.045000,-82.355000,28.044500,-82.355300,apolloshield_dji,dji,,,2414500000,RADAR-A2D2-F3A1,Sensor Tampa Bay / West Florida Coast,120,GREEN,BLUE
1772041778834,A2D2-F3A1,FLT-F3A1-001,28.050001,-82.349927,58,12,0,Mavic 3,false,drone_images/Mavic 3.png,28.045000,-82.355000,28.044500,-82.355300,apolloshield_dji,dji,,,2414500000,RADAR-A2D2-F3A1,Sensor Tampa Bay / West Florida Coast,120,GREEN,BLUE
1772041779895,A2D2-F3A1,FLT-F3A1-001,28.050001,-82.349927,58,12,0,Mavic 3,false,drone_images/Mavic 3.png,28.045000,-82.355000,28.044500,-82.355300,apolloshield_dji,dji,,,2414500000,RADAR-A2D2-F3A1,Sensor Tampa Bay / West Florida Coast,120,GREEN,BLUE
1772041780932,A2D2-F3A1,FLT-F3A1-001,28.050001,-82.349927,58,12,0,Mavic 3,false,drone_images/Mavic 3.png,28.045000,-82.355000,28.044500,-82.355300,apolloshield_dji,dji,,,2414500000,RADAR-A2D2-F3A1,Sensor Tampa Bay / West Florida Coast,120,GREEN,BLUE
1772041782040,A2D2-F3A1,FLT-F3A1-001,28.050001,-82.349927,58,12,0,Mavic 3,false,drone_images/Mavic 3.png,28.045000,-82.355000,28.044500,-82.355300,apolloshield_dji,dji,,,2414500000,RADAR-A2D2-F3A1,Sensor Tampa Bay / West Florida Coast,120,GREEN,BLUE
1772041783439,A2D2-F3A1,FLT-F3A1-001,28.050001,-82.349927,58,12,0,Mavic 3,false,drone_images/Mavic 3.png,28.045000,-82.355000,28.044500,-82.355300,apolloshield_dji,dji,,,2414500000,RADAR-A2D2-F3A1,Sensor Tampa Bay / West Florida Coast,120,GREEN,BLUE
1772041784864,A2D2-F3A1,FLT-F3A1-001,28.050001,-82.349927,58.2,12,0,Mavic 3,false,drone_images/Mavic 3.png,28.045000,-82.355000,28.044500,-82.355300,apolloshield_dji,dji,,,2414500000,RADAR-A2D2-F3A1,Sensor Tampa Bay / West Florida Coast,120,GREEN,BLUE
1772041786008,A2D2-F3A1,FLT-F3A1-001,28.050001,-82.349927,58.2,12,0,Mavic 3,false,drone_images/Mavic 3.png,28.045000,-82.355000,28.044500,-82.355300,apolloshield_dji,dji,,,2414500000,RADAR-A2D2-F3A1,Sensor Tampa Bay / West Florida Coast,120,GREEN,BLUE
1772041787228,A2D2-F3A1,FLT-F3A1-001,28.050001,-82.349927,58.2,12,0,Mavic 3,false,drone_images/Mavic 3.png,28.045000,-82.355000,28.044500,-82.355300,apolloshield_dji,dji,,,2414500000,RADAR-A2D2-F3A1,Sensor Tampa Bay / West Florida Coast,120,GREEN,BLUE
1772041788280,A2D2-F3A1,FLT-F3A1-001,28.050001,-82.349927,58.2,12,0,Mavic 3,false,drone_images/Mavic 3.png,28.045000,-82.355000,28.044500,-82.355300,apolloshield_dji,dji,,,2414500000,RADAR-A2D2-F3A1,Sensor Tampa Bay / West Florida Coast,120,GREEN,BLUE
1772041789032,A2D2-F3A1,FLT-F3A1-001,28.050001,-82.349927,58.1,12,0,Mavic 3,false,drone_images/Mavic 3.png,28.045000,-82.355000,28.044500,-82.355300,apolloshield_dji,dji,,,2414500000,RADAR-A2D2-F3A1,Sensor Tampa Bay / West Florida Coast,120,GREEN,BLUE
1772041790063,A2D2-F3A1,FLT-F3A1-001,28.050001,-82.349927,58.1,0.1,0,Mavic 3,false,drone_images/Mavic 3.png,28.045000,-82.355000,28.044500,-82.355300,apolloshield_dji,dji,,,2414500000,RADAR-A2D2-F3A1,Sensor Tampa Bay / West Florida Coast,120,GREEN,BLUE
1772041791032,A2D2-F3A1,FLT-F3A1-001,28.050001,-82.349927,58.1,0.1,0,Mavic 3,false,drone_images/Mavic 3.png,28.045000,-82.355000,28.044500,-82.355300,apolloshield_dji,dji,,,2414500000,RADAR-A2D2-F3A1,Sensor Tampa Bay / West Florida Coast,120,GREEN,BLUE
1772041792010,A2D2-F3A1,FLT-F3A1-001,28.050001,-82.349927,58.1,0.1,0,Mavic 3,false,drone_images/Mavic 3.png,28.045000,-82.355000,28.044500,-82.355300,apolloshield_dji,dji,,,2414500000,RADAR-A2D2-F3A1,Sensor Tampa Bay / West Florida Coast,120,GREEN,BLUE
1772041793285,A2D2-F3A1,FLT-F3A1-001,28.050001,-82.349927,58.1,0.1,0,Mavic 3,false,drone_images/Mavic 3.png,28.045000,-82.355000,28.044500,-82.355300,apolloshield_dji,dji,,,2414500000,RADAR-A2D2-F3A1,Sensor Tampa Bay / West Florida Coast,120,GREEN,BLUE
1772041794426,A2D2-F3A1,FLT-F3A1-001,28.050001,-82.349927,58.1,0.1,0,Mavic 3,false,drone_images/Mavic 3.png,28.045000,-82.355000,28.044500,-82.355300,apolloshield_dji,dji,,,2414500000,RADAR-A2D2-F3A1,Sensor Tampa Bay / West Florida Coast,120,GREEN,BLUE
1772041795520,A2D2-F3A1,FLT-F3A1-001,28.050001,-82.349927,58.1,0.1,0,Mavic 3,false,drone_images/Mavic 3.png,28.045000,-82.355000,28.044500,-82.355300,apolloshield_dji,dji,,,2414500000,RADAR-A2D2-F3A1,Sensor Tampa Bay / West Florida Coast,120,GREEN,BLUE
1772041795992,A2D2-F3A1,FLT-F3A1-001,28.050001,-82.349927,58.1,0.1,0,Mavic 3,false,drone_images/Mavic 3.png,28.045000,-82.355000,28.044500,-82.355300,apolloshield_dji,dji,,,2414500000,RADAR-A2D2-F3A1,Sensor Tampa Bay / West Florida Coast,120,GREEN,BLUE
1772041797073,A2D2-F3A1,FLT-F3A1-001,28.050001,-82.349927,58,12,0,Mavic 3,false,drone_images/Mavic 3.png,28.045000,-82.355000,28.044500,-82.355300,apolloshield_dji,dji,,,2414500000,RADAR-A2D2-F3A1,Sensor Tampa Bay / West Florida Coast,120,GREEN,BLUE
1772041797259,A2D2-F3A1,FLT-F3A1-001,28.050001,-82.349927,58.1,0.1,0,Mavic 3,false,drone_images/Mavic 3.png,28.045000,-82.355000,28.044500,-82.355300,apolloshield_dji,dji,,,2414500000,RADAR-A2D2-F3A1,Sensor Tampa Bay / West Florida Coast,120,GREEN,BLUE
1772041798286,A2D2-F3A1,FLT-F3A1-001,28.050001,-82.349927,58.1,0.1,0,Mavic 3,false,drone_images/Mavic 3.png,28.045000,-82.355000,28.044500,-82.355300,apolloshield_dji,dji,,,2414500000,RADAR-A2D2-F3A1,Sensor Tampa Bay / West Florida Coast,120,GREEN,BLUE
1772041798816,A2D2-F3A1,FLT-F3A1-001,28.050001,-82.349927,58.1,0.1,0,Mavic 3,false,drone_images/Mavic 3.png,28.045000,-82.355000,28.044500,-82.355300,apolloshield_dji,dji,,,2414500000,RADAR-A2D2-F3A1,Sensor Tampa Bay / West Florida Coast,120,GREEN,BLUE
1772041801138,A2D2-F3A1,FLT-F3A1-001,28.050001,-82.349927,58.1,0.1,0,Mavic 3,false,drone_images/Mavic 3.png,28.045000,-82.355000,28.044500,-82.355300,apolloshield_dji,dji,,,2414500000,RADAR-A2D2-F3A1,Sensor Tampa Bay / West Florida Coast,120,GREEN,BLUE
1772041802079,A2D2-F3A1,FLT-F3A1-001,28.050001,-82.349927,58.1,0.1,0,Mavic 3,false,drone_images/Mavic 3.png,28.045000,-82.355000,28.044500,-82.355300,apolloshield_dji,dji,,,2414500000,RADAR-A2D2-F3A1,Sensor Tampa Bay / West Florida Coast,120,GREEN,BLUE
1772041804394,A2D2-F3A1,FLT-F3A1-001,28.050001,-82.349927,58.1,0.1,0,Mavic 3,false,drone_images/Mavic 3.png,28.045000,-82.355000,28.044500,-82.355300,apolloshield_dji,dji,,,2414500000,RADAR-A2D2-F3A1,Sensor Tampa Bay / West Florida Coast,120,GREEN,BLUE
1772041805785,A2D2-F3A1,FLT-F3A1-001,28.050001,-82.349927,58.1,0.1,0,Mavic 3,false,drone_images/Mavic 3.png,28.045000,-82.355000,28.044500,-82.355300,apolloshield_dji,dji,,,2414500000,RADAR-A2D2-F3A1,Sensor Tampa Bay / West Florida Coast,120,GREEN,BLUE
1772041807469,A2D2-F3A1,FLT-F3A1-001,28.050001,-82.349927,58.1,12,0,Mavic 3,false,drone_images/Mavic 3.png,28.045000,-82.355000,28.044500,-82.355300,apolloshield_dji,dji,,,2414500000,RADAR-A2D2-F3A1,Sensor Tampa Bay / West Florida Coast,120,GREEN,BLUE
1772041808195,A2D2-F3A1,FLT-F3A1-001,28.050001,-82.349927,58.1,12,0,Mavic 3,false,drone_images/Mavic 3.png,28.045000,-82.355000,28.044500,-82.355300,apolloshield_dji,dji,,,2414500000,RADAR-A2D2-F3A1,Sensor Tampa Bay / West Florida Coast,120,GREEN,BLUE
1772041808604,A2D2-F3A1,FLT-F3A1-001,28.050001,-82.349927,58.1,12,0,Mavic 3,false,drone_images/Mavic 3.png,28.045000,-82.355000,28.044500,-82.355300,apolloshield_dji,dji,,,2414500000,RADAR-A2D2-F3A1,Sensor Tampa Bay / West Florida Coast,120,GREEN,BLUE
1772041808800,A2D2-F3A1,FLT-F3A1-001,28.050001,-82.349927,58.1,12,0,Mavic 3,false,drone_images/Mavic 3.png,28.045000,-82.355000,28.044500,-82.355300,apolloshield_dji,dji,,,2414500000,RADAR-A2D2-F3A1,Sensor Tampa Bay / West Florida Coast,120,GREEN,BLUE
1772041808960,A2D2-F3A1,FLT-F3A1-001,28.050001,-82.349927,58.1,12,0,Mavic 3,false,drone_images/Mavic 3.png,28.045000,-82.355000,28.044500,-82.355300,apolloshield_dji,dji,,,2414500000,RADAR-A2D2-F3A1,Sensor Tampa Bay / West Florida Coast,120,GREEN,BLUE
1772041809784,A2D2-F3A1,FLT-F3A1-001,28.050001,-82.349927,58.1,12,0,Mavic 3,false,drone_images/Mavic 3.png,28.045000,-82.355000,28.044500,-82.355300,apolloshield_dji,dji,,,2414500000,RADAR-A2D2-F3A1,Sensor Tampa Bay / West Florida Coast,120,GREEN,BLUE
1772041810343,A2D2-F3A1,FLT-F3A1-001,28.050001,-82.349927,58.1,12,0,Mavic 3,false,drone_images/Mavic 3.png,28.045000,-82.355000,28.044500,-82.355300,apolloshield_dji,dji,,,2414500000,RADAR-A2D2-F3A1,Sensor Tampa Bay / West Florida Coast,120,GREEN,BLUE
1772041811865,A2D2-F3A1,FLT-F3A1-001,28.050001,-82.349927,58.2,12,0,Mavic 3,false,drone_images/Mavic 3.png,28.045000,-82.355000,28.044500,-82.355300,apolloshield_dji,dji,,,2414500000,RADAR-A2D2-F3A1,Sensor Tampa Bay / West Florida Coast,120,GREEN,BLUE
1772041813151,A2D2-F3A1,FLT-F3A1-001,28.050001,-82.349927,58.2,12,0,Mavic 3,false,drone_images/Mavic 3.png,28.045000,-82.355000,28.044500,-82.355300,apolloshield_dji,dji,,,2414500000,RADAR-A2D2-F3A1,Sensor Tampa Bay / West Florida Coast,120,GREEN,BLUE
1772041813439,A2D2-F3A1,FLT-F3A1-001,28.050001,-82.349927,58.2,12,0,Mavic 3,false,drone_images/Mavic 3.png,28.045000,-82.355000,28.044500,-82.355300,apolloshield_dji,dji,,,2414500000,RADAR-A2D2-F3A1,Sensor Tampa Bay / West Florida Coast,120,GREEN,BLUE
1772041814132,A2D2-F3A1,FLT-F3A1-001,28.050001,-82.349927,58.2,12,0,Mavic 3,false,drone_images/Mavic 3.png,28.045000,-82.355000,28.044500,-82.355300,apolloshield_dji,dji,,,2414500000,RADAR-A2D2-F3A1,Sensor Tampa Bay / West Florida Coast,120,GREEN,BLUE
1772041815012,A2D2-F3A1,FLT-F3A1-001,28.050001,-82.349927,58.1,12,0,Mavic 3,false,drone_images/Mavic 3.png,28.045000,-82.355000,28.044500,-82.355300,apolloshield_dji,dji,,,2414500000,RADAR-A2D2-F3A1,Sensor Tampa Bay / West Florida Coast,120,GREEN,BLUE
1772041815599,A2D2-F3A1,FLT-F3A1-001,28.050001,-82.349927,58.2,12,0,Mavic 3,false,drone_images/Mavic 3.png,28.045000,-82.355000,28.044500,-82.355300,apolloshield_dji,dji,,,2414500000,RADAR-A2D2-F3A1,Sensor Tampa Bay / West Florida Coast,120,GREEN,BLUE
1772041815753,A2D2-F3A1,FLT-F3A1-001,28.050001,-82.349927,58.1,12,0,Mavic 3,false,drone_images/Mavic 3.png,28.045000,-82.355000,28.044500,-82.355300,apolloshield_dji,dji,,,2414500000,RADAR-A2D2-F3A1,Sensor Tampa Bay / West Florida Coast,120,GREEN,BLUE
1772041817699,A2D2-F3A1,FLT-F3A1-001,28.050001,-82.349921,58.2,12,0,Mavic 3,false,drone_images/Mavic 3.png,28.045000,-82.355000,28.044500,-82.355300,apolloshield_dji,dji,,,2414500000,RADAR-A2D2-F3A1,Sensor Tampa Bay / West Florida Coast,120,GREEN,BLUE
1772041817848,A2D2-F3A1,FLT-F3A1-001,28.050001,-82.349921,58.2,12,0,Mavic 3,false,drone_images/Mavic 3.png,28.045000,-82.355000,28.044500,-82.355300,apolloshield_dji,dji,,,2414500000,RADAR-A2D2-F3A1,Sensor Tampa Bay / West Florida Coast,120,GREEN,BLUE
1772041818944,A2D2-F3A1,FLT-F3A1-001,28.050001,-82.349927,58.3,12,0,Mavic 3,false,drone_images/Mavic 3.png,28.045000,-82.355000,28.044500,-82.355300,apolloshield_dji,dji,,,2414500000,RADAR-A2D2-F3A1,Sensor Tampa Bay / West Florida Coast,120,GREEN,BLUE
1772041820080,A2D2-F3A1,FLT-F3A1-001,28.050001,-82.349927,58.2,12,0,Mavic 3,false,drone_images/Mavic 3.png,28.045000,-82.355000,28.044500,-82.355300,apolloshield_dji,dji,,,2414500000,RADAR-A2D2-F3A1,Sensor Tampa Bay / West Florida Coast,120,GREEN,BLUE
1772041820815,A2D2-F3A1,FLT-F3A1-001,28.050001,-82.349927,58.2,12,0,Mavic 3,false,drone_images/Mavic 3.png,28.045000,-82.355000,28.044500,-82.355300,apolloshield_dji,dji,,,2414500000,RADAR-A2D2-F3A1,Sensor Tampa Bay / West Florida Coast,120,GREEN,BLUE
1772041821828,A2D2-F3A1,FLT-F3A1-001,28.050001,-82.349921,58.2,12,0,Mavic 3,false,drone_images/Mavic 3.png,28.045000,-82.355000,28.044500,-82.355300,apolloshield_dji,dji,,,2414500000,RADAR-A2D2-F3A1,Sensor Tampa Bay / West Florida Coast,120,GREEN,BLUE
1772041823054,A2D2-F3A1,FLT-F3A1-001,28.050001,-82.349921,58.2,12,0,Mavic 3,false,drone_images/Mavic 3.png,28.045000,-82.355000,28.044500,-82.355300,apolloshield_dji,dji,,,2414500000,RADAR-A2D2-F3A1,Sensor Tampa Bay / West Florida Coast,120,GREEN,BLUE
1772041824577,A2D2-F3A1,FLT-F3A1-001,28.050001,-82.349927,58.3,12,0,Mavic 3,false,drone_images/Mavic 3.png,28.045000,-82.355000,28.044500,-82.355300,apolloshield_dji,dji,,,2414500000,RADAR-A2D2-F3A1,Sensor Tampa Bay / West Florida Coast,120,GREEN,BLUE
1772041826021,A2D2-F3A1,FLT-F3A1-001,28.050001,-82.349927,58.3,12,0,Mavic 3,false,drone_images/Mavic 3.png,28.045000,-82.355000,28.044500,-82.355300,apolloshield_dji,dji,,,2414500000,RADAR-A2D2-F3A1,Sensor Tampa Bay / West Florida Coast,120,GREEN,BLUE
1772041827359,A2D2-F3A1,FLT-F3A1-001,28.050001,-82.349927,58.3,12,0,Mavic 3,false,drone_images/Mavic 3.png,28.045000,-82.355000,28.044500,-82.355300,apolloshield_dji,dji,,,2414500000,RADAR-A2D2-F3A1,Sensor Tampa Bay / West Florida Coast,120,GREEN,BLUE
1772041827878,A2D2-F3A1,FLT-F3A1-001,28.050001,-82.349927,58.3,12,0,Mavic 3,false,drone_images/Mavic 3.png,28.045000,-82.355000,28.044500,-82.355300,apolloshield_dji,dji,,,2414500000,RADAR-A2D2-F3A1,Sensor Tampa Bay / West Florida Coast,120,GREEN,BLUE
1772041828839,A2D2-F3A1,FLT-F3A1-001,28.050001,-82.349927,58.3,12,0,Mavic 3,false,drone_images/Mavic 3.png,28.045000,-82.355000,28.044500,-82.355300,apolloshield_dji,dji,,,2414500000,RADAR-A2D2-F3A1,Sensor Tampa Bay / West Florida Coast,120,GREEN,BLUE
1772041829958,A2D2-F3A1,FLT-F3A1-001,28.050001,-82.349927,58.3,12,0,Mavic 3,false,drone_images/Mavic 3.png,28.045000,-82.355000,28.044500,-82.355300,apolloshield_dji,dji,,,2414500000,RADAR-A2D2-F3A1,Sensor Tampa Bay / West Florida Coast,120,GREEN,BLUE
1772041831346,A2D2-F3A1,FLT-F3A1-001,28.050001,-82.349927,58.3,12,0,Mavic 3,false,drone_images/Mavic 3.png,28.045000,-82.355000,28.044500,-82.355300,apolloshield_dji,dji,,,2414500000,RADAR-A2D2-F3A1,Sensor Tampa Bay / West Florida Coast,120,GREEN,BLUE
1772041832502,A2D2-F3A1,FLT-F3A1-001,28.050001,-82.349927,58.3,12,0,Mavic 3,false,drone_images/Mavic 3.png,28.045000,-82.355000,28.044500,-82.355300,apolloshield_dji,dji,,,2414500000,RADAR-A2D2-F3A1,Sensor Tampa Bay / West Florida Coast,120,GREEN,BLUE
1772041833114,A2D2-F3A1,FLT-F3A1-001,28.050001,-82.349927,58.3,12,0,Mavic 3,false,drone_images/Mavic 3.png,28.045000,-82.355000,28.044500,-82.355300,apolloshield_dji,dji,,,2414500000,RADAR-A2D2-F3A1,Sensor Tampa Bay / West Florida Coast,120,GREEN,BLUE
1772041834073,A2D2-F3A1,FLT-F3A1-001,28.050001,-82.349927,58.3,12,0,Mavic 3,false,drone_images/Mavic 3.png,28.045000,-82.355000,28.044500,-82.355300,apolloshield_dji,dji,,,2414500000,RADAR-A2D2-F3A1,Sensor Tampa Bay / West Florida Coast,120,GREEN,BLUE
1772041834961,A2D2-F3A1,FLT-F3A1-001,28.050001,-82.349927,58.3,12,0,Mavic 3,false,drone_images/Mavic 3.png,28.045000,-82.355000,28.044500,-82.355300,apolloshield_dji,dji,,,2414500000,RADAR-A2D2-F3A1,Sensor Tampa Bay / West Florida Coast,120,GREEN,BLUE
1772041836385,A2D2-F3A1,FLT-F3A1-001,28.050001,-82.349927,58.3,12,0,Mavic 3,false,drone_images/Mavic 3.png,28.045000,-82.355000,28.044500,-82.355300,apolloshield_dji,dji,,,2414500000,RADAR-A2D2-F3A1,Sensor Tampa Bay / West Florida Coast,120,GREEN,BLUE
1772041836386,A2D2-F3A1,FLT-F3A1-001,28.050001,-82.349927,58.3,12,0,Mavic 3,false,drone_images/Mavic 3.png,28.045000,-82.355000,28.044500,-82.355300,apolloshield_dji,dji,,,2414500000,RADAR-A2D2-F3A1,Sensor Tampa Bay / West Florida Coast,120,GREEN,BLUE
1772041838376,A2D2-F3A1,FLT-F3A1-001,28.050001,-82.349927,58.3,12,0,Mavic 3,false,drone_images/Mavic 3.png,28.045000,-82.355000,28.044500,-82.355300,apolloshield_dji,dji,,,2414500000,RADAR-A2D2-F3A1,Sensor Tampa Bay / West Florida Coast,120,GREEN,BLUE
1772041838820,A2D2-F3A1,FLT-F3A1-001,28.050001,-82.349927,58.3,12,0,Mavic 3,false,drone_images/Mavic 3.png,28.045000,-82.355000,28.044500,-82.355300,apolloshield_dji,dji,,,2414500000,RADAR-A2D2-F3A1,Sensor Tampa Bay / West Florida Coast,120,GREEN,BLUE
1772041839309,A2D2-F3A1,FLT-F3A1-001,28.050001,-82.349927,58.3,12,0,Mavic 3,false,drone_images/Mavic 3.png,28.045000,-82.355000,28.044500,-82.355300,apolloshield_dji,dji,,,2414500000,RADAR-A2D2-F3A1,Sensor Tampa Bay / West Florida Coast,120,GREEN,BLUE
1772041840700,A2D2-F3A1,FLT-F3A1-001,28.050001,-82.349927,58.3,12,0,Mavic 3,false,drone_images/Mavic 3.png,28.045000,-82.355000,28.044500,-82.355300,apolloshield_dji,dji,,,2414500000,RADAR-A2D2-F3A1,Sensor Tampa Bay / West Florida Coast,120,GREEN,BLUE
1772041841225,A2D2-F3A1,FLT-F3A1-001,28.050001,-82.349927,58.3,12,0,Mavic 3,false,drone_images/Mavic 3.png,28.045000,-82.355000,28.044500,-82.355300,apolloshield_dji,dji,,,2414500000,RADAR-A2D2-F3A1,Sensor Tampa Bay / West Florida Coast,120,GREEN,BLUE
1772041841749,A2D2-F3A1,FLT-F3A1-001,28.050001,-82.349927,58.3,12,0,Mavic 3,false,drone_images/Mavic 3.png,28.045000,-82.355000,28.044500,-82.355300,apolloshield_dji,dji,,,2414500000,RADAR-A2D2-F3A1,Sensor Tampa Bay / West Florida Coast,120,GREEN,BLUE
1772041842796,A2D2-F3A1,FLT-F3A1-001,28.050007,-82.350093,58.2,7.4,0,Mavic 3,false,drone_images/Mavic 3.png,28.045000,-82.355000,28.044500,-82.355300,apolloshield_dji,dji,,,2414500000,RADAR-A2D2-F3A1,Sensor Tampa Bay / West Florida Coast,120,GREEN,BLUE
1772041843878,A2D2-F3A1,FLT-F3A1-001,28.050007,-82.350093,58.2,7.4,0,Mavic 3,false,drone_images/Mavic 3.png,28.045000,-82.355000,28.044500,-82.355300,apolloshield_dji,dji,,,2414500000,RADAR-A2D2-F3A1,Sensor Tampa Bay / West Florida Coast,120,GREEN,BLUE
1772041845138,A2D2-F3A1,FLT-F3A1-001,28.050007,-82.350093,58.2,7.4,0,Mavic 3,false,drone_images/Mavic 3.png,28.045000,-82.355000,28.044500,-82.355300,apolloshield_dji,dji,,,2414500000,RADAR-A2D2-F3A1,Sensor Tampa Bay / West Florida Coast,120,GREEN,BLUE
1772041846154,A2D2-F3A1,FLT-F3A1-001,28.050007,-82.350093,58.2,7.4,0,Mavic 3,false,drone_images/Mavic 3.png,28.045000,-82.355000,28.044500,-82.355300,apolloshield_dji,dji,,,2414500000,RADAR-A2D2-F3A1,Sensor Tampa Bay / West Florida Coast,120,GREEN,BLUE
1772041847179,A2D2-F3A1,FLT-F3A1-001,28.050007,-82.350093,58.2,7.4,0,Mavic 3,false,drone_images/Mavic 3.png,28.045000,-82.355000,28.044500,-82.355300,apolloshield_dji,dji,,,2414500000,RADAR-A2D2-F3A1,Sensor Tampa Bay / West Florida Coast,120,GREEN,BLUE
1772041848039,A2D2-F3A1,FLT-F3A1-001,28.050024,-82.350190,58.4,1,0,Mavic 3,false,drone_images/Mavic 3.png,28.045000,-82.355000,28.044500,-82.355300,apolloshield_dji,dji,,,2414500000,RADAR-A2D2-F3A1,Sensor Tampa Bay / West Florida Coast,120,GREEN,BLUE
1772041848864,A2D2-F3A1,FLT-F3A1-001,28.050024,-82.350190,58.4,1,0,Mavic 3,false,drone_images/Mavic 3.png,28.045000,-82.355000,28.044500,-82.355300,apolloshield_dji,dji,,,2414500000,RADAR-A2D2-F3A1,Sensor Tampa Bay / West Florida Coast,120,GREEN,BLUE
1772041850466,A2D2-F3A1,FLT-F3A1-001,28.050024,-82.350190,58.4,1,0,Mavic 3,false,drone_images/Mavic 3.png,28.045000,-82.355000,28.044500,-82.355300,apolloshield_dji,dji,,,2414500000,RADAR-A2D2-F3A1,Sensor Tampa Bay / West Florida Coast,120,GREEN,BLUE
1772041851195,A2D2-F3A1,FLT-F3A1-001,28.050024,-82.350190,58.4,1,0,Mavic 3,false,drone_images/Mavic 3.png,28.045000,-82.355000,28.044500,-82.355300,apolloshield_dji,dji,,,2414500000,RADAR-A2D2-F3A1,Sensor Tampa Bay / West Florida Coast,120,GREEN,BLUE
1772041851990,A2D2-F3A1,FLT-F3A1-001,28.050024,-82.350190,58.4,1,0,Mavic 3,false,drone_images/Mavic 3.png,28.045000,-82.355000,28.044500,-82.355300,apolloshield_dji,dji,,,2414500000,RADAR-A2D2-F3A1,Sensor Tampa Bay / West Florida Coast,120,GREEN,BLUE
1772041852766,A2D2-F3A1,FLT-F3A1-001,28.050024,-82.350190,58.4,1,0,Mavic 3,false,drone_images/Mavic 3.png,28.045000,-82.355000,28.044500,-82.355300,apolloshield_dji,dji,,,2414500000,RADAR-A2D2-F3A1,Sensor Tampa Bay / West Florida Coast,120,GREEN,BLUE
1772041853540,A2D2-F3A1,FLT-F3A1-001,28.050024,-82.350190,58.4,1,0,Mavic 3,false,drone_images/Mavic 3.png,28.045000,-82.355000,28.044500,-82.355300,apolloshield_dji,dji,,,2414500000,RADAR-A2D2-F3A1,Sensor Tampa Bay / West Florida Coast,120,GREEN,BLUE
1772041854720,A2D2-F3A1,FLT-F3A1-001,28.050024,-82.350190,58.4,1,0,Mavic 3,false,drone_images/Mavic 3.png,28.045000,-82.355000,28.044500,-82.355300,apolloshield_dji,dji,,,2414500000,RADAR-A2D2-F3A1,Sensor Tampa Bay / West Florida Coast,120,GREEN,BLUE
1772041856260,A2D2-F3A1,FLT-F3A1-001,28.050024,-82.350190,58.4,1,0,Mavic 3,false,drone_images/Mavic 3.png,28.045000,-82.355000,28.044500,-82.355300,apolloshield_dji,dji,,,2414500000,RADAR-A2D2-F3A1,Sensor Tampa Bay / West Florida Coast,120,GREEN,BLUE
1772041856840,A2D2-F3A1,FLT-F3A1-001,28.050024,-82.350190,58.4,1,0,Mavic 3,false,drone_images/Mavic 3.png,28.045000,-82.355000,28.044500,-82.355300,apolloshield_dji,dji,,,2414500000,RADAR-A2D2-F3A1,Sensor Tampa Bay / West Florida Coast,120,GREEN,BLUE
1772041857871,A2D2-F3A1,FLT-F3A1-001,28.050024,-82.350190,58.4,1,0,Mavic 3,false,drone_images/Mavic 3.png,28.045000,-82.355000,28.044500,-82.355300,apolloshield_dji,dji,,,2414500000,RADAR-A2D2-F3A1,Sensor Tampa Bay / West Florida Coast,120,GREEN,BLUE
1772041859076,A2D2-F3A1,FLT-F3A1-001,28.050035,-82.350356,51,12,0,Mavic 3,false,drone_images/Mavic 3.png,28.045000,-82.355000,28.044500,-82.355300,apolloshield_dji,dji,,,2414500000,RADAR-A2D2-F3A1,Sensor Tampa Bay / West Florida Coast,120,GREEN,BLUE
1772041860145,A2D2-F3A1,FLT-F3A1-001,28.050035,-82.350356,51,12,0,Mavic 3,false,drone_images/Mavic 3.png,28.045000,-82.355000,28.044500,-82.355300,apolloshield_dji,dji,,,2414500000,RADAR-A2D2-F3A1,Sensor Tampa Bay / West Florida Coast,120,GREEN,BLUE
1772041860961,A2D2-F3A1,FLT-F3A1-001,28.050035,-82.350356,47.4,0.2,0,Mavic 3,false,drone_images/Mavic 3.png,28.045000,-82.355000,28.044500,-82.355300,apolloshield_dji,dji,,,2414500000,RADAR-A2D2-F3A1,Sensor Tampa Bay / West Florida Coast,120,GREEN,BLUE
1772041862046,A2D2-F3A1,FLT-F3A1-001,28.050035,-82.350356,47.4,0.2,0,Mavic 3,false,drone_images/Mavic 3.png,28.045000,-82.355000,28.044500,-82.355300,apolloshield_dji,dji,,,2414500000,RADAR-A2D2-F3A1,Sensor Tampa Bay / West Florida Coast,120,GREEN,BLUE
1772041875305,A2D2-F3A1,FLT-F3A1-001,28.050035,-82.350448,38,0.1,0,Mavic 3,false,drone_images/Mavic 3.png,28.045000,-82.355000,28.044500,-82.355300,apolloshield_dji,dji,,,2414500000,RADAR-A2D2-F3A1,Sensor Tampa Bay / West Florida Coast,120,GREEN,BLUE
1772041876688,A2D2-F3A1,FLT-F3A1-001,28.050035,-82.350448,38,0.1,0,Mavic 3,false,drone_images/Mavic 3.png,28.045000,-82.355000,28.044500,-82.355300,apolloshield_dji,dji,,,2414500000,RADAR-A2D2-F3A1,Sensor Tampa Bay / West Florida Coast,120,GREEN,BLUE
1772041877666,A2D2-F3A1,FLT-F3A1-001,28.050035,-82.350448,38,0.1,0,Mavic 3,false,drone_images/Mavic 3.png,28.045000,-82.355000,28.044500,-82.355300,apolloshield_dji,dji,,,2414500000,RADAR-A2D2-F3A1,Sensor Tampa Bay / West Florida Coast,120,GREEN,BLUE
1772041877925,A2D2-F3A1,FLT-F3A1-001,28.050041,-82.350500,30,12,0,Mavic 3,false,drone_images/Mavic 3.png,28.045000,-82.355000,28.044500,-82.355300,apolloshield_dji,dji,,,2414500000,RADAR-A2D2-F3A1,Sensor Tampa Bay / West Florida Coast,120,GREEN,BLUE
1772041878977,A2D2-F3A1,FLT-F3A1-001,28.050041,-82.350500,30,12,0,Mavic 3,false,drone_images/Mavic 3.png,28.045000,-82.355000,28.044500,-82.355300,apolloshield_dji,dji,,,2414500000,RADAR-A2D2-F3A1,Sensor Tampa Bay / West Florida Coast,120,GREEN,BLUE
1772041879831,A2D2-F3A1,FLT-F3A1-001,28.050041,-82.350500,30,12,0,Mavic 3,false,drone_images/Mavic 3.png,28.045000,-82.355000,28.044500,-82.355300,apolloshield_dji,dji,,,2414500000,RADAR-A2D2-F3A1,Sensor Tampa Bay / West Florida Coast,120,GREEN,BLUE
1772041881088,A2D2-F3A1,FLT-F3A1-001,28.050041,-82.350500,30,12,0,Mavic 3,false,drone_images/Mavic 3.png,28.045000,-82.355000,28.044500,-82.355300,apolloshield_dji,dji,,,2414500000,RADAR-A2D2-F3A1,Sensor Tampa Bay / West Florida Coast,120,GREEN,BLUE
1772041882118,A2D2-F3A1,FLT-F3A1-001,28.050041,-82.350500,29.8,0.1,0,Mavic 3,false,drone_images/Mavic 3.png,28.045000,-82.355000,28.044500,-82.355300,apolloshield_dji,dji,,,2414500000,RADAR-A2D2-F3A1,Sensor Tampa Bay / West Florida Coast,120,GREEN,BLUE
1772041884792,A2D2-F3A1,FLT-F3A1-001,28.050041,-82.350500,29.5,12,0,Mavic 3,false,drone_images/Mavic 3.png,28.045000,-82.355000,28.044500,-82.355300,apolloshield_dji,dji,,,2414500000,RADAR-A2D2-F3A1,Sensor Tampa Bay / West Florida Coast,120,GREEN,BLUE
1772041885114,A2D2-F3A1,FLT-F3A1-001,28.050041,-82.350500,29.5,12,0,Mavic 3,false,drone_images/Mavic 3.png,28.045000,-82.355000,28.044500,-82.355300,apolloshield_dji,dji,,,2414500000,RADAR-A2D2-F3A1,Sensor Tampa Bay / West Florida Coast,120,GREEN,BLUE
1772041885381,A2D2-F3A1,FLT-F3A1-001,28.050041,-82.350500,29.5,12,0,Mavic 3,false,drone_images/Mavic 3.png,28.045000,-82.355000,28.044500,-82.355300,apolloshield_dji,dji,,,2414500000,RADAR-A2D2-F3A1,Sensor Tampa Bay / West Florida Coast,120,GREEN,BLUE
1772041886099,A2D2-F3A1,FLT-F3A1-001,28.050041,-82.350500,29.5,12,0,Mavic 3,false,drone_images/Mavic 3.png,28.045000,-82.355000,28.044500,-82.355300,apolloshield_dji,dji,,,2414500000,RADAR-A2D2-F3A1,Sensor Tampa Bay / West Florida Coast,120,GREEN,BLUE
1772041887236,A2D2-F3A1,FLT-F3A1-001,28.050041,-82.350500,29.5,12,0,Mavic 3,false,drone_images/Mavic 3.png,28.045000,-82.355000,28.044500,-82.355300,apolloshield_dji,dji,,,2414500000,RADAR-A2D2-F3A1,Sensor Tampa Bay / West Florida Coast,120,GREEN,BLUE
1772041888271,A2D2-F3A1,FLT-F3A1-001,28.050041,-82.350500,29.5,12,0,Mavic 3,false,drone_images/Mavic 3.png,28.045000,-82.355000,28.044500,-82.355300,apolloshield_dji,dji,,,2414500000,RADAR-A2D2-F3A1,Sensor Tampa Bay / West Florida Coast,120,GREEN,BLUE
1772041888939,A2D2-F3A1,FLT-F3A1-001,28.050041,-82.350500,29.5,12,0,Mavic 3,false,drone_images/Mavic 3.png,28.045000,-82.355000,28.044500,-82.355300,apolloshield_dji,dji,,,2414500000,RADAR-A2D2-F3A1,Sensor Tampa Bay / West Florida Coast,120,GREEN,BLUE
1772041889825,A2D2-F3A1,FLT-F3A1-001,28.050041,-82.350500,29.5,12,0,Mavic 3,false,drone_images/Mavic 3.png,28.045000,-82.355000,28.044500,-82.355300,apolloshield_dji,dji,,,2414500000,RADAR-A2D2-F3A1,Sensor Tampa Bay / West Florida Coast,120,GREEN,BLUE
1772041891329,A2D2-F3A1,FLT-F3A1-001,28.050041,-82.350500,29.5,12,0,Mavic 3,false,drone_images/Mavic 3.png,28.045000,-82.355000,28.044500,-82.355300,apolloshield_dji,dji,,,2414500000,RADAR-A2D2-F3A1,Sensor Tampa Bay / West Florida Coast,120,GREEN,BLUE
1772041891795,A2D2-F3A1,FLT-F3A1-001,28.050041,-82.350500,29.5,12,0,Mavic 3,false,drone_images/Mavic 3.png,28.045000,-82.355000,28.044500,-82.355300,apolloshield_dji,dji,,,2414500000,RADAR-A2D2-F3A1,Sensor Tampa Bay / West Florida Coast,120,GREEN,BLUE
1772041892935,A2D2-F3A1,FLT-F3A1-001,28.050041,-82.350500,29.5,12,0,Mavic 3,false,drone_images/Mavic 3.png,28.045000,-82.355000,28.044500,-82.355300,apolloshield_dji,dji,,,2414500000,RADAR-A2D2-F3A1,Sensor Tampa Bay / West Florida Coast,120,GREEN,BLUE
1772041893964,A2D2-F3A1,FLT-F3A1-001,28.050041,-82.350500,29.5,12,0,Mavic 3,false,drone_images/Mavic 3.png,28.045000,-82.355000,28.044500,-82.355300,apolloshield_dji,dji,,,2414500000,RADAR-A2D2-F3A1,Sensor Tampa Bay / West Florida Coast,120,GREEN,BLUE
1772041895076,A2D2-F3A1,FLT-F3A1-001,28.050041,-82.350500,29.5,12,0,Mavic 3,false,drone_images/Mavic 3.png,28.045000,-82.355000,28.044500,-82.355300,apolloshield_dji,dji,,,2414500000,RADAR-A2D2-F3A1,Sensor Tampa Bay / West Florida Coast,120,GREEN,BLUE
1772041896957,A2D2-F3A1,FLT-F3A1-001,28.050041,-82.350500,29.5,12,0,Mavic 3,false,drone_images/Mavic 3.png,28.045000,-82.355000,28.044500,-82.355300,apolloshield_dji,dji,,,2414500000,RADAR-A2D2-F3A1,Sensor Tampa Bay / West Florida Coast,120,GREEN,BLUE
1772041897325,A2D2-F3A1,FLT-F3A1-001,28.050041,-82.350500,29.5,12,0,Mavic 3,false,drone_images/Mavic 3.png,28.045000,-82.355000,28.044500,-82.355300,apolloshield_dji,dji,,,2414500000,RADAR-A2D2-F3A1,Sensor Tampa Bay / West Florida Coast,120,GREEN,BLUE
1772041898051,A2D2-F3A1,FLT-F3A1-001,28.050041,-82.350500,29.5,12,0,Mavic 3,false,drone_images/Mavic 3.png,28.045000,-82.355000,28.044500,-82.355300,apolloshield_dji,dji,,,2414500000,RADAR-A2D2-F3A1,Sensor Tampa Bay / West Florida Coast,120,GREEN,BLUE
1772041899481,A2D2-F3A1,FLT-F3A1-001,28.050041,-82.350500,29.5,12,0,Mavic 3,false,drone_images/Mavic 3.png,28.045000,-82.355000,28.044500,-82.355300,apolloshield_dji,dji,,,2414500000,RADAR-A2D2-F3A1,Sensor Tampa Bay / West Florida Coast,120,GREEN,BLUE
1772041899943,A2D2-F3A1,FLT-F3A1-001,28.050041,-82.350500,29.5,12,0,Mavic 3,false,drone_images/Mavic 3.png,28.045000,-82.355000,28.044500,-82.355300,apolloshield_dji,dji,,,2414500000,RADAR-A2D2-F3A1,Sensor Tampa Bay / West Florida Coast,120,GREEN,BLUE
1772041901149,A2D2-F3A1,FLT-F3A1-001,28.050041,-82.350500,29.5,12,0,Mavic 3,false,drone_images/Mavic 3.png,28.045000,-82.355000,28.044500,-82.355300,apolloshield_dji,dji,,,2414500000,RADAR-A2D2-F3A1,Sensor Tampa Bay / West Florida Coast,120,GREEN,BLUE
1772041902041,A2D2-F3A1,FLT-F3A1-001,28.050041,-82.350500,29.5,12,0,Mavic 3,false,drone_images/Mavic 3.png,28.045000,-82.355000,28.044500,-82.355300,apolloshield_dji,dji,,,2414500000,RADAR-A2D2-F3A1,Sensor Tampa Bay / West Florida Coast,120,GREEN,BLUE
1772041904233,A2D2-F3A1,FLT-F3A1-001,28.050041,-82.350500,29.5,12,0,Mavic 3,false,drone_images/Mavic 3.png,28.045000,-82.355000,28.044500,-82.355300,apolloshield_dji,dji,,,2414500000,RADAR-A2D2-F3A1,Sensor Tampa Bay / West Florida Coast,120,GREEN,BLUE
1772041904268,A2D2-F3A1,FLT-F3A1-001,28.050041,-82.350500,29.5,12,0,Mavic 3,false,drone_images/Mavic 3.png,28.045000,-82.355000,28.044500,-82.355300,apolloshield_dji,dji,,,2414500000,RADAR-A2D2-F3A1,Sensor Tampa Bay / West Florida Coast,120,GREEN,BLUE
1772041905492,A2D2-F3A1,FLT-F3A1-001,28.050041,-82.350500,29.5,12,0,Mavic 3,false,drone_images/Mavic 3.png,28.045000,-82.355000,28.044500,-82.355300,apolloshield_dji,dji,,,2414500000,RADAR-A2D2-F3A1,Sensor Tampa Bay / West Florida Coast,120,GREEN,BLUE
1772041905894,A2D2-F3A1,FLT-F3A1-001,28.050041,-82.350500,29.5,12,0,Mavic 3,false,drone_images/Mavic 3.png,28.045000,-82.355000,28.044500,-82.355300,apolloshield_dji,dji,,,2414500000,RADAR-A2D2-F3A1,Sensor Tampa Bay / West Florida Coast,120,GREEN,BLUE
1772041906931,A2D2-F3A1,FLT-F3A1-001,28.050041,-82.350500,29.5,12,0,Mavic 3,false,drone_images/Mavic 3.png,28.045000,-82.355000,28.044500,-82.355300,apolloshield_dji,dji,,,2414500000,RADAR-A2D2-F3A1,Sensor Tampa Bay / West Florida Coast,120,GREEN,BLUE
1772041908190,A2D2-F3A1,FLT-F3A1-001,28.050041,-82.350500,29.5,12,0,Mavic 3,false,drone_images/Mavic 3.png,28.045000,-82.355000,28.044500,-82.355300,apolloshield_dji,dji,,,2414500000,RADAR-A2D2-F3A1,Sensor Tampa Bay / West Florida Coast,120,GREEN,BLUE
1772041910054,A2D2-F3A1,FLT-F3A1-001,28.049995,-82.350500,29.7,12,0,Mavic 3,false,drone_images/Mavic 3.png,28.045000,-82.355000,28.044500,-82.355300,apolloshield_dji,dji,,,2414500000,RADAR-A2D2-F3A1,Sensor Tampa Bay / West Florida Coast,120,GREEN,BLUE
1772041910663,A2D2-F3A1,FLT-F3A1-001,28.050041,-82.350500,29.5,12,0,Mavic 3,false,drone_images/Mavic 3.png,28.045000,-82.355000,28.044500,-82.355300,apolloshield_dji,dji,,,2414500000,RADAR-A2D2-F3A1,Sensor Tampa Bay / West Florida Coast,120,GREEN,BLUE
1772041911548,A2D2-F3A1,FLT-F3A1-001,28.049995,-82.350500,29.7,12,0,Mavic 3,false,drone_images/Mavic 3.png,28.045000,-82.355000,28.044500,-82.355300,apolloshield_dji,dji,,,2414500000,RADAR-A2D2-F3A1,Sensor Tampa Bay / West Florida Coast,120,GREEN,BLUE
1772041911851,A2D2-F3A1,FLT-F3A1-001,28.049995,-82.350500,29.7,12,0,Mavic 3,false,drone_images/Mavic 3.png,28.045000,-82.355000,28.044500,-82.355300,apolloshield_dji,dji,,,2414500000,RADAR-A2D2-F3A1,Sensor Tampa Bay / West Florida Coast,120,GREEN,BLUE
1772041913324,A2D2-F3A1,FLT-F3A1-001,28.049995,-82.350500,29.9,12,0,Mavic 3,false,drone_images/Mavic 3.png,28.045000,-82.355000,28.044500,-82.355300,apolloshield_dji,dji,,,2414500000,RADAR-A2D2-F3A1,Sensor Tampa Bay / West Florida Coast,120,GREEN,BLUE
1772041914099,A2D2-F3A1,FLT-F3A1-001,28.049995,-82.350500,29.3,12,0,Mavic 3,false,drone_images/Mavic 3.png,28.045000,-82.355000,28.044500,-82.355300,apolloshield_dji,dji,,,2414500000,RADAR-A2D2-F3A1,Sensor Tampa Bay / West Florida Coast,120,GREEN,BLUE
1772041915494,A2D2-F3A1,FLT-F3A1-001,28.049995,-82.350500,29.3,12,0,Mavic 3,false,drone_images/Mavic 3.png,28.045000,-82.355000,28.044500,-82.355300,apolloshield_dji,dji,,,2414500000,RADAR-A2D2-F3A1,Sensor Tampa Bay / West Florida Coast,120,GREEN,BLUE
1772041915965,A2D2-F3A1,FLT-F3A1-001,28.049995,-82.350500,29.3,12,0,Mavic 3,false,drone_images/Mavic 3.png,28.045000,-82.355000,28.044500,-82.355300,apolloshield_dji,dji,,,2414500000,RADAR-A2D2-F3A1,Sensor Tampa Bay / West Florida Coast,120,GREEN,BLUE
1772041917380,A2D2-F3A1,FLT-F3A1-001,28.049995,-82.350500,29.5,12,0,Mavic 3,false,drone_images/Mavic 3.png,28.045000,-82.355000,28.044500,-82.355300,apolloshield_dji,dji,,,2414500000,RADAR-A2D2-F3A1,Sensor Tampa Bay / West Florida Coast,120,GREEN,BLUE
1772041918933,A2D2-F3A1,FLT-F3A1-001,28.049995,-82.350500,29.5,12,0,Mavic 3,false,drone_images/Mavic 3.png,28.045000,-82.355000,28.044500,-82.355300,apolloshield_dji,dji,,,2414500000,RADAR-A2D2-F3A1,Sensor Tampa Bay / West Florida Coast,120,GREEN,BLUE
1772041920986,A2D2-F3A1,FLT-F3A1-001,28.049995,-82.350500,29.5,12,0,Mavic 3,false,drone_images/Mavic 3.png,28.045000,-82.355000,28.044500,-82.355300,apolloshield_dji,dji,,,2414500000,RADAR-A2D2-F3A1,Sensor Tampa Bay / West Florida Coast,120,GREEN,BLUE
1772041922085,A2D2-F3A1,FLT-F3A1-001,28.049995,-82.350500,28.5,12,0,Mavic 3,false,drone_images/Mavic 3.png,28.045000,-82.355000,28.044500,-82.355300,apolloshield_dji,dji,,,2414500000,RADAR-A2D2-F3A1,Sensor Tampa Bay / West Florida Coast,120,GREEN,BLUE
1772041923414,A2D2-F3A1,FLT-F3A1-001,28.049995,-82.350500,28.5,12,0,Mavic 3,false,drone_images/Mavic 3.png,28.045000,-82.355000,28.044500,-82.355300,apolloshield_dji,dji,,,2414500000,RADAR-A2D2-F3A1,Sensor Tampa Bay / West Florida Coast,120,GREEN,BLUE
1772041924276,A2D2-F3A1,FLT-F3A1-001,28.049995,-82.350500,29.5,12,0,Mavic 3,false,drone_images/Mavic 3.png,28.045000,-82.355000,28.044500,-82.355300,apolloshield_dji,dji,,,2414500000,RADAR-A2D2-F3A1,Sensor Tampa Bay / West Florida Coast,120,GREEN,BLUE
1772041925108,A2D2-F3A1,FLT-F3A1-001,28.049995,-82.350500,29.5,12,0,Mavic 3,false,drone_images/Mavic 3.png,28.045000,-82.355000,28.044500,-82.355300,apolloshield_dji,dji,,,2414500000,RADAR-A2D2-F3A1,Sensor Tampa Bay / West Florida Coast,120,GREEN,BLUE
1772041926156,A2D2-F3A1,FLT-F3A1-001,28.049995,-82.350500,28.5,12,0,Mavic 3,false,drone_images/Mavic 3.png,28.045000,-82.355000,28.044500,-82.355300,apolloshield_dji,dji,,,2414500000,RADAR-A2D2-F3A1,Sensor Tampa Bay / West Florida Coast,120,GREEN,BLUE
1772041926552,A2D2-F3A1,FLT-F3A1-001,28.049995,-82.350500,28.5,12,0,Mavic 3,false,drone_images/Mavic 3.png,28.045000,-82.355000,28.044500,-82.355300,apolloshield_dji,dji,,,2414500000,RADAR-A2D2-F3A1,Sensor Tampa Bay / West Florida Coast,120,GREEN,BLUE
1772041927369,A2D2-F3A1,FLT-F3A1-001,28.049995,-82.350500,28.5,12,0,Mavic 3,false,drone_images/Mavic 3.png,28.045000,-82.355000,28.044500,-82.355300,apolloshield_dji,dji,,,2414500000,RADAR-A2D2-F3A1,Sensor Tampa Bay / West Florida Coast,120,GREEN,BLUE
1772041927848,A2D2-F3A1,FLT-F3A1-001,28.049995,-82.350500,28.5,12,0,Mavic 3,false,drone_images/Mavic 3.png,28.045000,-82.355000,28.044500,-82.355300,apolloshield_dji,dji,,,2414500000,RADAR-A2D2-F3A1,Sensor Tampa Bay / West Florida Coast,120,GREEN,BLUE
1772041927912,A2D2-F3A1,FLT-F3A1-001,28.049995,-82.350500,28.5,12,0,Mavic 3,false,drone_images/Mavic 3.png,28.045000,-82.355000,28.044500,-82.355300,apolloshield_dji,dji,,,2414500000,RADAR-A2D2-F3A1,Sensor Tampa Bay / West Florida Coast,120,GREEN,BLUE
1772041929207,A2D2-F3A1,FLT-F3A1-001,28.049995,-82.350500,28.5,12,0,Mavic 3,false,drone_images/Mavic 3.png,28.045000,-82.355000,28.044500,-82.355300,apolloshield_dji,dji,,,2414500000,RADAR-A2D2-F3A1,Sensor Tampa Bay / West Florida Coast,120,GREEN,BLUE
1772041929879,A2D2-F3A1,FLT-F3A1-001,28.049995,-82.350500,28.5,12,0,Mavic 3,false,drone_images/Mavic 3.png,28.045000,-82.355000,28.044500,-82.355300,apolloshield_dji,dji,,,2414500000,RADAR-A2D2-F3A1,Sensor Tampa Bay / West Florida Coast,120,GREEN,BLUE
1772041931474,A2D2-F3A1,FLT-F3A1-001,28.049995,-82.350500,28.5,12,0,Mavic 3,false,drone_images/Mavic 3.png,28.045000,-82.355000,28.044500,-82.355300,apolloshield_dji,dji,,,2414500000,RADAR-A2D2-F3A1,Sensor Tampa Bay / West Florida Coast,120,GREEN,BLUE
1772041931734,A2D2-F3A1,FLT-F3A1-001,28.049995,-82.350500,28.5,12,0,Mavic 3,false,drone_images/Mavic 3.png,28.045000,-82.355000,28.044500,-82.355300,apolloshield_dji,dji,,,2414500000,RADAR-A2D2-F3A1,Sensor Tampa Bay / West Florida Coast,120,GREEN,BLUE
1772041933146,A2D2-F3A1,FLT-F3A1-001,28.049995,-82.350500,28.5,12,0,Mavic 3,false,drone_images/Mavic 3.png,28.045000,-82.355000,28.044500,-82.355300,apolloshield_dji,dji,,,2414500000,RADAR-A2D2-F3A1,Sensor Tampa Bay / West Florida Coast,120,GREEN,BLUE
1772041934434,A2D2-F3A1,FLT-F3A1-001,28.049995,-82.350500,28.5,12,0,Mavic 3,false,drone_images/Mavic 3.png,28.045000,-82.355000,28.044500,-82.355300,apolloshield_dji,dji,,,2414500000,RADAR-A2D2-F3A1,Sensor Tampa Bay / West Florida Coast,120,GREEN,BLUE
1772041935080,A2D2-F3A1,FLT-F3A1-001,28.049995,-82.350500,28.5,12,0,Mavic 3,false,drone_images/Mavic 3.png,28.045000,-82.355000,28.044500,-82.355300,apolloshield_dji,dji,,,2414500000,RADAR-A2D2-F3A1,Sensor Tampa Bay / West Florida Coast,120,GREEN,BLUE
1772041936008,A2D2-F3A1,FLT-F3A1-001,28.049995,-82.350500,28.5,12,0,Mavic 3,false,drone_images/Mavic 3.png,28.045000,-82.355000,28.044500,-82.355300,apolloshield_dji,dji,,,2414500000,RADAR-A2D2-F3A1,Sensor Tampa Bay / West Florida Coast,120,GREEN,BLUE
1772041937219,A2D2-F3A1,FLT-F3A1-001,28.049995,-82.350500,28.5,12,0,Mavic 3,false,drone_images/Mavic 3.png,28.045000,-82.355000,28.044500,-82.355300,apolloshield_dji,dji,,,2414500000,RADAR-A2D2-F3A1,Sensor Tampa Bay / West Florida Coast,120,GREEN,BLUE
1772041938592,A2D2-F3A1,FLT-F3A1-001,28.049995,-82.350500,28.5,12,0,Mavic 3,false,drone_images/Mavic 3.png,28.045000,-82.355000,28.044500,-82.355300,apolloshield_dji,dji,,,2414500000,RADAR-A2D2-F3A1,Sensor Tampa Bay / West Florida Coast,120,GREEN,BLUE
1772041939263,A2D2-F3A1,FLT-F3A1-001,28.049995,-82.350500,28.5,12,0,Mavic 3,false,drone_images/Mavic 3.png,28.045000,-82.355000,28.044500,-82.355300,apolloshield_dji,dji,,,2414500000,RADAR-A2D2-F3A1,Sensor Tampa Bay / West Florida Coast,120,GREEN,BLUE
1772041940044,A2D2-F3A1,FLT-F3A1-001,28.049995,-82.350500,28.5,12,0,Mavic 3,false,drone_images/Mavic 3.png,28.045000,-82.355000,28.044500,-82.355300,apolloshield_dji,dji,,,2414500000,RADAR-A2D2-F3A1,Sensor Tampa Bay / West Florida Coast,120,GREEN,BLUE
1772041941436,A2D2-F3A1,FLT-F3A1-001,28.049995,-82.350500,28.5,12,0,Mavic 3,false,drone_images/Mavic 3.png,28.045000,-82.355000,28.044500,-82.355300,apolloshield_dji,dji,,,2414500000,RADAR-A2D2-F3A1,Sensor Tampa Bay / West Florida Coast,120,GREEN,BLUE
1772041943076,A2D2-F3A1,FLT-F3A1-001,28.049995,-82.350500,28.5,12,0,Mavic 3,false,drone_images/Mavic 3.png,28.045000,-82.355000,28.044500,-82.355300,apolloshield_dji,dji,,,2414500000,RADAR-A2D2-F3A1,Sensor Tampa Bay / West Florida Coast,120,GREEN,BLUE
1772041943155,A2D2-F3A1,FLT-F3A1-001,28.049995,-82.350500,28.5,12,0,Mavic 3,false,drone_images/Mavic 3.png,28.045000,-82.355000,28.044500,-82.355300,apolloshield_dji,dji,,,2414500000,RADAR-A2D2-F3A1,Sensor Tampa Bay / West Florida Coast,120,GREEN,BLUE
1772041944860,A2D2-F3A1,FLT-F3A1-001,28.049995,-82.350500,28.5,12,0,Mavic 3,false,drone_images/Mavic 3.png,28.045000,-82.355000,28.044500,-82.355300,apolloshield_dji,dji,,,2414500000,RADAR-A2D2-F3A1,Sensor Tampa Bay / West Florida Coast,120,GREEN,BLUE
1772041945030,A2D2-F3A1,FLT-F3A1-001,28.049995,-82.350500,28.5,12,0,Mavic 3,false,drone_images/Mavic 3.png,28.045000,-82.355000,28.044500,-82.355300,apolloshield_dji,dji,,,2414500000,RADAR-A2D2-F3A1,Sensor Tampa Bay / West Florida Coast,120,GREEN,BLUE
1772041946172,A2D2-F3A1,FLT-F3A1-001,28.049995,-82.350500,28.5,12,0,Mavic 3,false,drone_images/Mavic 3.png,28.045000,-82.355000,28.044500,-82.355300,apolloshield_dji,dji,,,2414500000,RADAR-A2D2-F3A1,Sensor Tampa Bay / West Florida Coast,120,GREEN,BLUE
1772041947750,A2D2-F3A1,FLT-F3A1-001,28.049995,-82.350500,28.5,12,0,Mavic 3,false,drone_images/Mavic 3.png,28.045000,-82.355000,28.044500,-82.355300,apolloshield_dji,dji,,,2414500000,RADAR-A2D2-F3A1,Sensor Tampa Bay / West Florida Coast,120,GREEN,BLUE
1772041948175,A2D2-F3A1,FLT-F3A1-001,28.049995,-82.350500,28.5,12,0,Mavic 3,false,drone_images/Mavic 3.png,28.045000,-82.355000,28.044500,-82.355300,apolloshield_dji,dji,,,2414500000,RADAR-A2D2-F3A1,Sensor Tampa Bay / West Florida Coast,120,GREEN,BLUE
1772041950391,A2D2-F3A1,FLT-F3A1-001,28.049995,-82.350500,28.5,12,0,Mavic 3,false,drone_images/Mavic 3.png,28.045000,-82.355000,28.044500,-82.355300,apolloshield_dji,dji,,,2414500000,RADAR-A2D2-F3A1,Sensor Tampa Bay / West Florida Coast,120,GREEN,BLUE
1772041950514,A2D2-F3A1,FLT-F3A1-001,28.049995,-82.350500,28.5,12,0,Mavic 3,false,drone_images/Mavic 3.png,28.045000,-82.355000,28.044500,-82.355300,apolloshield_dji,dji,,,2414500000,RADAR-A2D2-F3A1,Sensor Tampa Bay / West Florida Coast,120,GREEN,BLUE
1772041951221,A2D2-F3A1,FLT-F3A1-001,28.049995,-82.350500,28.5,12,0,Mavic 3,false,drone_images/Mavic 3.png,28.045000,-82.355000,28.044500,-82.355300,apolloshield_dji,dji,,,2414500000,RADAR-A2D2-F3A1,Sensor Tampa Bay / West Florida Coast,120,GREEN,BLUE
1772041952380,A2D2-F3A1,FLT-F3A1-001,28.049995,-82.350500,28.5,12,0,Mavic 3,false,drone_images/Mavic 3.png,28.045000,-82.355000,28.044500,-82.355300,apolloshield_dji,dji,,,2414500000,RADAR-A2D2-F3A1,Sensor Tampa Bay / West Florida Coast,120,GREEN,BLUE
1772041953776,A2D2-F3A1,FLT-F3A1-001,28.049995,-82.350500,28.5,12,0,Mavic 3,false,drone_images/Mavic 3.png,28.045000,-82.355000,28.044500,-82.355300,apolloshield_dji,dji,,,2414500000,RADAR-A2D2-F3A1,Sensor Tampa Bay / West Florida Coast,120,GREEN,BLUE
1772041954282,A2D2-F3A1,FLT-F3A1-001,28.049995,-82.350500,28.5,12,0,Mavic 3,false,drone_images/Mavic 3.png,28.045000,-82.355000,28.044500,-82.355300,apolloshield_dji,dji,,,2414500000,RADAR-A2D2-F3A1,Sensor Tampa Bay / West Florida Coast,120,GREEN,BLUE
1772041955265,A2D2-F3A1,FLT-F3A1-001,28.049995,-82.350500,28.5,12,0,Mavic 3,false,drone_images/Mavic 3.png,28.045000,-82.355000,28.044500,-82.355300,apolloshield_dji,dji,,,2414500000,RADAR-A2D2-F3A1,Sensor Tampa Bay / West Florida Coast,120,GREEN,BLUE
1772041957090,A2D2-F3A1,FLT-F3A1-001,28.049995,-82.350500,28.5,12,0,Mavic 3,false,drone_images/Mavic 3.png,28.045000,-82.355000,28.044500,-82.355300,apolloshield_dji,dji,,,2414500000,RADAR-A2D2-F3A1,Sensor Tampa Bay / West Florida Coast,120,GREEN,BLUE
1772041957306,A2D2-F3A1,FLT-F3A1-001,28.049995,-82.350500,28.5,12,0,Mavic 3,false,drone_images/Mavic 3.png,28.045000,-82.355000,28.044500,-82.355300,apolloshield_dji,dji,,,2414500000,RADAR-A2D2-F3A1,Sensor Tampa Bay / West Florida Coast,120,GREEN,BLUE
1772041957967,A2D2-F3A1,FLT-F3A1-001,28.049995,-82.350500,28.5,12,0,Mavic 3,false,drone_images/Mavic 3.png,28.045000,-82.355000,28.044500,-82.355300,apolloshield_dji,dji,,,2414500000,RADAR-A2D2-F3A1,Sensor Tampa Bay / West Florida Coast,120,GREEN,BLUE
1772041958923,A2D2-F3A1,FLT-F3A1-001,28.049995,-82.350500,28.5,12,0,Mavic 3,false,drone_images/Mavic 3.png,28.045000,-82.355000,28.044500,-82.355300,apolloshield_dji,dji,,,2414500000,RADAR-A2D2-F3A1,Sensor Tampa Bay / West Florida Coast,120,GREEN,BLUE
1772041960552,A2D2-F3A1,FLT-F3A1-001,28.049995,-82.350500,28.5,12,0,Mavic 3,false,drone_images/Mavic 3.png,28.045000,-82.355000,28.044500,-82.355300,apolloshield_dji,dji,,,2414500000,RADAR-A2D2-F3A1,Sensor Tampa Bay / West Florida Coast,120,GREEN,BLUE
1772041962010,A2D2-F3A1,FLT-F3A1-001,28.049995,-82.350500,28.5,12,0,Mavic 3,false,drone_images/Mavic 3.png,28.045000,-82.355000,28.044500,-82.355300,apolloshield_dji,dji,,,2414500000,RADAR-A2D2-F3A1,Sensor Tampa Bay / West Florida Coast,120,GREEN,BLUE
1772041962107,A2D2-F3A1,FLT-F3A1-001,28.049995,-82.350500,28.5,12,0,Mavic 3,false,drone_images/Mavic 3.png,28.045000,-82.355000,28.044500,-82.355300,apolloshield_dji,dji,,,2414500000,RADAR-A2D2-F3A1,Sensor Tampa Bay / West Florida Coast,120,GREEN,BLUE
1772041964081,A2D2-F3A1,FLT-F3A1-001,28.049995,-82.350500,28.5,12,0,Mavic 3,false,drone_images/Mavic 3.png,28.045000,-82.355000,28.044500,-82.355300,apolloshield_dji,dji,,,2414500000,RADAR-A2D2-F3A1,Sensor Tampa Bay / West Florida Coast,120,GREEN,BLUE
1772041964155,A2D2-F3A1,FLT-F3A1-001,28.049995,-82.350500,28.5,12,0,Mavic 3,false,drone_images/Mavic 3.png,28.045000,-82.355000,28.044500,-82.355300,apolloshield_dji,dji,,,2414500000,RADAR-A2D2-F3A1,Sensor Tampa Bay / West Florida Coast,120,GREEN,BLUE
1772041964979,A2D2-F3A1,FLT-F3A1-001,28.049995,-82.350500,28.5,12,0,Mavic 3,false,drone_images/Mavic 3.png,28.045000,-82.355000,28.044500,-82.355300,apolloshield_dji,dji,,,2414500000,RADAR-A2D2-F3A1,Sensor Tampa Bay / West Florida Coast,120,GREEN,BLUE
1772041966012,A2D2-F3A1,FLT-F3A1-001,28.049995,-82.350500,28.5,12,0,Mavic 3,false,drone_images/Mavic 3.png,28.045000,-82.355000,28.044500,-82.355300,apolloshield_dji,dji,,,2414500000,RADAR-A2D2-F3A1,Sensor Tampa Bay / West Florida Coast,120,GREEN,BLUE
1772041967844,A2D2-F3A1,FLT-F3A1-001,28.049995,-82.350500,28.5,12,0,Mavic 3,false,drone_images/Mavic 3.png,28.045000,-82.355000,28.044500,-82.355300,apolloshield_dji,dji,,,2414500000,RADAR-A2D2-F3A1,Sensor Tampa Bay / West Florida Coast,120,GREEN,BLUE