timestamp,drone_id,flight_id,lat,lng,altitude,speed,azimuth,drone_type,has_payload,imagePath,home_lat,home_lng,pilot_lat,pilot_lng,detection_type,sensor_type,angle,error,frequency_hz,device_id,device_name,aboveGroundLevel,threatLevel,zone
1772109788000,A2D2-3A8C,FLT-3A8C-001,29.500000,-82.100000,150,14,0,Mavic Pro,false,drone_images/Mavic Pro.png,29.495000,-82.105000,29.494500,-82.105300,apolloshield_df,camera,365,10,5770000000,GMMM00MM08850001V64F,bluvec2.0-GMMM00MM08850001V64F,150,GREEN,NONE
1772109788000,A2D2-3A8C,FLT-3A8C-001,29.500000,-82.100000,150,14,0,Mavic Pro,false,drone_images/Mavic Pro.png,29.495000,-82.105000,29.494500,-82.105300,apolloshield_df,camera,197,10,5770000000,GMMM00MM08850001V64F,bluvec2.0-GMMM00MM08850001V64F,150,GREEN,NONE
1772109788000,A2D2-3A8C,FLT-3A8C-001,29.500000,-82.100000,150,14,0,Mavic Pro,false,drone_images/Mavic Pro.png,29.495000,-82.105000,29.494500,-82.105300,apolloshield_df,camera,197,10,5770000000,GMMM00MM08850001V64F,bluvec2.0-GMMM00MM08850001V64F,150,GREEN,NONE
1772109788000,A2D2-3A8C,FLT-3A8C-001,29.500000,-82.100000,150,14,0,Mavic Pro,false,drone_images/Mavic Pro.png,29.495000,-82.105000,29.494500,-82.105300,apolloshield_df,camera,197,10,5770000000,GMMM00MM08850001V64F,bluvec2.0-GMMM00MM08850001V64F,150,GREEN,NONE
1772109788000,A2D2-3A8C,FLT-3A8C-001,29.500000,-82.100000,150,14,0,Mavic Pro,false,drone_images/Mavic Pro.png,29.495000,-82.105000,29.494500,-82.105300,apolloshield_df,camera,197,10,5770000000,GMMM00MM08850001V64F,bluvec2.0-GMMM00MM08850001V64F,150,GREEN,NONE
1772109788000,A2D2-3A8C,FLT-3A8C-001,29.500000,-82.100000,150,14,0,Mavic Pro,false,drone_images/Mavic Pro.png,29.495000,-82.105000,29.494500,-82.105300,apolloshield_df,camera,197,10,5770000000,GMMM00MM08850001V64F,bluvec2.0-GMMM00MM08850001V64F,150,GREEN,NONE
1772109788000,A2D2-3A8C,FLT-3A8C-001,29.500000,-82.100000,150,14,0,Mavic Pro,false,drone_images/Mavic Pro.png,29.495000,-82.105000,29.494500,-82.105300,apolloshield_df,camera,201.28232,10,5770000000,GMMM00MM08850001V64F,bluvec2.0-GMMM00MM08850001V64F,150,GREEN,NONE
1772109788000,A2D2-3A8C,FLT-3A8C-001,29.500000,-82.100000,150,14,0,Mavic Pro,false,drone_images/Mavic Pro.png,29.495000,-82.105000,29.494500,-82.105300,apolloshield_df,camera,201.28232,10,5770000000,GMMM00MM08850001V64F,bluvec2.0-GMMM00MM08850001V64F,150,GREEN,NONE
1772109788000,A2D2-3A8C,FLT-3A8C-001,29.500000,-82.100000,150,14,0,Mavic Pro,false,drone_images/Mavic Pro.png,29.495000,-82.105000,29.494500,-82.105300,apolloshield_df,camera,201.28232,10,5770000000,GMMM00MM08850001V64F,bluvec2.0-GMMM00MM08850001V64F,150,GREEN,NONE
1772109788000,A2D2-3A8C,FLT-3A8C-001,29.500000,-82.100000,150,14,0,Mavic Pro,false,drone_images/Mavic Pro.png,29.495000,-82.105000,29.494500,-82.105300,apolloshield_df,camera,202.01675,10,5770000000,GMMM00MM08850001V64F,bluvec2.0-GMMM00MM08850001V64F,150,GREEN,NONE
1772109788000,A2D2-3A8C,FLT-3A8C-001,29.500000,-82.100000,150,14,0,Mavic Pro,false,drone_images/Mavic Pro.png,29.495000,-82.105000,29.494500,-82.105300,apolloshield_df,camera,202.01675,10,5770000000,GMMM00MM08850001V64F,bluvec2.0-GMMM00MM08850001V64F,150,GREEN,NONE
1772109788000,A2D2-3A8C,FLT-3A8C-001,29.500000,-82.100000,150,14,0,Mavic Pro,false,drone_images/Mavic Pro.png,29.495000,-82.105000,29.494500,-82.105300,apolloshield_df,camera,202.01675,10,5770000000,GMMM00MM08850001V64F,bluvec2.0-GMMM00MM08850001V64F,150,GREEN,NONE
1772109788000,A2D2-3A8C,FLT-3A8C-001,29.500000,-82.100000,150,14,0,Mavic Pro,false,drone_images/Mavic Pro.png,29.495000,-82.105000,29.494500,-82.105300,apolloshield_df,camera,202.01675,10,5770000000,GMMM00MM08850001V64F,bluvec2.0-GMMM00MM08850001V64F,150,GREEN,NONE
1772109788000,A2D2-3A8C,FLT-3A8C-001,29.500000,-82.100000,150,14,0,Mavic Pro,false,drone_images/Mavic Pro.png,29.495000,-82.105000,29.494500,-82.105300,apolloshield_df,camera,205.82166,10,5770000000,GMMM00MM08850001V64F,bluvec2.0-GMMM00MM08850001V64F,150,GREEN,NONE
1772109788000,A2D2-3A8C,FLT-3A8C-001,29.500000,-82.100000,150,14,0,Mavic Pro,false,drone_images/Mavic Pro.png,29.495000,-82.105000,29.494500,-82.105300,apolloshield_df,camera,205.82166,10,5770000000,GMMM00MM08850001V64F,bluvec2.0-GMMM00MM08850001V64F,150,GREEN,NONE
1772109788000,A2D2-3A8C,FLT-3A8C-001,29.500000,-82.100000,150,14,0,Mavic Pro,false,drone_images/Mavic Pro.png,29.495000,-82.105000,29.494500,-82.105300,apolloshield_df,camera,209.26448,10,5770000000,GMMM00MM08850001V64F,bluvec2.0-GMMM00MM08850001V64F,150,GREEN,NONE
1772109788000,A2D2-3A8C,FLT-3A8C-001,29.500000,-82.100000,150,14,0,Mavic Pro,false,drone_images/Mavic Pro.png,29.495000,-82.105000,29.494500,-82.105300,apolloshield_df,camera,208.09737,10,5770000000,GMMM00MM08850001V64F,bluvec2.0-GMMM00MM08850001V64F,150,GREEN,NONE
1772109788000,A2D2-3A8C,FLT-3A8C-001,29.500000,-82.100000,150,14,0,Mavic Pro,false,drone_images/Mavic Pro.png,29.495000,-82.105000,29.494500,-82.105300,apolloshield_df,camera,208.09737,10,5770000000,GMMM00MM08850001V64F,bluvec2.0-GMMM00MM08850001V64F,150,GREEN,NONE
1772109788000,A2D2-3A8C,FLT-3A8C-001,29.500000,-82.100000,150,14,0,Mavic Pro,false,drone_images/Mavic Pro.png,29.495000,-82.105000,29.494500,-82.105300,apolloshield_df,camera,208.09737,10,5770000000,GMMM00MM08850001V64F,bluvec2.0-GMMM00MM08850001V64F,150,GREEN,NONE
1772109788000,A2D2-3A8C,FLT-3A8C-001,29.500000,-82.100000,150,14,0,Mavic Pro,false,drone_images/Mavic Pro.png,29.495000,-82.105000,29.494500,-82.105300,apolloshield_df,camera,208.09737,10,5770000000,GMMM00MM08850001V64F,bluvec2.0-GMMM00MM08850001V64F,150,GREEN,NONE
1772109788000,A2D2-3A8C,FLT-3A8C-001,29.500000,-82.100000,150,14,0,Mavic Pro,false,drone_images/Mavic Pro.png,29.495000,-82.105000,29.494500,-82.105300,apolloshield_df,camera,208.09737,10,5770000000,GMMM00MM08850001V64F,bluvec2.0-GMMM00MM08850001V64F,150,GREEN,NONE
1772109788000,A2D2-3A8C,FLT-3A8C-001,29.500000,-82.100000,150,14,0,Mavic Pro,false,drone_images/Mavic Pro.png,29.495000,-82.105000,29.494500,-82.105300,apolloshield_df,camera,208.09737,10,5770000000,GMMM00MM08850001V64F,bluvec2.0-GMMM00MM08850001V64F,150,GREEN,NONE
1772109788000,A2D2-3A8C,FLT-3A8C-001,29.500000,-82.100000,150,14,0,Mavic Pro,false,drone_images/Mavic Pro.png,29.495000,-82.105000,29.494500,-82.105300,apolloshield_df,camera,208.09737,10,5770000000,GMMM00MM08850001V64F,bluvec2.0-GMMM00MM08850001V64F,150,GREEN,NONE
1772109788000,A2D2-3A8C,FLT-3A8C-001,29.500000,-82.100000,150,14,0,Mavic Pro,false,drone_images/Mavic Pro.png,29.495000,-82.105000,29.494500,-82.105300,apolloshield_df,camera,208.09737,10,5770000000,GMMM00MM08850001V64F,bluvec2.0-GMMM00MM08850001V64F,150,GREEN,NONE
1772109788000,A2D2-3A8C,FLT-3A8C-001,29.500000,-82.100000,150,14,0,Mavic Pro,false,drone_images/Mavic Pro.png,29.495000,-82.105000,29.494500,-82.105300,apolloshield_df,camera,208.09737,10,5770000000,GMMM00MM08850001V64F,bluvec2.0-GMMM00MM08850001V64F,150,GREEN,NONE
1772109788000,A2D2-3A8C,FLT-3A8C-001,29.500000,-82.100000,150,14,0,Mavic Pro,false,drone_images/Mavic Pro.png,29.495000,-82.105000,29.494500,-82.105300,apolloshield_df,camera,208.09737,10,5770000000,GMMM00MM08850001V64F,bluvec2.0-GMMM00MM08850001V64F,150,GREEN,NONE
1772109788000,A2D2-3A8C,FLT-3A8C-001,29.500000,-82.100000,150,14,0,Mavic Pro,false,drone_images/Mavic Pro.png,29.495000,-82.105000,29.494500,-82.105300,apolloshield_df,camera,208.09737,10,5770000000,GMMM00MM08850001V64F,bluvec2.0-GMMM00MM08850001V64F,150,GREEN,NONE
1772109788000,A2D2-3A8C,FLT-3A8C-001,29.500000,-82.100000,150,14,0,Mavic Pro,false,drone_images/Mavic Pro.png,29.495000,-82.105000,29.494500,-82.105300,apolloshield_df,camera,208.09737,10,5770000000,GMMM00MM08850001V64F,bluvec2.0-GMMM00MM08850001V64F,150,GREEN,NONE
1772109788000,A2D2-3A8C,FLT-3A8C-001,29.500000,-82.100000,150,14,0,Mavic Pro,false,drone_images/Mavic Pro.png,29.495000,-82.105000,29.494500,-82.105300,apolloshield_df,camera,208.09737,10,5770000000,GMMM00MM08850001V64F,bluvec2.0-GMMM00MM08850001V64F,150,GREEN,NONE
1772109788000,A2D2-3A8C,FLT-3A8C-001,29.500000,-82.100000,150,14,0,Mavic Pro,false,drone_images/Mavic Pro.png,29.495000,-82.105000,29.494500,-82.105300,apolloshield_df,camera,208.09737,10,5770000000,GMMM00MM08850001V64F,bluvec2.0-GMMM00MM08850001V64F,150,GREEN,NONE
1772109788000,A2D2-3A8C,FLT-3A8C-001,29.500000,-82.100000,150,14,0,Mavic Pro,false,drone_images/Mavic Pro.png,29.495000,-82.105000,29.494500,-82.105300,apolloshield_df,camera,208.09737,10,5770000000,GMMM00MM08850001V64F,bluvec2.0-GMMM00MM08850001V64F,150,GREEN,NONE
1772109788000,A2D2-3A8C,FLT-3A8C-001,29.500000,-82.100000,150,14,0,Mavic Pro,false,drone_images/Mavic Pro.png,29.495000,-82.105000,29.494500,-82.105300,apolloshield_df,camera,208.09737,10,5770000000,GMMM00MM08850001V64F,bluvec2.0-GMMM00MM08850001V64F,150,GREEN,NONE
1772109788000,A2D2-3A8C,FLT-3A8C-001,29.500000,-82.100000,150,14,0,Mavic Pro,false,drone_images/Mavic Pro.png,29.495000,-82.105000,29.494500,-82.105300,apolloshield_df,camera,208.09737,10,5770000000,GMMM00MM08850001V64F,bluvec2.0-GMMM00MM08850001V64F,150,GREEN,NONE
1772109788000,A2D2-3A8C,FLT-3A8C-001,29.500000,-82.100000,150,14,0,Mavic Pro,false,drone_images/Mavic Pro.png,29.495000,-82.105000,29.494500,-82.105300,apolloshield_df,camera,208.09737,10,5770000000,GMMM00MM08850001V64F,bluvec2.0-GMMM00MM08850001V64F,150,GREEN,NONE
1772109788000,A2D2-3A8C,FLT-3A8C-001,29.500000,-82.100000,150,14,0,Mavic Pro,false,drone_images/Mavic Pro.png,29.495000,-82.105000,29.494500,-82.105300,apolloshield_df,camera,208.09737,10,5770000000,GMMM00MM08850001V64F,bluvec2.0-GMMM00MM08850001V64F,150,GREEN,NONE
1772109788000,A2D2-3A8C,FLT-3A8C-001,29.500000,-82.100000,150,14,0,Mavic Pro,false,drone_images/Mavic Pro.png,29.495000,-82.105000,29.494500,-82.105300,apolloshield_df,camera,208.09737,10,5770000000,GMMM00MM08850001V64F,bluvec2.0-GMMM00MM08850001V64F,150,GREEN,NONE
1772109788000,A2D2-3A8C,FLT-3A8C-001,29.500000,-82.100000,150,14,0,Mavic Pro,false,drone_images/Mavic Pro.png,29.495000,-82.105000,29.494500,-82.105300,apolloshield_df,camera,208.09737,10,5770000000,GMMM00MM08850001V64F,bluvec2.0-GMMM00MM08850001V64F,150,GREEN,NONE
1772109788000,A2D2-3A8C,FLT-3A8C-001,29.500000,-82.100000,150,14,0,Mavic Pro,false,drone_images/Mavic Pro.png,29.495000,-82.105000,29.494500,-82.105300,apolloshield_df,camera,208.09737,10,5770000000,GMMM00MM08850001V64F,bluvec2.0-GMMM00MM08850001V64F,150,GREEN,NONE
1772109788000,A2D2-3A8C,FLT-3A8C-001,29.500000,-82.100000,150,14,0,Mavic Pro,false,drone_images/Mavic Pro.png,29.495000,-82.105000,29.494500,-82.105300,apolloshield_df,camera,208.09737,10,5770000000,GMMM00MM08850001V64F,bluvec2.0-GMMM00MM08850001V64F,150,GREEN,NONE
1772109788000,A2D2-3A8C,FLT-3A8C-001,29.500000,-82.100000,150,14,0,Mavic Pro,false,drone_images/Mavic Pro.png,29.495000,-82.105000,29.494500,-82.105300,apolloshield_df,camera,208.09737,10,5770000000,GMMM00MM08850001V64F,bluvec2.0-GMMM00MM08850001V64F,150,GREEN,NONE
1772109788000,A2D2-3A8C,FLT-3A8C-001,29.500000,-82.100000,150,14,0,Mavic Pro,false,drone_images/Mavic Pro.png,29.495000,-82.105000,29.494500,-82.105300,apolloshield_df,camera,208.09737,10,5770000000,GMMM00MM08850001V64F,bluvec2.0-GMMM00MM08850001V64F,150,GREEN,NONE
1772109788000,A2D2-3A8C,FLT-3A8C-001,29.500000,-82.100000,150,14,0,Mavic Pro,false,drone_images/Mavic Pro.png,29.495000,-82.105000,29.494500,-82.105300,apolloshield_df,camera,208.09737,10,5770000000,GMMM00MM08850001V64F,bluvec2.0-GMMM00MM08850001V64F,150,GREEN,NONE
1772109788000,A2D2-3A8C,FLT-3A8C-001,29.500000,-82.100000,150,14,0,Mavic Pro,false,drone_images/Mavic Pro.png,29.495000,-82.105000,29.494500,-82.105300,apolloshield_df,camera,208.09737,10,5770000000,GMMM00MM08850001V64F,bluvec2.0-GMMM00MM08850001V64F,150,GREEN,NONE
1772109788000,A2D2-3A8C,FLT-3A8C-001,29.500000,-82.100000,150,14,0,Mavic Pro,false,drone_images/Mavic Pro.png,29.495000,-82.105000,29.494500,-82.105300,apolloshield_df,camera,208.09737,10,5770000000,GMMM00MM08850001V64F,bluvec2.0-GMMM00MM08850001V64F,150,GREEN,NONE
1772109788000,A2D2-3A8C,FLT-3A8C-001,29.500000,-82.100000,150,14,0,Mavic Pro,false,drone_images/Mavic Pro.png,29.495000,-82.105000,29.494500,-82.105300,apolloshield_df,camera,208.09737,10,5770000000,GMMM00MM08850001V64F,bluvec2.0-GMMM00MM08850001V64F,150,GREEN,NONE
1772109788000,A2D2-3A8C,FLT-3A8C-001,29.500000,-82.100000,150,14,0,Mavic Pro,false,drone_images/Mavic Pro.png,29.495000,-82.105000,29.494500,-82.105300,apolloshield_df,camera,208.09737,10,5770000000,GMMM00MM08850001V64F,bluvec2.0-GMMM00MM08850001V64F,150,GREEN,NONE
1772109788000,A2D2-3A8C,FLT-3A8C-001,29.500000,-82.100000,150,14,0,Mavic Pro,false,drone_images/Mavic Pro.png,29.495000,-82.105000,29.494500,-82.105300,apolloshield_df,camera,211.8279,10,5770000000,GMMM00MM08850001V64F,bluvec2.0-GMMM00MM08850001V64F,150,GREEN,NONE
1772109788000,A2D2-3A8C,FLT-3A8C-001,29.500000,-82.100000,150,14,0,Mavic Pro,false,drone_images/Mavic Pro.png,29.495000,-82.105000,29.494500,-82.105300,apolloshield_df,camera,210.41684,10,5770000000,GMMM00MM08850001V64F,bluvec2.0-GMMM00MM08850001V64F,150,GREEN,NONE
1772109788000,A2D2-3A8C,FLT-3A8C-001,29.500000,-82.100000,150,14,0,Mavic Pro,false,drone_images/Mavic Pro.png,29.495000,-82.105000,29.494500,-82.105300,apolloshield_df,camera,209.14006,10,5770000000,GMMM00MM08850001V64F,bluvec2.0-GMMM00MM08850001V64F,150,GREEN,NONE
1772109788000,A2D2-3A8C,FLT-3A8C-001,29.500000,-82.100000,150,14,0,Mavic Pro,false,drone_images/Mavic Pro.png,29.495000,-82.105000,29.494500,-82.105300,apolloshield_df,camera,212.26709,10,5770000000,GMMM00MM08850001V64F,bluvec2.0-GMMM00MM08850001V64F,150,GREEN,NONE
1772109788000,A2D2-3A8C,FLT-3A8C-001,29.500000,-82.100000,150,14,0,Mavic Pro,false,drone_images/Mavic Pro.png,29.495000,-82.105000,29.494500,-82.105300,apolloshield_df,camera,212.26709,10,5770000000,GMMM00MM08850001V64F,bluvec2.0-GMMM00MM08850001V64F,150,GREEN,NONE
1772109788000,A2D2-3A8C,FLT-3A8C-001,29.500000,-82.100000,150,14,0,Mavic Pro,false,drone_images/Mavic Pro.png,29.495000,-82.105000,29.494500,-82.105300,apolloshield_df,camera,210.81424,10,5770000000,GMMM00MM08850001V64F,bluvec2.0-GMMM00MM08850001V64F,150,GREEN,NONE
1772109788000,A2D2-3A8C,FLT-3A8C-001,29.500000,-82.100000,150,14,0,Mavic Pro,false,drone_images/Mavic Pro.png,29.495000,-82.105000,29.494500,-82.105300,apolloshield_df,camera,210.81424,10,5770000000,GMMM00MM08850001V64F,bluvec2.0-GMMM00MM08850001V64F,150,GREEN,NONE
1772109788000,A2D2-3A8C,FLT-3A8C-001,29.500000,-82.100000,150,14,0,Mavic Pro,false,drone_images/Mavic Pro.png,29.495000,-82.105000,29.494500,-82.105300,apolloshield_df,camera,210.81424,10,5770000000,GMMM00MM08850001V64F,bluvec2.0-GMMM00MM08850001V64F,150,GREEN,NONE
1772109788000,A2D2-3A8C,FLT-3A8C-001,29.500000,-82.100000,150,14,0,Mavic Pro,false,drone_images/Mavic Pro.png,29.495000,-82.105000,29.494500,-82.105300,apolloshield_df,camera,210.81424,10,5770000000,GMMM00MM08850001V64F,bluvec2.0-GMMM00MM08850001V64F,150,GREEN,NONE
1772109788000,A2D2-3A8C,FLT-3A8C-001,29.500000,-82.100000,150,14,0,Mavic Pro,false,drone_images/Mavic Pro.png,29.495000,-82.105000,29.494500,-82.105300,apolloshield_df,camera,210.81424,10,5770000000,GMMM00MM08850001V64F,bluvec2.0-GMMM00MM08850001V64F,150,GREEN,NONE
1772109788000,A2D2-3A8C,FLT-3A8C-001,29.500000,-82.100000,150,14,0,Mavic Pro,false,drone_images/Mavic Pro.png,29.495000,-82.105000,29.494500,-82.105300,apolloshield_df,camera,210.81424,10,5770000000,GMMM00MM08850001V64F,bluvec2.0-GMMM00MM08850001V64F,150,GREEN,NONE
1772109788000,A2D2-3A8C,FLT-3A8C-001,29.500000,-82.100000,150,14,0,Mavic Pro,false,drone_images/Mavic Pro.png,29.495000,-82.105000,29.494500,-82.105300,apolloshield_df,camera,210.81424,10,5770000000,GMMM00MM08850001V64F,bluvec2.0-GMMM00MM08850001V64F,150,GREEN,NONE
1772109788000,A2D2-3A8C,FLT-3A8C-001,29.500000,-82.100000,150,14,0,Mavic Pro,false,drone_images/Mavic Pro.png,29.495000,-82.105000,29.494500,-82.105300,apolloshield_df,camera,210.81424,10,5770000000,GMMM00MM08850001V64F,bluvec2.0-GMMM00MM08850001V64F,150,GREEN,NONE
1772109788000,A2D2-3A8C,FLT-3A8C-001,29.500000,-82.100000,150,14,0,Mavic Pro,false,drone_images/Mavic Pro.png,29.495000,-82.105000,29.494500,-82.105300,apolloshield_df,camera,210.81424,10,5770000000,GMMM00MM08850001V64F,bluvec2.0-GMMM00MM08850001V64F,150,GREEN,NONE
1772109788000,A2D2-3A8C,FLT-3A8C-001,29.500000,-82.100000,150,14,0,Mavic Pro,false,drone_images/Mavic Pro.png,29.495000,-82.105000,29.494500,-82.105300,apolloshield_df,camera,210.81424,10,5770000000,GMMM00MM08850001V64F,bluvec2.0-GMMM00MM08850001V64F,150,GREEN,NONE
1772109788000,A2D2-3A8C,FLT-3A8C-001,29.500000,-82.100000,150,14,0,Mavic Pro,false,drone_images/Mavic Pro.png,29.495000,-82.105000,29.494500,-82.105300,apolloshield_df,camera,210.81424,10,5770000000,GMMM00MM08850001V64F,bluvec2.0-GMMM00MM08850001V64F,150,GREEN,NONE
1772109788000,A2D2-3A8C,FLT-3A8C-001,29.500000,-82.100000,150,14,0,Mavic Pro,false,drone_images/Mavic Pro.png,29.495000,-82.105000,29.494500,-82.105300,apolloshield_df,camera,210.81424,10,5770000000,GMMM00MM08850001V64F,bluvec2.0-GMMM00MM08850001V64F,150,GREEN,NONE
1772109788000,A2D2-3A8C,FLT-3A8C-001,29.500000,-82.100000,150,14,0,Mavic Pro,false,drone_images/Mavic Pro.png,29.495000,-82.105000,29.494500,-82.105300,apolloshield_df,camera,210.81424,10,5770000000,GMMM00MM08850001V64F,bluvec2.0-GMMM00MM08850001V64F,150,GREEN,NONE
1772109788000,A2D2-3A8C,FLT-3A8C-001,29.500000,-82.100000,150,14,0,Mavic Pro,false,drone_images/Mavic Pro.png,29.495000,-82.105000,29.494500,-82.105300,apolloshield_df,camera,210.81424,10,5770000000,GMMM00MM08850001V64F,bluvec2.0-GMMM00MM08850001V64F,150,GREEN,NONE
1772109788000,A2D2-3A8C,FLT-3A8C-001,29.500000,-82.100000,150,14,0,Mavic Pro,false,drone_images/Mavic Pro.png,29.495000,-82.105000,29.494500,-82.105300,apolloshield_df,camera,210.81424,10,5770000000,GMMM00MM08850001V64F,bluvec2.0-GMMM00MM08850001V64F,150,GREEN,NONE
1772109788000,A2D2-3A8C,FLT-3A8C-001,29.500000,-82.100000,150,14,0,Mavic Pro,false,drone_images/Mavic Pro.png,29.495000,-82.105000,29.494500,-82.105300,apolloshield_df,camera,210.81424,10,5770000000,GMMM00MM08850001V64F,bluvec2.0-GMMM00MM08850001V64F,150,GREEN,NONE
1772109788000,A2D2-3A8C,FLT-3A8C-001,29.500000,-82.100000,150,14,0,Mavic Pro,false,drone_images/Mavic Pro.png,29.495000,-82.105000,29.494500,-82.105300,apolloshield_df,camera,210.81424,10,5770000000,GMMM00MM08850001V64F,bluvec2.0-GMMM00MM08850001V64F,150,GREEN,NONE
1772109788000,A2D2-3A8C,FLT-3A8C-001,29.500000,-82.100000,150,14,0,Mavic Pro,false,drone_images/Mavic Pro.png,29.495000,-82.105000,29.494500,-82.105300,apolloshield_df,camera,210.81424,10,5770000000,GMMM00MM08850001V64F,bluvec2.0-GMMM00MM08850001V64F,150,GREEN,NONE
1772109788000,A2D2-3A8C,FLT-3A8C-001,29.500000,-82.100000,150,14,0,Mavic Pro,false,drone_images/Mavic Pro.png,29.495000,-82.105000,29.494500,-82.105300,apolloshield_df,camera,210.81424,10,5770000000,GMMM00MM08850001V64F,bluvec2.0-GMMM00MM08850001V64F,150,GREEN,NONE
1772109788000,A2D2-3A8C,FLT-3A8C-001,29.500000,-82.100000,150,14,0,Mavic Pro,false,drone_images/Mavic Pro.png,29.495000,-82.105000,29.494500,-82.105300,apolloshield_df,camera,210.81424,10,5770000000,GMMM00MM08850001V64F,bluvec2.0-GMMM00MM08850001V64F,150,GREEN,NONE
1772109788000,A2D2-3A8C,FLT-3A8C-001,29.500000,-82.100000,150,14,0,Mavic Pro,false,drone_images/Mavic Pro.png,29.495000,-82.105000,29.494500,-82.105300,apolloshield_df,camera,210.81424,10,5770000000,GMMM00MM08850001V64F,bluvec2.0-GMMM00MM08850001V64F,150,GREEN,NONE
1772109788000,A2D2-3A8C,FLT-3A8C-001,29.500000,-82.100000,150,14,0,Mavic Pro,false,drone_images/Mavic Pro.png,29.495000,-82.105000,29.494500,-82.105300,apolloshield_df,camera,210.81424,10,5770000000,GMMM00MM08850001V64F,bluvec2.0-GMMM00MM08850001V64F,150,GREEN,NONE
1772109788000,A2D2-3A8C,FLT-3A8C-001,29.500000,-82.100000,150,14,0,Mavic Pro,false,drone_images/Mavic Pro.png,29.495000,-82.105000,29.494500,-82.105300,apolloshield_df,camera,210.81424,10,5770000000,GMMM00MM08850001V64F,bluvec2.0-GMMM00MM08850001V64F,150,GREEN,NONE
1772109788000,A2D2-3A8C,FLT-3A8C-001,29.500000,-82.100000,150,14,0,Mavic Pro,false,drone_images/Mavic Pro.png,29.495000,-82.105000,29.494500,-82.105300,apolloshield_df,camera,210.81424,10,5770000000,GMMM00MM08850001V64F,bluvec2.0-GMMM00MM08850001V64F,150,GREEN,NONE
1772109788000,A2D2-3A8C,FLT-3A8C-001,29.500000,-82.100000,150,14,0,Mavic Pro,false,drone_images/Mavic Pro.png,29.495000,-82.105000,29.494500,-82.105300,apolloshield_df,camera,210.81424,10,5770000000,GMMM00MM08850001V64F,bluvec2.0-GMMM00MM08850001V64F,150,GREEN,NONE
1772109788000,A2D2-3A8C,FLT-3A8C-001,29.500000,-82.100000,150,14,0,Mavic Pro,false,drone_images/Mavic Pro.png,29.495000,-82.105000,29.494500,-82.105300,apolloshield_df,camera,210.81424,10,5770000000,GMMM00MM08850001V64F,bluvec2.0-GMMM00MM08850001V64F,150,GREEN,NONE
1772109788000,A2D2-3A8C,FLT-3A8C-001,29.500000,-82.100000,150,14,0,Mavic Pro,false,drone_images/Mavic Pro.png,29.495000,-82.105000,29.494500,-82.105300,apolloshield_df,camera,210.81424,10,5770000000,GMMM00MM08850001V64F,bluvec2.0-GMMM00MM08850001V64F,150,GREEN,NONE
1772109788000,A2D2-3A8C,FLT-3A8C-001,29.500000,-82.100000,150,14,0,Mavic Pro,false,drone_images/Mavic Pro.png,29.495000,-82.105000,29.494500,-82.105300,apolloshield_df,camera,210.81424,10,5770000000,GMMM00MM08850001V64F,bluvec2.0-GMMM00MM08850001V64F,150,GREEN,NONE
1772109788000,A2D2-3A8C,FLT-3A8C-001,29.500000,-82.100000,150,14,0,Mavic Pro,false,drone_images/Mavic Pro.png,29.495000,-82.105000,29.494500,-82.105300,apolloshield_df,camera,210.81424,10,5770000000,GMMM00MM08850001V64F,bluvec2.0-GMMM00MM08850001V64F,150,GREEN,NONE
1772109788000,A2D2-3A8C,FLT-3A8C-001,29.500000,-82.100000,150,14,0,Mavic Pro,false,drone_images/Mavic Pro.png,29.495000,-82.105000,29.494500,-82.105300,apolloshield_df,camera,210.81424,10,5770000000,GMMM00MM08850001V64F,bluvec2.0-GMMM00MM08850001V64F,150,GREEN,NONE
1772109788000,A2D2-3A8C,FLT-3A8C-001,29.500000,-82.100000,150,14,0,Mavic Pro,false,drone_images/Mavic Pro.png,29.495000,-82.105000,29.494500,-82.105300,apolloshield_df,camera,210.81424,10,5770000000,GMMM00MM08850001V64F,bluvec2.0-GMMM00MM08850001V64F,150,GREEN,NONE
1772109788000,A2D2-3A8C,FLT-3A8C-001,29.500000,-82.100000,150,14,0,Mavic Pro,false,drone_images/Mavic Pro.png,29.495000,-82.105000,29.494500,-82.105300,apolloshield_df,camera,210.81424,10,5770000000,GMMM00MM08850001V64F,bluvec2.0-GMMM00MM08850001V64F,150,GREEN,NONE
1772109788000,A2D2-3A8C,FLT-3A8C-001,29.500000,-82.100000,150,14,0,Mavic Pro,false,drone_images/Mavic Pro.png,29.495000,-82.105000,29.494500,-82.105300,apolloshield_df,camera,210.81424,10,5770000000,GMMM00MM08850001V64F,bluvec2.0-GMMM00MM08850001V64F,150,GREEN,NONE
1772109788000,A2D2-3A8C,FLT-3A8C-001,29.500000,-82.100000,150,14,0,Mavic Pro,false,drone_images/Mavic Pro.png,29.495000,-82.105000,29.494500,-82.105300,apolloshield_df,camera,210.81424,10,5770000000,GMMM00MM08850001V64F,bluvec2.0-GMMM00MM08850001V64F,150,GREEN,NONE
1772109788000,A2D2-3A8C,FLT-3A8C-001,29.500000,-82.100000,150,14,0,Mavic Pro,false,drone_images/Mavic Pro.png,29.495000,-82.105000,29.494500,-82.105300,apolloshield_df,camera,210.81424,10,5770000000,GMMM00MM08850001V64F,bluvec2.0-GMMM00MM08850001V64F,150,GREEN,NONE
1772109788000,A2D2-3A8C,FLT-3A8C-001,29.500000,-82.100000,150,14,0,Mavic Pro,false,drone_images/Mavic Pro.png,29.495000,-82.105000,29.494500,-82.105300,apolloshield_df,camera,210.81424,10,5770000000,GMMM00MM08850001V64F,bluvec2.0-GMMM00MM08850001V64F,150,GREEN,NONE
1772109788000,A2D2-3A8C,FLT-3A8C-001,29.500000,-82.100000,150,14,0,Mavic Pro,false,drone_images/Mavic Pro.png,29.495000,-82.105000,29.494500,-82.105300,apolloshield_df,camera,210.81424,10,5770000000,GMMM00MM08850001V64F,bluvec2.0-GMMM00MM08850001V64F,150,GREEN,NONE
1772109788000,A2D2-3A8C,FLT-3A8C-001,29.500000,-82.100000,150,14,0,Mavic Pro,false,drone_images/Mavic Pro.png,29.495000,-82.105000,29.494500,-82.105300,apolloshield_df,camera,210.81424,10,5770000000,GMMM00MM08850001V64F,bluvec2.0-GMMM00MM08850001V64F,150,GREEN,NONE
1772109788000,A2D2-3A8C,FLT-3A8C-001,29.500000,-82.100000,150,14,0,Mavic Pro,false,drone_images/Mavic Pro.png,29.495000,-82.105000,29.494500,-82.105300,apolloshield_df,camera,210.81424,10,5770000000,GMMM00MM08850001V64F,bluvec2.0-GMMM00MM08850001V64F,150,GREEN,NONE
1772109788000,A2D2-3A8C,FLT-3A8C-001,29.500000,-82.100000,150,14,0,Mavic Pro,false,drone_images/Mavic Pro.png,29.495000,-82.105000,29.494500,-82.105300,apolloshield_df,camera,210.81424,10,5770000000,GMMM00MM08850001V64F,bluvec2.0-GMMM00MM08850001V64F,150,GREEN,NONE
1772109788000,A2D2-3A8C,FLT-3A8C-001,29.500000,-82.100000,150,14,0,Mavic Pro,false,drone_images/Mavic Pro.png,29.495000,-82.105000,29.494500,-82.105300,apolloshield_df,camera,210.81424,10,5770000000,GMMM00MM08850001V64F,bluvec2.0-GMMM00MM08850001V64F,150,GREEN,NONE
1772109788000,A2D2-3A8C,FLT-3A8C-001,29.500000,-82.100000,150,14,0,Mavic Pro,false,drone_images/Mavic Pro.png,29.495000,-82.105000,29.494500,-82.105300,apolloshield_df,camera,210.81424,10,5770000000,GMMM00MM08850001V64F,bluvec2.0-GMMM00MM08850001V64F,150,GREEN,NONE
1772109788000,A2D2-3A8C,FLT-3A8C-001,29.500000,-82.100000,150,14,0,Mavic Pro,false,drone_images/Mavic Pro.png,29.495000,-82.105000,29.494500,-82.105300,apolloshield_df,camera,210.81424,10,5770000000,GMMM00MM08850001V64F,bluvec2.0-GMMM00MM08850001V64F,150,GREEN,NONE
1772109788000,A2D2-3A8C,FLT-3A8C-001,29.500000,-82.100000,150,14,0,Mavic Pro,false,drone_images/Mavic Pro.png,29.495000,-82.105000,29.494500,-82.105300,apolloshield_df,camera,210.81424,10,5770000000,GMMM00MM08850001V64F,bluvec2.0-GMMM00MM08850001V64F,150,GREEN,NONE
1772109788000,A2D2-3A8C,FLT-3A8C-001,29.500000,-82.100000,150,14,0,Mavic Pro,false,drone_images/Mavic Pro.png,29.495000,-82.105000,29.494500,-82.105300,apolloshield_df,camera,210.81424,10,5770000000,GMMM00MM08850001V64F,bluvec2.0-GMMM00MM08850001V64F,150,GREEN,NONE
1772109788000,A2D2-3A8C,FLT-3A8C-001,29.500000,-82.100000,150,14,0,Mavic Pro,false,drone_images/Mavic Pro.png,29.495000,-82.105000,29.494500,-82.105300,apolloshield_df,camera,210.81424,10,5770000000,GMMM00MM08850001V64F,bluvec2.0-GMMM00MM08850001V64F,150,GREEN,NONE
1772109788000,A2D2-3A8C,FLT-3A8C-001,29.500000,-82.100000,150,14,0,Mavic Pro,false,drone_images/Mavic Pro.png,29.495000,-82.105000,29.494500,-82.105300,apolloshield_df,camera,210.81424,10,5770000000,GMMM00MM08850001V64F,bluvec2.0-GMMM00MM08850001V64F,150,GREEN,NONE
1772109788000,A2D2-3A8C,FLT-3A8C-001,29.500000,-82.100000,150,14,0,Mavic Pro,false,drone_images/Mavic Pro.png,29.495000,-82.105000,29.494500,-82.105300,apolloshield_df,camera,210.81424,10,5770000000,GMMM00MM08850001V64F,bluvec2.0-GMMM00MM08850001V64F,150,GREEN,NONE
1772109788000,A2D2-3A8C,FLT-3A8C-001,29.500000,-82.100000,150,14,0,Mavic Pro,false,drone_images/Mavic Pro.png,29.495000,-82.105000,29.494500,-82.105300,apolloshield_df,camera,210.81424,10,5770000000,GMMM00MM08850001V64F,bluvec2.0-GMMM00MM08850001V64F,150,GREEN,NONE
1772109788000,A2D2-3A8C,FLT-3A8C-001,29.500000,-82.100000,150,14,0,Mavic Pro,false,drone_images/Mavic Pro.png,29.495000,-82.105000,29.494500,-82.105300,apolloshield_df,camera,210.81424,10,5770000000,GMMM00MM08850001V64F,bluvec2.0-GMMM00MM08850001V64F,150,GREEN,NONE
1772109788000,A2D2-3A8C,FLT-3A8C-001,29.500000,-82.100000,150,14,0,Mavic Pro,false,drone_images/Mavic Pro.png,29.495000,-82.105000,29.494500,-82.105300,apolloshield_df,camera,210.81424,10,5770000000,GMMM00MM08850001V64F,bluvec2.0-GMMM00MM08850001V64F,150,GREEN,NONE
1772109788000,A2D2-3A8C,FLT-3A8C-001,29.500000,-82.100000,150,14,0,Mavic Pro,false,drone_images/Mavic Pro.png,29.495000,-82.105000,29.494500,-82.105300,apolloshield_df,camera,210.81424,10,5770000000,GMMM00MM08850001V64F,bluvec2.0-GMMM00MM08850001V64F,150,GREEN,NONE
1772109788000,A2D2-3A8C,FLT-3A8C-001,29.500000,-82.100000,150,14,0,Mavic Pro,false,drone_images/Mavic Pro.png,29.495000,-82.105000,29.494500,-82.105300,apolloshield_df,camera,210.81424,10,5770000000,GMMM00MM08850001V64F,bluvec2.0-GMMM00MM08850001V64F,150,GREEN,NONE
1772109788000,A2D2-3A8C,FLT-3A8C-001,29.500000,-82.100000,150,14,0,Mavic Pro,false,drone_images/Mavic Pro.png,29.495000,-82.105000,29.494500,-82.105300,apolloshield_df,camera,210.81424,10,5770000000,GMMM00MM08850001V64F,bluvec2.0-GMMM00MM08850001V64F,150,GREEN,NONE
1772109788000,A2D2-3A8C,FLT-3A8C-001,29.500000,-82.100000,150,14,0,Mavic Pro,false,drone_images/Mavic Pro.png,29.495000,-82.105000,29.494500,-82.105300,apolloshield_df,camera,210.81424,10,5770000000,GMMM00MM08850001V64F,bluvec2.0-GMMM00MM08850001V64F,150,GREEN,NONE
1772109788000,A2D2-3A8C,FLT-3A8C-001,29.500000,-82.100000,150,14,0,Mavic Pro,false,drone_images/Mavic Pro.png,29.495000,-82.105000,29.494500,-82.105300,apolloshield_df,camera,210.81424,10,5770000000,GMMM00MM08850001V64F,bluvec2.0-GMMM00MM08850001V64F,150,GREEN,NONE
1772109788000,A2D2-3A8C,FLT-3A8C-001,29.500000,-82.100000,150,14,0,Mavic Pro,false,drone_images/Mavic Pro.png,29.495000,-82.105000,29.494500,-82.105300,apolloshield_df,camera,210.81424,10,5770000000,GMMM00MM08850001V64F,bluvec2.0-GMMM00MM08850001V64F,150,GREEN,NONE
1772109788000,A2D2-3A8C,FLT-3A8C-001,29.500000,-82.100000,150,14,0,Mavic Pro,false,drone_images/Mavic Pro.png,29.495000,-82.105000,29.494500,-82.105300,apolloshield_df,camera,210.81424,10,5770000000,GMMM00MM08850001V64F,bluvec2.0-GMMM00MM08850001V64F,150,GREEN,NONE
1772109788000,A2D2-3A8C,FLT-3A8C-001,29.500000,-82.100000,150,14,0,Mavic Pro,false,drone_images/Mavic Pro.png,29.495000,-82.105000,29.494500,-82.105300,apolloshield_df,camera,210.81424,10,5770000000,GMMM00MM08850001V64F,bluvec2.0-GMMM00MM08850001V64F,150,GREEN,NONE
1772109788000,A2D2-3A8C,FLT-3A8C-001,29.500000,-82.100000,150,14,0,Mavic Pro,false,drone_images/Mavic Pro.png,29.495000,-82.105000,29.494500,-82.105300,apolloshield_df,camera,210.81424,10,5770000000,GMMM00MM08850001V64F,bluvec2.0-GMMM00MM08850001V64F,150,GREEN,NONE
1772109788000,A2D2-3A8C,FLT-3A8C-001,29.500000,-82.100000,150,14,0,Mavic Pro,false,drone_images/Mavic Pro.png,29.495000,-82.105000,29.494500,-82.105300,apolloshield_df,camera,210.81424,10,5770000000,GMMM00MM08850001V64F,bluvec2.0-GMMM00MM08850001V64F,150,GREEN,NONE
1772109788000,A2D2-3A8C,FLT-3A8C-001,29.500000,-82.100000,150,14,0,Mavic Pro,false,drone_images/Mavic Pro.png,29.495000,-82.105000,29.494500,-82.105300,apolloshield_df,camera,210.81424,10,5770000000,GMMM00MM08850001V64F,bluvec2.0-GMMM00MM08850001V64F,150,GREEN,NONE
1772109788000,A2D2-3A8C,FLT-3A8C-001,29.500000,-82.100000,150,14,0,Mavic Pro,false,drone_images/Mavic Pro.png,29.495000,-82.105000,29.494500,-82.105300,apolloshield_df,camera,210.81424,10,5770000000,GMMM00MM08850001V64F,bluvec2.0-GMMM00MM08850001V64F,150,GREEN,NONE
1772109788000,A2D2-3A8C,FLT-3A8C-001,29.500000,-82.100000,150,14,0,Mavic Pro,false,drone_images/Mavic Pro.png,29.495000,-82.105000,29.494500,-82.105300,apolloshield_df,camera,225.74963,10,5770000000,GMMM00MM08850001V64F,bluvec2.0-GMMM00MM08850001V64F,150,GREEN,NONE
1772109788000,A2D2-3A8C,FLT-3A8C-001,29.500000,-82.100000,150,14,0,Mavic Pro,false,drone_images/Mavic Pro.png,29.495000,-82.105000,29.494500,-82.105300,apolloshield_df,camera,224.41301,10,5770000000,GMMM00MM08850001V64F,bluvec2.0-GMMM00MM08850001V64F,150,GREEN,NONE
1772109788000,A2D2-3A8C,FLT-3A8C-001,29.500000,-82.100000,150,14,0,Mavic Pro,false,drone_images/Mavic Pro.png,29.495000,-82.105000,29.494500,-82.105300,apolloshield_df,camera,224.41301,10,5770000000,GMMM00MM08850001V64F,bluvec2.0-GMMM00MM08850001V64F,150,GREEN,NONE
1772109788000,A2D2-3A8C,FLT-3A8C-001,29.500000,-82.100000,150,14,0,Mavic Pro,false,drone_images/Mavic Pro.png,29.495000,-82.105000,29.494500,-82.105300,apolloshield_df,camera,224.41301,10,5770000000,GMMM00MM08850001V64F,bluvec2.0-GMMM00MM08850001V64F,150,GREEN,NONE
1772109788000,A2D2-3A8C,FLT-3A8C-001,29.500000,-82.100000,150,14,0,Mavic Pro,false,drone_images/Mavic Pro.png,29.495000,-82.105000,29.494500,-82.105300,apolloshield_df,camera,217.522,10,5770000000,GMMM00MM08850001V64F,bluvec2.0-GMMM00MM08850001V64F,150,GREEN,NONE
1772109788000,A2D2-3A8C,FLT-3A8C-001,29.500000,-82.100000,150,14,0,Mavic Pro,false,drone_images/Mavic Pro.png,29.495000,-82.105000,29.494500,-82.105300,apolloshield_df,camera,211.28676,10,5770000000,GMMM00MM08850001V64F,bluvec2.0-GMMM00MM08850001V64F,150,GREEN,NONE
1772109788000,A2D2-3A8C,FLT-3A8C-001,29.500000,-82.100000,150,14,0,Mavic Pro,false,drone_images/Mavic Pro.png,29.495000,-82.105000,29.494500,-82.105300,apolloshield_df,camera,211.28676,10,5770000000,GMMM00MM08850001V64F,bluvec2.0-GMMM00MM08850001V64F,150,GREEN,NONE
1772109788000,A2D2-3A8C,FLT-3A8C-001,29.500000,-82.100000,150,14,0,Mavic Pro,false,drone_images/Mavic Pro.png,29.495000,-82.105000,29.494500,-82.105300,apolloshield_df,camera,205.64487,10,5770000000,GMMM00MM08850001V64F,bluvec2.0-GMMM00MM08850001V64F,150,GREEN,NONE
1772109788000,A2D2-3A8C,FLT-3A8C-001,29.500000,-82.100000,150,14,0,Mavic Pro,false,drone_images/Mavic Pro.png,29.495000,-82.105000,29.494500,-82.105300,apolloshield_df,camera,205.64487,10,5770000000,GMMM00MM08850001V64F,bluvec2.0-GMMM00MM08850001V64F,150,GREEN,NONE
1772109788000,A2D2-3A8C,FLT-3A8C-001,29.500000,-82.100000,150,14,0,Mavic Pro,false,drone_images/Mavic Pro.png,29.495000,-82.105000,29.494500,-82.105300,apolloshield_df,camera,208.42828,10,5770000000,GMMM00MM08850001V64F,bluvec2.0-GMMM00MM08850001V64F,150,GREEN,NONE
1772109788000,A2D2-3A8C,FLT-3A8C-001,29.500000,-82.100000,150,14,0,Mavic Pro,false,drone_images/Mavic Pro.png,29.495000,-82.105000,29.494500,-82.105300,apolloshield_df,camera,208.42828,10,5770000000,GMMM00MM08850001V64F,bluvec2.0-GMMM00MM08850001V64F,150,GREEN,NONE
1772109788000,A2D2-3A8C,FLT-3A8C-001,29.500000,-82.100000,150,14,0,Mavic Pro,false,drone_images/Mavic Pro.png,29.495000,-82.105000,29.494500,-82.105300,apolloshield_df,camera,211.62306,10,5770000000,GMMM00MM08850001V64F,bluvec2.0-GMMM00MM08850001V64F,150,GREEN,NONE
1772109788000,A2D2-3A8C,FLT-3A8C-001,29.500000,-82.100000,150,14,0,Mavic Pro,false,drone_images/Mavic Pro.png,29.495000,-82.105000,29.494500,-82.105300,apolloshield_df,camera,214.51381,10,5770000000,GMMM00MM08850001V64F,bluvec2.0-GMMM00MM08850001V64F,150,GREEN,NONE
1772109788000,A2D2-3A8C,FLT-3A8C-001,29.500000,-82.100000,150,14,0,Mavic Pro,false,drone_images/Mavic Pro.png,29.495000,-82.105000,29.494500,-82.105300,apolloshield_df,camera,214.51381,10,5770000000,GMMM00MM08850001V64F,bluvec2.0-GMMM00MM08850001V64F,150,GREEN,NONE
1772109788000,A2D2-3A8C,FLT-3A8C-001,29.500000,-82.100000,150,14,0,Mavic Pro,false,drone_images/Mavic Pro.png,29.495000,-82.105000,29.494500,-82.105300,apolloshield_df,camera,214.51381,10,5770000000,GMMM00MM08850001V64F,bluvec2.0-GMMM00MM08850001V64F,150,GREEN,NONE
1772109788000,A2D2-3A8C,FLT-3A8C-001,29.500000,-82.100000,150,14,0,Mavic Pro,false,drone_images/Mavic Pro.png,29.495000,-82.105000,29.494500,-82.105300,apolloshield_df,camera,214.51381,10,5770000000,GMMM00MM08850001V64F,bluvec2.0-GMMM00MM08850001V64F,150,GREEN,NONE
1772109788000,A2D2-3A8C,FLT-3A8C-001,29.500000,-82.100000,150,14,0,Mavic Pro,false,drone_images/Mavic Pro.png,29.495000,-82.105000,29.494500,-82.105300,apolloshield_df,camera,214.51381,10,5770000000,GMMM00MM08850001V64F,bluvec2.0-GMMM00MM08850001V64F,150,GREEN,NONE
1772109788000,A2D2-3A8C,FLT-3A8C-001,29.500000,-82.100000,150,14,0,Mavic Pro,false,drone_images/Mavic Pro.png,29.495000,-82.105000,29.494500,-82.105300,apolloshield_df,camera,214.51381,10,5770000000,GMMM00MM08850001V64F,bluvec2.0-GMMM00MM08850001V64F,150,GREEN,NONE
1772109788000,A2D2-3A8C,FLT-3A8C-001,29.500000,-82.100000,150,14,0,Mavic Pro,false,drone_images/Mavic Pro.png,29.495000,-82.105000,29.494500,-82.105300,apolloshield_df,camera,214.51381,10,5770000000,GMMM00MM08850001V64F,bluvec2.0-GMMM00MM08850001V64F,150,GREEN,NONE
1772109788000,A2D2-3A8C,FLT-3A8C-001,29.500000,-82.100000,150,14,0,Mavic Pro,false,drone_images/Mavic Pro.png,29.495000,-82.105000,29.494500,-82.105300,apolloshield_df,camera,214.51381,10,5770000000,GMMM00MM08850001V64F,bluvec2.0-GMMM00MM08850001V64F,150,GREEN,NONE
1772109788000,A2D2-3A8C,FLT-3A8C-001,29.500000,-82.100000,150,14,0,Mavic Pro,false,drone_images/Mavic Pro.png,29.495000,-82.105000,29.494500,-82.105300,apolloshield_df,camera,214.51381,10,5770000000,GMMM00MM08850001V64F,bluvec2.0-GMMM00MM08850001V64F,150,GREEN,NONE
1772109788000,A2D2-3A8C,FLT-3A8C-001,29.500000,-82.100000,150,14,0,Mavic Pro,false,drone_images/Mavic Pro.png,29.495000,-82.105000,29.494500,-82.105300,apolloshield_df,camera,214.51381,10,5770000000,GMMM00MM08850001V64F,bluvec2.0-GMMM00MM08850001V64F,150,GREEN,NONE
1772109788000,A2D2-3A8C,FLT-3A8C-001,29.500000,-82.100000,150,14,0,Mavic Pro,false,drone_images/Mavic Pro.png,29.495000,-82.105000,29.494500,-82.105300,apolloshield_df,camera,214.51381,10,5770000000,GMMM00MM08850001V64F,bluvec2.0-GMMM00MM08850001V64F,150,GREEN,NONE
1772109788000,A2D2-3A8C,FLT-3A8C-001,29.500000,-82.100000,150,14,0,Mavic Pro,false,drone_images/Mavic Pro.png,29.495000,-82.105000,29.494500,-82.105300,apolloshield_df,camera,214.51381,10,5770000000,GMMM00MM08850001V64F,bluvec2.0-GMMM00MM08850001V64F,150,GREEN,NONE
1772109788000,A2D2-3A8C,FLT-3A8C-001,29.500000,-82.100000,150,14,0,Mavic Pro,false,drone_images/Mavic Pro.png,29.495000,-82.105000,29.494500,-82.105300,apolloshield_df,camera,214.51381,10,5770000000,GMMM00MM08850001V64F,bluvec2.0-GMMM00MM08850001V64F,150,GREEN,NONE
1772109788000,A2D2-3A8C,FLT-3A8C-001,29.500000,-82.100000,150,14,0,Mavic Pro,false,drone_images/Mavic Pro.png,29.495000,-82.105000,29.494500,-82.105300,apolloshield_df,camera,214.51381,10,5770000000,GMMM00MM08850001V64F,bluvec2.0-GMMM00MM08850001V64F,150,GREEN,NONE
1772109788000,A2D2-3A8C,FLT-3A8C-001,29.500000,-82.100000,150,14,0,Mavic Pro,false,drone_images/Mavic Pro.png,29.495000,-82.105000,29.494500,-82.105300,apolloshield_df,camera,214.51381,10,5770000000,GMMM00MM08850001V64F,bluvec2.0-GMMM00MM08850001V64F,150,GREEN,NONE
1772109788000,A2D2-3A8C,FLT-3A8C-001,29.500000,-82.100000,150,14,0,Mavic Pro,false,drone_images/Mavic Pro.png,29.495000,-82.105000,29.494500,-82.105300,apolloshield_df,camera,214.51381,10,5770000000,GMMM00MM08850001V64F,bluvec2.0-GMMM00MM08850001V64F,150,GREEN,NONE
1772109788000,A2D2-3A8C,FLT-3A8C-001,29.500000,-82.100000,150,14,0,Mavic Pro,false,drone_images/Mavic Pro.png,29.495000,-82.105000,29.494500,-82.105300,apolloshield_df,camera,214.51381,10,5770000000,GMMM00MM08850001V64F,bluvec2.0-GMMM00MM08850001V64F,150,GREEN,NONE
1772109788000,A2D2-3A8C,FLT-3A8C-001,29.500000,-82.100000,150,14,0,Mavic Pro,false,drone_images/Mavic Pro.png,29.495000,-82.105000,29.494500,-82.105300,apolloshield_df,camera,214.51381,10,5770000000,GMMM00MM08850001V64F,bluvec2.0-GMMM00MM08850001V64F,150,GREEN,NONE
1772109788000,A2D2-3A8C,FLT-3A8C-001,29.500000,-82.100000,150,14,0,Mavic Pro,false,drone_images/Mavic Pro.png,29.495000,-82.105000,29.494500,-82.105300,apolloshield_df,camera,214.51381,10,5770000000,GMMM00MM08850001V64F,bluvec2.0-GMMM00MM08850001V64F,150,GREEN,NONE
1772109788000,A2D2-3A8C,FLT-3A8C-001,29.500000,-82.100000,150,14,0,Mavic Pro,false,drone_images/Mavic Pro.png,29.495000,-82.105000,29.494500,-82.105300,apolloshield_df,camera,214.51381,10,5770000000,GMMM00MM08850001V64F,bluvec2.0-GMMM00MM08850001V64F,150,GREEN,NONE
1772109788000,A2D2-3A8C,FLT-3A8C-001,29.500000,-82.100000,150,14,0,Mavic Pro,false,drone_images/Mavic Pro.png,29.495000,-82.105000,29.494500,-82.105300,apolloshield_df,camera,214.51381,10,5770000000,GMMM00MM08850001V64F,bluvec2.0-GMMM00MM08850001V64F,150,GREEN,NONE
1772109788000,A2D2-3A8C,FLT-3A8C-001,29.500000,-82.100000,150,14,0,Mavic Pro,false,drone_images/Mavic Pro.png,29.495000,-82.105000,29.494500,-82.105300,apolloshield_df,camera,214.51381,10,5770000000,GMMM00MM08850001V64F,bluvec2.0-GMMM00MM08850001V64F,150,GREEN,NONE
1772109788000,A2D2-3A8C,FLT-3A8C-001,29.500000,-82.100000,150,14,0,Mavic Pro,false,drone_images/Mavic Pro.png,29.495000,-82.105000,29.494500,-82.105300,apolloshield_df,camera,214.51381,10,5770000000,GMMM00MM08850001V64F,bluvec2.0-GMMM00MM08850001V64F,150,GREEN,NONE
1772109788000,A2D2-3A8C,FLT-3A8C-001,29.500000,-82.100000,150,14,0,Mavic Pro,false,drone_images/Mavic Pro.png,29.495000,-82.105000,29.494500,-82.105300,apolloshield_df,camera,214.51381,10,5770000000,GMMM00MM08850001V64F,bluvec2.0-GMMM00MM08850001V64F,150,GREEN,NONE
1772109788000,A2D2-3A8C,FLT-3A8C-001,29.500000,-82.100000,150,14,0,Mavic Pro,false,drone_images/Mavic Pro.png,29.495000,-82.105000,29.494500,-82.105300,apolloshield_df,camera,218.79478,10,5770000000,GMMM00MM08850001V64F,bluvec2.0-GMMM00MM08850001V64F,150,GREEN,NONE
1772109788000,A2D2-3A8C,FLT-3A8C-001,29.500000,-82.100000,150,14,0,Mavic Pro,false,drone_images/Mavic Pro.png,29.495000,-82.105000,29.494500,-82.105300,apolloshield_df,camera,218.79478,10,5770000000,GMMM00MM08850001V64F,bluvec2.0-GMMM00MM08850001V64F,150,GREEN,NONE
1772109788000,A2D2-3A8C,FLT-3A8C-001,29.500000,-82.100000,150,14,0,Mavic Pro,false,drone_images/Mavic Pro.png,29.495000,-82.105000,29.494500,-82.105300,apolloshield_df,camera,218.79478,10,5770000000,GMMM00MM08850001V64F,bluvec2.0-GMMM00MM08850001V64F,150,GREEN,NONE
1772109788000,A2D2-3A8C,FLT-3A8C-001,29.500000,-82.100000,150,14,0,Mavic Pro,false,drone_images/Mavic Pro.png,29.495000,-82.105000,29.494500,-82.105300,apolloshield_df,camera,218.79478,10,5770000000,GMMM00MM08850001V64F,bluvec2.0-GMMM00MM08850001V64F,150,GREEN,NONE
1772109788000,A2D2-3A8C,FLT-3A8C-001,29.500000,-82.100000,150,14,0,Mavic Pro,false,drone_images/Mavic Pro.png,29.495000,-82.105000,29.494500,-82.105300,apolloshield_df,camera,218.79478,10,5770000000,GMMM00MM08850001V64F,bluvec2.0-GMMM00MM08850001V64F,150,GREEN,NONE
1772109788000,A2D2-3A8C,FLT-3A8C-001,29.500000,-82.100000,150,14,0,Mavic Pro,false,drone_images/Mavic Pro.png,29.495000,-82.105000,29.494500,-82.105300,apolloshield_df,camera,218.79478,10,5770000000,GMMM00MM08850001V64F,bluvec2.0-GMMM00MM08850001V64F,150,GREEN,NONE
1772109788000,A2D2-3A8C,FLT-3A8C-001,29.500000,-82.100000,150,14,0,Mavic Pro,false,drone_images/Mavic Pro.png,29.495000,-82.105000,29.494500,-82.105300,apolloshield_df,camera,218.79478,10,5770000000,GMMM00MM08850001V64F,bluvec2.0-GMMM00MM08850001V64F,150,GREEN,NONE
1772109788000,A2D2-3A8C,FLT-3A8C-001,29.500000,-82.100000,150,14,0,Mavic Pro,false,drone_images/Mavic Pro.png,29.495000,-82.105000,29.494500,-82.105300,apolloshield_df,camera,218.79478,10,5770000000,GMMM00MM08850001V64F,bluvec2.0-GMMM00MM08850001V64F,150,GREEN,NONE
1772109788000,A2D2-3A8C,FLT-3A8C-001,29.500000,-82.100000,150,14,0,Mavic Pro,false,drone_images/Mavic Pro.png,29.495000,-82.105000,29.494500,-82.105300,apolloshield_df,camera,218.79478,10,5770000000,GMMM00MM08850001V64F,bluvec2.0-GMMM00MM08850001V64F,150,GREEN,NONE
1772109788000,A2D2-3A8C,FLT-3A8C-001,29.500000,-82.100000,150,14,0,Mavic Pro,false,drone_images/Mavic Pro.png,29.495000,-82.105000,29.494500,-82.105300,apolloshield_df,camera,218.79478,10,5770000000,GMMM00MM08850001V64F,bluvec2.0-GMMM00MM08850001V64F,150,GREEN,NONE
1772109788000,A2D2-3A8C,FLT-3A8C-001,29.500000,-82.100000,150,14,0,Mavic Pro,false,drone_images/Mavic Pro.png,29.495000,-82.105000,29.494500,-82.105300,apolloshield_df,camera,218.79478,10,5770000000,GMMM00MM08850001V64F,bluvec2.0-GMMM00MM08850001V64F,150,GREEN,NONE
1772109788000,A2D2-3A8C,FLT-3A8C-001,29.500000,-82.100000,150,14,0,Mavic Pro,false,drone_images/Mavic Pro.png,29.495000,-82.105000,29.494500,-82.105300,apolloshield_df,camera,218.79478,10,5770000000,GMMM00MM08850001V64F,bluvec2.0-GMMM00MM08850001V64F,150,GREEN,NONE
1772109788000,A2D2-3A8C,FLT-3A8C-001,29.500000,-82.100000,150,14,0,Mavic Pro,false,drone_images/Mavic Pro.png,29.495000,-82.105000,29.494500,-82.105300,apolloshield_df,camera,218.79478,10,5770000000,GMMM00MM08850001V64F,bluvec2.0-GMMM00MM08850001V64F,150,GREEN,NONE
1772109788000,A2D2-3A8C,FLT-3A8C-001,29.500000,-82.100000,150,14,0,Mavic Pro,false,drone_images/Mavic Pro.png,29.495000,-82.105000,29.494500,-82.105300,apolloshield_df,camera,218.79478,10,5770000000,GMMM00MM08850001V64F,bluvec2.0-GMMM00MM08850001V64F,150,GREEN,NONE
1772109788000,A2D2-3A8C,FLT-3A8C-001,29.500000,-82.100000,150,14,0,Mavic Pro,false,drone_images/Mavic Pro.png,29.495000,-82.105000,29.494500,-82.105300,apolloshield_df,camera,218.79478,10,5770000000,GMMM00MM08850001V64F,bluvec2.0-GMMM00MM08850001V64F,150,GREEN,NONE
1772109788000,A2D2-3A8C,FLT-3A8C-001,29.500000,-82.100000,150,14,0,Mavic Pro,false,drone_images/Mavic Pro.png,29.495000,-82.105000,29.494500,-82.105300,apolloshield_df,camera,218.79478,10,5770000000,GMMM00MM08850001V64F,bluvec2.0-GMMM00MM08850001V64F,150,GREEN,NONE
1772109788000,A2D2-3A8C,FLT-3A8C-001,29.500000,-82.100000,150,14,0,Mavic Pro,false,drone_images/Mavic Pro.png,29.495000,-82.105000,29.494500,-82.105300,apolloshield_df,camera,218.79478,10,5770000000,GMMM00MM08850001V64F,bluvec2.0-GMMM00MM08850001V64F,150,GREEN,NONE
1772109788000,A2D2-3A8C,FLT-3A8C-001,29.500000,-82.100000,150,14,0,Mavic Pro,false,drone_images/Mavic Pro.png,29.495000,-82.105000,29.494500,-82.105300,apolloshield_df,camera,218.79478,10,5770000000,GMMM00MM08850001V64F,bluvec2.0-GMMM00MM08850001V64F,150,GREEN,NONE
1772109788000,A2D2-3A8C,FLT-3A8C-001,29.500000,-82.100000,150,14,0,Mavic Pro,false,drone_images/Mavic Pro.png,29.495000,-82.105000,29.494500,-82.105300,apolloshield_df,camera,218.79478,10,5770000000,GMMM00MM08850001V64F,bluvec2.0-GMMM00MM08850001V64F,150,GREEN,NONE
1772109788000,A2D2-3A8C,FLT-3A8C-001,29.500000,-82.100000,150,14,0,Mavic Pro,false,drone_images/Mavic Pro.png,29.495000,-82.105000,29.494500,-82.105300,apolloshield_df,camera,218.79478,10,5770000000,GMMM00MM08850001V64F,bluvec2.0-GMMM00MM08850001V64F,150,GREEN,NONE
1772109788000,A2D2-3A8C,FLT-3A8C-001,29.500000,-82.100000,150,14,0,Mavic Pro,false,drone_images/Mavic Pro.png,29.495000,-82.105000,29.494500,-82.105300,apolloshield_df,camera,218.79478,10,5770000000,GMMM00MM08850001V64F,bluvec2.0-GMMM00MM08850001V64F,150,GREEN,NONE
1772109788000,A2D2-3A8C,FLT-3A8C-001,29.500000,-82.100000,150,14,0,Mavic Pro,false,drone_images/Mavic Pro.png,29.495000,-82.105000,29.494500,-82.105300,apolloshield_df,camera,218.79478,10,5770000000,GMMM00MM08850001V64F,bluvec2.0-GMMM00MM08850001V64F,150,GREEN,NONE
1772109788000,A2D2-3A8C,FLT-3A8C-001,29.500000,-82.100000,150,14,0,Mavic Pro,false,drone_images/Mavic Pro.png,29.495000,-82.105000,29.494500,-82.105300,apolloshield_df,camera,218.79478,10,5770000000,GMMM00MM08850001V64F,bluvec2.0-GMMM00MM08850001V64F,150,GREEN,NONE
1772109788000,A2D2-3A8C,FLT-3A8C-001,29.500000,-82.100000,150,14,0,Mavic Pro,false,drone_images/Mavic Pro.png,29.495000,-82.105000,29.494500,-82.105300,apolloshield_df,camera,218.79478,10,5770000000,GMMM00MM08850001V64F,bluvec2.0-GMMM00MM08850001V64F,150,GREEN,NONE
1772109788000,A2D2-3A8C,FLT-3A8C-001,29.500000,-82.100000,150,14,0,Mavic Pro,false,drone_images/Mavic Pro.png,29.495000,-82.105000,29.494500,-82.105300,apolloshield_df,camera,218.79478,10,5770000000,GMMM00MM08850001V64F,bluvec2.0-GMMM00MM08850001V64F,150,GREEN,NONE
1772109788000,A2D2-3A8C,FLT-3A8C-001,29.500000,-82.100000,150,14,0,Mavic Pro,false,drone_images/Mavic Pro.png,29.495000,-82.105000,29.494500,-82.105300,apolloshield_df,camera,218.79478,10,5770000000,GMMM00MM08850001V64F,bluvec2.0-GMMM00MM08850001V64F,150,GREEN,NONE
1772109788000,A2D2-3A8C,FLT-3A8C-001,29.500000,-82.100000,150,14,0,Mavic Pro,false,drone_images/Mavic Pro.png,29.495000,-82.105000,29.494500,-82.105300,apolloshield_df,camera,218.79478,10,5770000000,GMMM00MM08850001V64F,bluvec2.0-GMMM00MM08850001V64F,150,GREEN,NONE
1772109788000,A2D2-3A8C,FLT-3A8C-001,29.500000,-82.100000,150,14,0,Mavic Pro,false,drone_images/Mavic Pro.png,29.495000,-82.105000,29.494500,-82.105300,apolloshield_df,camera,218.79478,10,5770000000,GMMM00MM08850001V64F,bluvec2.0-GMMM00MM08850001V64F,150,GREEN,NONE
1772109788000,A2D2-3A8C,FLT-3A8C-001,29.500000,-82.100000,150,14,0,Mavic Pro,false,drone_images/Mavic Pro.png,29.495000,-82.105000,29.494500,-82.105300,apolloshield_df,camera,218.79478,10,5770000000,GMMM00MM08850001V64F,bluvec2.0-GMMM00MM08850001V64F,150,GREEN,NONE
1772109788000,A2D2-3A8C,FLT-3A8C-001,29.500000,-82.100000,150,14,0,Mavic Pro,false,drone_images/Mavic Pro.png,29.495000,-82.105000,29.494500,-82.105300,apolloshield_df,camera,218.79478,10,5770000000,GMMM00MM08850001V64F,bluvec2.0-GMMM00MM08850001V64F,150,GREEN,NONE
1772109788000,A2D2-3A8C,FLT-3A8C-001,29.500000,-82.100000,150,14,0,Mavic Pro,false,drone_images/Mavic Pro.png,29.495000,-82.105000,29.494500,-82.105300,apolloshield_df,camera,218.79478,10,5770000000,GMMM00MM08850001V64F,bluvec2.0-GMMM00MM08850001V64F,150,GREEN,NONE
1772109788000,A2D2-3A8C,FLT-3A8C-001,29.500000,-82.100000,150,14,0,Mavic Pro,false,drone_images/Mavic Pro.png,29.495000,-82.105000,29.494500,-82.105300,apolloshield_df,camera,218.79478,10,5770000000,GMMM00MM08850001V64F,bluvec2.0-GMMM00MM08850001V64F,150,GREEN,NONE
1772109788000,A2D2-3A8C,FLT-3A8C-001,29.500000,-82.100000,150,14,0,Mavic Pro,false,drone_images/Mavic Pro.png,29.495000,-82.105000,29.494500,-82.105300,apolloshield_df,camera,218.79478,10,5770000000,GMMM00MM08850001V64F,bluvec2.0-GMMM00MM08850001V64F,150,GREEN,NONE
1772109788000,A2D2-3A8C,FLT-3A8C-001,29.500000,-82.100000,150,14,0,Mavic Pro,false,drone_images/Mavic Pro.png,29.495000,-82.105000,29.494500,-82.105300,apolloshield_df,camera,218.79478,10,5770000000,GMMM00MM08850001V64F,bluvec2.0-GMMM00MM08850001V64F,150,GREEN,NONE
1772109788000,A2D2-3A8C,FLT-3A8C-001,29.500000,-82.100000,150,14,0,Mavic Pro,false,drone_images/Mavic Pro.png,29.495000,-82.105000,29.494500,-82.105300,apolloshield_df,camera,218.79478,10,5770000000,GMMM00MM08850001V64F,bluvec2.0-GMMM00MM08850001V64F,150,GREEN,NONE
1772109788000,A2D2-3A8C,FLT-3A8C-001,29.500000,-82.100000,150,14,0,Mavic Pro,false,drone_images/Mavic Pro.png,29.495000,-82.105000,29.494500,-82.105300,apolloshield_df,camera,219.16006,10,5770000000,GMMM00MM08850001V64F,bluvec2.0-GMMM00MM08850001V64F,150,GREEN,NONE
1772109788000,A2D2-3A8C,FLT-3A8C-001,29.500000,-82.100000,150,14,0,Mavic Pro,false,drone_images/Mavic Pro.png,29.495000,-82.105000,29.494500,-82.105300,apolloshield_df,camera,219.16006,10,5770000000,GMMM00MM08850001V64F,bluvec2.0-GMMM00MM08850001V64F,150,GREEN,NONE
1772109788000,A2D2-3A8C,FLT-3A8C-001,29.500000,-82.100000,150,14,0,Mavic Pro,false,drone_images/Mavic Pro.png,29.495000,-82.105000,29.494500,-82.105300,apolloshield_df,camera,219.16006,10,5770000000,GMMM00MM08850001V64F,bluvec2.0-GMMM00MM08850001V64F,150,GREEN,NONE
1772109788000,A2D2-3A8C,FLT-3A8C-001,29.500000,-82.100000,150,14,0,Mavic Pro,false,drone_images/Mavic Pro.png,29.495000,-82.105000,29.494500,-82.105300,apolloshield_df,camera,219.16006,10,5770000000,GMMM00MM08850001V64F,bluvec2.0-GMMM00MM08850001V64F,150,GREEN,NONE
1772109788000,A2D2-3A8C,FLT-3A8C-001,29.500000,-82.100000,150,14,0,Mavic Pro,false,drone_images/Mavic Pro.png,29.495000,-82.105000,29.494500,-82.105300,apolloshield_df,camera,219.16006,10,5770000000,GMMM00MM08850001V64F,bluvec2.0-GMMM00MM08850001V64F,150,GREEN,NONE
1772109788000,A2D2-3A8C,FLT-3A8C-001,29.500000,-82.100000,150,14,0,Mavic Pro,false,drone_images/Mavic Pro.png,29.495000,-82.105000,29.494500,-82.105300,apolloshield_df,camera,219.16006,10,5770000000,GMMM00MM08850001V64F,bluvec2.0-GMMM00MM08850001V64F,150,GREEN,NONE
1772109788000,A2D2-3A8C,FLT-3A8C-001,29.500000,-82.100000,150,14,0,Mavic Pro,false,drone_images/Mavic Pro.png,29.495000,-82.105000,29.494500,-82.105300,apolloshield_df,camera,219.16006,10,5770000000,GMMM00MM08850001V64F,bluvec2.0-GMMM00MM08850001V64F,150,GREEN,NONE
1772109788000,A2D2-3A8C,FLT-3A8C-001,29.500000,-82.100000,150,14,0,Mavic Pro,false,drone_images/Mavic Pro.png,29.495000,-82.105000,29.494500,-82.105300,apolloshield_df,camera,219.16006,10,5770000000,GMMM00MM08850001V64F,bluvec2.0-GMMM00MM08850001V64F,150,GREEN,NONE
1772109788000,A2D2-3A8C,FLT-3A8C-001,29.500000,-82.100000,150,14,0,Mavic Pro,false,drone_images/Mavic Pro.png,29.495000,-82.105000,29.494500,-82.105300,apolloshield_df,camera,219.16006,10,5770000000,GMMM00MM08850001V64F,bluvec2.0-GMMM00MM08850001V64F,150,GREEN,NONE
1772109788000,A2D2-3A8C,FLT-3A8C-001,29.500000,-82.100000,150,14,0,Mavic Pro,false,drone_images/Mavic Pro.png,29.495000,-82.105000,29.494500,-82.105300,apolloshield_df,camera,219.16006,10,5770000000,GMMM00MM08850001V64F,bluvec2.0-GMMM00MM08850001V64F,150,GREEN,NONE
1772109788000,A2D2-3A8C,FLT-3A8C-001,29.500000,-82.100000,150,14,0,Mavic Pro,false,drone_images/Mavic Pro.png,29.495000,-82.105000,29.494500,-82.105300,apolloshield_df,camera,219.16006,10,5770000000,GMMM00MM08850001V64F,bluvec2.0-GMMM00MM08850001V64F,150,GREEN,NONE
1772109788000,A2D2-3A8C,FLT-3A8C-001,29.500000,-82.100000,150,14,0,Mavic Pro,false,drone_images/Mavic Pro.png,29.495000,-82.105000,29.494500,-82.105300,apolloshield_df,camera,219.16006,10,5770000000,GMMM00MM08850001V64F,bluvec2.0-GMMM00MM08850001V64F,150,GREEN,NONE
1772109788000,A2D2-3A8C,FLT-3A8C-001,29.500000,-82.100000,150,14,0,Mavic Pro,false,drone_images/Mavic Pro.png,29.495000,-82.105000,29.494500,-82.105300,apolloshield_df,camera,219.16006,10,5770000000,GMMM00MM08850001V64F,bluvec2.0-GMMM00MM08850001V64F,150,GREEN,NONE
1772109788000,A2D2-3A8C,FLT-3A8C-001,29.500000,-82.100000,150,14,0,Mavic Pro,false,drone_images/Mavic Pro.png,29.495000,-82.105000,29.494500,-82.105300,apolloshield_df,camera,219.16006,10,5770000000,GMMM00MM08850001V64F,bluvec2.0-GMMM00MM08850001V64F,150,GREEN,NONE
1772109788000,A2D2-3A8C,FLT-3A8C-001,29.500000,-82.100000,150,14,0,Mavic Pro,false,drone_images/Mavic Pro.png,29.495000,-82.105000,29.494500,-82.105300,apolloshield_df,camera,219.16006,10,5770000000,GMMM00MM08850001V64F,bluvec2.0-GMMM00MM08850001V64F,150,GREEN,NONE
1772109788000,A2D2-3A8C,FLT-3A8C-001,29.500000,-82.100000,150,14,0,Mavic Pro,false,drone_images/Mavic Pro.png,29.495000,-82.105000,29.494500,-82.105300,apolloshield_df,camera,219.16006,10,5770000000,GMMM00MM08850001V64F,bluvec2.0-GMMM00MM08850001V64F,150,GREEN,NONE
1772109788000,A2D2-3A8C,FLT-3A8C-001,29.500000,-82.100000,150,14,0,Mavic Pro,false,drone_images/Mavic Pro.png,29.495000,-82.105000,29.494500,-82.105300,apolloshield_df,camera,219.16006,10,5770000000,GMMM00MM08850001V64F,bluvec2.0-GMMM00MM08850001V64F,150,GREEN,NONE
1772109788000,A2D2-3A8C,FLT-3A8C-001,29.500000,-82.100000,150,14,0,Mavic Pro,false,drone_images/Mavic Pro.png,29.495000,-82.105000,29.494500,-82.105300,apolloshield_df,camera,219.16006,10,5770000000,GMMM00MM08850001V64F,bluvec2.0-GMMM00MM08850001V64F,150,GREEN,NONE
1772109788000,A2D2-3A8C,FLT-3A8C-001,29.500000,-82.100000,150,14,0,Mavic Pro,false,drone_images/Mavic Pro.png,29.495000,-82.105000,29.494500,-82.105300,apolloshield_df,camera,219.16006,10,5770000000,GMMM00MM08850001V64F,bluvec2.0-GMMM00MM08850001V64F,150,GREEN,NONE
1772109788000,A2D2-3A8C,FLT-3A8C-001,29.500000,-82.100000,150,14,0,Mavic Pro,false,drone_images/Mavic Pro.png,29.495000,-82.105000,29.494500,-82.105300,apolloshield_df,camera,219.16006,10,5770000000,GMMM00MM08850001V64F,bluvec2.0-GMMM00MM08850001V64F,150,GREEN,NONE
1772109788000,A2D2-3A8C,FLT-3A8C-001,29.500000,-82.100000,150,14,0,Mavic Pro,false,drone_images/Mavic Pro.png,29.495000,-82.105000,29.494500,-82.105300,apolloshield_df,camera,219.16006,10,5770000000,GMMM00MM08850001V64F,bluvec2.0-GMMM00MM08850001V64F,150,GREEN,NONE
1772109788000,A2D2-3A8C,FLT-3A8C-001,29.500000,-82.100000,150,14,0,Mavic Pro,false,drone_images/Mavic Pro.png,29.495000,-82.105000,29.494500,-82.105300,apolloshield_df,camera,219.16006,10,5770000000,GMMM00MM08850001V64F,bluvec2.0-GMMM00MM08850001V64F,150,GREEN,NONE
1772109788000,A2D2-3A8C,FLT-3A8C-001,29.500000,-82.100000,150,14,0,Mavic Pro,false,drone_images/Mavic Pro.png,29.495000,-82.105000,29.494500,-82.105300,apolloshield_df,camera,217.00594,10,5770000000,GMMM00MM08850001V64F,bluvec2.0-GMMM00MM08850001V64F,150,GREEN,NONE
1772109788000,A2D2-3A8C,FLT-3A8C-001,29.500000,-82.100000,150,14,0,Mavic Pro,false,drone_images/Mavic Pro.png,29.495000,-82.105000,29.494500,-82.105300,apolloshield_df,camera,217.00594,10,5770000000,GMMM00MM08850001V64F,bluvec2.0-GMMM00MM08850001V64F,150,GREEN,NONE
1772109788000,A2D2-3A8C,FLT-3A8C-001,29.500000,-82.100000,150,14,0,Mavic Pro,false,drone_images/Mavic Pro.png,29.495000,-82.105000,29.494500,-82.105300,apolloshield_df,camera,217.00594,10,5770000000,GMMM00MM08850001V64F,bluvec2.0-GMMM00MM08850001V64F,150,GREEN,NONE
1772109788000,A2D2-3A8C,FLT-3A8C-001,29.500000,-82.100000,150,14,0,Mavic Pro,false,drone_images/Mavic Pro.png,29.495000,-82.105000,29.494500,-82.105300,apolloshield_df,camera,219.38445,10,5770000000,GMMM00MM08850001V64F,bluvec2.0-GMMM00MM08850001V64F,150,GREEN,NONE
1772109788000,A2D2-3A8C,FLT-3A8C-001,29.500000,-82.100000,150,14,0,Mavic Pro,false,drone_images/Mavic Pro.png,29.495000,-82.105000,29.494500,-82.105300,apolloshield_df,camera,219.38445,10,5770000000,GMMM00MM08850001V64F,bluvec2.0-GMMM00MM08850001V64F,150,GREEN,NONE
1772109788000,A2D2-3A8C,FLT-3A8C-001,29.500000,-82.100000,150,14,0,Mavic Pro,false,drone_images/Mavic Pro.png,29.495000,-82.105000,29.494500,-82.105300,apolloshield_df,camera,219.38445,10,5770000000,GMMM00MM08850001V64F,bluvec2.0-GMMM00MM08850001V64F,150,GREEN,NONE
1772109788000,A2D2-3A8C,FLT-3A8C-001,29.500000,-82.100000,150,14,0,Mavic Pro,false,drone_images/Mavic Pro.png,29.495000,-82.105000,29.494500,-82.105300,apolloshield_df,camera,219.38445,10,5770000000,GMMM00MM08850001V64F,bluvec2.0-GMMM00MM08850001V64F,150,GREEN,NONE
1772109788000,A2D2-3A8C,FLT-3A8C-001,29.500000,-82.100000,150,14,0,Mavic Pro,false,drone_images/Mavic Pro.png,29.495000,-82.105000,29.494500,-82.105300,apolloshield_df,camera,219.38445,10,5770000000,GMMM00MM08850001V64F,bluvec2.0-GMMM00MM08850001V64F,150,GREEN,NONE
1772109788000,A2D2-3A8C,FLT-3A8C-001,29.500000,-82.100000,150,14,0,Mavic Pro,false,drone_images/Mavic Pro.png,29.495000,-82.105000,29.494500,-82.105300,apolloshield_df,camera,219.38445,10,5770000000,GMMM00MM08850001V64F,bluvec2.0-GMMM00MM08850001V64F,150,GREEN,NONE
1772109788000,A2D2-3A8C,FLT-3A8C-001,29.500000,-82.100000,150,14,0,Mavic Pro,false,drone_images/Mavic Pro.png,29.495000,-82.105000,29.494500,-82.105300,apolloshield_df,camera,219.38445,10,5770000000,GMMM00MM08850001V64F,bluvec2.0-GMMM00MM08850001V64F,150,GREEN,NONE
1772109788000,A2D2-3A8C,FLT-3A8C-001,29.500000,-82.100000,150,14,0,Mavic Pro,false,drone_images/Mavic Pro.png,29.495000,-82.105000,29.494500,-82.105300,apolloshield_df,camera,219.38445,10,5770000000,GMMM00MM08850001V64F,bluvec2.0-GMMM00MM08850001V64F,150,GREEN,NONE
1772109788000,A2D2-3A8C,FLT-3A8C-001,29.500000,-82.100000,150,14,0,Mavic Pro,false,drone_images/Mavic Pro.png,29.495000,-82.105000,29.494500,-82.105300,apolloshield_df,camera,219.38445,10,5770000000,GMMM00MM08850001V64F,bluvec2.0-GMMM00MM08850001V64F,150,GREEN,NONE
1772109788000,A2D2-3A8C,FLT-3A8C-001,29.500000,-82.100000,150,14,0,Mavic Pro,false,drone_images/Mavic Pro.png,29.495000,-82.105000,29.494500,-82.105300,apolloshield_df,camera,219.38445,10,5770000000,GMMM00MM08850001V64F,bluvec2.0-GMMM00MM08850001V64F,150,GREEN,NONE
1772109788000,A2D2-3A8C,FLT-3A8C-001,29.500000,-82.100000,150,14,0,Mavic Pro,false,drone_images/Mavic Pro.png,29.495000,-82.105000,29.494500,-82.105300,apolloshield_df,camera,219.38445,10,5770000000,GMMM00MM08850001V64F,bluvec2.0-GMMM00MM08850001V64F,150,GREEN,NONE
1772109788000,A2D2-3A8C,FLT-3A8C-001,29.500000,-82.100000,150,14,0,Mavic Pro,false,drone_images/Mavic Pro.png,29.495000,-82.105000,29.494500,-82.105300,apolloshield_df,camera,219.38445,10,5770000000,GMMM00MM08850001V64F,bluvec2.0-GMMM00MM08850001V64F,150,GREEN,NONE
1772109788000,A2D2-3A8C,FLT-3A8C-001,29.500000,-82.100000,150,14,0,Mavic Pro,false,drone_images/Mavic Pro.png,29.495000,-82.105000,29.494500,-82.105300,apolloshield_df,camera,219.38445,10,5770000000,GMMM00MM08850001V64F,bluvec2.0-GMMM00MM08850001V64F,150,GREEN,NONE
1772109788000,A2D2-3A8C,FLT-3A8C-001,29.500000,-82.100000,150,14,0,Mavic Pro,false,drone_images/Mavic Pro.png,29.495000,-82.105000,29.494500,-82.105300,apolloshield_df,camera,219.38445,10,5770000000,GMMM00MM08850001V64F,bluvec2.0-GMMM00MM08850001V64F,150,GREEN,NONE
1772109788000,A2D2-3A8C,FLT-3A8C-001,29.500000,-82.100000,150,14,0,Mavic Pro,false,drone_images/Mavic Pro.png,29.495000,-82.105000,29.494500,-82.105300,apolloshield_df,camera,219.38445,10,5770000000,GMMM00MM08850001V64F,bluvec2.0-GMMM00MM08850001V64F,150,GREEN,NONE
1772109788000,A2D2-3A8C,FLT-3A8C-001,29.500000,-82.100000,150,14,0,Mavic Pro,false,drone_images/Mavic Pro.png,29.495000,-82.105000,29.494500,-82.105300,apolloshield_df,camera,219.38445,10,5770000000,GMMM00MM08850001V64F,bluvec2.0-GMMM00MM08850001V64F,150,GREEN,NONE
1772109788000,A2D2-3A8C,FLT-3A8C-001,29.500000,-82.100000,150,14,0,Mavic Pro,false,drone_images/Mavic Pro.png,29.495000,-82.105000,29.494500,-82.105300,apolloshield_df,camera,219.38445,10,5770000000,GMMM00MM08850001V64F,bluvec2.0-GMMM00MM08850001V64F,150,GREEN,NONE
1772109788000,A2D2-3A8C,FLT-3A8C-001,29.500000,-82.100000,150,14,0,Mavic Pro,false,drone_images/Mavic Pro.png,29.495000,-82.105000,29.494500,-82.105300,apolloshield_df,camera,219.38445,10,5770000000,GMMM00MM08850001V64F,bluvec2.0-GMMM00MM08850001V64F,150,GREEN,NONE
1772109788000,A2D2-3A8C,FLT-3A8C-001,29.500000,-82.100000,150,14,0,Mavic Pro,false,drone_images/Mavic Pro.png,29.495000,-82.105000,29.494500,-82.105300,apolloshield_df,camera,219.38445,10,5770000000,GMMM00MM08850001V64F,bluvec2.0-GMMM00MM08850001V64F,150,GREEN,NONE
1772109788000,A2D2-3A8C,FLT-3A8C-001,29.500000,-82.100000,150,14,0,Mavic Pro,false,drone_images/Mavic Pro.png,29.495000,-82.105000,29.494500,-82.105300,apolloshield_df,camera,219.38445,10,5770000000,GMMM00MM08850001V64F,bluvec2.0-GMMM00MM08850001V64F,150,GREEN,NONE
1772109788000,A2D2-3A8C,FLT-3A8C-001,29.500000,-82.100000,150,14,0,Mavic Pro,false,drone_images/Mavic Pro.png,29.495000,-82.105000,29.494500,-82.105300,apolloshield_df,camera,219.38445,10,5770000000,GMMM00MM08850001V64F,bluvec2.0-GMMM00MM08850001V64F,150,GREEN,NONE
1772109788000,A2D2-3A8C,FLT-3A8C-001,29.500000,-82.100000,150,14,0,Mavic Pro,false,drone_images/Mavic Pro.png,29.495000,-82.105000,29.494500,-82.105300,apolloshield_df,camera,219.38445,10,5770000000,GMMM00MM08850001V64F,bluvec2.0-GMMM00MM08850001V64F,150,GREEN,NONE
1772109788000,A2D2-3A8C,FLT-3A8C-001,29.500000,-82.100000,150,14,0,Mavic Pro,false,drone_images/Mavic Pro.png,29.495000,-82.105000,29.494500,-82.105300,apolloshield_df,camera,219.38445,10,5770000000,GMMM00MM08850001V64F,bluvec2.0-GMMM00MM08850001V64F,150,GREEN,NONE
1772109788000,A2D2-3A8C,FLT-3A8C-001,29.500000,-82.100000,150,14,0,Mavic Pro,false,drone_images/Mavic Pro.png,29.495000,-82.105000,29.494500,-82.105300,apolloshield_df,camera,219.38445,10,5770000000,GMMM00MM08850001V64F,bluvec2.0-GMMM00MM08850001V64F,150,GREEN,NONE
1772109788000,A2D2-3A8C,FLT-3A8C-001,29.500000,-82.100000,150,14,0,Mavic Pro,false,drone_images/Mavic Pro.png,29.495000,-82.105000,29.494500,-82.105300,apolloshield_df,camera,219.38445,10,5770000000,GMMM00MM08850001V64F,bluvec2.0-GMMM00MM08850001V64F,150,GREEN,NONE
1772109788000,A2D2-3A8C,FLT-3A8C-001,29.500000,-82.100000,150,14,0,Mavic Pro,false,drone_images/Mavic Pro.png,29.495000,-82.105000,29.494500,-82.105300,apolloshield_df,camera,219.38445,10,5770000000,GMMM00MM08850001V64F,bluvec2.0-GMMM00MM08850001V64F,150,GREEN,NONE
1772109788000,A2D2-3A8C,FLT-3A8C-001,29.500000,-82.100000,150,14,0,Mavic Pro,false,drone_images/Mavic Pro.png,29.495000,-82.105000,29.494500,-82.105300,apolloshield_df,camera,219.38445,10,5770000000,GMMM00MM08850001V64F,bluvec2.0-GMMM00MM08850001V64F,150,GREEN,NONE
1772109788000,A2D2-3A8C,FLT-3A8C-001,29.500000,-82.100000,150,14,0,Mavic Pro,false,drone_images/Mavic Pro.png,29.495000,-82.105000,29.494500,-82.105300,apolloshield_df,camera,219.38445,10,5770000000,GMMM00MM08850001V64F,bluvec2.0-GMMM00MM08850001V64F,150,GREEN,NONE
1772109788000,A2D2-3A8C,FLT-3A8C-001,29.500000,-82.100000,150,14,0,Mavic Pro,false,drone_images/Mavic Pro.png,29.495000,-82.105000,29.494500,-82.105300,apolloshield_df,camera,219.38445,10,5770000000,GMMM00MM08850001V64F,bluvec2.0-GMMM00MM08850001V64F,150,GREEN,NONE
1772109788000,A2D2-3A8C,FLT-3A8C-001,29.500000,-82.100000,150,14,0,Mavic Pro,false,drone_images/Mavic Pro.png,29.495000,-82.105000,29.494500,-82.105300,apolloshield_df,camera,219.38445,10,5770000000,GMMM00MM08850001V64F,bluvec2.0-GMMM00MM08850001V64F,150,GREEN,NONE
1772109788000,A2D2-3A8C,FLT-3A8C-001,29.500000,-82.100000,150,14,0,Mavic Pro,false,drone_images/Mavic Pro.png,29.495000,-82.105000,29.494500,-82.105300,apolloshield_df,camera,219.38445,10,5770000000,GMMM00MM08850001V64F,bluvec2.0-GMMM00MM08850001V64F,150,GREEN,NONE
1772109788000,A2D2-3A8C,FLT-3A8C-001,29.500000,-82.100000,150,14,0,Mavic Pro,false,drone_images/Mavic Pro.png,29.495000,-82.105000,29.494500,-82.105300,apolloshield_df,camera,219.38445,10,5770000000,GMMM00MM08850001V64F,bluvec2.0-GMMM00MM08850001V64F,150,GREEN,NONE
1772109788000,A2D2-3A8C,FLT-3A8C-001,29.500000,-82.100000,150,14,0,Mavic Pro,false,drone_images/Mavic Pro.png,29.495000,-82.105000,29.494500,-82.105300,apolloshield_df,camera,219.38445,10,5770000000,GMMM00MM08850001V64F,bluvec2.0-GMMM00MM08850001V64F,150,GREEN,NONE
1772109788000,A2D2-3A8C,FLT-3A8C-001,29.500000,-82.100000,150,14,0,Mavic Pro,false,drone_images/Mavic Pro.png,29.495000,-82.105000,29.494500,-82.105300,apolloshield_df,camera,219.38445,10,5770000000,GMMM00MM08850001V64F,bluvec2.0-GMMM00MM08850001V64F,150,GREEN,NONE
1772109788000,A2D2-3A8C,FLT-3A8C-001,29.500000,-82.100000,150,14,0,Mavic Pro,false,drone_images/Mavic Pro.png,29.495000,-82.105000,29.494500,-82.105300,apolloshield_df,camera,219.38445,10,5770000000,GMMM00MM08850001V64F,bluvec2.0-GMMM00MM08850001V64F,150,GREEN,NONE
1772109788000,A2D2-3A8C,FLT-3A8C-001,29.500000,-82.100000,150,14,0,Mavic Pro,false,drone_images/Mavic Pro.png,29.495000,-82.105000,29.494500,-82.105300,apolloshield_df,camera,219.38445,10,5770000000,GMMM00MM08850001V64F,bluvec2.0-GMMM00MM08850001V64F,150,GREEN,NONE
1772109788000,A2D2-3A8C,FLT-3A8C-001,29.500000,-82.100000,150,14,0,Mavic Pro,false,drone_images/Mavic Pro.png,29.495000,-82.105000,29.494500,-82.105300,apolloshield_df,camera,219.38445,10,5770000000,GMMM00MM08850001V64F,bluvec2.0-GMMM00MM08850001V64F,150,GREEN,NONE
1772109788000,A2D2-3A8C,FLT-3A8C-001,29.500000,-82.100000,150,14,0,Mavic Pro,false,drone_images/Mavic Pro.png,29.495000,-82.105000,29.494500,-82.105300,apolloshield_df,camera,219.38445,10,5770000000,GMMM00MM08850001V64F,bluvec2.0-GMMM00MM08850001V64F,150,GREEN,NONE
1772109788000,A2D2-3A8C,FLT-3A8C-001,29.500000,-82.100000,150,14,0,Mavic Pro,false,drone_images/Mavic Pro.png,29.495000,-82.105000,29.494500,-82.105300,apolloshield_df,camera,219.38445,10,5770000000,GMMM00MM08850001V64F,bluvec2.0-GMMM00MM08850001V64F,150,GREEN,NONE
1772109788000,A2D2-3A8C,FLT-3A8C-001,29.500000,-82.100000,150,14,0,Mavic Pro,false,drone_images/Mavic Pro.png,29.495000,-82.105000,29.494500,-82.105300,apolloshield_df,camera,219.38445,10,5770000000,GMMM00MM08850001V64F,bluvec2.0-GMMM00MM08850001V64F,150,GREEN,NONE
1772109788000,A2D2-3A8C,FLT-3A8C-001,29.500000,-82.100000,150,14,0,Mavic Pro,false,drone_images/Mavic Pro.png,29.495000,-82.105000,29.494500,-82.105300,apolloshield_df,camera,219.38445,10,5770000000,GMMM00MM08850001V64F,bluvec2.0-GMMM00MM08850001V64F,150,GREEN,NONE
1772109788000,A2D2-3A8C,FLT-3A8C-001,29.500000,-82.100000,150,14,0,Mavic Pro,false,drone_images/Mavic Pro.png,29.495000,-82.105000,29.494500,-82.105300,apolloshield_df,camera,219.38445,10,5770000000,GMMM00MM08850001V64F,bluvec2.0-GMMM00MM08850001V64F,150,GREEN,NONE
1772109788000,A2D2-3A8C,FLT-3A8C-001,29.500000,-82.100000,150,14,0,Mavic Pro,false,drone_images/Mavic Pro.png,29.495000,-82.105000,29.494500,-82.105300,apolloshield_df,camera,219.38445,10,5770000000,GMMM00MM08850001V64F,bluvec2.0-GMMM00MM08850001V64F,150,GREEN,NONE
1772109788000,A2D2-3A8C,FLT-3A8C-001,29.500000,-82.100000,150,14,0,Mavic Pro,false,drone_images/Mavic Pro.png,29.495000,-82.105000,29.494500,-82.105300,apolloshield_df,camera,219.38445,10,5770000000,GMMM00MM08850001V64F,bluvec2.0-GMMM00MM08850001V64F,150,GREEN,NONE
1772109788000,A2D2-3A8C,FLT-3A8C-001,29.500000,-82.100000,150,14,0,Mavic Pro,false,drone_images/Mavic Pro.png,29.495000,-82.105000,29.494500,-82.105300,apolloshield_df,camera,219.38445,10,5770000000,GMMM00MM08850001V64F,bluvec2.0-GMMM00MM08850001V64F,150,GREEN,NONE
1772109788000,A2D2-3A8C,FLT-3A8C-001,29.500000,-82.100000,150,14,0,Mavic Pro,false,drone_images/Mavic Pro.png,29.495000,-82.105000,29.494500,-82.105300,apolloshield_df,camera,219.38445,10,5770000000,GMMM00MM08850001V64F,bluvec2.0-GMMM00MM08850001V64F,150,GREEN,NONE
1772109788000,A2D2-3A8C,FLT-3A8C-001,29.500000,-82.100000,150,14,0,Mavic Pro,false,drone_images/Mavic Pro.png,29.495000,-82.105000,29.494500,-82.105300,apolloshield_df,camera,219.38445,10,5770000000,GMMM00MM08850001V64F,bluvec2.0-GMMM00MM08850001V64F,150,GREEN,NONE
1772109788000,A2D2-3A8C,FLT-3A8C-001,29.500000,-82.100000,150,14,0,Mavic Pro,false,drone_images/Mavic Pro.png,29.495000,-82.105000,29.494500,-82.105300,apolloshield_df,camera,219.38445,10,5770000000,GMMM00MM08850001V64F,bluvec2.0-GMMM00MM08850001V64F,150,GREEN,NONE
1772109788000,A2D2-3A8C,FLT-3A8C-001,29.500000,-82.100000,150,14,0,Mavic Pro,false,drone_images/Mavic Pro.png,29.495000,-82.105000,29.494500,-82.105300,apolloshield_df,camera,219.38445,10,5770000000,GMMM00MM08850001V64F,bluvec2.0-GMMM00MM08850001V64F,150,GREEN,NONE
1772109788000,A2D2-3A8C,FLT-3A8C-001,29.500000,-82.100000,150,14,0,Mavic Pro,false,drone_images/Mavic Pro.png,29.495000,-82.105000,29.494500,-82.105300,apolloshield_df,camera,219.38445,10,5770000000,GMMM00MM08850001V64F,bluvec2.0-GMMM00MM08850001V64F,150,GREEN,NONE
1772109788000,A2D2-3A8C,FLT-3A8C-001,29.500000,-82.100000,150,14,0,Mavic Pro,false,drone_images/Mavic Pro.png,29.495000,-82.105000,29.494500,-82.105300,apolloshield_df,camera,219.38445,10,5770000000,GMMM00MM08850001V64F,bluvec2.0-GMMM00MM08850001V64F,150,GREEN,NONE
1772109788000,A2D2-3A8C,FLT-3A8C-001,29.500000,-82.100000,150,14,0,Mavic Pro,false,drone_images/Mavic Pro.png,29.495000,-82.105000,29.494500,-82.105300,apolloshield_df,camera,219.38445,10,5770000000,GMMM00MM08850001V64F,bluvec2.0-GMMM00MM08850001V64F,150,GREEN,NONE
1772109788000,A2D2-3A8C,FLT-3A8C-001,29.500000,-82.100000,150,14,0,Mavic Pro,false,drone_images/Mavic Pro.png,29.495000,-82.105000,29.494500,-82.105300,apolloshield_df,camera,219.38445,10,5770000000,GMMM00MM08850001V64F,bluvec2.0-GMMM00MM08850001V64F,150,GREEN,NONE
1772109788000,A2D2-3A8C,FLT-3A8C-001,29.500000,-82.100000,150,14,0,Mavic Pro,false,drone_images/Mavic Pro.png,29.495000,-82.105000,29.494500,-82.105300,apolloshield_df,camera,219.38445,10,5770000000,GMMM00MM08850001V64F,bluvec2.0-GMMM00MM08850001V64F,150,GREEN,NONE
1772109788000,A2D2-3A8C,FLT-3A8C-001,29.500000,-82.100000,150,14,0,Mavic Pro,false,drone_images/Mavic Pro.png,29.495000,-82.105000,29.494500,-82.105300,apolloshield_df,camera,219.38445,10,5770000000,GMMM00MM08850001V64F,bluvec2.0-GMMM00MM08850001V64F,150,GREEN,NONE
1772109788000,A2D2-3A8C,FLT-3A8C-001,29.500000,-82.100000,150,14,0,Mavic Pro,false,drone_images/Mavic Pro.png,29.495000,-82.105000,29.494500,-82.105300,apolloshield_df,camera,219.38445,10,5770000000,GMMM00MM08850001V64F,bluvec2.0-GMMM00MM08850001V64F,150,GREEN,NONE
1772109788000,A2D2-3A8C,FLT-3A8C-001,29.500000,-82.100000,150,14,0,Mavic Pro,false,drone_images/Mavic Pro.png,29.495000,-82.105000,29.494500,-82.105300,apolloshield_df,camera,219.38445,10,5770000000,GMMM00MM08850001V64F,bluvec2.0-GMMM00MM08850001V64F,150,GREEN,NONE
1772109788000,A2D2-3A8C,FLT-3A8C-001,29.500000,-82.100000,150,14,0,Mavic Pro,false,drone_images/Mavic Pro.png,29.495000,-82.105000,29.494500,-82.105300,apolloshield_df,camera,219.38445,10,5770000000,GMMM00MM08850001V64F,bluvec2.0-GMMM00MM08850001V64F,150,GREEN,NONE
1772109788000,A2D2-3A8C,FLT-3A8C-001,29.500000,-82.100000,150,14,0,Mavic Pro,false,drone_images/Mavic Pro.png,29.495000,-82.105000,29.494500,-82.105300,apolloshield_df,camera,219.38445,10,5770000000,GMMM00MM08850001V64F,bluvec2.0-GMMM00MM08850001V64F,150,GREEN,NONE
1772109788000,A2D2-3A8C,FLT-3A8C-001,29.500000,-82.100000,150,14,0,Mavic Pro,false,drone_images/Mavic Pro.png,29.495000,-82.105000,29.494500,-82.105300,apolloshield_df,camera,219.38445,10,5770000000,GMMM00MM08850001V64F,bluvec2.0-GMMM00MM08850001V64F,150,GREEN,NONE
1772109788000,A2D2-3A8C,FLT-3A8C-001,29.500000,-82.100000,150,14,0,Mavic Pro,false,drone_images/Mavic Pro.png,29.495000,-82.105000,29.494500,-82.105300,apolloshield_df,camera,219.38445,10,5770000000,GMMM00MM08850001V64F,bluvec2.0-GMMM00MM08850001V64F,150,GREEN,NONE
1772109788000,A2D2-3A8C,FLT-3A8C-001,29.500000,-82.100000,150,14,0,Mavic Pro,false,drone_images/Mavic Pro.png,29.495000,-82.105000,29.494500,-82.105300,apolloshield_df,camera,219.38445,10,5770000000,GMMM00MM08850001V64F,bluvec2.0-GMMM00MM08850001V64F,150,GREEN,NONE
1772109788000,A2D2-3A8C,FLT-3A8C-001,29.500000,-82.100000,150,14,0,Mavic Pro,false,drone_images/Mavic Pro.png,29.495000,-82.105000,29.494500,-82.105300,apolloshield_df,camera,219.38445,10,5770000000,GMMM00MM08850001V64F,bluvec2.0-GMMM00MM08850001V64F,150,GREEN,NONE
1772109788000,A2D2-3A8C,FLT-3A8C-001,29.500000,-82.100000,150,14,0,Mavic Pro,false,drone_images/Mavic Pro.png,29.495000,-82.105000,29.494500,-82.105300,apolloshield_df,camera,219.38445,10,5770000000,GMMM00MM08850001V64F,bluvec2.0-GMMM00MM08850001V64F,150,GREEN,NONE
1772109788000,A2D2-3A8C,FLT-3A8C-001,29.500000,-82.100000,150,14,0,Mavic Pro,false,drone_images/Mavic Pro.png,29.495000,-82.105000,29.494500,-82.105300,apolloshield_df,camera,219.38445,10,5770000000,GMMM00MM08850001V64F,bluvec2.0-GMMM00MM08850001V64F,150,GREEN,NONE
1772109788000,A2D2-3A8C,FLT-3A8C-001,29.500000,-82.100000,150,14,0,Mavic Pro,false,drone_images/Mavic Pro.png,29.495000,-82.105000,29.494500,-82.105300,apolloshield_df,camera,219.38445,10,5770000000,GMMM00MM08850001V64F,bluvec2.0-GMMM00MM08850001V64F,150,GREEN,NONE
1772109788000,A2D2-3A8C,FLT-3A8C-001,29.500000,-82.100000,150,14,0,Mavic Pro,false,drone_images/Mavic Pro.png,29.495000,-82.105000,29.494500,-82.105300,apolloshield_df,camera,219.38445,10,5770000000,GMMM00MM08850001V64F,bluvec2.0-GMMM00MM08850001V64F,150,GREEN,NONE
1772109788000,A2D2-3A8C,FLT-3A8C-001,29.500000,-82.100000,150,14,0,Mavic Pro,false,drone_images/Mavic Pro.png,29.495000,-82.105000,29.494500,-82.105300,apolloshield_df,camera,219.38445,10,5770000000,GMMM00MM08850001V64F,bluvec2.0-GMMM00MM08850001V64F,150,GREEN,NONE
1772109788000,A2D2-3A8C,FLT-3A8C-001,29.500000,-82.100000,150,14,0,Mavic Pro,false,drone_images/Mavic Pro.png,29.495000,-82.105000,29.494500,-82.105300,apolloshield_df,camera,219.38445,10,5770000000,GMMM00MM08850001V64F,bluvec2.0-GMMM00MM08850001V64F,150,GREEN,NONE
1772109788000,A2D2-3A8C,FLT-3A8C-001,29.500000,-82.100000,150,14,0,Mavic Pro,false,drone_images/Mavic Pro.png,29.495000,-82.105000,29.494500,-82.105300,apolloshield_df,camera,219.38445,10,5770000000,GMMM00MM08850001V64F,bluvec2.0-GMMM00MM08850001V64F,150,GREEN,NONE
1772109788000,A2D2-3A8C,FLT-3A8C-001,29.500000,-82.100000,150,14,0,Mavic Pro,false,drone_images/Mavic Pro.png,29.495000,-82.105000,29.494500,-82.105300,apolloshield_df,camera,219.38445,10,5770000000,GMMM00MM08850001V64F,bluvec2.0-GMMM00MM08850001V64F,150,GREEN,NONE
1772109788000,A2D2-3A8C,FLT-3A8C-001,29.500000,-82.100000,150,14,0,Mavic Pro,false,drone_images/Mavic Pro.png,29.495000,-82.105000,29.494500,-82.105300,apolloshield_df,camera,219.38445,10,5770000000,GMMM00MM08850001V64F,bluvec2.0-GMMM00MM08850001V64F,150,GREEN,NONE
1772109788000,A2D2-3A8C,FLT-3A8C-001,29.500000,-82.100000,150,14,0,Mavic Pro,false,drone_images/Mavic Pro.png,29.495000,-82.105000,29.494500,-82.105300,apolloshield_df,camera,219.38445,10,5770000000,GMMM00MM08850001V64F,bluvec2.0-GMMM00MM08850001V64F,150,GREEN,NONE
1772109788000,A2D2-3A8C,FLT-3A8C-001,29.500000,-82.100000,150,14,0,Mavic Pro,false,drone_images/Mavic Pro.png,29.495000,-82.105000,29.494500,-82.105300,apolloshield_df,camera,219.38445,10,5770000000,GMMM00MM08850001V64F,bluvec2.0-GMMM00MM08850001V64F,150,GREEN,NONE
1772109788000,A2D2-3A8C,FLT-3A8C-001,29.500000,-82.100000,150,14,0,Mavic Pro,false,drone_images/Mavic Pro.png,29.495000,-82.105000,29.494500,-82.105300,apolloshield_df,camera,219.38445,10,5770000000,GMMM00MM08850001V64F,bluvec2.0-GMMM00MM08850001V64F,150,GREEN,NONE
1772109788000,A2D2-3A8C,FLT-3A8C-001,29.500000,-82.100000,150,14,0,Mavic Pro,false,drone_images/Mavic Pro.png,29.495000,-82.105000,29.494500,-82.105300,apolloshield_df,camera,219.38445,10,5770000000,GMMM00MM08850001V64F,bluvec2.0-GMMM00MM08850001V64F,150,GREEN,NONE
1772109788000,A2D2-3A8C,FLT-3A8C-001,29.500000,-82.100000,150,14,0,Mavic Pro,false,drone_images/Mavic Pro.png,29.495000,-82.105000,29.494500,-82.105300,apolloshield_df,camera,219.38445,10,5770000000,GMMM00MM08850001V64F,bluvec2.0-GMMM00MM08850001V64F,150,GREEN,NONE
1772109788000,A2D2-3A8C,FLT-3A8C-001,29.500000,-82.100000,150,14,0,Mavic Pro,false,drone_images/Mavic Pro.png,29.495000,-82.105000,29.494500,-82.105300,apolloshield_df,camera,219.38445,10,5770000000,GMMM00MM08850001V64F,bluvec2.0-GMMM00MM08850001V64F,150,GREEN,NONE
1772109788000,A2D2-3A8C,FLT-3A8C-001,29.500000,-82.100000,150,14,0,Mavic Pro,false,drone_images/Mavic Pro.png,29.495000,-82.105000,29.494500,-82.105300,apolloshield_df,camera,219.38445,10,5770000000,GMMM00MM08850001V64F,bluvec2.0-GMMM00MM08850001V64F,150,GREEN,NONE
1772109788000,A2D2-3A8C,FLT-3A8C-001,29.500000,-82.100000,150,14,0,Mavic Pro,false,drone_images/Mavic Pro.png,29.495000,-82.105000,29.494500,-82.105300,apolloshield_df,camera,219.38445,10,5770000000,GMMM00MM08850001V64F,bluvec2.0-GMMM00MM08850001V64F,150,GREEN,NONE
1772109788000,A2D2-3A8C,FLT-3A8C-001,29.500000,-82.100000,150,14,0,Mavic Pro,false,drone_images/Mavic Pro.png,29.495000,-82.105000,29.494500,-82.105300,apolloshield_df,camera,219.38445,10,5770000000,GMMM00MM08850001V64F,bluvec2.0-GMMM00MM08850001V64F,150,GREEN,NONE
1772109788000,A2D2-3A8C,FLT-3A8C-001,29.500000,-82.100000,150,14,0,Mavic Pro,false,drone_images/Mavic Pro.png,29.495000,-82.105000,29.494500,-82.105300,apolloshield_df,camera,219.38445,10,5770000000,GMMM00MM08850001V64F,bluvec2.0-GMMM00MM08850001V64F,150,GREEN,NONE
1772109788000,A2D2-3A8C,FLT-3A8C-001,29.500000,-82.100000,150,14,0,Mavic Pro,false,drone_images/Mavic Pro.png,29.495000,-82.105000,29.494500,-82.105300,apolloshield_df,camera,219.38445,10,5770000000,GMMM00MM08850001V64F,bluvec2.0-GMMM00MM08850001V64F,150,GREEN,NONE
1772109788000,A2D2-3A8C,FLT-3A8C-001,29.500000,-82.100000,150,14,0,Mavic Pro,false,drone_images/Mavic Pro.png,29.495000,-82.105000,29.494500,-82.105300,apolloshield_df,camera,219.38445,10,5770000000,GMMM00MM08850001V64F,bluvec2.0-GMMM00MM08850001V64F,150,GREEN,NONE
1772109788000,A2D2-3A8C,FLT-3A8C-001,29.500000,-82.100000,150,14,0,Mavic Pro,false,drone_images/Mavic Pro.png,29.495000,-82.105000,29.494500,-82.105300,apolloshield_df,camera,219.38445,10,5770000000,GMMM00MM08850001V64F,bluvec2.0-GMMM00MM08850001V64F,150,GREEN,NONE
1772109788000,A2D2-3A8C,FLT-3A8C-001,29.500000,-82.100000,150,14,0,Mavic Pro,false,drone_images/Mavic Pro.png,29.495000,-82.105000,29.494500,-82.105300,apolloshield_df,camera,219.38445,10,5770000000,GMMM00MM08850001V64F,bluvec2.0-GMMM00MM08850001V64F,150,GREEN,NONE
1772109788000,A2D2-3A8C,FLT-3A8C-001,29.500000,-82.100000,150,14,0,Mavic Pro,false,drone_images/Mavic Pro.png,29.495000,-82.105000,29.494500,-82.105300,apolloshield_df,camera,219.38445,10,5770000000,GMMM00MM08850001V64F,bluvec2.0-GMMM00MM08850001V64F,150,GREEN,NONE
1772109788000,A2D2-3A8C,FLT-3A8C-001,29.500000,-82.100000,150,14,0,Mavic Pro,false,drone_images/Mavic Pro.png,29.495000,-82.105000,29.494500,-82.105300,apolloshield_df,camera,219.38445,10,5770000000,GMMM00MM08850001V64F,bluvec2.0-GMMM00MM08850001V64F,150,GREEN,NONE
1772109788000,A2D2-3A8C,FLT-3A8C-001,29.500000,-82.100000,150,14,0,Mavic Pro,false,drone_images/Mavic Pro.png,29.495000,-82.105000,29.494500,-82.105300,apolloshield_df,camera,219.38445,10,5770000000,GMMM00MM08850001V64F,bluvec2.0-GMMM00MM08850001V64F,150,GREEN,NONE
1772109788000,A2D2-3A8C,FLT-3A8C-001,29.500000,-82.100000,150,14,0,Mavic Pro,false,drone_images/Mavic Pro.png,29.495000,-82.105000,29.494500,-82.105300,apolloshield_df,camera,219.38445,10,5770000000,GMMM00MM08850001V64F,bluvec2.0-GMMM00MM08850001V64F,150,GREEN,NONE
1772109788000,A2D2-3A8C,FLT-3A8C-001,29.500000,-82.100000,150,14,0,Mavic Pro,false,drone_images/Mavic Pro.png,29.495000,-82.105000,29.494500,-82.105300,apolloshield_df,camera,219.38445,10,5770000000,GMMM00MM08850001V64F,bluvec2.0-GMMM00MM08850001V64F,150,GREEN,NONE
1772109788000,A2D2-3A8C,FLT-3A8C-001,29.500000,-82.100000,150,14,0,Mavic Pro,false,drone_images/Mavic Pro.png,29.495000,-82.105000,29.494500,-82.105300,apolloshield_df,camera,219.38445,10,5770000000,GMMM00MM08850001V64F,bluvec2.0-GMMM00MM08850001V64F,150,GREEN,NONE
1772109788000,A2D2-3A8C,FLT-3A8C-001,29.500000,-82.100000,150,14,0,Mavic Pro,false,drone_images/Mavic Pro.png,29.495000,-82.105000,29.494500,-82.105300,apolloshield_df,camera,219.38445,10,5770000000,GMMM00MM08850001V64F,bluvec2.0-GMMM00MM08850001V64F,150,GREEN,NONE
1772109788000,A2D2-3A8C,FLT-3A8C-001,29.500000,-82.100000,150,14,0,Mavic Pro,false,drone_images/Mavic Pro.png,29.495000,-82.105000,29.494500,-82.105300,apolloshield_df,camera,219.38445,10,5770000000,GMMM00MM08850001V64F,bluvec2.0-GMMM00MM08850001V64F,150,GREEN,NONE
1772109788000,A2D2-3A8C,FLT-3A8C-001,29.500000,-82.100000,150,14,0,Mavic Pro,false,drone_images/Mavic Pro.png,29.495000,-82.105000,29.494500,-82.105300,apolloshield_df,camera,216.98524,10,5770000000,GMMM00MM08850001V64F,bluvec2.0-GMMM00MM08850001V64F,150,GREEN,NONE
1772109788000,A2D2-3A8C,FLT-3A8C-001,29.500000,-82.100000,150,14,0,Mavic Pro,false,drone_images/Mavic Pro.png,29.495000,-82.105000,29.494500,-82.105300,apolloshield_df,camera,216.98524,10,5770000000,GMMM00MM08850001V64F,bluvec2.0-GMMM00MM08850001V64F,150,GREEN,NONE
1772109788000,A2D2-3A8C,FLT-3A8C-001,29.500000,-82.100000,150,14,0,Mavic Pro,false,drone_images/Mavic Pro.png,29.495000,-82.105000,29.494500,-82.105300,apolloshield_df,camera,215.08339,10,5770000000,GMMM00MM08850001V64F,bluvec2.0-GMMM00MM08850001V64F,150,GREEN,NONE
1772109788000,A2D2-3A8C,FLT-3A8C-001,29.500000,-82.100000,150,14,0,Mavic Pro,false,drone_images/Mavic Pro.png,29.495000,-82.105000,29.494500,-82.105300,apolloshield_df,camera,215.08339,10,5770000000,GMMM00MM08850001V64F,bluvec2.0-GMMM00MM08850001V64F,150,GREEN,NONE
1772109788000,A2D2-3A8C,FLT-3A8C-001,29.500000,-82.100000,150,14,0,Mavic Pro,false,drone_images/Mavic Pro.png,29.495000,-82.105000,29.494500,-82.105300,apolloshield_df,camera,215.08339,10,5770000000,GMMM00MM08850001V64F,bluvec2.0-GMMM00MM08850001V64F,150,GREEN,NONE
1772109788000,A2D2-3A8C,FLT-3A8C-001,29.500000,-82.100000,150,14,0,Mavic Pro,false,drone_images/Mavic Pro.png,29.495000,-82.105000,29.494500,-82.105300,apolloshield_df,camera,215.08339,10,5770000000,GMMM00MM08850001V64F,bluvec2.0-GMMM00MM08850001V64F,150,GREEN,NONE
1772109788000,A2D2-3A8C,FLT-3A8C-001,29.500000,-82.100000,150,14,0,Mavic Pro,false,drone_images/Mavic Pro.png,29.495000,-82.105000,29.494500,-82.105300,apolloshield_df,camera,215.08339,10,5770000000,GMMM00MM08850001V64F,bluvec2.0-GMMM00MM08850001V64F,150,GREEN,NONE
1772109788000,A2D2-3A8C,FLT-3A8C-001,29.500000,-82.100000,150,14,0,Mavic Pro,false,drone_images/Mavic Pro.png,29.495000,-82.105000,29.494500,-82.105300,apolloshield_df,camera,215.08339,10,5770000000,GMMM00MM08850001V64F,bluvec2.0-GMMM00MM08850001V64F,150,GREEN,NONE
1772109788000,A2D2-3A8C,FLT-3A8C-001,29.500000,-82.100000,150,14,0,Mavic Pro,false,drone_images/Mavic Pro.png,29.495000,-82.105000,29.494500,-82.105300,apolloshield_df,camera,215.08339,10,5770000000,GMMM00MM08850001V64F,bluvec2.0-GMMM00MM08850001V64F,150,GREEN,NONE
1772109788000,A2D2-3A8C,FLT-3A8C-001,29.500000,-82.100000,150,14,0,Mavic Pro,false,drone_images/Mavic Pro.png,29.495000,-82.105000,29.494500,-82.105300,apolloshield_df,camera,215.08339,10,5770000000,GMMM00MM08850001V64F,bluvec2.0-GMMM00MM08850001V64F,150,GREEN,NONE
1772109788000,A2D2-3A8C,FLT-3A8C-001,29.500000,-82.100000,150,14,0,Mavic Pro,false,drone_images/Mavic Pro.png,29.495000,-82.105000,29.494500,-82.105300,apolloshield_df,camera,215.08339,10,5770000000,GMMM00MM08850001V64F,bluvec2.0-GMMM00MM08850001V64F,150,GREEN,NONE
1772109788000,A2D2-3A8C,FLT-3A8C-001,29.500000,-82.100000,150,14,0,Mavic Pro,false,drone_images/Mavic Pro.png,29.495000,-82.105000,29.494500,-82.105300,apolloshield_df,camera,215.08339,10,5770000000,GMMM00MM08850001V64F,bluvec2.0-GMMM00MM08850001V64F,150,GREEN,NONE
1772109788000,A2D2-3A8C,FLT-3A8C-001,29.500000,-82.100000,150,14,0,Mavic Pro,false,drone_images/Mavic Pro.png,29.495000,-82.105000,29.494500,-82.105300,apolloshield_df,camera,215.08339,10,5770000000,GMMM00MM08850001V64F,bluvec2.0-GMMM00MM08850001V64F,150,GREEN,NONE
1772109788000,A2D2-3A8C,FLT-3A8C-001,29.500000,-82.100000,150,14,0,Mavic Pro,false,drone_images/Mavic Pro.png,29.495000,-82.105000,29.494500,-82.105300,apolloshield_df,camera,215.08339,10,5770000000,GMMM00MM08850001V64F,bluvec2.0-GMMM00MM08850001V64F,150,GREEN,NONE
1772109788000,A2D2-3A8C,FLT-3A8C-001,29.500000,-82.100000,150,14,0,Mavic Pro,false,drone_images/Mavic Pro.png,29.495000,-82.105000,29.494500,-82.105300,apolloshield_df,camera,215.08339,10,5770000000,GMMM00MM08850001V64F,bluvec2.0-GMMM00MM08850001V64F,150,GREEN,NONE
1772109788000,A2D2-3A8C,FLT-3A8C-001,29.500000,-82.100000,150,14,0,Mavic Pro,false,drone_images/Mavic Pro.png,29.495000,-82.105000,29.494500,-82.105300,apolloshield_df,camera,215.08339,10,5770000000,GMMM00MM08850001V64F,bluvec2.0-GMMM00MM08850001V64F,150,GREEN,NONE
1772109788000,A2D2-3A8C,FLT-3A8C-001,29.500000,-82.100000,150,14,0,Mavic Pro,false,drone_images/Mavic Pro.png,29.495000,-82.105000,29.494500,-82.105300,apolloshield_df,camera,215.08339,10,5770000000,GMMM00MM08850001V64F,bluvec2.0-GMMM00MM08850001V64F,150,GREEN,NONE
1772109788000,A2D2-3A8C,FLT-3A8C-001,29.500000,-82.100000,150,14,0,Mavic Pro,false,drone_images/Mavic Pro.png,29.495000,-82.105000,29.494500,-82.105300,apolloshield_df,camera,215.08339,10,5770000000,GMMM00MM08850001V64F,bluvec2.0-GMMM00MM08850001V64F,150,GREEN,NONE
1772109788000,A2D2-3A8C,FLT-3A8C-001,29.500000,-82.100000,150,14,0,Mavic Pro,false,drone_images/Mavic Pro.png,29.495000,-82.105000,29.494500,-82.105300,apolloshield_df,camera,215.08339,10,5770000000,GMMM00MM08850001V64F,bluvec2.0-GMMM00MM08850001V64F,150,GREEN,NONE
1772109788000,A2D2-3A8C,FLT-3A8C-001,29.500000,-82.100000,150,14,0,Mavic Pro,false,drone_images/Mavic Pro.png,29.495000,-82.105000,29.494500,-82.105300,apolloshield_df,camera,215.08339,10,5770000000,GMMM00MM08850001V64F,bluvec2.0-GMMM00MM08850001V64F,150,GREEN,NONE
1772109788000,A2D2-3A8C,FLT-3A8C-001,29.500000,-82.100000,150,14,0,Mavic Pro,false,drone_images/Mavic Pro.png,29.495000,-82.105000,29.494500,-82.105300,apolloshield_df,camera,215.08339,10,5770000000,GMMM00MM08850001V64F,bluvec2.0-GMMM00MM08850001V64F,150,GREEN,NONE
1772109788000,A2D2-3A8C,FLT-3A8C-001,29.500000,-82.100000,150,14,0,Mavic Pro,false,drone_images/Mavic Pro.png,29.495000,-82.105000,29.494500,-82.105300,apolloshield_df,camera,215.08339,10,5770000000,GMMM00MM08850001V64F,bluvec2.0-GMMM00MM08850001V64F,150,GREEN,NONE
1772109788000,A2D2-3A8C,FLT-3A8C-001,29.500000,-82.100000,150,14,0,Mavic Pro,false,drone_images/Mavic Pro.png,29.495000,-82.105000,29.494500,-82.105300,apolloshield_df,camera,215.08339,10,5770000000,GMMM00MM08850001V64F,bluvec2.0-GMMM00MM08850001V64F,150,GREEN,NONE
1772109788000,A2D2-3A8C,FLT-3A8C-001,29.500000,-82.100000,150,14,0,Mavic Pro,false,drone_images/Mavic Pro.png,29.495000,-82.105000,29.494500,-82.105300,apolloshield_df,camera,215.08339,10,5770000000,GMMM00MM08850001V64F,bluvec2.0-GMMM00MM08850001V64F,150,GREEN,NONE
1772109788000,A2D2-3A8C,FLT-3A8C-001,29.500000,-82.100000,150,14,0,Mavic Pro,false,drone_images/Mavic Pro.png,29.495000,-82.105000,29.494500,-82.105300,apolloshield_df,camera,215.08339,10,5770000000,GMMM00MM08850001V64F,bluvec2.0-GMMM00MM08850001V64F,150,GREEN,NONE
1772109788000,A2D2-3A8C,FLT-3A8C-001,29.500000,-82.100000,150,14,0,Mavic Pro,false,drone_images/Mavic Pro.png,29.495000,-82.105000,29.494500,-82.105300,apolloshield_df,camera,215.08339,10,5770000000,GMMM00MM08850001V64F,bluvec2.0-GMMM00MM08850001V64F,150,GREEN,NONE
1772109788000,A2D2-3A8C,FLT-3A8C-001,29.500000,-82.100000,150,14,0,Mavic Pro,false,drone_images/Mavic Pro.png,29.495000,-82.105000,29.494500,-82.105300,apolloshield_df,camera,215.08339,10,5770000000,GMMM00MM08850001V64F,bluvec2.0-GMMM00MM08850001V64F,150,GREEN,NONE
1772109788000,A2D2-3A8C,FLT-3A8C-001,29.500000,-82.100000,150,14,0,Mavic Pro,false,drone_images/Mavic Pro.png,29.495000,-82.105000,29.494500,-82.105300,apolloshield_df,camera,215.08339,10,5770000000,GMMM00MM08850001V64F,bluvec2.0-GMMM00MM08850001V64F,150,GREEN,NONE
1772109788000,A2D2-3A8C,FLT-3A8C-001,29.500000,-82.100000,150,14,0,Mavic Pro,false,drone_images/Mavic Pro.png,29.495000,-82.105000,29.494500,-82.105300,apolloshield_df,camera,215.08339,10,5770000000,GMMM00MM08850001V64F,bluvec2.0-GMMM00MM08850001V64F,150,GREEN,NONE
1772109788000,A2D2-3A8C,FLT-3A8C-001,29.500000,-82.100000,150,14,0,Mavic Pro,false,drone_images/Mavic Pro.png,29.495000,-82.105000,29.494500,-82.105300,apolloshield_df,camera,215.08339,10,5770000000,GMMM00MM08850001V64F,bluvec2.0-GMMM00MM08850001V64F,150,GREEN,NONE
1772109788000,A2D2-3A8C,FLT-3A8C-001,29.500000,-82.100000,150,14,0,Mavic Pro,false,drone_images/Mavic Pro.png,29.495000,-82.105000,29.494500,-82.105300,apolloshield_df,camera,215.08339,10,5770000000,GMMM00MM08850001V64F,bluvec2.0-GMMM00MM08850001V64F,150,GREEN,NONE
1772109788000,A2D2-3A8C,FLT-3A8C-001,29.500000,-82.100000,150,14,0,Mavic Pro,false,drone_images/Mavic Pro.png,29.495000,-82.105000,29.494500,-82.105300,apolloshield_df,camera,215.08339,10,5770000000,GMMM00MM08850001V64F,bluvec2.0-GMMM00MM08850001V64F,150,GREEN,NONE
1772109788000,A2D2-3A8C,FLT-3A8C-001,29.500000,-82.100000,150,14,0,Mavic Pro,false,drone_images/Mavic Pro.png,29.495000,-82.105000,29.494500,-82.105300,apolloshield_df,camera,215.08339,10,5770000000,GMMM00MM08850001V64F,bluvec2.0-GMMM00MM08850001V64F,150,GREEN,NONE
1772109788000,A2D2-3A8C,FLT-3A8C-001,29.500000,-82.100000,150,14,0,Mavic Pro,false,drone_images/Mavic Pro.png,29.495000,-82.105000,29.494500,-82.105300,apolloshield_df,camera,215.08339,10,5770000000,GMMM00MM08850001V64F,bluvec2.0-GMMM00MM08850001V64F,150,GREEN,NONE
1772109788000,A2D2-3A8C,FLT-3A8C-001,29.500000,-82.100000,150,14,0,Mavic Pro,false,drone_images/Mavic Pro.png,29.495000,-82.105000,29.494500,-82.105300,apolloshield_df,camera,215.08339,10,5770000000,GMMM00MM08850001V64F,bluvec2.0-GMMM00MM08850001V64F,150,GREEN,NONE
1772109788000,A2D2-3A8C,FLT-3A8C-001,29.500000,-82.100000,150,14,0,Mavic Pro,false,drone_images/Mavic Pro.png,29.495000,-82.105000,29.494500,-82.105300,apolloshield_df,camera,215.08339,10,5770000000,GMMM00MM08850001V64F,bluvec2.0-GMMM00MM08850001V64F,150,GREEN,NONE
1772109788000,A2D2-3A8C,FLT-3A8C-001,29.500000,-82.100000,150,14,0,Mavic Pro,false,drone_images/Mavic Pro.png,29.495000,-82.105000,29.494500,-82.105300,apolloshield_df,camera,215.08339,10,5770000000,GMMM00MM08850001V64F,bluvec2.0-GMMM00MM08850001V64F,150,GREEN,NONE
1772109788000,A2D2-3A8C,FLT-3A8C-001,29.500000,-82.100000,150,14,0,Mavic Pro,false,drone_images/Mavic Pro.png,29.495000,-82.105000,29.494500,-82.105300,apolloshield_df,camera,215.08339,10,5770000000,GMMM00MM08850001V64F,bluvec2.0-GMMM00MM08850001V64F,150,GREEN,NONE
1772109788000,A2D2-3A8C,FLT-3A8C-001,29.500000,-82.100000,150,14,0,Mavic Pro,false,drone_images/Mavic Pro.png,29.495000,-82.105000,29.494500,-82.105300,apolloshield_df,camera,215.08339,10,5770000000,GMMM00MM08850001V64F,bluvec2.0-GMMM00MM08850001V64F,150,GREEN,NONE
1772109788000,A2D2-3A8C,FLT-3A8C-001,29.500000,-82.100000,150,14,0,Mavic Pro,false,drone_images/Mavic Pro.png,29.495000,-82.105000,29.494500,-82.105300,apolloshield_df,camera,215.08339,10,5770000000,GMMM00MM08850001V64F,bluvec2.0-GMMM00MM08850001V64F,150,GREEN,NONE
1772109788000,A2D2-3A8C,FLT-3A8C-001,29.500000,-82.100000,150,14,0,Mavic Pro,false,drone_images/Mavic Pro.png,29.495000,-82.105000,29.494500,-82.105300,apolloshield_df,camera,215.08339,10,5770000000,GMMM00MM08850001V64F,bluvec2.0-GMMM00MM08850001V64F,150,GREEN,NONE
1772109788000,A2D2-3A8C,FLT-3A8C-001,29.500000,-82.100000,150,14,0,Mavic Pro,false,drone_images/Mavic Pro.png,29.495000,-82.105000,29.494500,-82.105300,apolloshield_df,camera,215.08339,10,5770000000,GMMM00MM08850001V64F,bluvec2.0-GMMM00MM08850001V64F,150,GREEN,NONE
1772109788000,A2D2-3A8C,FLT-3A8C-001,29.500000,-82.100000,150,14,0,Mavic Pro,false,drone_images/Mavic Pro.png,29.495000,-82.105000,29.494500,-82.105300,apolloshield_df,camera,215.08339,10,5770000000,GMMM00MM08850001V64F,bluvec2.0-GMMM00MM08850001V64F,150,GREEN,NONE
1772109788000,A2D2-3A8C,FLT-3A8C-001,29.500000,-82.100000,150,14,0,Mavic Pro,false,drone_images/Mavic Pro.png,29.495000,-82.105000,29.494500,-82.105300,apolloshield_df,camera,215.08339,10,5770000000,GMMM00MM08850001V64F,bluvec2.0-GMMM00MM08850001V64F,150,GREEN,NONE
1772109788000,A2D2-3A8C,FLT-3A8C-001,29.500000,-82.100000,150,14,0,Mavic Pro,false,drone_images/Mavic Pro.png,29.495000,-82.105000,29.494500,-82.105300,apolloshield_df,camera,215.08339,10,5770000000,GMMM00MM08850001V64F,bluvec2.0-GMMM00MM08850001V64F,150,GREEN,NONE
1772109788000,A2D2-3A8C,FLT-3A8C-001,29.500000,-82.100000,150,14,0,Mavic Pro,false,drone_images/Mavic Pro.png,29.495000,-82.105000,29.494500,-82.105300,apolloshield_df,camera,215.08339,10,5770000000,GMMM00MM08850001V64F,bluvec2.0-GMMM00MM08850001V64F,150,GREEN,NONE
1772109788000,A2D2-3A8C,FLT-3A8C-001,29.500000,-82.100000,150,14,0,Mavic Pro,false,drone_images/Mavic Pro.png,29.495000,-82.105000,29.494500,-82.105300,apolloshield_df,camera,215.08339,10,5770000000,GMMM00MM08850001V64F,bluvec2.0-GMMM00MM08850001V64F,150,GREEN,NONE
1772109788000,A2D2-3A8C,FLT-3A8C-001,29.500000,-82.100000,150,14,0,Mavic Pro,false,drone_images/Mavic Pro.png,29.495000,-82.105000,29.494500,-82.105300,apolloshield_df,camera,215.08339,10,5770000000,GMMM00MM08850001V64F,bluvec2.0-GMMM00MM08850001V64F,150,GREEN,NONE
1772109788000,A2D2-3A8C,FLT-3A8C-001,29.500000,-82.100000,150,14,0,Mavic Pro,false,drone_images/Mavic Pro.png,29.495000,-82.105000,29.494500,-82.105300,apolloshield_df,camera,215.08339,10,5770000000,GMMM00MM08850001V64F,bluvec2.0-GMMM00MM08850001V64F,150,GREEN,NONE
1772109788000,A2D2-3A8C,FLT-3A8C-001,29.500000,-82.100000,150,14,0,Mavic Pro,false,drone_images/Mavic Pro.png,29.495000,-82.105000,29.494500,-82.105300,apolloshield_df,camera,215.08339,10,5770000000,GMMM00MM08850001V64F,bluvec2.0-GMMM00MM08850001V64F,150,GREEN,NONE
1772109788000,A2D2-3A8C,FLT-3A8C-001,29.500000,-82.100000,150,14,0,Mavic Pro,false,drone_images/Mavic Pro.png,29.495000,-82.105000,29.494500,-82.105300,apolloshield_df,camera,215.08339,10,5770000000,GMMM00MM08850001V64F,bluvec2.0-GMMM00MM08850001V64F,150,GREEN,NONE
1772109788000,A2D2-3A8C,FLT-3A8C-001,29.500000,-82.100000,150,14,0,Mavic Pro,false,drone_images/Mavic Pro.png,29.495000,-82.105000,29.494500,-82.105300,apolloshield_df,camera,215.08339,10,5770000000,GMMM00MM08850001V64F,bluvec2.0-GMMM00MM08850001V64F,150,GREEN,NONE
1772109788000,A2D2-3A8C,FLT-3A8C-001,29.500000,-82.100000,150,14,0,Mavic Pro,false,drone_images/Mavic Pro.png,29.495000,-82.105000,29.494500,-82.105300,apolloshield_df,camera,215.08339,10,5770000000,GMMM00MM08850001V64F,bluvec2.0-GMMM00MM08850001V64F,150,GREEN,NONE
1772109788000,A2D2-3A8C,FLT-3A8C-001,29.500000,-82.100000,150,14,0,Mavic Pro,false,drone_images/Mavic Pro.png,29.495000,-82.105000,29.494500,-82.105300,apolloshield_df,camera,215.08339,10,5770000000,GMMM00MM08850001V64F,bluvec2.0-GMMM00MM08850001V64F,150,GREEN,NONE
1772109788000,A2D2-3A8C,FLT-3A8C-001,29.500000,-82.100000,150,14,0,Mavic Pro,false,drone_images/Mavic Pro.png,29.495000,-82.105000,29.494500,-82.105300,apolloshield_df,camera,215.08339,10,5770000000,GMMM00MM08850001V64F,bluvec2.0-GMMM00MM08850001V64F,150,GREEN,NONE
1772109788000,A2D2-3A8C,FLT-3A8C-001,29.500000,-82.100000,150,14,0,Mavic Pro,false,drone_images/Mavic Pro.png,29.495000,-82.105000,29.494500,-82.105300,apolloshield_df,camera,215.08339,10,5770000000,GMMM00MM08850001V64F,bluvec2.0-GMMM00MM08850001V64F,150,GREEN,NONE
1772109788000,A2D2-3A8C,FLT-3A8C-001,29.500000,-82.100000,150,14,0,Mavic Pro,false,drone_images/Mavic Pro.png,29.495000,-82.105000,29.494500,-82.105300,apolloshield_df,camera,215.08339,10,5770000000,GMMM00MM08850001V64F,bluvec2.0-GMMM00MM08850001V64F,150,GREEN,NONE
1772109788000,A2D2-3A8C,FLT-3A8C-001,29.500000,-82.100000,150,14,0,Mavic Pro,false,drone_images/Mavic Pro.png,29.495000,-82.105000,29.494500,-82.105300,apolloshield_df,camera,215.08339,10,5770000000,GMMM00MM08850001V64F,bluvec2.0-GMMM00MM08850001V64F,150,GREEN,NONE
1772109788000,A2D2-3A8C,FLT-3A8C-001,29.500000,-82.100000,150,14,0,Mavic Pro,false,drone_images/Mavic Pro.png,29.495000,-82.105000,29.494500,-82.105300,apolloshield_df,camera,215.08339,10,5770000000,GMMM00MM08850001V64F,bluvec2.0-GMMM00MM08850001V64F,150,GREEN,NONE
1772109788000,A2D2-3A8C,FLT-3A8C-001,29.500000,-82.100000,150,14,0,Mavic Pro,false,drone_images/Mavic Pro.png,29.495000,-82.105000,29.494500,-82.105300,apolloshield_df,camera,215.08339,10,5770000000,GMMM00MM08850001V64F,bluvec2.0-GMMM00MM08850001V64F,150,GREEN,NONE
1772109788000,A2D2-3A8C,FLT-3A8C-001,29.500000,-82.100000,150,14,0,Mavic Pro,false,drone_images/Mavic Pro.png,29.495000,-82.105000,29.494500,-82.105300,apolloshield_df,camera,215.08339,10,5770000000,GMMM00MM08850001V64F,bluvec2.0-GMMM00MM08850001V64F,150,GREEN,NONE
1772109788000,A2D2-3A8C,FLT-3A8C-001,29.500000,-82.100000,150,14,0,Mavic Pro,false,drone_images/Mavic Pro.png,29.495000,-82.105000,29.494500,-82.105300,apolloshield_df,camera,215.08339,10,5770000000,GMMM00MM08850001V64F,bluvec2.0-GMMM00MM08850001V64F,150,GREEN,NONE
1772109788000,A2D2-3A8C,FLT-3A8C-001,29.500000,-82.100000,150,14,0,Mavic Pro,false,drone_images/Mavic Pro.png,29.495000,-82.105000,29.494500,-82.105300,apolloshield_df,camera,215.08339,10,5770000000,GMMM00MM08850001V64F,bluvec2.0-GMMM00MM08850001V64F,150,GREEN,NONE
1772109788000,A2D2-3A8C,FLT-3A8C-001,29.500000,-82.100000,150,14,0,Mavic Pro,false,drone_images/Mavic Pro.png,29.495000,-82.105000,29.494500,-82.105300,apolloshield_df,camera,215.08339,10,5770000000,GMMM00MM08850001V64F,bluvec2.0-GMMM00MM08850001V64F,150,GREEN,NONE
1772109788000,A2D2-3A8C,FLT-3A8C-001,29.500000,-82.100000,150,14,0,Mavic Pro,false,drone_images/Mavic Pro.png,29.495000,-82.105000,29.494500,-82.105300,apolloshield_df,camera,215.08339,10,5770000000,GMMM00MM08850001V64F,bluvec2.0-GMMM00MM08850001V64F,150,GREEN,NONE
1772109788000,A2D2-3A8C,FLT-3A8C-001,29.500000,-82.100000,150,14,0,Mavic Pro,false,drone_images/Mavic Pro.png,29.495000,-82.105000,29.494500,-82.105300,apolloshield_df,camera,215.08339,10,5770000000,GMMM00MM08850001V64F,bluvec2.0-GMMM00MM08850001V64F,150,GREEN,NONE
1772109788000,A2D2-3A8C,FLT-3A8C-001,29.500000,-82.100000,150,14,0,Mavic Pro,false,drone_images/Mavic Pro.png,29.495000,-82.105000,29.494500,-82.105300,apolloshield_df,camera,215.08339,10,5770000000,GMMM00MM08850001V64F,bluvec2.0-GMMM00MM08850001V64F,150,GREEN,NONE
1772109788000,A2D2-3A8C,FLT-3A8C-001,29.500000,-82.100000,150,14,0,Mavic Pro,false,drone_images/Mavic Pro.png,29.495000,-82.105000,29.494500,-82.105300,apolloshield_df,camera,215.08339,10,5770000000,GMMM00MM08850001V64F,bluvec2.0-GMMM00MM08850001V64F,150,GREEN,NONE
1772109788000,A2D2-3A8C,FLT-3A8C-001,29.500000,-82.100000,150,14,0,Mavic Pro,false,drone_images/Mavic Pro.png,29.495000,-82.105000,29.494500,-82.105300,apolloshield_df,camera,215.08339,10,5770000000,GMMM00MM08850001V64F,bluvec2.0-GMMM00MM08850001V64F,150,GREEN,NONE
1772109788000,A2D2-3A8C,FLT-3A8C-001,29.500000,-82.100000,150,14,0,Mavic Pro,false,drone_images/Mavic Pro.png,29.495000,-82.105000,29.494500,-82.105300,apolloshield_df,camera,215.08339,10,5770000000,GMMM00MM08850001V64F,bluvec2.0-GMMM00MM08850001V64F,150,GREEN,NONE
1772109788000,A2D2-3A8C,FLT-3A8C-001,29.500000,-82.100000,150,14,0,Mavic Pro,false,drone_images/Mavic Pro.png,29.495000,-82.105000,29.494500,-82.105300,apolloshield_df,camera,215.08339,10,5770000000,GMMM00MM08850001V64F,bluvec2.0-GMMM00MM08850001V64F,150,GREEN,NONE
1772109788000,A2D2-3A8C,FLT-3A8C-001,29.500000,-82.100000,150,14,0,Mavic Pro,false,drone_images/Mavic Pro.png,29.495000,-82.105000,29.494500,-82.105300,apolloshield_df,camera,215.08339,10,5770000000,GMMM00MM08850001V64F,bluvec2.0-GMMM00MM08850001V64F,150,GREEN,NONE
1772109788000,A2D2-3A8C,FLT-3A8C-001,29.500000,-82.100000,150,14,0,Mavic Pro,false,drone_images/Mavic Pro.png,29.495000,-82.105000,29.494500,-82.105300,apolloshield_df,camera,215.08339,10,5770000000,GMMM00MM08850001V64F,bluvec2.0-GMMM00MM08850001V64F,150,GREEN,NONE
1772109788000,A2D2-3A8C,FLT-3A8C-001,29.500000,-82.100000,150,14,0,Mavic Pro,false,drone_images/Mavic Pro.png,29.495000,-82.105000,29.494500,-82.105300,apolloshield_df,camera,215.08339,10,5770000000,GMMM00MM08850001V64F,bluvec2.0-GMMM00MM08850001V64F,150,GREEN,NONE
1772109788000,A2D2-3A8C,FLT-3A8C-001,29.500000,-82.100000,150,14,0,Mavic Pro,false,drone_images/Mavic Pro.png,29.495000,-82.105000,29.494500,-82.105300,apolloshield_df,camera,215.08339,10,5770000000,GMMM00MM08850001V64F,bluvec2.0-GMMM00MM08850001V64F,150,GREEN,NONE
1772109788000,A2D2-3A8C,FLT-3A8C-001,29.500000,-82.100000,150,14,0,Mavic Pro,false,drone_images/Mavic Pro.png,29.495000,-82.105000,29.494500,-82.105300,apolloshield_df,camera,215.08339,10,5770000000,GMMM00MM08850001V64F,bluvec2.0-GMMM00MM08850001V64F,150,GREEN,NONE
1772109788000,A2D2-3A8C,FLT-3A8C-001,29.500000,-82.100000,150,14,0,Mavic Pro,false,drone_images/Mavic Pro.png,29.495000,-82.105000,29.494500,-82.105300,apolloshield_df,camera,215.08339,10,5770000000,GMMM00MM08850001V64F,bluvec2.0-GMMM00MM08850001V64F,150,GREEN,NONE
1772109788000,A2D2-3A8C,FLT-3A8C-001,29.500000,-82.100000,150,14,0,Mavic Pro,false,drone_images/Mavic Pro.png,29.495000,-82.105000,29.494500,-82.105300,apolloshield_df,camera,215.08339,10,5770000000,GMMM00MM08850001V64F,bluvec2.0-GMMM00MM08850001V64F,150,GREEN,NONE
1772109788000,A2D2-3A8C,FLT-3A8C-001,29.500000,-82.100000,150,14,0,Mavic Pro,false,drone_images/Mavic Pro.png,29.495000,-82.105000,29.494500,-82.105300,apolloshield_df,camera,215.08339,10,5770000000,GMMM00MM08850001V64F,bluvec2.0-GMMM00MM08850001V64F,150,GREEN,NONE
1772109788000,A2D2-3A8C,FLT-3A8C-001,29.500000,-82.100000,150,14,0,Mavic Pro,false,drone_images/Mavic Pro.png,29.495000,-82.105000,29.494500,-82.105300,apolloshield_df,camera,215.08339,10,5770000000,GMMM00MM08850001V64F,bluvec2.0-GMMM00MM08850001V64F,150,GREEN,NONE
1772109788000,A2D2-3A8C,FLT-3A8C-001,29.500000,-82.100000,150,14,0,Mavic Pro,false,drone_images/Mavic Pro.png,29.495000,-82.105000,29.494500,-82.105300,apolloshield_df,camera,215.08339,10,5770000000,GMMM00MM08850001V64F,bluvec2.0-GMMM00MM08850001V64F,150,GREEN,NONE
1772109788000,A2D2-3A8C,FLT-3A8C-001,29.500000,-82.100000,150,14,0,Mavic Pro,false,drone_images/Mavic Pro.png,29.495000,-82.105000,29.494500,-82.105300,apolloshield_df,camera,215.08339,10,5770000000,GMMM00MM08850001V64F,bluvec2.0-GMMM00MM08850001V64F,150,GREEN,NONE
1772109788000,A2D2-3A8C,FLT-3A8C-001,29.500000,-82.100000,150,14,0,Mavic Pro,false,drone_images/Mavic Pro.png,29.495000,-82.105000,29.494500,-82.105300,apolloshield_df,camera,215.08339,10,5770000000,GMMM00MM08850001V64F,bluvec2.0-GMMM00MM08850001V64F,150,GREEN,NONE
1772109788000,A2D2-3A8C,FLT-3A8C-001,29.500000,-82.100000,150,14,0,Mavic Pro,false,drone_images/Mavic Pro.png,29.495000,-82.105000,29.494500,-82.105300,apolloshield_df,camera,215.08339,10,5770000000,GMMM00MM08850001V64F,bluvec2.0-GMMM00MM08850001V64F,150,GREEN,NONE
1772109788000,A2D2-3A8C,FLT-3A8C-001,29.500000,-82.100000,150,14,0,Mavic Pro,false,drone_images/Mavic Pro.png,29.495000,-82.105000,29.494500,-82.105300,apolloshield_df,camera,215.08339,10,5770000000,GMMM00MM08850001V64F,bluvec2.0-GMMM00MM08850001V64F,150,GREEN,NONE
1772109788000,A2D2-3A8C,FLT-3A8C-001,29.500000,-82.100000,150,14,0,Mavic Pro,false,drone_images/Mavic Pro.png,29.495000,-82.105000,29.494500,-82.105300,apolloshield_df,camera,215.08339,10,5770000000,GMMM00MM08850001V64F,bluvec2.0-GMMM00MM08850001V64F,150,GREEN,NONE
1772109788000,A2D2-3A8C,FLT-3A8C-001,29.500000,-82.100000,150,14,0,Mavic Pro,false,drone_images/Mavic Pro.png,29.495000,-82.105000,29.494500,-82.105300,apolloshield_df,camera,215.08339,10,5770000000,GMMM00MM08850001V64F,bluvec2.0-GMMM00MM08850001V64F,150,GREEN,NONE
1772109788000,A2D2-3A8C,FLT-3A8C-001,29.500000,-82.100000,150,14,0,Mavic Pro,false,drone_images/Mavic Pro.png,29.495000,-82.105000,29.494500,-82.105300,apolloshield_df,camera,215.08339,10,5770000000,GMMM00MM08850001V64F,bluvec2.0-GMMM00MM08850001V64F,150,GREEN,NONE
1772109788000,A2D2-3A8C,FLT-3A8C-001,29.500000,-82.100000,150,14,0,Mavic Pro,false,drone_images/Mavic Pro.png,29.495000,-82.105000,29.494500,-82.105300,apolloshield_df,camera,215.08339,10,5770000000,GMMM00MM08850001V64F,bluvec2.0-GMMM00MM08850001V64F,150,GREEN,NONE
1772109788000,A2D2-3A8C,FLT-3A8C-001,29.500000,-82.100000,150,14,0,Mavic Pro,false,drone_images/Mavic Pro.png,29.495000,-82.105000,29.494500,-82.105300,apolloshield_df,camera,215.08339,10,5770000000,GMMM00MM08850001V64F,bluvec2.0-GMMM00MM08850001V64F,150,GREEN,NONE
1772109788000,A2D2-3A8C,FLT-3A8C-001,29.500000,-82.100000,150,14,0,Mavic Pro,false,drone_images/Mavic Pro.png,29.495000,-82.105000,29.494500,-82.105300,apolloshield_df,camera,215.08339,10,5770000000,GMMM00MM08850001V64F,bluvec2.0-GMMM00MM08850001V64F,150,GREEN,NONE
1772109788000,A2D2-3A8C,FLT-3A8C-001,29.500000,-82.100000,150,14,0,Mavic Pro,false,drone_images/Mavic Pro.png,29.495000,-82.105000,29.494500,-82.105300,apolloshield_df,camera,215.08339,10,5770000000,GMMM00MM08850001V64F,bluvec2.0-GMMM00MM08850001V64F,150,GREEN,NONE
1772109788000,A2D2-3A8C,FLT-3A8C-001,29.500000,-82.100000,150,14,0,Mavic Pro,false,drone_images/Mavic Pro.png,29.495000,-82.105000,29.494500,-82.105300,apolloshield_df,camera,215.08339,10,5770000000,GMMM00MM08850001V64F,bluvec2.0-GMMM00MM08850001V64F,150,GREEN,NONE
1772109788000,A2D2-3A8C,FLT-3A8C-001,29.500000,-82.100000,150,14,0,Mavic Pro,false,drone_images/Mavic Pro.png,29.495000,-82.105000,29.494500,-82.105300,apolloshield_df,camera,215.08339,10,5770000000,GMMM00MM08850001V64F,bluvec2.0-GMMM00MM08850001V64F,150,GREEN,NONE
1772109788000,A2D2-3A8C,FLT-3A8C-001,29.500000,-82.100000,150,14,0,Mavic Pro,false,drone_images/Mavic Pro.png,29.495000,-82.105000,29.494500,-82.105300,apolloshield_df,camera,215.08339,10,5770000000,GMMM00MM08850001V64F,bluvec2.0-GMMM00MM08850001V64F,150,GREEN,NONE
1772109788000,A2D2-3A8C,FLT-3A8C-001,29.500000,-82.100000,150,14,0,Mavic Pro,false,drone_images/Mavic Pro.png,29.495000,-82.105000,29.494500,-82.105300,apolloshield_df,camera,215.08339,10,5770000000,GMMM00MM08850001V64F,bluvec2.0-GMMM00MM08850001V64F,150,GREEN,NONE
1772109788000,A2D2-3A8C,FLT-3A8C-001,29.500000,-82.100000,150,14,0,Mavic Pro,false,drone_images/Mavic Pro.png,29.495000,-82.105000,29.494500,-82.105300,apolloshield_df,camera,215.08339,10,5770000000,GMMM00MM08850001V64F,bluvec2.0-GMMM00MM08850001V64F,150,GREEN,NONE
1772109788000,A2D2-3A8C,FLT-3A8C-001,29.500000,-82.100000,150,14,0,Mavic Pro,false,drone_images/Mavic Pro.png,29.495000,-82.105000,29.494500,-82.105300,apolloshield_df,camera,215.08339,10,5770000000,GMMM00MM08850001V64F,bluvec2.0-GMMM00MM08850001V64F,150,GREEN,NONE
1772109788000,A2D2-3A8C,FLT-3A8C-001,29.500000,-82.100000,150,14,0,Mavic Pro,false,drone_images/Mavic Pro.png,29.495000,-82.105000,29.494500,-82.105300,apolloshield_df,camera,215.08339,10,5770000000,GMMM00MM08850001V64F,bluvec2.0-GMMM00MM08850001V64F,150,GREEN,NONE
1772109788000,A2D2-3A8C,FLT-3A8C-001,29.500000,-82.100000,150,14,0,Mavic Pro,false,drone_images/Mavic Pro.png,29.495000,-82.105000,29.494500,-82.105300,apolloshield_df,camera,215.08339,10,5770000000,GMMM00MM08850001V64F,bluvec2.0-GMMM00MM08850001V64F,150,GREEN,NONE
1772109788000,A2D2-3A8C,FLT-3A8C-001,29.500000,-82.100000,150,14,0,Mavic Pro,false,drone_images/Mavic Pro.png,29.495000,-82.105000,29.494500,-82.105300,apolloshield_df,camera,215.08339,10,5770000000,GMMM00MM08850001V64F,bluvec2.0-GMMM00MM08850001V64F,150,GREEN,NONE
1772109788000,A2D2-3A8C,FLT-3A8C-001,29.500000,-82.100000,150,14,0,Mavic Pro,false,drone_images/Mavic Pro.png,29.495000,-82.105000,29.494500,-82.105300,apolloshield_df,camera,215.08339,10,5770000000,GMMM00MM08850001V64F,bluvec2.0-GMMM00MM08850001V64F,150,GREEN,NONE
1772109788000,A2D2-3A8C,FLT-3A8C-001,29.500000,-82.100000,150,14,0,Mavic Pro,false,drone_images/Mavic Pro.png,29.495000,-82.105000,29.494500,-82.105300,apolloshield_df,camera,215.08339,10,5770000000,GMMM00MM08850001V64F,bluvec2.0-GMMM00MM08850001V64F,150,GREEN,NONE
1772109788000,A2D2-3A8C,FLT-3A8C-001,29.500000,-82.100000,150,14,0,Mavic Pro,false,drone_images/Mavic Pro.png,29.495000,-82.105000,29.494500,-82.105300,apolloshield_df,camera,215.08339,10,5770000000,GMMM00MM08850001V64F,bluvec2.0-GMMM00MM08850001V64F,150,GREEN,NONE
1772109788000,A2D2-3A8C,FLT-3A8C-001,29.500000,-82.100000,150,14,0,Mavic Pro,false,drone_images/Mavic Pro.png,29.495000,-82.105000,29.494500,-82.105300,apolloshield_df,camera,215.08339,10,5770000000,GMMM00MM08850001V64F,bluvec2.0-GMMM00MM08850001V64F,150,GREEN,NONE
1772109788000,A2D2-3A8C,FLT-3A8C-001,29.500000,-82.100000,150,14,0,Mavic Pro,false,drone_images/Mavic Pro.png,29.495000,-82.105000,29.494500,-82.105300,apolloshield_df,camera,215.08339,10,5770000000,GMMM00MM08850001V64F,bluvec2.0-GMMM00MM08850001V64F,150,GREEN,NONE
1772109788000,A2D2-3A8C,FLT-3A8C-001,29.500000,-82.100000,150,14,0,Mavic Pro,false,drone_images/Mavic Pro.png,29.495000,-82.105000,29.494500,-82.105300,apolloshield_df,camera,215.08339,10,5770000000,GMMM00MM08850001V64F,bluvec2.0-GMMM00MM08850001V64F,150,GREEN,NONE
1772109788000,A2D2-3A8C,FLT-3A8C-001,29.500000,-82.100000,150,14,0,Mavic Pro,false,drone_images/Mavic Pro.png,29.495000,-82.105000,29.494500,-82.105300,apolloshield_df,camera,215.08339,10,5770000000,GMMM00MM08850001V64F,bluvec2.0-GMMM00MM08850001V64F,150,GREEN,NONE
1772109788000,A2D2-3A8C,FLT-3A8C-001,29.500000,-82.100000,150,14,0,Mavic Pro,false,drone_images/Mavic Pro.png,29.495000,-82.105000,29.494500,-82.105300,apolloshield_df,camera,215.08339,10,5770000000,GMMM00MM08850001V64F,bluvec2.0-GMMM00MM08850001V64F,150,GREEN,NONE
1772109788000,A2D2-3A8C,FLT-3A8C-001,29.500000,-82.100000,150,14,0,Mavic Pro,false,drone_images/Mavic Pro.png,29.495000,-82.105000,29.494500,-82.105300,apolloshield_df,camera,215.08339,10,5770000000,GMMM00MM08850001V64F,bluvec2.0-GMMM00MM08850001V64F,150,GREEN,NONE
1772109788000,A2D2-3A8C,FLT-3A8C-001,29.500000,-82.100000,150,14,0,Mavic Pro,false,drone_images/Mavic Pro.png,29.495000,-82.105000,29.494500,-82.105300,apolloshield_df,camera,215.08339,10,5770000000,GMMM00MM08850001V64F,bluvec2.0-GMMM00MM08850001V64F,150,GREEN,NONE
1772109788000,A2D2-3A8C,FLT-3A8C-001,29.500000,-82.100000,150,14,0,Mavic Pro,false,drone_images/Mavic Pro.png,29.495000,-82.105000,29.494500,-82.105300,apolloshield_df,camera,215.08339,10,5770000000,GMMM00MM08850001V64F,bluvec2.0-GMMM00MM08850001V64F,150,GREEN,NONE
1772109788000,A2D2-3A8C,FLT-3A8C-001,29.500000,-82.100000,150,14,0,Mavic Pro,false,drone_images/Mavic Pro.png,29.495000,-82.105000,29.494500,-82.105300,apolloshield_df,camera,215.08339,10,5770000000,GMMM00MM08850001V64F,bluvec2.0-GMMM00MM08850001V64F,150,GREEN,NONE
1772109788000,A2D2-3A8C,FLT-3A8C-001,29.500000,-82.100000,150,14,0,Mavic Pro,false,drone_images/Mavic Pro.png,29.495000,-82.105000,29.494500,-82.105300,apolloshield_df,camera,215.08339,10,5770000000,GMMM00MM08850001V64F,bluvec2.0-GMMM00MM08850001V64F,150,GREEN,NONE
1772109788000,A2D2-3A8C,FLT-3A8C-001,29.500000,-82.100000,150,14,0,Mavic Pro,false,drone_images/Mavic Pro.png,29.495000,-82.105000,29.494500,-82.105300,apolloshield_df,camera,215.08339,10,5770000000,GMMM00MM08850001V64F,bluvec2.0-GMMM00MM08850001V64F,150,GREEN,NONE
1772109788000,A2D2-3A8C,FLT-3A8C-001,29.500000,-82.100000,150,14,0,Mavic Pro,false,drone_images/Mavic Pro.png,29.495000,-82.105000,29.494500,-82.105300,apolloshield_df,camera,215.08339,10,5770000000,GMMM00MM08850001V64F,bluvec2.0-GMMM00MM08850001V64F,150,GREEN,NONE
1772109788000,A2D2-3A8C,FLT-3A8C-001,29.500000,-82.100000,150,14,0,Mavic Pro,false,drone_images/Mavic Pro.png,29.495000,-82.105000,29.494500,-82.105300,apolloshield_df,camera,215.08339,10,5770000000,GMMM00MM08850001V64F,bluvec2.0-GMMM00MM08850001V64F,150,GREEN,NONE
1772109788000,A2D2-3A8C,FLT-3A8C-001,29.500000,-82.100000,150,14,0,Mavic Pro,false,drone_images/Mavic Pro.png,29.495000,-82.105000,29.494500,-82.105300,apolloshield_df,camera,215.08339,10,5770000000,GMMM00MM08850001V64F,bluvec2.0-GMMM00MM08850001V64F,150,GREEN,NONE
1772109788000,A2D2-3A8C,FLT-3A8C-001,29.500000,-82.100000,150,14,0,Mavic Pro,false,drone_images/Mavic Pro.png,29.495000,-82.105000,29.494500,-82.105300,apolloshield_df,camera,215.08339,10,5770000000,GMMM00MM08850001V64F,bluvec2.0-GMMM00MM08850001V64F,150,GREEN,NONE
1772109788000,A2D2-3A8C,FLT-3A8C-001,29.500000,-82.100000,150,14,0,Mavic Pro,false,drone_images/Mavic Pro.png,29.495000,-82.105000,29.494500,-82.105300,apolloshield_df,camera,215.08339,10,5770000000,GMMM00MM08850001V64F,bluvec2.0-GMMM00MM08850001V64F,150,GREEN,NONE
1772109788000,A2D2-3A8C,FLT-3A8C-001,29.500000,-82.100000,150,14,0,Mavic Pro,false,drone_images/Mavic Pro.png,29.495000,-82.105000,29.494500,-82.105300,apolloshield_df,camera,215.08339,10,5770000000,GMMM00MM08850001V64F,bluvec2.0-GMMM00MM08850001V64F,150,GREEN,NONE
1772109788000,A2D2-3A8C,FLT-3A8C-001,29.500000,-82.100000,150,14,0,Mavic Pro,false,drone_images/Mavic Pro.png,29.495000,-82.105000,29.494500,-82.105300,apolloshield_df,camera,215.08339,10,5770000000,GMMM00MM08850001V64F,bluvec2.0-GMMM00MM08850001V64F,150,GREEN,NONE
1772109788000,A2D2-3A8C,FLT-3A8C-001,29.500000,-82.100000,150,14,0,Mavic Pro,false,drone_images/Mavic Pro.png,29.495000,-82.105000,29.494500,-82.105300,apolloshield_df,camera,215.08339,10,5770000000,GMMM00MM08850001V64F,bluvec2.0-GMMM00MM08850001V64F,150,GREEN,NONE
1772109788000,A2D2-3A8C,FLT-3A8C-001,29.500000,-82.100000,150,14,0,Mavic Pro,false,drone_images/Mavic Pro.png,29.495000,-82.105000,29.494500,-82.105300,apolloshield_df,camera,215.08339,10,5770000000,GMMM00MM08850001V64F,bluvec2.0-GMMM00MM08850001V64F,150,GREEN,NONE
1772109788000,A2D2-3A8C,FLT-3A8C-001,29.500000,-82.100000,150,14,0,Mavic Pro,false,drone_images/Mavic Pro.png,29.495000,-82.105000,29.494500,-82.105300,apolloshield_df,camera,215.08339,10,5770000000,GMMM00MM08850001V64F,bluvec2.0-GMMM00MM08850001V64F,150,GREEN,NONE
1772109788000,A2D2-3A8C,FLT-3A8C-001,29.500000,-82.100000,150,14,0,Mavic Pro,false,drone_images/Mavic Pro.png,29.495000,-82.105000,29.494500,-82.105300,apolloshield_df,camera,215.08339,10,5770000000,GMMM00MM08850001V64F,bluvec2.0-GMMM00MM08850001V64F,150,GREEN,NONE
1772109788000,A2D2-3A8C,FLT-3A8C-001,29.500000,-82.100000,150,14,0,Mavic Pro,false,drone_images/Mavic Pro.png,29.495000,-82.105000,29.494500,-82.105300,apolloshield_df,camera,215.08339,10,5770000000,GMMM00MM08850001V64F,bluvec2.0-GMMM00MM08850001V64F,150,GREEN,NONE
1772109788000,A2D2-3A8C,FLT-3A8C-001,29.500000,-82.100000,150,14,0,Mavic Pro,false,drone_images/Mavic Pro.png,29.495000,-82.105000,29.494500,-82.105300,apolloshield_df,camera,215.08339,10,5770000000,GMMM00MM08850001V64F,bluvec2.0-GMMM00MM08850001V64F,150,GREEN,NONE
1772109788000,A2D2-3A8C,FLT-3A8C-001,29.500000,-82.100000,150,14,0,Mavic Pro,false,drone_images/Mavic Pro.png,29.495000,-82.105000,29.494500,-82.105300,apolloshield_df,camera,215.08339,10,5770000000,GMMM00MM08850001V64F,bluvec2.0-GMMM00MM08850001V64F,150,GREEN,NONE
1772109788000,A2D2-3A8C,FLT-3A8C-001,29.500000,-82.100000,150,14,0,Mavic Pro,false,drone_images/Mavic Pro.png,29.495000,-82.105000,29.494500,-82.105300,apolloshield_df,camera,215.08339,10,5770000000,GMMM00MM08850001V64F,bluvec2.0-GMMM00MM08850001V64F,150,GREEN,NONE
1772109788000,A2D2-3A8C,FLT-3A8C-001,29.500000,-82.100000,150,14,0,Mavic Pro,false,drone_images/Mavic Pro.png,29.495000,-82.105000,29.494500,-82.105300,apolloshield_df,camera,215.08339,10,5770000000,GMMM00MM08850001V64F,bluvec2.0-GMMM00MM08850001V64F,150,GREEN,NONE
1772109788000,A2D2-3A8C,FLT-3A8C-001,29.500000,-82.100000,150,14,0,Mavic Pro,false,drone_images/Mavic Pro.png,29.495000,-82.105000,29.494500,-82.105300,apolloshield_df,camera,215.08339,10,5770000000,GMMM00MM08850001V64F,bluvec2.0-GMMM00MM08850001V64F,150,GREEN,NONE
1772109788000,A2D2-3A8C,FLT-3A8C-001,29.500000,-82.100000,150,14,0,Mavic Pro,false,drone_images/Mavic Pro.png,29.495000,-82.105000,29.494500,-82.105300,apolloshield_df,camera,215.08339,10,5770000000,GMMM00MM08850001V64F,bluvec2.0-GMMM00MM08850001V64F,150,GREEN,NONE
1772109788000,A2D2-3A8C,FLT-3A8C-001,29.500000,-82.100000,150,14,0,Mavic Pro,false,drone_images/Mavic Pro.png,29.495000,-82.105000,29.494500,-82.105300,apolloshield_df,camera,215.08339,10,5770000000,GMMM00MM08850001V64F,bluvec2.0-GMMM00MM08850001V64F,150,GREEN,NONE
1772109788000,A2D2-3A8C,FLT-3A8C-001,29.500000,-82.100000,150,14,0,Mavic Pro,false,drone_images/Mavic Pro.png,29.495000,-82.105000,29.494500,-82.105300,apolloshield_df,camera,215.08339,10,5770000000,GMMM00MM08850001V64F,bluvec2.0-GMMM00MM08850001V64F,150,GREEN,NONE
1772109788000,A2D2-3A8C,FLT-3A8C-001,29.500000,-82.100000,150,14,0,Mavic Pro,false,drone_images/Mavic Pro.png,29.495000,-82.105000,29.494500,-82.105300,apolloshield_df,camera,215.08339,10,5770000000,GMMM00MM08850001V64F,bluvec2.0-GMMM00MM08850001V64F,150,GREEN,NONE
1772109788000,A2D2-3A8C,FLT-3A8C-001,29.500000,-82.100000,150,14,0,Mavic Pro,false,drone_images/Mavic Pro.png,29.495000,-82.105000,29.494500,-82.105300,apolloshield_df,camera,215.08339,10,5770000000,GMMM00MM08850001V64F,bluvec2.0-GMMM00MM08850001V64F,150,GREEN,NONE
1772109788000,A2D2-3A8C,FLT-3A8C-001,29.500000,-82.100000,150,14,0,Mavic Pro,false,drone_images/Mavic Pro.png,29.495000,-82.105000,29.494500,-82.105300,apolloshield_df,camera,215.08339,10,5770000000,GMMM00MM08850001V64F,bluvec2.0-GMMM00MM08850001V64F,150,GREEN,NONE
1772109788000,A2D2-3A8C,FLT-3A8C-001,29.500000,-82.100000,150,14,0,Mavic Pro,false,drone_images/Mavic Pro.png,29.495000,-82.105000,29.494500,-82.105300,apolloshield_df,camera,215.08339,10,5770000000,GMMM00MM08850001V64F,bluvec2.0-GMMM00MM08850001V64F,150,GREEN,NONE
1772109788000,A2D2-3A8C,FLT-3A8C-001,29.500000,-82.100000,150,14,0,Mavic Pro,false,drone_images/Mavic Pro.png,29.495000,-82.105000,29.494500,-82.105300,apolloshield_df,camera,215.08339,10,5770000000,GMMM00MM08850001V64F,bluvec2.0-GMMM00MM08850001V64F,150,GREEN,NONE
1772109788000,A2D2-3A8C,FLT-3A8C-001,29.500000,-82.100000,150,14,0,Mavic Pro,false,drone_images/Mavic Pro.png,29.495000,-82.105000,29.494500,-82.105300,apolloshield_df,camera,215.08339,10,5770000000,GMMM00MM08850001V64F,bluvec2.0-GMMM00MM08850001V64F,150,GREEN,NONE
1772109788000,A2D2-3A8C,FLT-3A8C-001,29.500000,-82.100000,150,14,0,Mavic Pro,false,drone_images/Mavic Pro.png,29.495000,-82.105000,29.494500,-82.105300,apolloshield_df,camera,215.08339,10,5770000000,GMMM00MM08850001V64F,bluvec2.0-GMMM00MM08850001V64F,150,GREEN,NONE
1772109788000,A2D2-3A8C,FLT-3A8C-001,29.500000,-82.100000,150,14,0,Mavic Pro,false,drone_images/Mavic Pro.png,29.495000,-82.105000,29.494500,-82.105300,apolloshield_df,camera,215.08339,10,5770000000,GMMM00MM08850001V64F,bluvec2.0-GMMM00MM08850001V64F,150,GREEN,NONE
1772109788000,A2D2-3A8C,FLT-3A8C-001,29.500000,-82.100000,150,14,0,Mavic Pro,false,drone_images/Mavic Pro.png,29.495000,-82.105000,29.494500,-82.105300,apolloshield_df,camera,215.08339,10,5770000000,GMMM00MM08850001V64F,bluvec2.0-GMMM00MM08850001V64F,150,GREEN,NONE
1772109788000,A2D2-3A8C,FLT-3A8C-001,29.500000,-82.100000,150,14,0,Mavic Pro,false,drone_images/Mavic Pro.png,29.495000,-82.105000,29.494500,-82.105300,apolloshield_df,camera,215.08339,10,5770000000,GMMM00MM08850001V64F,bluvec2.0-GMMM00MM08850001V64F,150,GREEN,NONE
1772109788000,A2D2-3A8C,FLT-3A8C-001,29.500000,-82.100000,150,14,0,Mavic Pro,false,drone_images/Mavic Pro.png,29.495000,-82.105000,29.494500,-82.105300,apolloshield_df,camera,215.08339,10,5770000000,GMMM00MM08850001V64F,bluvec2.0-GMMM00MM08850001V64F,150,GREEN,NONE
1772109788000,A2D2-3A8C,FLT-3A8C-001,29.500000,-82.100000,150,14,0,Mavic Pro,false,drone_images/Mavic Pro.png,29.495000,-82.105000,29.494500,-82.105300,apolloshield_df,camera,215.08339,10,5770000000,GMMM00MM08850001V64F,bluvec2.0-GMMM00MM08850001V64F,150,GREEN,NONE
1772109788000,A2D2-3A8C,FLT-3A8C-001,29.500000,-82.100000,150,14,0,Mavic Pro,false,drone_images/Mavic Pro.png,29.495000,-82.105000,29.494500,-82.105300,apolloshield_df,camera,215.08339,10,5770000000,GMMM00MM08850001V64F,bluvec2.0-GMMM00MM08850001V64F,150,GREEN,NONE
1772109788000,A2D2-3A8C,FLT-3A8C-001,29.500000,-82.100000,150,14,0,Mavic Pro,false,drone_images/Mavic Pro.png,29.495000,-82.105000,29.494500,-82.105300,apolloshield_df,camera,215.08339,10,5770000000,GMMM00MM08850001V64F,bluvec2.0-GMMM00MM08850001V64F,150,GREEN,NONE
1772109788000,A2D2-3A8C,FLT-3A8C-001,29.500000,-82.100000,150,14,0,Mavic Pro,false,drone_images/Mavic Pro.png,29.495000,-82.105000,29.494500,-82.105300,apolloshield_df,camera,215.08339,10,5770000000,GMMM00MM08850001V64F,bluvec2.0-GMMM00MM08850001V64F,150,GREEN,NONE
1772109788000,A2D2-3A8C,FLT-3A8C-001,29.500000,-82.100000,150,14,0,Mavic Pro,false,drone_images/Mavic Pro.png,29.495000,-82.105000,29.494500,-82.105300,apolloshield_df,camera,215.08339,10,5770000000,GMMM00MM08850001V64F,bluvec2.0-GMMM00MM08850001V64F,150,GREEN,NONE
1772109788000,A2D2-3A8C,FLT-3A8C-001,29.500000,-82.100000,150,14,0,Mavic Pro,false,drone_images/Mavic Pro.png,29.495000,-82.105000,29.494500,-82.105300,apolloshield_df,camera,215.08339,10,5770000000,GMMM00MM08850001V64F,bluvec2.0-GMMM00MM08850001V64F,150,GREEN,NONE
1772109788000,A2D2-3A8C,FLT-3A8C-001,29.500000,-82.100000,150,14,0,Mavic Pro,false,drone_images/Mavic Pro.png,29.495000,-82.105000,29.494500,-82.105300,apolloshield_df,camera,215.08339,10,5770000000,GMMM00MM08850001V64F,bluvec2.0-GMMM00MM08850001V64F,150,GREEN,NONE
1772109788000,A2D2-3A8C,FLT-3A8C-001,29.500000,-82.100000,150,14,0,Mavic Pro,false,drone_images/Mavic Pro.png,29.495000,-82.105000,29.494500,-82.105300,apolloshield_df,camera,215.08339,10,5770000000,GMMM00MM08850001V64F,bluvec2.0-GMMM00MM08850001V64F,150,GREEN,NONE
1772109788000,A2D2-3A8C,FLT-3A8C-001,29.500000,-82.100000,150,14,0,Mavic Pro,false,drone_images/Mavic Pro.png,29.495000,-82.105000,29.494500,-82.105300,apolloshield_df,camera,215.08339,10,5770000000,GMMM00MM08850001V64F,bluvec2.0-GMMM00MM08850001V64F,150,GREEN,NONE
1772109788000,A2D2-3A8C,FLT-3A8C-001,29.500000,-82.100000,150,14,0,Mavic Pro,false,drone_images/Mavic Pro.png,29.495000,-82.105000,29.494500,-82.105300,apolloshield_df,camera,215.08339,10,5770000000,GMMM00MM08850001V64F,bluvec2.0-GMMM00MM08850001V64F,150,GREEN,NONE
1772109788000,A2D2-3A8C,FLT-3A8C-001,29.500000,-82.100000,150,14,0,Mavic Pro,false,drone_images/Mavic Pro.png,29.495000,-82.105000,29.494500,-82.105300,apolloshield_df,camera,215.08339,10,5770000000,GMMM00MM08850001V64F,bluvec2.0-GMMM00MM08850001V64F,150,GREEN,NONE
1772109788000,A2D2-3A8C,FLT-3A8C-001,29.500000,-82.100000,150,14,0,Mavic Pro,false,drone_images/Mavic Pro.png,29.495000,-82.105000,29.494500,-82.105300,apolloshield_df,camera,215.08339,10,5770000000,GMMM00MM08850001V64F,bluvec2.0-GMMM00MM08850001V64F,150,GREEN,NONE
1772109788000,A2D2-3A8C,FLT-3A8C-001,29.500000,-82.100000,150,14,0,Mavic Pro,false,drone_images/Mavic Pro.png,29.495000,-82.105000,29.494500,-82.105300,apolloshield_df,camera,215.08339,10,5770000000,GMMM00MM08850001V64F,bluvec2.0-GMMM00MM08850001V64F,150,GREEN,NONE
1772109788000,A2D2-3A8C,FLT-3A8C-001,29.500000,-82.100000,150,14,0,Mavic Pro,false,drone_images/Mavic Pro.png,29.495000,-82.105000,29.494500,-82.105300,apolloshield_df,camera,215.08339,10,5770000000,GMMM00MM08850001V64F,bluvec2.0-GMMM00MM08850001V64F,150,GREEN,NONE
1772109788000,A2D2-3A8C,FLT-3A8C-001,29.500000,-82.100000,150,14,0,Mavic Pro,false,drone_images/Mavic Pro.png,29.495000,-82.105000,29.494500,-82.105300,apolloshield_df,camera,215.08339,10,5770000000,GMMM00MM08850001V64F,bluvec2.0-GMMM00MM08850001V64F,150,GREEN,NONE
1772109788000,A2D2-3A8C,FLT-3A8C-001,29.500000,-82.100000,150,14,0,Mavic Pro,false,drone_images/Mavic Pro.png,29.495000,-82.105000,29.494500,-82.105300,apolloshield_df,camera,215.08339,10,5770000000,GMMM00MM08850001V64F,bluvec2.0-GMMM00MM08850001V64F,150,GREEN,NONE
1772109788000,A2D2-3A8C,FLT-3A8C-001,29.500000,-82.100000,150,14,0,Mavic Pro,false,drone_images/Mavic Pro.png,29.495000,-82.105000,29.494500,-82.105300,apolloshield_df,camera,215.08339,10,5770000000,GMMM00MM08850001V64F,bluvec2.0-GMMM00MM08850001V64F,150,GREEN,NONE
1772109788000,A2D2-3A8C,FLT-3A8C-001,29.500000,-82.100000,150,14,0,Mavic Pro,false,drone_images/Mavic Pro.png,29.495000,-82.105000,29.494500,-82.105300,apolloshield_df,camera,215.08339,10,5770000000,GMMM00MM08850001V64F,bluvec2.0-GMMM00MM08850001V64F,150,GREEN,NONE
1772109788000,A2D2-3A8C,FLT-3A8C-001,29.500000,-82.100000,150,14,0,Mavic Pro,false,drone_images/Mavic Pro.png,29.495000,-82.105000,29.494500,-82.105300,apolloshield_df,camera,215.08339,10,5770000000,GMMM00MM08850001V64F,bluvec2.0-GMMM00MM08850001V64F,150,GREEN,NONE
1772109788000,A2D2-3A8C,FLT-3A8C-001,29.500000,-82.100000,150,14,0,Mavic Pro,false,drone_images/Mavic Pro.png,29.495000,-82.105000,29.494500,-82.105300,apolloshield_df,camera,215.08339,10,5770000000,GMMM00MM08850001V64F,bluvec2.0-GMMM00MM08850001V64F,150,GREEN,NONE
1772109788000,A2D2-3A8C,FLT-3A8C-001,29.500000,-82.100000,150,14,0,Mavic Pro,false,drone_images/Mavic Pro.png,29.495000,-82.105000,29.494500,-82.105300,apolloshield_df,camera,215.08339,10,5770000000,GMMM00MM08850001V64F,bluvec2.0-GMMM00MM08850001V64F,150,GREEN,NONE
1772109788000,A2D2-3A8C,FLT-3A8C-001,29.500000,-82.100000,150,14,0,Mavic Pro,false,drone_images/Mavic Pro.png,29.495000,-82.105000,29.494500,-82.105300,apolloshield_df,camera,215.08339,10,5770000000,GMMM00MM08850001V64F,bluvec2.0-GMMM00MM08850001V64F,150,GREEN,NONE
1772109788000,A2D2-3A8C,FLT-3A8C-001,29.500000,-82.100000,150,14,0,Mavic Pro,false,drone_images/Mavic Pro.png,29.495000,-82.105000,29.494500,-82.105300,apolloshield_df,camera,215.08339,10,5770000000,GMMM00MM08850001V64F,bluvec2.0-GMMM00MM08850001V64F,150,GREEN,NONE
1772109788000,A2D2-3A8C,FLT-3A8C-001,29.500000,-82.100000,150,14,0,Mavic Pro,false,drone_images/Mavic Pro.png,29.495000,-82.105000,29.494500,-82.105300,apolloshield_df,camera,215.08339,10,5770000000,GMMM00MM08850001V64F,bluvec2.0-GMMM00MM08850001V64F,150,GREEN,NONE
1772109788000,A2D2-3A8C,FLT-3A8C-001,29.500000,-82.100000,150,14,0,Mavic Pro,false,drone_images/Mavic Pro.png,29.495000,-82.105000,29.494500,-82.105300,apolloshield_df,camera,215.08339,10,5770000000,GMMM00MM08850001V64F,bluvec2.0-GMMM00MM08850001V64F,150,GREEN,NONE
1772109788000,A2D2-3A8C,FLT-3A8C-001,29.500000,-82.100000,150,14,0,Mavic Pro,false,drone_images/Mavic Pro.png,29.495000,-82.105000,29.494500,-82.105300,apolloshield_df,camera,215.08339,10,5770000000,GMMM00MM08850001V64F,bluvec2.0-GMMM00MM08850001V64F,150,GREEN,NONE
1772109788000,A2D2-3A8C,FLT-3A8C-001,29.500000,-82.100000,150,14,0,Mavic Pro,false,drone_images/Mavic Pro.png,29.495000,-82.105000,29.494500,-82.105300,apolloshield_df,camera,215.08339,10,5770000000,GMMM00MM08850001V64F,bluvec2.0-GMMM00MM08850001V64F,150,GREEN,NONE
1772109788000,A2D2-3A8C,FLT-3A8C-001,29.500000,-82.100000,150,14,0,Mavic Pro,false,drone_images/Mavic Pro.png,29.495000,-82.105000,29.494500,-82.105300,apolloshield_df,camera,215.08339,10,5770000000,GMMM00MM08850001V64F,bluvec2.0-GMMM00MM08850001V64F,150,GREEN,NONE
1772109788000,A2D2-3A8C,FLT-3A8C-001,29.500000,-82.100000,150,14,0,Mavic Pro,false,drone_images/Mavic Pro.png,29.495000,-82.105000,29.494500,-82.105300,apolloshield_df,camera,215.08339,10,5770000000,GMMM00MM08850001V64F,bluvec2.0-GMMM00MM08850001V64F,150,GREEN,NONE
1772109788000,A2D2-3A8C,FLT-3A8C-001,29.500000,-82.100000,150,14,0,Mavic Pro,false,drone_images/Mavic Pro.png,29.495000,-82.105000,29.494500,-82.105300,apolloshield_df,camera,215.08339,10,5770000000,GMMM00MM08850001V64F,bluvec2.0-GMMM00MM08850001V64F,150,GREEN,NONE
1772109788000,A2D2-3A8C,FLT-3A8C-001,29.500000,-82.100000,150,14,0,Mavic Pro,false,drone_images/Mavic Pro.png,29.495000,-82.105000,29.494500,-82.105300,apolloshield_df,camera,215.08339,10,5770000000,GMMM00MM08850001V64F,bluvec2.0-GMMM00MM08850001V64F,150,GREEN,NONE
1772109788000,A2D2-3A8C,FLT-3A8C-001,29.500000,-82.100000,150,14,0,Mavic Pro,false,drone_images/Mavic Pro.png,29.495000,-82.105000,29.494500,-82.105300,apolloshield_df,camera,215.08339,10,5770000000,GMMM00MM08850001V64F,bluvec2.0-GMMM00MM08850001V64F,150,GREEN,NONE
1772109788000,A2D2-3A8C,FLT-3A8C-001,29.500000,-82.100000,150,14,0,Mavic Pro,false,drone_images/Mavic Pro.png,29.495000,-82.105000,29.494500,-82.105300,apolloshield_df,camera,215.08339,10,5770000000,GMMM00MM08850001V64F,bluvec2.0-GMMM00MM08850001V64F,150,GREEN,NONE
1772109788000,A2D2-3A8C,FLT-3A8C-001,29.500000,-82.100000,150,14,0,Mavic Pro,false,drone_images/Mavic Pro.png,29.495000,-82.105000,29.494500,-82.105300,apolloshield_df,camera,215.08339,10,5770000000,GMMM00MM08850001V64F,bluvec2.0-GMMM00MM08850001V64F,150,GREEN,NONE
1772109788000,A2D2-3A8C,FLT-3A8C-001,29.500000,-82.100000,150,14,0,Mavic Pro,false,drone_images/Mavic Pro.png,29.495000,-82.105000,29.494500,-82.105300,apolloshield_df,camera,215.08339,10,5770000000,GMMM00MM08850001V64F,bluvec2.0-GMMM00MM08850001V64F,150,GREEN,NONE
1772109788000,A2D2-3A8C,FLT-3A8C-001,29.500000,-82.100000,150,14,0,Mavic Pro,false,drone_images/Mavic Pro.png,29.495000,-82.105000,29.494500,-82.105300,apolloshield_df,camera,215.08339,10,5770000000,GMMM00MM08850001V64F,bluvec2.0-GMMM00MM08850001V64F,150,GREEN,NONE
1772109788000,A2D2-3A8C,FLT-3A8C-001,29.500000,-82.100000,150,14,0,Mavic Pro,false,drone_images/Mavic Pro.png,29.495000,-82.105000,29.494500,-82.105300,apolloshield_df,camera,215.08339,10,5770000000,GMMM00MM08850001V64F,bluvec2.0-GMMM00MM08850001V64F,150,GREEN,NONE
1772109788000,A2D2-3A8C,FLT-3A8C-001,29.500000,-82.100000,150,14,0,Mavic Pro,false,drone_images/Mavic Pro.png,29.495000,-82.105000,29.494500,-82.105300,apolloshield_df,camera,215.08339,10,5770000000,GMMM00MM08850001V64F,bluvec2.0-GMMM00MM08850001V64F,150,GREEN,NONE
1772109788000,A2D2-3A8C,FLT-3A8C-001,29.500000,-82.100000,150,14,0,Mavic Pro,false,drone_images/Mavic Pro.png,29.495000,-82.105000,29.494500,-82.105300,apolloshield_df,camera,215.08339,10,5770000000,GMMM00MM08850001V64F,bluvec2.0-GMMM00MM08850001V64F,150,GREEN,NONE
1772109788000,A2D2-3A8C,FLT-3A8C-001,29.500000,-82.100000,150,14,0,Mavic Pro,false,drone_images/Mavic Pro.png,29.495000,-82.105000,29.494500,-82.105300,apolloshield_df,camera,215.08339,10,5770000000,GMMM00MM08850001V64F,bluvec2.0-GMMM00MM08850001V64F,150,GREEN,NONE
1772109788000,A2D2-3A8C,FLT-3A8C-001,29.500000,-82.100000,150,14,0,Mavic Pro,false,drone_images/Mavic Pro.png,29.495000,-82.105000,29.494500,-82.105300,apolloshield_df,camera,215.08339,10,5770000000,GMMM00MM08850001V64F,bluvec2.0-GMMM00MM08850001V64F,150,GREEN,NONE
1772109788000,A2D2-3A8C,FLT-3A8C-001,29.500000,-82.100000,150,14,0,Mavic Pro,false,drone_images/Mavic Pro.png,29.495000,-82.105000,29.494500,-82.105300,apolloshield_df,camera,215.08339,10,5770000000,GMMM00MM08850001V64F,bluvec2.0-GMMM00MM08850001V64F,150,GREEN,NONE
1772109788000,A2D2-3A8C,FLT-3A8C-001,29.500000,-82.100000,150,14,0,Mavic Pro,false,drone_images/Mavic Pro.png,29.495000,-82.105000,29.494500,-82.105300,apolloshield_df,camera,215.08339,10,5770000000,GMMM00MM08850001V64F,bluvec2.0-GMMM00MM08850001V64F,150,GREEN,NONE
1772109788000,A2D2-3A8C,FLT-3A8C-001,29.500000,-82.100000,150,14,0,Mavic Pro,false,drone_images/Mavic Pro.png,29.495000,-82.105000,29.494500,-82.105300,apolloshield_df,camera,215.08339,10,5770000000,GMMM00MM08850001V64F,bluvec2.0-GMMM00MM08850001V64F,150,GREEN,NONE
1772109788000,A2D2-3A8C,FLT-3A8C-001,29.500000,-82.100000,150,14,0,Mavic Pro,false,drone_images/Mavic Pro.png,29.495000,-82.105000,29.494500,-82.105300,apolloshield_df,camera,215.08339,10,5770000000,GMMM00MM08850001V64F,bluvec2.0-GMMM00MM08850001V64F,150,GREEN,NONE
1772109788000,A2D2-3A8C,FLT-3A8C-001,29.500000,-82.100000,150,14,0,Mavic Pro,false,drone_images/Mavic Pro.png,29.495000,-82.105000,29.494500,-82.105300,apolloshield_df,camera,215.08339,10,5770000000,GMMM00MM08850001V64F,bluvec2.0-GMMM00MM08850001V64F,150,GREEN,NONE
1772109788000,A2D2-3A8C,FLT-3A8C-001,29.500000,-82.100000,150,14,0,Mavic Pro,false,drone_images/Mavic Pro.png,29.495000,-82.105000,29.494500,-82.105300,apolloshield_df,camera,215.08339,10,5770000000,GMMM00MM08850001V64F,bluvec2.0-GMMM00MM08850001V64F,150,GREEN,NONE
1772109788000,A2D2-3A8C,FLT-3A8C-001,29.500000,-82.100000,150,14,0,Mavic Pro,false,drone_images/Mavic Pro.png,29.495000,-82.105000,29.494500,-82.105300,apolloshield_df,camera,215.08339,10,5770000000,GMMM00MM08850001V64F,bluvec2.0-GMMM00MM08850001V64F,150,GREEN,NONE
1772109788000,A2D2-3A8C,FLT-3A8C-001,29.500000,-82.100000,150,14,0,Mavic Pro,false,drone_images/Mavic Pro.png,29.495000,-82.105000,29.494500,-82.105300,apolloshield_df,camera,215.08339,10,5770000000,GMMM00MM08850001V64F,bluvec2.0-GMMM00MM08850001V64F,150,GREEN,NONE
1772109788000,A2D2-3A8C,FLT-3A8C-001,29.500000,-82.100000,150,14,0,Mavic Pro,false,drone_images/Mavic Pro.png,29.495000,-82.105000,29.494500,-82.105300,apolloshield_df,camera,215.08339,10,5770000000,GMMM00MM08850001V64F,bluvec2.0-GMMM00MM08850001V64F,150,GREEN,NONE
1772109788000,A2D2-3A8C,FLT-3A8C-001,29.500000,-82.100000,150,14,0,Mavic Pro,false,drone_images/Mavic Pro.png,29.495000,-82.105000,29.494500,-82.105300,apolloshield_df,camera,215.08339,10,5770000000,GMMM00MM08850001V64F,bluvec2.0-GMMM00MM08850001V64F,150,GREEN,NONE
1772109788000,A2D2-3A8C,FLT-3A8C-001,29.500000,-82.100000,150,14,0,Mavic Pro,false,drone_images/Mavic Pro.png,29.495000,-82.105000,29.494500,-82.105300,apolloshield_df,camera,215.08339,10,5770000000,GMMM00MM08850001V64F,bluvec2.0-GMMM00MM08850001V64F,150,GREEN,NONE
1772109788000,A2D2-3A8C,FLT-3A8C-001,29.500000,-82.100000,150,14,0,Mavic Pro,false,drone_images/Mavic Pro.png,29.495000,-82.105000,29.494500,-82.105300,apolloshield_df,camera,215.08339,10,5770000000,GMMM00MM08850001V64F,bluvec2.0-GMMM00MM08850001V64F,150,GREEN,NONE
1772109788000,A2D2-3A8C,FLT-3A8C-001,29.500000,-82.100000,150,14,0,Mavic Pro,false,drone_images/Mavic Pro.png,29.495000,-82.105000,29.494500,-82.105300,apolloshield_df,camera,215.08339,10,5770000000,GMMM00MM08850001V64F,bluvec2.0-GMMM00MM08850001V64F,150,GREEN,NONE
1772109788000,A2D2-3A8C,FLT-3A8C-001,29.500000,-82.100000,150,14,0,Mavic Pro,false,drone_images/Mavic Pro.png,29.495000,-82.105000,29.494500,-82.105300,apolloshield_df,camera,215.08339,10,5770000000,GMMM00MM08850001V64F,bluvec2.0-GMMM00MM08850001V64F,150,GREEN,NONE
1772109788000,A2D2-3A8C,FLT-3A8C-001,29.500000,-82.100000,150,14,0,Mavic Pro,false,drone_images/Mavic Pro.png,29.495000,-82.105000,29.494500,-82.105300,apolloshield_df,camera,215.08339,10,5770000000,GMMM00MM08850001V64F,bluvec2.0-GMMM00MM08850001V64F,150,GREEN,NONE
1772109788000,A2D2-3A8C,FLT-3A8C-001,29.500000,-82.100000,150,14,0,Mavic Pro,false,drone_images/Mavic Pro.png,29.495000,-82.105000,29.494500,-82.105300,apolloshield_df,camera,215.08339,10,5770000000,GMMM00MM08850001V64F,bluvec2.0-GMMM00MM08850001V64F,150,GREEN,NONE
1772109788000,A2D2-3A8C,FLT-3A8C-001,29.500000,-82.100000,150,14,0,Mavic Pro,false,drone_images/Mavic Pro.png,29.495000,-82.105000,29.494500,-82.105300,apolloshield_df,camera,215.08339,10,5770000000,GMMM00MM08850001V64F,bluvec2.0-GMMM00MM08850001V64F,150,GREEN,NONE
1772109788000,A2D2-3A8C,FLT-3A8C-001,29.500000,-82.100000,150,14,0,Mavic Pro,false,drone_images/Mavic Pro.png,29.495000,-82.105000,29.494500,-82.105300,apolloshield_df,camera,215.08339,10,5770000000,GMMM00MM08850001V64F,bluvec2.0-GMMM00MM08850001V64F,150,GREEN,NONE
1772109788000,A2D2-3A8C,FLT-3A8C-001,29.500000,-82.100000,150,14,0,Mavic Pro,false,drone_images/Mavic Pro.png,29.495000,-82.105000,29.494500,-82.105300,apolloshield_df,camera,215.08339,10,5770000000,GMMM00MM08850001V64F,bluvec2.0-GMMM00MM08850001V64F,150,GREEN,NONE
1772109788000,A2D2-3A8C,FLT-3A8C-001,29.500000,-82.100000,150,14,0,Mavic Pro,false,drone_images/Mavic Pro.png,29.495000,-82.105000,29.494500,-82.105300,apolloshield_df,camera,215.08339,10,5770000000,GMMM00MM08850001V64F,bluvec2.0-GMMM00MM08850001V64F,150,GREEN,NONE
1772109788000,A2D2-3A8C,FLT-3A8C-001,29.500000,-82.100000,150,14,0,Mavic Pro,false,drone_images/Mavic Pro.png,29.495000,-82.105000,29.494500,-82.105300,apolloshield_df,camera,215.08339,10,5770000000,GMMM00MM08850001V64F,bluvec2.0-GMMM00MM08850001V64F,150,GREEN,NONE
1772109788000,A2D2-3A8C,FLT-3A8C-001,29.500000,-82.100000,150,14,0,Mavic Pro,false,drone_images/Mavic Pro.png,29.495000,-82.105000,29.494500,-82.105300,apolloshield_df,camera,215.08339,10,5770000000,GMMM00MM08850001V64F,bluvec2.0-GMMM00MM08850001V64F,150,GREEN,NONE
1772109788000,A2D2-3A8C,FLT-3A8C-001,29.500000,-82.100000,150,14,0,Mavic Pro,false,drone_images/Mavic Pro.png,29.495000,-82.105000,29.494500,-82.105300,apolloshield_df,camera,215.08339,10,5770000000,GMMM00MM08850001V64F,bluvec2.0-GMMM00MM08850001V64F,150,GREEN,NONE
1772109788000,A2D2-3A8C,FLT-3A8C-001,29.500000,-82.100000,150,14,0,Mavic Pro,false,drone_images/Mavic Pro.png,29.495000,-82.105000,29.494500,-82.105300,apolloshield_df,camera,215.08339,10,5770000000,GMMM00MM08850001V64F,bluvec2.0-GMMM00MM08850001V64F,150,GREEN,NONE
1772109788000,A2D2-3A8C,FLT-3A8C-001,29.500000,-82.100000,150,14,0,Mavic Pro,false,drone_images/Mavic Pro.png,29.495000,-82.105000,29.494500,-82.105300,apolloshield_df,camera,215.08339,10,5770000000,GMMM00MM08850001V64F,bluvec2.0-GMMM00MM08850001V64F,150,GREEN,NONE
1772109788000,A2D2-3A8C,FLT-3A8C-001,29.500000,-82.100000,150,14,0,Mavic Pro,false,drone_images/Mavic Pro.png,29.495000,-82.105000,29.494500,-82.105300,apolloshield_df,camera,215.08339,10,5770000000,GMMM00MM08850001V64F,bluvec2.0-GMMM00MM08850001V64F,150,GREEN,NONE
1772109788000,A2D2-3A8C,FLT-3A8C-001,29.500000,-82.100000,150,14,0,Mavic Pro,false,drone_images/Mavic Pro.png,29.495000,-82.105000,29.494500,-82.105300,apolloshield_df,camera,215.08339,10,5770000000,GMMM00MM08850001V64F,bluvec2.0-GMMM00MM08850001V64F,150,GREEN,NONE
1772109788000,A2D2-3A8C,FLT-3A8C-001,29.500000,-82.100000,150,14,0,Mavic Pro,false,drone_images/Mavic Pro.png,29.495000,-82.105000,29.494500,-82.105300,apolloshield_df,camera,215.08339,10,5770000000,GMMM00MM08850001V64F,bluvec2.0-GMMM00MM08850001V64F,150,GREEN,NONE
1772109788000,A2D2-3A8C,FLT-3A8C-001,29.500000,-82.100000,150,14,0,Mavic Pro,false,drone_images/Mavic Pro.png,29.495000,-82.105000,29.494500,-82.105300,apolloshield_df,camera,215.08339,10,5770000000,GMMM00MM08850001V64F,bluvec2.0-GMMM00MM08850001V64F,150,GREEN,NONE
1772109788000,A2D2-3A8C,FLT-3A8C-001,29.500000,-82.100000,150,14,0,Mavic Pro,false,drone_images/Mavic Pro.png,29.495000,-82.105000,29.494500,-82.105300,apolloshield_df,camera,215.08339,10,5770000000,GMMM00MM08850001V64F,bluvec2.0-GMMM00MM08850001V64F,150,GREEN,NONE
1772109788000,A2D2-3A8C,FLT-3A8C-001,29.500000,-82.100000,150,14,0,Mavic Pro,false,drone_images/Mavic Pro.png,29.495000,-82.105000,29.494500,-82.105300,apolloshield_df,camera,215.08339,10,5770000000,GMMM00MM08850001V64F,bluvec2.0-GMMM00MM08850001V64F,150,GREEN,NONE
1772109788000,A2D2-3A8C,FLT-3A8C-001,29.500000,-82.100000,150,14,0,Mavic Pro,false,drone_images/Mavic Pro.png,29.495000,-82.105000,29.494500,-82.105300,apolloshield_df,camera,215.08339,10,5770000000,GMMM00MM08850001V64F,bluvec2.0-GMMM00MM08850001V64F,150,GREEN,NONE
1772109788000,A2D2-3A8C,FLT-3A8C-001,29.500000,-82.100000,150,14,0,Mavic Pro,false,drone_images/Mavic Pro.png,29.495000,-82.105000,29.494500,-82.105300,apolloshield_df,camera,215.08339,10,5770000000,GMMM00MM08850001V64F,bluvec2.0-GMMM00MM08850001V64F,150,GREEN,NONE
1772109788000,A2D2-3A8C,FLT-3A8C-001,29.500000,-82.100000,150,14,0,Mavic Pro,false,drone_images/Mavic Pro.png,29.495000,-82.105000,29.494500,-82.105300,apolloshield_df,camera,215.08339,10,5770000000,GMMM00MM08850001V64F,bluvec2.0-GMMM00MM08850001V64F,150,GREEN,NONE
1772109788000,A2D2-3A8C,FLT-3A8C-001,29.500000,-82.100000,150,14,0,Mavic Pro,false,drone_images/Mavic Pro.png,29.495000,-82.105000,29.494500,-82.105300,apolloshield_df,camera,215.08339,10,5770000000,GMMM00MM08850001V64F,bluvec2.0-GMMM00MM08850001V64F,150,GREEN,NONE
1772109788000,A2D2-3A8C,FLT-3A8C-001,29.500000,-82.100000,150,14,0,Mavic Pro,false,drone_images/Mavic Pro.png,29.495000,-82.105000,29.494500,-82.105300,apolloshield_df,camera,215.08339,10,5770000000,GMMM00MM08850001V64F,bluvec2.0-GMMM00MM08850001V64F,150,GREEN,NONE
1772109788000,A2D2-3A8C,FLT-3A8C-001,29.500000,-82.100000,150,14,0,Mavic Pro,false,drone_images/Mavic Pro.png,29.495000,-82.105000,29.494500,-82.105300,apolloshield_df,camera,215.08339,10,5770000000,GMMM00MM08850001V64F,bluvec2.0-GMMM00MM08850001V64F,150,GREEN,NONE
1772109788000,A2D2-3A8C,FLT-3A8C-001,29.500000,-82.100000,150,14,0,Mavic Pro,false,drone_images/Mavic Pro.png,29.495000,-82.105000,29.494500,-82.105300,apolloshield_df,camera,215.08339,10,5770000000,GMMM00MM08850001V64F,bluvec2.0-GMMM00MM08850001V64F,150,GREEN,NONE
1772109788000,A2D2-3A8C,FLT-3A8C-001,29.500000,-82.100000,150,14,0,Mavic Pro,false,drone_images/Mavic Pro.png,29.495000,-82.105000,29.494500,-82.105300,apolloshield_df,camera,215.08339,10,5770000000,GMMM00MM08850001V64F,bluvec2.0-GMMM00MM08850001V64F,150,GREEN,NONE
1772109788000,A2D2-3A8C,FLT-3A8C-001,29.500000,-82.100000,150,14,0,Mavic Pro,false,drone_images/Mavic Pro.png,29.495000,-82.105000,29.494500,-82.105300,apolloshield_df,camera,215.08339,10,5770000000,GMMM00MM08850001V64F,bluvec2.0-GMMM00MM08850001V64F,150,GREEN,NONE
1772109788000,A2D2-3A8C,FLT-3A8C-001,29.500000,-82.100000,150,14,0,Mavic Pro,false,drone_images/Mavic Pro.png,29.495000,-82.105000,29.494500,-82.105300,apolloshield_df,camera,215.08339,10,5770000000,GMMM00MM08850001V64F,bluvec2.0-GMMM00MM08850001V64F,150,GREEN,NONE
1772109788000,A2D2-3A8C,FLT-3A8C-001,29.500000,-82.100000,150,14,0,Mavic Pro,false,drone_images/Mavic Pro.png,29.495000,-82.105000,29.494500,-82.105300,apolloshield_df,camera,215.08339,10,5770000000,GMMM00MM08850001V64F,bluvec2.0-GMMM00MM08850001V64F,150,GREEN,NONE
1772109788000,A2D2-3A8C,FLT-3A8C-001,29.500000,-82.100000,150,14,0,Mavic Pro,false,drone_images/Mavic Pro.png,29.495000,-82.105000,29.494500,-82.105300,apolloshield_df,camera,215.08339,10,5770000000,GMMM00MM08850001V64F,bluvec2.0-GMMM00MM08850001V64F,150,GREEN,NONE
1772109788000,A2D2-3A8C,FLT-3A8C-001,29.500000,-82.100000,150,14,0,Mavic Pro,false,drone_images/Mavic Pro.png,29.495000,-82.105000,29.494500,-82.105300,apolloshield_df,camera,215.08339,10,5770000000,GMMM00MM08850001V64F,bluvec2.0-GMMM00MM08850001V64F,150,GREEN,NONE
1772109788000,A2D2-3A8C,FLT-3A8C-001,29.500000,-82.100000,150,14,0,Mavic Pro,false,drone_images/Mavic Pro.png,29.495000,-82.105000,29.494500,-82.105300,apolloshield_df,camera,215.08339,10,5770000000,GMMM00MM08850001V64F,bluvec2.0-GMMM00MM08850001V64F,150,GREEN,NONE
1772109788000,A2D2-3A8C,FLT-3A8C-001,29.500000,-82.100000,150,14,0,Mavic Pro,false,drone_images/Mavic Pro.png,29.495000,-82.105000,29.494500,-82.105300,apolloshield_df,camera,215.08339,10,5770000000,GMMM00MM08850001V64F,bluvec2.0-GMMM00MM08850001V64F,150,GREEN,NONE
1772109788000,A2D2-3A8C,FLT-3A8C-001,29.500000,-82.100000,150,14,0,Mavic Pro,false,drone_images/Mavic Pro.png,29.495000,-82.105000,29.494500,-82.105300,apolloshield_df,camera,215.08339,10,5770000000,GMMM00MM08850001V64F,bluvec2.0-GMMM00MM08850001V64F,150,GREEN,NONE
1772109788000,A2D2-3A8C,FLT-3A8C-001,29.500000,-82.100000,150,14,0,Mavic Pro,false,drone_images/Mavic Pro.png,29.495000,-82.105000,29.494500,-82.105300,apolloshield_df,camera,215.08339,10,5770000000,GMMM00MM08850001V64F,bluvec2.0-GMMM00MM08850001V64F,150,GREEN,NONE
1772109788000,A2D2-3A8C,FLT-3A8C-001,29.500000,-82.100000,150,14,0,Mavic Pro,false,drone_images/Mavic Pro.png,29.495000,-82.105000,29.494500,-82.105300,apolloshield_df,camera,215.08339,10,5770000000,GMMM00MM08850001V64F,bluvec2.0-GMMM00MM08850001V64F,150,GREEN,NONE
1772109788000,A2D2-3A8C,FLT-3A8C-001,29.500000,-82.100000,150,14,0,Mavic Pro,false,drone_images/Mavic Pro.png,29.495000,-82.105000,29.494500,-82.105300,apolloshield_df,camera,215.08339,10,5770000000,GMMM00MM08850001V64F,bluvec2.0-GMMM00MM08850001V64F,150,GREEN,NONE
1772109788000,A2D2-3A8C,FLT-3A8C-001,29.500000,-82.100000,150,14,0,Mavic Pro,false,drone_images/Mavic Pro.png,29.495000,-82.105000,29.494500,-82.105300,apolloshield_df,camera,215.08339,10,5770000000,GMMM00MM08850001V64F,bluvec2.0-GMMM00MM08850001V64F,150,GREEN,NONE
1772109788000,A2D2-3A8C,FLT-3A8C-001,29.500000,-82.100000,150,14,0,Mavic Pro,false,drone_images/Mavic Pro.png,29.495000,-82.105000,29.494500,-82.105300,apolloshield_df,camera,215.08339,10,5770000000,GMMM00MM08850001V64F,bluvec2.0-GMMM00MM08850001V64F,150,GREEN,NONE
1772109788000,A2D2-3A8C,FLT-3A8C-001,29.500000,-82.100000,150,14,0,Mavic Pro,false,drone_images/Mavic Pro.png,29.495000,-82.105000,29.494500,-82.105300,apolloshield_df,camera,215.08339,10,5770000000,GMMM00MM08850001V64F,bluvec2.0-GMMM00MM08850001V64F,150,GREEN,NONE
1772109788000,A2D2-3A8C,FLT-3A8C-001,29.500000,-82.100000,150,14,0,Mavic Pro,false,drone_images/Mavic Pro.png,29.495000,-82.105000,29.494500,-82.105300,apolloshield_df,camera,215.08339,10,5770000000,GMMM00MM08850001V64F,bluvec2.0-GMMM00MM08850001V64F,150,GREEN,NONE
1772109788000,A2D2-3A8C,FLT-3A8C-001,29.500000,-82.100000,150,14,0,Mavic Pro,false,drone_images/Mavic Pro.png,29.495000,-82.105000,29.494500,-82.105300,apolloshield_df,camera,215.08339,10,5770000000,GMMM00MM08850001V64F,bluvec2.0-GMMM00MM08850001V64F,150,GREEN,NONE
1772109788000,A2D2-3A8C,FLT-3A8C-001,29.500000,-82.100000,150,14,0,Mavic Pro,false,drone_images/Mavic Pro.png,29.495000,-82.105000,29.494500,-82.105300,apolloshield_df,camera,215.08339,10,5770000000,GMMM00MM08850001V64F,bluvec2.0-GMMM00MM08850001V64F,150,GREEN,NONE
1772109788000,A2D2-3A8C,FLT-3A8C-001,29.500000,-82.100000,150,14,0,Mavic Pro,false,drone_images/Mavic Pro.png,29.495000,-82.105000,29.494500,-82.105300,apolloshield_df,camera,215.08339,10,5770000000,GMMM00MM08850001V64F,bluvec2.0-GMMM00MM08850001V64F,150,GREEN,NONE
1772109788000,A2D2-3A8C,FLT-3A8C-001,29.500000,-82.100000,150,14,0,Mavic Pro,false,drone_images/Mavic Pro.png,29.495000,-82.105000,29.494500,-82.105300,apolloshield_df,camera,215.08339,10,5770000000,GMMM00MM08850001V64F,bluvec2.0-GMMM00MM08850001V64F,150,GREEN,NONE
1772109788000,A2D2-3A8C,FLT-3A8C-001,29.500000,-82.100000,150,14,0,Mavic Pro,false,drone_images/Mavic Pro.png,29.495000,-82.105000,29.494500,-82.105300,apolloshield_df,camera,215.08339,10,5770000000,GMMM00MM08850001V64F,bluvec2.0-GMMM00MM08850001V64F,150,GREEN,NONE
1772109788000,A2D2-3A8C,FLT-3A8C-001,29.500000,-82.100000,150,14,0,Mavic Pro,false,drone_images/Mavic Pro.png,29.495000,-82.105000,29.494500,-82.105300,apolloshield_df,camera,215.08339,10,5770000000,GMMM00MM08850001V64F,bluvec2.0-GMMM00MM08850001V64F,150,GREEN,NONE
1772109788000,A2D2-3A8C,FLT-3A8C-001,29.500000,-82.100000,150,14,0,Mavic Pro,false,drone_images/Mavic Pro.png,29.495000,-82.105000,29.494500,-82.105300,apolloshield_df,camera,215.08339,10,5770000000,GMMM00MM08850001V64F,bluvec2.0-GMMM00MM08850001V64F,150,GREEN,NONE
1772109788000,A2D2-3A8C,FLT-3A8C-001,29.500000,-82.100000,150,14,0,Mavic Pro,false,drone_images/Mavic Pro.png,29.495000,-82.105000,29.494500,-82.105300,apolloshield_df,camera,215.08339,10,5770000000,GMMM00MM08850001V64F,bluvec2.0-GMMM00MM08850001V64F,150,GREEN,NONE
1772109788000,A2D2-3A8C,FLT-3A8C-001,29.500000,-82.100000,150,14,0,Mavic Pro,false,drone_images/Mavic Pro.png,29.495000,-82.105000,29.494500,-82.105300,apolloshield_df,camera,215.08339,10,5770000000,GMMM00MM08850001V64F,bluvec2.0-GMMM00MM08850001V64F,150,GREEN,NONE
1772109788000,A2D2-3A8C,FLT-3A8C-001,29.500000,-82.100000,150,14,0,Mavic Pro,false,drone_images/Mavic Pro.png,29.495000,-82.105000,29.494500,-82.105300,apolloshield_df,camera,215.08339,10,5770000000,GMMM00MM08850001V64F,bluvec2.0-GMMM00MM08850001V64F,150,GREEN,NONE
1772109788000,A2D2-3A8C,FLT-3A8C-001,29.500000,-82.100000,150,14,0,Mavic Pro,false,drone_images/Mavic Pro.png,29.495000,-82.105000,29.494500,-82.105300,apolloshield_df,camera,215.08339,10,5770000000,GMMM00MM08850001V64F,bluvec2.0-GMMM00MM08850001V64F,150,GREEN,NONE
1772109788000,A2D2-3A8C,FLT-3A8C-001,29.500000,-82.100000,150,14,0,Mavic Pro,false,drone_images/Mavic Pro.png,29.495000,-82.105000,29.494500,-82.105300,apolloshield_df,camera,215.08339,10,5770000000,GMMM00MM08850001V64F,bluvec2.0-GMMM00MM08850001V64F,150,GREEN,NONE
1772109788000,A2D2-3A8C,FLT-3A8C-001,29.500000,-82.100000,150,14,0,Mavic Pro,false,drone_images/Mavic Pro.png,29.495000,-82.105000,29.494500,-82.105300,apolloshield_df,camera,215.08339,10,5770000000,GMMM00MM08850001V64F,bluvec2.0-GMMM00MM08850001V64F,150,GREEN,NONE
1772109788000,A2D2-3A8C,FLT-3A8C-001,29.500000,-82.100000,150,14,0,Mavic Pro,false,drone_images/Mavic Pro.png,29.495000,-82.105000,29.494500,-82.105300,apolloshield_df,camera,215.08339,10,5770000000,GMMM00MM08850001V64F,bluvec2.0-GMMM00MM08850001V64F,150,GREEN,NONE
1772109788000,A2D2-3A8C,FLT-3A8C-001,29.500000,-82.100000,150,14,0,Mavic Pro,false,drone_images/Mavic Pro.png,29.495000,-82.105000,29.494500,-82.105300,apolloshield_df,camera,208.60764,10,5770000000,GMMM00MM08850001V64F,bluvec2.0-GMMM00MM08850001V64F,150,GREEN,NONE
1772109788000,A2D2-3A8C,FLT-3A8C-001,29.500000,-82.100000,150,14,0,Mavic Pro,false,drone_images/Mavic Pro.png,29.495000,-82.105000,29.494500,-82.105300,apolloshield_df,camera,211.1123,10,5770000000,GMMM00MM08850001V64F,bluvec2.0-GMMM00MM08850001V64F,150,GREEN,NONE
1772109788000,A2D2-3A8C,FLT-3A8C-001,29.500000,-82.100000,150,14,0,Mavic Pro,false,drone_images/Mavic Pro.png,29.495000,-82.105000,29.494500,-82.105300,apolloshield_df,camera,211.1123,10,5770000000,GMMM00MM08850001V64F,bluvec2.0-GMMM00MM08850001V64F,150,GREEN,NONE
1772109788000,A2D2-3A8C,FLT-3A8C-001,29.500000,-82.100000,150,14,0,Mavic Pro,false,drone_images/Mavic Pro.png,29.495000,-82.105000,29.494500,-82.105300,apolloshield_df,camera,211.1123,10,5770000000,GMMM00MM08850001V64F,bluvec2.0-GMMM00MM08850001V64F,150,GREEN,NONE
1772109788000,A2D2-3A8C,FLT-3A8C-001,29.500000,-82.100000,150,14,0,Mavic Pro,false,drone_images/Mavic Pro.png,29.495000,-82.105000,29.494500,-82.105300,apolloshield_df,camera,211.1123,10,5770000000,GMMM00MM08850001V64F,bluvec2.0-GMMM00MM08850001V64F,150,GREEN,NONE
1772109788000,A2D2-3A8C,FLT-3A8C-001,29.500000,-82.100000,150,14,0,Mavic Pro,false,drone_images/Mavic Pro.png,29.495000,-82.105000,29.494500,-82.105300,apolloshield_df,camera,211.1123,10,5770000000,GMMM00MM08850001V64F,bluvec2.0-GMMM00MM08850001V64F,150,GREEN,NONE
1772109788000,A2D2-3A8C,FLT-3A8C-001,29.500000,-82.100000,150,14,0,Mavic Pro,false,drone_images/Mavic Pro.png,29.495000,-82.105000,29.494500,-82.105300,apolloshield_df,camera,211.1123,10,5770000000,GMMM00MM08850001V64F,bluvec2.0-GMMM00MM08850001V64F,150,GREEN,NONE
1772109788000,A2D2-3A8C,FLT-3A8C-001,29.500000,-82.100000,150,14,0,Mavic Pro,false,drone_images/Mavic Pro.png,29.495000,-82.105000,29.494500,-82.105300,apolloshield_df,camera,211.1123,10,5770000000,GMMM00MM08850001V64F,bluvec2.0-GMMM00MM08850001V64F,150,GREEN,NONE
1772109788000,A2D2-3A8C,FLT-3A8C-001,29.500000,-82.100000,150,14,0,Mavic Pro,false,drone_images/Mavic Pro.png,29.495000,-82.105000,29.494500,-82.105300,apolloshield_df,camera,211.1123,10,5770000000,GMMM00MM08850001V64F,bluvec2.0-GMMM00MM08850001V64F,150,GREEN,NONE
1772109788000,A2D2-3A8C,FLT-3A8C-001,29.500000,-82.100000,150,14,0,Mavic Pro,false,drone_images/Mavic Pro.png,29.495000,-82.105000,29.494500,-82.105300,apolloshield_df,camera,211.1123,10,5770000000,GMMM00MM08850001V64F,bluvec2.0-GMMM00MM08850001V64F,150,GREEN,NONE
1772109788000,A2D2-3A8C,FLT-3A8C-001,29.500000,-82.100000,150,14,0,Mavic Pro,false,drone_images/Mavic Pro.png,29.495000,-82.105000,29.494500,-82.105300,apolloshield_df,camera,211.1123,10,5770000000,GMMM00MM08850001V64F,bluvec2.0-GMMM00MM08850001V64F,150,GREEN,NONE
1772109788000,A2D2-3A8C,FLT-3A8C-001,29.500000,-82.100000,150,14,0,Mavic Pro,false,drone_images/Mavic Pro.png,29.495000,-82.105000,29.494500,-82.105300,apolloshield_df,camera,211.1123,10,5770000000,GMMM00MM08850001V64F,bluvec2.0-GMMM00MM08850001V64F,150,GREEN,NONE
1772109788000,A2D2-3A8C,FLT-3A8C-001,29.500000,-82.100000,150,14,0,Mavic Pro,false,drone_images/Mavic Pro.png,29.495000,-82.105000,29.494500,-82.105300,apolloshield_df,camera,211.1123,10,5770000000,GMMM00MM08850001V64F,bluvec2.0-GMMM00MM08850001V64F,150,GREEN,NONE
1772109788000,A2D2-3A8C,FLT-3A8C-001,29.500000,-82.100000,150,14,0,Mavic Pro,false,drone_images/Mavic Pro.png,29.495000,-82.105000,29.494500,-82.105300,apolloshield_df,camera,211.1123,10,5770000000,GMMM00MM08850001V64F,bluvec2.0-GMMM00MM08850001V64F,150,GREEN,NONE
1772109788000,A2D2-3A8C,FLT-3A8C-001,29.500000,-82.100000,150,14,0,Mavic Pro,false,drone_images/Mavic Pro.png,29.495000,-82.105000,29.494500,-82.105300,apolloshield_df,camera,211.1123,10,5770000000,GMMM00MM08850001V64F,bluvec2.0-GMMM00MM08850001V64F,150,GREEN,NONE
1772109788000,A2D2-3A8C,FLT-3A8C-001,29.500000,-82.100000,150,14,0,Mavic Pro,false,drone_images/Mavic Pro.png,29.495000,-82.105000,29.494500,-82.105300,apolloshield_df,camera,211.1123,10,5770000000,GMMM00MM08850001V64F,bluvec2.0-GMMM00MM08850001V64F,150,GREEN,NONE
1772109788000,A2D2-3A8C,FLT-3A8C-001,29.500000,-82.100000,150,14,0,Mavic Pro,false,drone_images/Mavic Pro.png,29.495000,-82.105000,29.494500,-82.105300,apolloshield_df,camera,211.1123,10,5770000000,GMMM00MM08850001V64F,bluvec2.0-GMMM00MM08850001V64F,150,GREEN,NONE
1772109788000,A2D2-3A8C,FLT-3A8C-001,29.500000,-82.100000,150,14,0,Mavic Pro,false,drone_images/Mavic Pro.png,29.495000,-82.105000,29.494500,-82.105300,apolloshield_df,camera,211.1123,10,5770000000,GMMM00MM08850001V64F,bluvec2.0-GMMM00MM08850001V64F,150,GREEN,NONE
1772109788000,A2D2-3A8C,FLT-3A8C-001,29.500000,-82.100000,150,14,0,Mavic Pro,false,drone_images/Mavic Pro.png,29.495000,-82.105000,29.494500,-82.105300,apolloshield_df,camera,211.1123,10,5770000000,GMMM00MM08850001V64F,bluvec2.0-GMMM00MM08850001V64F,150,GREEN,NONE
1772109788000,A2D2-3A8C,FLT-3A8C-001,29.500000,-82.100000,150,14,0,Mavic Pro,false,drone_images/Mavic Pro.png,29.495000,-82.105000,29.494500,-82.105300,apolloshield_df,camera,211.1123,10,5770000000,GMMM00MM08850001V64F,bluvec2.0-GMMM00MM08850001V64F,150,GREEN,NONE
1772109788000,A2D2-3A8C,FLT-3A8C-001,29.500000,-82.100000,150,14,0,Mavic Pro,false,drone_images/Mavic Pro.png,29.495000,-82.105000,29.494500,-82.105300,apolloshield_df,camera,211.1123,10,5770000000,GMMM00MM08850001V64F,bluvec2.0-GMMM00MM08850001V64F,150,GREEN,NONE
1772109788000,A2D2-3A8C,FLT-3A8C-001,29.500000,-82.100000,150,14,0,Mavic Pro,false,drone_images/Mavic Pro.png,29.495000,-82.105000,29.494500,-82.105300,apolloshield_df,camera,211.1123,10,5770000000,GMMM00MM08850001V64F,bluvec2.0-GMMM00MM08850001V64F,150,GREEN,NONE
1772109788000,A2D2-3A8C,FLT-3A8C-001,29.500000,-82.100000,150,14,0,Mavic Pro,false,drone_images/Mavic Pro.png,29.495000,-82.105000,29.494500,-82.105300,apolloshield_df,camera,211.1123,10,5770000000,GMMM00MM08850001V64F,bluvec2.0-GMMM00MM08850001V64F,150,GREEN,NONE
1772109788000,A2D2-3A8C,FLT-3A8C-001,29.500000,-82.100000,150,14,0,Mavic Pro,false,drone_images/Mavic Pro.png,29.495000,-82.105000,29.494500,-82.105300,apolloshield_df,camera,211.1123,10,5770000000,GMMM00MM08850001V64F,bluvec2.0-GMMM00MM08850001V64F,150,GREEN,NONE
1772109788000,A2D2-3A8C,FLT-3A8C-001,29.500000,-82.100000,150,14,0,Mavic Pro,false,drone_images/Mavic Pro.png,29.495000,-82.105000,29.494500,-82.105300,apolloshield_df,camera,211.1123,10,5770000000,GMMM00MM08850001V64F,bluvec2.0-GMMM00MM08850001V64F,150,GREEN,NONE
1772109788000,A2D2-3A8C,FLT-3A8C-001,29.500000,-82.100000,150,14,0,Mavic Pro,false,drone_images/Mavic Pro.png,29.495000,-82.105000,29.494500,-82.105300,apolloshield_df,camera,211.1123,10,5770000000,GMMM00MM08850001V64F,bluvec2.0-GMMM00MM08850001V64F,150,GREEN,NONE
1772109788000,A2D2-3A8C,FLT-3A8C-001,29.500000,-82.100000,150,14,0,Mavic Pro,false,drone_images/Mavic Pro.png,29.495000,-82.105000,29.494500,-82.105300,apolloshield_df,camera,211.1123,10,5770000000,GMMM00MM08850001V64F,bluvec2.0-GMMM00MM08850001V64F,150,GREEN,NONE
1772109788000,A2D2-3A8C,FLT-3A8C-001,29.500000,-82.100000,150,14,0,Mavic Pro,false,drone_images/Mavic Pro.png,29.495000,-82.105000,29.494500,-82.105300,apolloshield_df,camera,211.1123,10,5770000000,GMMM00MM08850001V64F,bluvec2.0-GMMM00MM08850001V64F,150,GREEN,NONE
1772109788000,A2D2-3A8C,FLT-3A8C-001,29.500000,-82.100000,150,14,0,Mavic Pro,false,drone_images/Mavic Pro.png,29.495000,-82.105000,29.494500,-82.105300,apolloshield_df,camera,211.1123,10,5770000000,GMMM00MM08850001V64F,bluvec2.0-GMMM00MM08850001V64F,150,GREEN,NONE
1772109788000,A2D2-3A8C,FLT-3A8C-001,29.500000,-82.100000,150,14,0,Mavic Pro,false,drone_images/Mavic Pro.png,29.495000,-82.105000,29.494500,-82.105300,apolloshield_df,camera,211.1123,10,5770000000,GMMM00MM08850001V64F,bluvec2.0-GMMM00MM08850001V64F,150,GREEN,NONE
1772109788000,A2D2-3A8C,FLT-3A8C-001,29.500000,-82.100000,150,14,0,Mavic Pro,false,drone_images/Mavic Pro.png,29.495000,-82.105000,29.494500,-82.105300,apolloshield_df,camera,211.1123,10,5770000000,GMMM00MM08850001V64F,bluvec2.0-GMMM00MM08850001V64F,150,GREEN,NONE
1772109788000,A2D2-3A8C,FLT-3A8C-001,29.500000,-82.100000,150,14,0,Mavic Pro,false,drone_images/Mavic Pro.png,29.495000,-82.105000,29.494500,-82.105300,apolloshield_df,camera,211.1123,10,5770000000,GMMM00MM08850001V64F,bluvec2.0-GMMM00MM08850001V64F,150,GREEN,NONE
1772109788000,A2D2-3A8C,FLT-3A8C-001,29.500000,-82.100000,150,14,0,Mavic Pro,false,drone_images/Mavic Pro.png,29.495000,-82.105000,29.494500,-82.105300,apolloshield_df,camera,211.1123,10,5770000000,GMMM00MM08850001V64F,bluvec2.0-GMMM00MM08850001V64F,150,GREEN,NONE
1772109788000,A2D2-3A8C,FLT-3A8C-001,29.500000,-82.100000,150,14,0,Mavic Pro,false,drone_images/Mavic Pro.png,29.495000,-82.105000,29.494500,-82.105300,apolloshield_df,camera,211.1123,10,5770000000,GMMM00MM08850001V64F,bluvec2.0-GMMM00MM08850001V64F,150,GREEN,NONE
1772109788000,A2D2-3A8C,FLT-3A8C-001,29.500000,-82.100000,150,14,0,Mavic Pro,false,drone_images/Mavic Pro.png,29.495000,-82.105000,29.494500,-82.105300,apolloshield_df,camera,211.1123,10,5770000000,GMMM00MM08850001V64F,bluvec2.0-GMMM00MM08850001V64F,150,GREEN,NONE
1772109788000,A2D2-3A8C,FLT-3A8C-001,29.500000,-82.100000,150,14,0,Mavic Pro,false,drone_images/Mavic Pro.png,29.495000,-82.105000,29.494500,-82.105300,apolloshield_df,camera,211.1123,10,5770000000,GMMM00MM08850001V64F,bluvec2.0-GMMM00MM08850001V64F,150,GREEN,NONE
1772109788000,A2D2-3A8C,FLT-3A8C-001,29.500000,-82.100000,150,14,0,Mavic Pro,false,drone_images/Mavic Pro.png,29.495000,-82.105000,29.494500,-82.105300,apolloshield_df,camera,211.1123,10,5770000000,GMMM00MM08850001V64F,bluvec2.0-GMMM00MM08850001V64F,150,GREEN,NONE
1772109788000,A2D2-3A8C,FLT-3A8C-001,29.500000,-82.100000,150,14,0,Mavic Pro,false,drone_images/Mavic Pro.png,29.495000,-82.105000,29.494500,-82.105300,apolloshield_df,camera,211.1123,10,5770000000,GMMM00MM08850001V64F,bluvec2.0-GMMM00MM08850001V64F,150,GREEN,NONE
1772109788000,A2D2-3A8C,FLT-3A8C-001,29.500000,-82.100000,150,14,0,Mavic Pro,false,drone_images/Mavic Pro.png,29.495000,-82.105000,29.494500,-82.105300,apolloshield_df,camera,211.1123,10,5770000000,GMMM00MM08850001V64F,bluvec2.0-GMMM00MM08850001V64F,150,GREEN,NONE
1772109788000,A2D2-3A8C,FLT-3A8C-001,29.500000,-82.100000,150,14,0,Mavic Pro,false,drone_images/Mavic Pro.png,29.495000,-82.105000,29.494500,-82.105300,apolloshield_df,camera,211.1123,10,5770000000,GMMM00MM08850001V64F,bluvec2.0-GMMM00MM08850001V64F,150,GREEN,NONE
1772109788000,A2D2-3A8C,FLT-3A8C-001,29.500000,-82.100000,150,14,0,Mavic Pro,false,drone_images/Mavic Pro.png,29.495000,-82.105000,29.494500,-82.105300,apolloshield_df,camera,211.1123,10,5770000000,GMMM00MM08850001V64F,bluvec2.0-GMMM00MM08850001V64F,150,GREEN,NONE
1772109788000,A2D2-3A8C,FLT-3A8C-001,29.500000,-82.100000,150,14,0,Mavic Pro,false,drone_images/Mavic Pro.png,29.495000,-82.105000,29.494500,-82.105300,apolloshield_df,camera,211.1123,10,5770000000,GMMM00MM08850001V64F,bluvec2.0-GMMM00MM08850001V64F,150,GREEN,NONE
1772109788000,A2D2-3A8C,FLT-3A8C-001,29.500000,-82.100000,150,14,0,Mavic Pro,false,drone_images/Mavic Pro.png,29.495000,-82.105000,29.494500,-82.105300,apolloshield_df,camera,211.1123,10,5770000000,GMMM00MM08850001V64F,bluvec2.0-GMMM00MM08850001V64F,150,GREEN,NONE
1772109788000,A2D2-3A8C,FLT-3A8C-001,29.500000,-82.100000,150,14,0,Mavic Pro,false,drone_images/Mavic Pro.png,29.495000,-82.105000,29.494500,-82.105300,apolloshield_df,camera,211.1123,10,5770000000,GMMM00MM08850001V64F,bluvec2.0-GMMM00MM08850001V64F,150,GREEN,NONE
1772109788000,A2D2-3A8C,FLT-3A8C-001,29.500000,-82.100000,150,14,0,Mavic Pro,false,drone_images/Mavic Pro.png,29.495000,-82.105000,29.494500,-82.105300,apolloshield_df,camera,211.1123,10,5770000000,GMMM00MM08850001V64F,bluvec2.0-GMMM00MM08850001V64F,150,GREEN,NONE
1772109788000,A2D2-3A8C,FLT-3A8C-001,29.500000,-82.100000,150,14,0,Mavic Pro,false,drone_images/Mavic Pro.png,29.495000,-82.105000,29.494500,-82.105300,apolloshield_df,camera,211.1123,10,5770000000,GMMM00MM08850001V64F,bluvec2.0-GMMM00MM08850001V64F,150,GREEN,NONE
1772109788000,A2D2-3A8C,FLT-3A8C-001,29.500000,-82.100000,150,14,0,Mavic Pro,false,drone_images/Mavic Pro.png,29.495000,-82.105000,29.494500,-82.105300,apolloshield_df,camera,211.1123,10,5770000000,GMMM00MM08850001V64F,bluvec2.0-GMMM00MM08850001V64F,150,GREEN,NONE
1772109788000,A2D2-3A8C,FLT-3A8C-001,29.500000,-82.100000,150,14,0,Mavic Pro,false,drone_images/Mavic Pro.png,29.495000,-82.105000,29.494500,-82.105300,apolloshield_df,camera,211.1123,10,5770000000,GMMM00MM08850001V64F,bluvec2.0-GMMM00MM08850001V64F,150,GREEN,NONE
1772109788000,A2D2-3A8C,FLT-3A8C-001,29.500000,-82.100000,150,14,0,Mavic Pro,false,drone_images/Mavic Pro.png,29.495000,-82.105000,29.494500,-82.105300,apolloshield_df,camera,211.1123,10,5770000000,GMMM00MM08850001V64F,bluvec2.0-GMMM00MM08850001V64F,150,GREEN,NONE
1772109788000,A2D2-3A8C,FLT-3A8C-001,29.500000,-82.100000,150,14,0,Mavic Pro,false,drone_images/Mavic Pro.png,29.495000,-82.105000,29.494500,-82.105300,apolloshield_df,camera,211.1123,10,5770000000,GMMM00MM08850001V64F,bluvec2.0-GMMM00MM08850001V64F,150,GREEN,NONE
1772109788000,A2D2-3A8C,FLT-3A8C-001,29.500000,-82.100000,150,14,0,Mavic Pro,false,drone_images/Mavic Pro.png,29.495000,-82.105000,29.494500,-82.105300,apolloshield_df,camera,211.1123,10,5770000000,GMMM00MM08850001V64F,bluvec2.0-GMMM00MM08850001V64F,150,GREEN,NONE
1772109788000,A2D2-3A8C,FLT-3A8C-001,29.500000,-82.100000,150,14,0,Mavic Pro,false,drone_images/Mavic Pro.png,29.495000,-82.105000,29.494500,-82.105300,apolloshield_df,camera,211.1123,10,5770000000,GMMM00MM08850001V64F,bluvec2.0-GMMM00MM08850001V64F,150,GREEN,NONE
1772109788000,A2D2-3A8C,FLT-3A8C-001,29.500000,-82.100000,150,14,0,Mavic Pro,false,drone_images/Mavic Pro.png,29.495000,-82.105000,29.494500,-82.105300,apolloshield_df,camera,211.1123,10,5770000000,GMMM00MM08850001V64F,bluvec2.0-GMMM00MM08850001V64F,150,GREEN,NONE
1772109788000,A2D2-3A8C,FLT-3A8C-001,29.500000,-82.100000,150,14,0,Mavic Pro,false,drone_images/Mavic Pro.png,29.495000,-82.105000,29.494500,-82.105300,apolloshield_df,camera,211.1123,10,5770000000,GMMM00MM08850001V64F,bluvec2.0-GMMM00MM08850001V64F,150,GREEN,NONE
1772109788000,A2D2-3A8C,FLT-3A8C-001,29.500000,-82.100000,150,14,0,Mavic Pro,false,drone_images/Mavic Pro.png,29.495000,-82.105000,29.494500,-82.105300,apolloshield_df,camera,211.1123,10,5770000000,GMMM00MM08850001V64F,bluvec2.0-GMMM00MM08850001V64F,150,GREEN,NONE
1772109788000,A2D2-3A8C,FLT-3A8C-001,29.500000,-82.100000,150,14,0,Mavic Pro,false,drone_images/Mavic Pro.png,29.495000,-82.105000,29.494500,-82.105300,apolloshield_df,camera,211.1123,10,5770000000,GMMM00MM08850001V64F,bluvec2.0-GMMM00MM08850001V64F,150,GREEN,NONE
1772109788000,A2D2-3A8C,FLT-3A8C-001,29.500000,-82.100000,150,14,0,Mavic Pro,false,drone_images/Mavic Pro.png,29.495000,-82.105000,29.494500,-82.105300,apolloshield_df,camera,211.1123,10,5770000000,GMMM00MM08850001V64F,bluvec2.0-GMMM00MM08850001V64F,150,GREEN,NONE
1772109788000,A2D2-3A8C,FLT-3A8C-001,29.500000,-82.100000,150,14,0,Mavic Pro,false,drone_images/Mavic Pro.png,29.495000,-82.105000,29.494500,-82.105300,apolloshield_df,camera,211.1123,10,5770000000,GMMM00MM08850001V64F,bluvec2.0-GMMM00MM08850001V64F,150,GREEN,NONE
1772109788000,A2D2-3A8C,FLT-3A8C-001,29.500000,-82.100000,150,14,0,Mavic Pro,false,drone_images/Mavic Pro.png,29.495000,-82.105000,29.494500,-82.105300,apolloshield_df,camera,211.1123,10,5770000000,GMMM00MM08850001V64F,bluvec2.0-GMMM00MM08850001V64F,150,GREEN,NONE
1772109788000,A2D2-3A8C,FLT-3A8C-001,29.500000,-82.100000,150,14,0,Mavic Pro,false,drone_images/Mavic Pro.png,29.495000,-82.105000,29.494500,-82.105300,apolloshield_df,camera,211.1123,10,5770000000,GMMM00MM08850001V64F,bluvec2.0-GMMM00MM08850001V64F,150,GREEN,NONE
1772109788000,A2D2-3A8C,FLT-3A8C-001,29.500000,-82.100000,150,14,0,Mavic Pro,false,drone_images/Mavic Pro.png,29.495000,-82.105000,29.494500,-82.105300,apolloshield_df,camera,211.1123,10,5770000000,GMMM00MM08850001V64F,bluvec2.0-GMMM00MM08850001V64F,150,GREEN,NONE
1772109788000,A2D2-3A8C,FLT-3A8C-001,29.500000,-82.100000,150,14,0,Mavic Pro,false,drone_images/Mavic Pro.png,29.495000,-82.105000,29.494500,-82.105300,apolloshield_df,camera,211.1123,10,5770000000,GMMM00MM08850001V64F,bluvec2.0-GMMM00MM08850001V64F,150,GREEN,NONE
1772109788000,A2D2-3A8C,FLT-3A8C-001,29.500000,-82.100000,150,14,0,Mavic Pro,false,drone_images/Mavic Pro.png,29.495000,-82.105000,29.494500,-82.105300,apolloshield_df,camera,211.1123,10,5770000000,GMMM00MM08850001V64F,bluvec2.0-GMMM00MM08850001V64F,150,GREEN,NONE
1772109788000,A2D2-3A8C,FLT-3A8C-001,29.500000,-82.100000,150,14,0,Mavic Pro,false,drone_images/Mavic Pro.png,29.495000,-82.105000,29.494500,-82.105300,apolloshield_df,camera,211.1123,10,5770000000,GMMM00MM08850001V64F,bluvec2.0-GMMM00MM08850001V64F,150,GREEN,NONE
1772109788000,A2D2-3A8C,FLT-3A8C-001,29.500000,-82.100000,150,14,0,Mavic Pro,false,drone_images/Mavic Pro.png,29.495000,-82.105000,29.494500,-82.105300,apolloshield_df,camera,211.1123,10,5770000000,GMMM00MM08850001V64F,bluvec2.0-GMMM00MM08850001V64F,150,GREEN,NONE
1772109788000,A2D2-3A8C,FLT-3A8C-001,29.500000,-82.100000,150,14,0,Mavic Pro,false,drone_images/Mavic Pro.png,29.495000,-82.105000,29.494500,-82.105300,apolloshield_df,camera,211.1123,10,5770000000,GMMM00MM08850001V64F,bluvec2.0-GMMM00MM08850001V64F,150,GREEN,NONE
1772109788000,A2D2-3A8C,FLT-3A8C-001,29.500000,-82.100000,150,14,0,Mavic Pro,false,drone_images/Mavic Pro.png,29.495000,-82.105000,29.494500,-82.105300,apolloshield_df,camera,211.1123,10,5770000000,GMMM00MM08850001V64F,bluvec2.0-GMMM00MM08850001V64F,150,GREEN,NONE
1772109788000,A2D2-3A8C,FLT-3A8C-001,29.500000,-82.100000,150,14,0,Mavic Pro,false,drone_images/Mavic Pro.png,29.495000,-82.105000,29.494500,-82.105300,apolloshield_df,camera,211.1123,10,5770000000,GMMM00MM08850001V64F,bluvec2.0-GMMM00MM08850001V64F,150,GREEN,NONE
1772109788000,A2D2-3A8C,FLT-3A8C-001,29.500000,-82.100000,150,14,0,Mavic Pro,false,drone_images/Mavic Pro.png,29.495000,-82.105000,29.494500,-82.105300,apolloshield_df,camera,211.1123,10,5770000000,GMMM00MM08850001V64F,bluvec2.0-GMMM00MM08850001V64F,150,GREEN,NONE
1772109788000,A2D2-3A8C,FLT-3A8C-001,29.500000,-82.100000,150,14,0,Mavic Pro,false,drone_images/Mavic Pro.png,29.495000,-82.105000,29.494500,-82.105300,apolloshield_df,camera,211.1123,10,5770000000,GMMM00MM08850001V64F,bluvec2.0-GMMM00MM08850001V64F,150,GREEN,NONE
1772109788000,A2D2-3A8C,FLT-3A8C-001,29.500000,-82.100000,150,14,0,Mavic Pro,false,drone_images/Mavic Pro.png,29.495000,-82.105000,29.494500,-82.105300,apolloshield_df,camera,211.1123,10,5770000000,GMMM00MM08850001V64F,bluvec2.0-GMMM00MM08850001V64F,150,GREEN,NONE
1772109788000,A2D2-3A8C,FLT-3A8C-001,29.500000,-82.100000,150,14,0,Mavic Pro,false,drone_images/Mavic Pro.png,29.495000,-82.105000,29.494500,-82.105300,apolloshield_df,camera,211.1123,10,5770000000,GMMM00MM08850001V64F,bluvec2.0-GMMM00MM08850001V64F,150,GREEN,NONE
1772109788000,A2D2-3A8C,FLT-3A8C-001,29.500000,-82.100000,150,14,0,Mavic Pro,false,drone_images/Mavic Pro.png,29.495000,-82.105000,29.494500,-82.105300,apolloshield_df,camera,211.1123,10,5770000000,GMMM00MM08850001V64F,bluvec2.0-GMMM00MM08850001V64F,150,GREEN,NONE
1772109788000,A2D2-3A8C,FLT-3A8C-001,29.500000,-82.100000,150,14,0,Mavic Pro,false,drone_images/Mavic Pro.png,29.495000,-82.105000,29.494500,-82.105300,apolloshield_df,camera,211.1123,10,5770000000,GMMM00MM08850001V64F,bluvec2.0-GMMM00MM08850001V64F,150,GREEN,NONE
1772109788000,A2D2-3A8C,FLT-3A8C-001,29.500000,-82.100000,150,14,0,Mavic Pro,false,drone_images/Mavic Pro.png,29.495000,-82.105000,29.494500,-82.105300,apolloshield_df,camera,211.1123,10,5770000000,GMMM00MM08850001V64F,bluvec2.0-GMMM00MM08850001V64F,150,GREEN,NONE
1772109788000,A2D2-3A8C,FLT-3A8C-001,29.500000,-82.100000,150,14,0,Mavic Pro,false,drone_images/Mavic Pro.png,29.495000,-82.105000,29.494500,-82.105300,apolloshield_df,camera,211.1123,10,5770000000,GMMM00MM08850001V64F,bluvec2.0-GMMM00MM08850001V64F,150,GREEN,NONE
1772109788000,A2D2-3A8C,FLT-3A8C-001,29.500000,-82.100000,150,14,0,Mavic Pro,false,drone_images/Mavic Pro.png,29.495000,-82.105000,29.494500,-82.105300,apolloshield_df,camera,211.1123,10,5770000000,GMMM00MM08850001V64F,bluvec2.0-GMMM00MM08850001V64F,150,GREEN,NONE
1772109788000,A2D2-3A8C,FLT-3A8C-001,29.500000,-82.100000,150,14,0,Mavic Pro,false,drone_images/Mavic Pro.png,29.495000,-82.105000,29.494500,-82.105300,apolloshield_df,camera,211.1123,10,5770000000,GMMM00MM08850001V64F,bluvec2.0-GMMM00MM08850001V64F,150,GREEN,NONE
1772109788000,A2D2-3A8C,FLT-3A8C-001,29.500000,-82.100000,150,14,0,Mavic Pro,false,drone_images/Mavic Pro.png,29.495000,-82.105000,29.494500,-82.105300,apolloshield_df,camera,211.1123,10,5770000000,GMMM00MM08850001V64F,bluvec2.0-GMMM00MM08850001V64F,150,GREEN,NONE
1772109788000,A2D2-3A8C,FLT-3A8C-001,29.500000,-82.100000,150,14,0,Mavic Pro,false,drone_images/Mavic Pro.png,29.495000,-82.105000,29.494500,-82.105300,apolloshield_df,camera,211.1123,10,5770000000,GMMM00MM08850001V64F,bluvec2.0-GMMM00MM08850001V64F,150,GREEN,NONE
1772109788000,A2D2-3A8C,FLT-3A8C-001,29.500000,-82.100000,150,14,0,Mavic Pro,false,drone_images/Mavic Pro.png,29.495000,-82.105000,29.494500,-82.105300,apolloshield_df,camera,211.1123,10,5770000000,GMMM00MM08850001V64F,bluvec2.0-GMMM00MM08850001V64F,150,GREEN,NONE
1772109788000,A2D2-3A8C,FLT-3A8C-001,29.500000,-82.100000,150,14,0,Mavic Pro,false,drone_images/Mavic Pro.png,29.495000,-82.105000,29.494500,-82.105300,apolloshield_df,camera,211.1123,10,5770000000,GMMM00MM08850001V64F,bluvec2.0-GMMM00MM08850001V64F,150,GREEN,NONE
1772109788000,A2D2-3A8C,FLT-3A8C-001,29.500000,-82.100000,150,14,0,Mavic Pro,false,drone_images/Mavic Pro.png,29.495000,-82.105000,29.494500,-82.105300,apolloshield_df,camera,211.1123,10,5770000000,GMMM00MM08850001V64F,bluvec2.0-GMMM00MM08850001V64F,150,GREEN,NONE
1772109788000,A2D2-3A8C,FLT-3A8C-001,29.500000,-82.100000,150,14,0,Mavic Pro,false,drone_images/Mavic Pro.png,29.495000,-82.105000,29.494500,-82.105300,apolloshield_df,camera,211.1123,10,5770000000,GMMM00MM08850001V64F,bluvec2.0-GMMM00MM08850001V64F,150,GREEN,NONE
1772109788000,A2D2-3A8C,FLT-3A8C-001,29.500000,-82.100000,150,14,0,Mavic Pro,false,drone_images/Mavic Pro.png,29.495000,-82.105000,29.494500,-82.105300,apolloshield_df,camera,211.1123,10,5770000000,GMMM00MM08850001V64F,bluvec2.0-GMMM00MM08850001V64F,150,GREEN,NONE
1772109788000,A2D2-3A8C,FLT-3A8C-001,29.500000,-82.100000,150,14,0,Mavic Pro,false,drone_images/Mavic Pro.png,29.495000,-82.105000,29.494500,-82.105300,apolloshield_df,camera,211.1123,10,5770000000,GMMM00MM08850001V64F,bluvec2.0-GMMM00MM08850001V64F,150,GREEN,NONE
1772109788000,A2D2-3A8C,FLT-3A8C-001,29.500000,-82.100000,150,14,0,Mavic Pro,false,drone_images/Mavic Pro.png,29.495000,-82.105000,29.494500,-82.105300,apolloshield_df,camera,211.1123,10,5770000000,GMMM00MM08850001V64F,bluvec2.0-GMMM00MM08850001V64F,150,GREEN,NONE
1772109788000,A2D2-3A8C,FLT-3A8C-001,29.500000,-82.100000,150,14,0,Mavic Pro,false,drone_images/Mavic Pro.png,29.495000,-82.105000,29.494500,-82.105300,apolloshield_df,camera,211.1123,10,5770000000,GMMM00MM08850001V64F,bluvec2.0-GMMM00MM08850001V64F,150,GREEN,NONE
1772109788000,A2D2-3A8C,FLT-3A8C-001,29.500000,-82.100000,150,14,0,Mavic Pro,false,drone_images/Mavic Pro.png,29.495000,-82.105000,29.494500,-82.105300,apolloshield_df,camera,211.1123,10,5770000000,GMMM00MM08850001V64F,bluvec2.0-GMMM00MM08850001V64F,150,GREEN,NONE
1772109788000,A2D2-3A8C,FLT-3A8C-001,29.500000,-82.100000,150,14,0,Mavic Pro,false,drone_images/Mavic Pro.png,29.495000,-82.105000,29.494500,-82.105300,apolloshield_df,camera,211.1123,10,5770000000,GMMM00MM08850001V64F,bluvec2.0-GMMM00MM08850001V64F,150,GREEN,NONE
1772109788000,A2D2-3A8C,FLT-3A8C-001,29.500000,-82.100000,150,14,0,Mavic Pro,false,drone_images/Mavic Pro.png,29.495000,-82.105000,29.494500,-82.105300,apolloshield_df,camera,211.1123,10,5770000000,GMMM00MM08850001V64F,bluvec2.0-GMMM00MM08850001V64F,150,GREEN,NONE
1772109788000,A2D2-3A8C,FLT-3A8C-001,29.500000,-82.100000,150,14,0,Mavic Pro,false,drone_images/Mavic Pro.png,29.495000,-82.105000,29.494500,-82.105300,apolloshield_df,camera,211.1123,10,5770000000,GMMM00MM08850001V64F,bluvec2.0-GMMM00MM08850001V64F,150,GREEN,NONE
1772109788000,A2D2-3A8C,FLT-3A8C-001,29.500000,-82.100000,150,14,0,Mavic Pro,false,drone_images/Mavic Pro.png,29.495000,-82.105000,29.494500,-82.105300,apolloshield_df,camera,211.1123,10,5770000000,GMMM00MM08850001V64F,bluvec2.0-GMMM00MM08850001V64F,150,GREEN,NONE
1772109788000,A2D2-3A8C,FLT-3A8C-001,29.500000,-82.100000,150,14,0,Mavic Pro,false,drone_images/Mavic Pro.png,29.495000,-82.105000,29.494500,-82.105300,apolloshield_df,camera,211.1123,10,5770000000,GMMM00MM08850001V64F,bluvec2.0-GMMM00MM08850001V64F,150,GREEN,NONE
1772109788000,A2D2-3A8C,FLT-3A8C-001,29.500000,-82.100000,150,14,0,Mavic Pro,false,drone_images/Mavic Pro.png,29.495000,-82.105000,29.494500,-82.105300,apolloshield_df,camera,211.1123,10,5770000000,GMMM00MM08850001V64F,bluvec2.0-GMMM00MM08850001V64F,150,GREEN,NONE
1772109788000,A2D2-3A8C,FLT-3A8C-001,29.500000,-82.100000,150,14,0,Mavic Pro,false,drone_images/Mavic Pro.png,29.495000,-82.105000,29.494500,-82.105300,apolloshield_df,camera,211.1123,10,5770000000,GMMM00MM08850001V64F,bluvec2.0-GMMM00MM08850001V64F,150,GREEN,NONE
1772109788000,A2D2-3A8C,FLT-3A8C-001,29.500000,-82.100000,150,14,0,Mavic Pro,false,drone_images/Mavic Pro.png,29.495000,-82.105000,29.494500,-82.105300,apolloshield_df,camera,211.1123,10,5770000000,GMMM00MM08850001V64F,bluvec2.0-GMMM00MM08850001V64F,150,GREEN,NONE
1772109788000,A2D2-3A8C,FLT-3A8C-001,29.500000,-82.100000,150,14,0,Mavic Pro,false,drone_images/Mavic Pro.png,29.495000,-82.105000,29.494500,-82.105300,apolloshield_df,camera,211.1123,10,5770000000,GMMM00MM08850001V64F,bluvec2.0-GMMM00MM08850001V64F,150,GREEN,NONE
1772109788000,A2D2-3A8C,FLT-3A8C-001,29.500000,-82.100000,150,14,0,Mavic Pro,false,drone_images/Mavic Pro.png,29.495000,-82.105000,29.494500,-82.105300,apolloshield_df,camera,211.1123,10,5770000000,GMMM00MM08850001V64F,bluvec2.0-GMMM00MM08850001V64F,150,GREEN,NONE
1772109788000,A2D2-3A8C,FLT-3A8C-001,29.500000,-82.100000,150,14,0,Mavic Pro,false,drone_images/Mavic Pro.png,29.495000,-82.105000,29.494500,-82.105300,apolloshield_df,camera,211.1123,10,5770000000,GMMM00MM08850001V64F,bluvec2.0-GMMM00MM08850001V64F,150,GREEN,NONE
1772109788000,A2D2-3A8C,FLT-3A8C-001,29.500000,-82.100000,150,14,0,Mavic Pro,false,drone_images/Mavic Pro.png,29.495000,-82.105000,29.494500,-82.105300,apolloshield_df,camera,211.1123,10,5770000000,GMMM00MM08850001V64F,bluvec2.0-GMMM00MM08850001V64F,150,GREEN,NONE
1772109788000,A2D2-3A8C,FLT-3A8C-001,29.500000,-82.100000,150,14,0,Mavic Pro,false,drone_images/Mavic Pro.png,29.495000,-82.105000,29.494500,-82.105300,apolloshield_df,camera,211.1123,10,5770000000,GMMM00MM08850001V64F,bluvec2.0-GMMM00MM08850001V64F,150,GREEN,NONE
1772109788000,A2D2-3A8C,FLT-3A8C-001,29.500000,-82.100000,150,14,0,Mavic Pro,false,drone_images/Mavic Pro.png,29.495000,-82.105000,29.494500,-82.105300,apolloshield_df,camera,211.1123,10,5770000000,GMMM00MM08850001V64F,bluvec2.0-GMMM00MM08850001V64F,150,GREEN,NONE
1772109788000,A2D2-3A8C,FLT-3A8C-001,29.500000,-82.100000,150,14,0,Mavic Pro,false,drone_images/Mavic Pro.png,29.495000,-82.105000,29.494500,-82.105300,apolloshield_df,camera,211.1123,10,5770000000,GMMM00MM08850001V64F,bluvec2.0-GMMM00MM08850001V64F,150,GREEN,NONE
1772109788000,A2D2-3A8C,FLT-3A8C-001,29.500000,-82.100000,150,14,0,Mavic Pro,false,drone_images/Mavic Pro.png,29.495000,-82.105000,29.494500,-82.105300,apolloshield_df,camera,211.1123,10,5770000000,GMMM00MM08850001V64F,bluvec2.0-GMMM00MM08850001V64F,150,GREEN,NONE
1772109788000,A2D2-3A8C,FLT-3A8C-001,29.500000,-82.100000,150,14,0,Mavic Pro,false,drone_images/Mavic Pro.png,29.495000,-82.105000,29.494500,-82.105300,apolloshield_df,camera,211.1123,10,5770000000,GMMM00MM08850001V64F,bluvec2.0-GMMM00MM08850001V64F,150,GREEN,NONE
1772109788000,A2D2-3A8C,FLT-3A8C-001,29.500000,-82.100000,150,14,0,Mavic Pro,false,drone_images/Mavic Pro.png,29.495000,-82.105000,29.494500,-82.105300,apolloshield_df,camera,211.1123,10,5770000000,GMMM00MM08850001V64F,bluvec2.0-GMMM00MM08850001V64F,150,GREEN,NONE
1772109788000,A2D2-3A8C,FLT-3A8C-001,29.500000,-82.100000,150,14,0,Mavic Pro,false,drone_images/Mavic Pro.png,29.495000,-82.105000,29.494500,-82.105300,apolloshield_df,camera,211.1123,10,5770000000,GMMM00MM08850001V64F,bluvec2.0-GMMM00MM08850001V64F,150,GREEN,NONE
1772109788000,A2D2-3A8C,FLT-3A8C-001,29.500000,-82.100000,150,14,0,Mavic Pro,false,drone_images/Mavic Pro.png,29.495000,-82.105000,29.494500,-82.105300,apolloshield_df,camera,211.1123,10,5770000000,GMMM00MM08850001V64F,bluvec2.0-GMMM00MM08850001V64F,150,GREEN,NONE
1772109788000,A2D2-3A8C,FLT-3A8C-001,29.500000,-82.100000,150,14,0,Mavic Pro,false,drone_images/Mavic Pro.png,29.495000,-82.105000,29.494500,-82.105300,apolloshield_df,camera,211.1123,10,5770000000,GMMM00MM08850001V64F,bluvec2.0-GMMM00MM08850001V64F,150,GREEN,NONE
1772109788000,A2D2-3A8C,FLT-3A8C-001,29.500000,-82.100000,150,14,0,Mavic Pro,false,drone_images/Mavic Pro.png,29.495000,-82.105000,29.494500,-82.105300,apolloshield_df,camera,211.1123,10,5770000000,GMMM00MM08850001V64F,bluvec2.0-GMMM00MM08850001V64F,150,GREEN,NONE
1772109788000,A2D2-3A8C,FLT-3A8C-001,29.500000,-82.100000,150,14,0,Mavic Pro,false,drone_images/Mavic Pro.png,29.495000,-82.105000,29.494500,-82.105300,apolloshield_df,camera,211.1123,10,5770000000,GMMM00MM08850001V64F,bluvec2.0-GMMM00MM08850001V64F,150,GREEN,NONE
1772109788000,A2D2-3A8C,FLT-3A8C-001,29.500000,-82.100000,150,14,0,Mavic Pro,false,drone_images/Mavic Pro.png,29.495000,-82.105000,29.494500,-82.105300,apolloshield_df,camera,211.1123,10,5770000000,GMMM00MM08850001V64F,bluvec2.0-GMMM00MM08850001V64F,150,GREEN,NONE
1772109788000,A2D2-3A8C,FLT-3A8C-001,29.500000,-82.100000,150,14,0,Mavic Pro,false,drone_images/Mavic Pro.png,29.495000,-82.105000,29.494500,-82.105300,apolloshield_df,camera,211.1123,10,5770000000,GMMM00MM08850001V64F,bluvec2.0-GMMM00MM08850001V64F,150,GREEN,NONE
1772109788000,A2D2-3A8C,FLT-3A8C-001,29.500000,-82.100000,150,14,0,Mavic Pro,false,drone_images/Mavic Pro.png,29.495000,-82.105000,29.494500,-82.105300,apolloshield_df,camera,211.1123,10,5770000000,GMMM00MM08850001V64F,bluvec2.0-GMMM00MM08850001V64F,150,GREEN,NONE
1772109788000,A2D2-3A8C,FLT-3A8C-001,29.500000,-82.100000,150,14,0,Mavic Pro,false,drone_images/Mavic Pro.png,29.495000,-82.105000,29.494500,-82.105300,apolloshield_df,camera,211.1123,10,5770000000,GMMM00MM08850001V64F,bluvec2.0-GMMM00MM08850001V64F,150,GREEN,NONE
1772109788000,A2D2-3A8C,FLT-3A8C-001,29.500000,-82.100000,150,14,0,Mavic Pro,false,drone_images/Mavic Pro.png,29.495000,-82.105000,29.494500,-82.105300,apolloshield_df,camera,211.1123,10,5770000000,GMMM00MM08850001V64F,bluvec2.0-GMMM00MM08850001V64F,150,GREEN,NONE
1772109788000,A2D2-3A8C,FLT-3A8C-001,29.500000,-82.100000,150,14,0,Mavic Pro,false,drone_images/Mavic Pro.png,29.495000,-82.105000,29.494500,-82.105300,apolloshield_df,camera,211.1123,10,5770000000,GMMM00MM08850001V64F,bluvec2.0-GMMM00MM08850001V64F,150,GREEN,NONE
1772109788000,A2D2-3A8C,FLT-3A8C-001,29.500000,-82.100000,150,14,0,Mavic Pro,false,drone_images/Mavic Pro.png,29.495000,-82.105000,29.494500,-82.105300,apolloshield_df,camera,211.1123,10,5770000000,GMMM00MM08850001V64F,bluvec2.0-GMMM00MM08850001V64F,150,GREEN,NONE
1772109788000,A2D2-3A8C,FLT-3A8C-001,29.500000,-82.100000,150,14,0,Mavic Pro,false,drone_images/Mavic Pro.png,29.495000,-82.105000,29.494500,-82.105300,apolloshield_df,camera,211.1123,10,5770000000,GMMM00MM08850001V64F,bluvec2.0-GMMM00MM08850001V64F,150,GREEN,NONE
1772109788000,A2D2-3A8C,FLT-3A8C-001,29.500000,-82.100000,150,14,0,Mavic Pro,false,drone_images/Mavic Pro.png,29.495000,-82.105000,29.494500,-82.105300,apolloshield_df,camera,211.1123,10,5770000000,GMMM00MM08850001V64F,bluvec2.0-GMMM00MM08850001V64F,150,GREEN,NONE
1772109788000,A2D2-3A8C,FLT-3A8C-001,29.500000,-82.100000,150,14,0,Mavic Pro,false,drone_images/Mavic Pro.png,29.495000,-82.105000,29.494500,-82.105300,apolloshield_df,camera,211.1123,10,5770000000,GMMM00MM08850001V64F,bluvec2.0-GMMM00MM08850001V64F,150,GREEN,NONE
1772109788000,A2D2-3A8C,FLT-3A8C-001,29.500000,-82.100000,150,14,0,Mavic Pro,false,drone_images/Mavic Pro.png,29.495000,-82.105000,29.494500,-82.105300,apolloshield_df,camera,211.1123,10,5770000000,GMMM00MM08850001V64F,bluvec2.0-GMMM00MM08850001V64F,150,GREEN,NONE
1772109788000,A2D2-3A8C,FLT-3A8C-001,29.500000,-82.100000,150,14,0,Mavic Pro,false,drone_images/Mavic Pro.png,29.495000,-82.105000,29.494500,-82.105300,apolloshield_df,camera,211.1123,10,5770000000,GMMM00MM08850001V64F,bluvec2.0-GMMM00MM08850001V64F,150,GREEN,NONE
1772109788000,A2D2-3A8C,FLT-3A8C-001,29.500000,-82.100000,150,14,0,Mavic Pro,false,drone_images/Mavic Pro.png,29.495000,-82.105000,29.494500,-82.105300,apolloshield_df,camera,211.1123,10,5770000000,GMMM00MM08850001V64F,bluvec2.0-GMMM00MM08850001V64F,150,GREEN,NONE
1772109788000,A2D2-3A8C,FLT-3A8C-001,29.500000,-82.100000,150,14,0,Mavic Pro,false,drone_images/Mavic Pro.png,29.495000,-82.105000,29.494500,-82.105300,apolloshield_df,camera,211.1123,10,5770000000,GMMM00MM08850001V64F,bluvec2.0-GMMM00MM08850001V64F,150,GREEN,NONE
1772109788000,A2D2-3A8C,FLT-3A8C-001,29.500000,-82.100000,150,14,0,Mavic Pro,false,drone_images/Mavic Pro.png,29.495000,-82.105000,29.494500,-82.105300,apolloshield_df,camera,211.1123,10,5770000000,GMMM00MM08850001V64F,bluvec2.0-GMMM00MM08850001V64F,150,GREEN,NONE
1772109788000,A2D2-3A8C,FLT-3A8C-001,29.500000,-82.100000,150,14,0,Mavic Pro,false,drone_images/Mavic Pro.png,29.495000,-82.105000,29.494500,-82.105300,apolloshield_df,camera,211.1123,10,5770000000,GMMM00MM08850001V64F,bluvec2.0-GMMM00MM08850001V64F,150,GREEN,NONE
1772109788000,A2D2-3A8C,FLT-3A8C-001,29.500000,-82.100000,150,14,0,Mavic Pro,false,drone_images/Mavic Pro.png,29.495000,-82.105000,29.494500,-82.105300,apolloshield_df,camera,211.1123,10,5770000000,GMMM00MM08850001V64F,bluvec2.0-GMMM00MM08850001V64F,150,GREEN,NONE
1772109788000,A2D2-3A8C,FLT-3A8C-001,29.500000,-82.100000,150,14,0,Mavic Pro,false,drone_images/Mavic Pro.png,29.495000,-82.105000,29.494500,-82.105300,apolloshield_df,camera,211.1123,10,5770000000,GMMM00MM08850001V64F,bluvec2.0-GMMM00MM08850001V64F,150,GREEN,NONE
1772109788000,A2D2-3A8C,FLT-3A8C-001,29.500000,-82.100000,150,14,0,Mavic Pro,false,drone_images/Mavic Pro.png,29.495000,-82.105000,29.494500,-82.105300,apolloshield_df,camera,211.1123,10,5770000000,GMMM00MM08850001V64F,bluvec2.0-GMMM00MM08850001V64F,150,GREEN,NONE
1772109788000,A2D2-3A8C,FLT-3A8C-001,29.500000,-82.100000,150,14,0,Mavic Pro,false,drone_images/Mavic Pro.png,29.495000,-82.105000,29.494500,-82.105300,apolloshield_df,camera,211.1123,10,5770000000,GMMM00MM08850001V64F,bluvec2.0-GMMM00MM08850001V64F,150,GREEN,NONE
1772109788000,A2D2-3A8C,FLT-3A8C-001,29.500000,-82.100000,150,14,0,Mavic Pro,false,drone_images/Mavic Pro.png,29.495000,-82.105000,29.494500,-82.105300,apolloshield_df,camera,211.1123,10,5770000000,GMMM00MM08850001V64F,bluvec2.0-GMMM00MM08850001V64F,150,GREEN,NONE
1772109788000,A2D2-3A8C,FLT-3A8C-001,29.500000,-82.100000,150,14,0,Mavic Pro,false,drone_images/Mavic Pro.png,29.495000,-82.105000,29.494500,-82.105300,apolloshield_df,camera,211.1123,10,5770000000,GMMM00MM08850001V64F,bluvec2.0-GMMM00MM08850001V64F,150,GREEN,NONE
1772109788000,A2D2-3A8C,FLT-3A8C-001,29.500000,-82.100000,150,14,0,Mavic Pro,false,drone_images/Mavic Pro.png,29.495000,-82.105000,29.494500,-82.105300,apolloshield_df,camera,211.1123,10,5770000000,GMMM00MM08850001V64F,bluvec2.0-GMMM00MM08850001V64F,150,GREEN,NONE
1772109788000,A2D2-3A8C,FLT-3A8C-001,29.500000,-82.100000,150,14,0,Mavic Pro,false,drone_images/Mavic Pro.png,29.495000,-82.105000,29.494500,-82.105300,apolloshield_df,camera,211.1123,10,5770000000,GMMM00MM08850001V64F,bluvec2.0-GMMM00MM08850001V64F,150,GREEN,NONE
1772109788000,A2D2-3A8C,FLT-3A8C-001,29.500000,-82.100000,150,14,0,Mavic Pro,false,drone_images/Mavic Pro.png,29.495000,-82.105000,29.494500,-82.105300,apolloshield_df,camera,211.1123,10,5770000000,GMMM00MM08850001V64F,bluvec2.0-GMMM00MM08850001V64F,150,GREEN,NONE
1772109788000,A2D2-3A8C,FLT-3A8C-001,29.500000,-82.100000,150,14,0,Mavic Pro,false,drone_images/Mavic Pro.png,29.495000,-82.105000,29.494500,-82.105300,apolloshield_df,camera,211.1123,10,5770000000,GMMM00MM08850001V64F,bluvec2.0-GMMM00MM08850001V64F,150,GREEN,NONE
1772109788000,A2D2-3A8C,FLT-3A8C-001,29.500000,-82.100000,150,14,0,Mavic Pro,false,drone_images/Mavic Pro.png,29.495000,-82.105000,29.494500,-82.105300,apolloshield_df,camera,211.1123,10,5770000000,GMMM00MM08850001V64F,bluvec2.0-GMMM00MM08850001V64F,150,GREEN,NONE
1772109788000,A2D2-3A8C,FLT-3A8C-001,29.500000,-82.100000,150,14,0,Mavic Pro,false,drone_images/Mavic Pro.png,29.495000,-82.105000,29.494500,-82.105300,apolloshield_df,camera,211.1123,10,5770000000,GMMM00MM08850001V64F,bluvec2.0-GMMM00MM08850001V64F,150,GREEN,NONE
1772109788000,A2D2-3A8C,FLT-3A8C-001,29.500000,-82.100000,150,14,0,Mavic Pro,false,drone_images/Mavic Pro.png,29.495000,-82.105000,29.494500,-82.105300,apolloshield_df,camera,211.1123,10,5770000000,GMMM00MM08850001V64F,bluvec2.0-GMMM00MM08850001V64F,150,GREEN,NONE
1772109788000,A2D2-3A8C,FLT-3A8C-001,29.500000,-82.100000,150,14,0,Mavic Pro,false,drone_images/Mavic Pro.png,29.495000,-82.105000,29.494500,-82.105300,apolloshield_df,camera,211.1123,10,5770000000,GMMM00MM08850001V64F,bluvec2.0-GMMM00MM08850001V64F,150,GREEN,NONE
1772109788000,A2D2-3A8C,FLT-3A8C-001,29.500000,-82.100000,150,14,0,Mavic Pro,false,drone_images/Mavic Pro.png,29.495000,-82.105000,29.494500,-82.105300,apolloshield_df,camera,211.1123,10,5770000000,GMMM00MM08850001V64F,bluvec2.0-GMMM00MM08850001V64F,150,GREEN,NONE
1772109788000,A2D2-3A8C,FLT-3A8C-001,29.500000,-82.100000,150,14,0,Mavic Pro,false,drone_images/Mavic Pro.png,29.495000,-82.105000,29.494500,-82.105300,apolloshield_df,camera,211.1123,10,5770000000,GMMM00MM08850001V64F,bluvec2.0-GMMM00MM08850001V64F,150,GREEN,NONE
1772109788000,A2D2-3A8C,FLT-3A8C-001,29.500000,-82.100000,150,14,0,Mavic Pro,false,drone_images/Mavic Pro.png,29.495000,-82.105000,29.494500,-82.105300,apolloshield_df,camera,211.1123,10,5770000000,GMMM00MM08850001V64F,bluvec2.0-GMMM00MM08850001V64F,150,GREEN,NONE
1772109788000,A2D2-3A8C,FLT-3A8C-001,29.500000,-82.100000,150,14,0,Mavic Pro,false,drone_images/Mavic Pro.png,29.495000,-82.105000,29.494500,-82.105300,apolloshield_df,camera,211.1123,10,5770000000,GMMM00MM08850001V64F,bluvec2.0-GMMM00MM08850001V64F,150,GREEN,NONE
1772109788000,A2D2-3A8C,FLT-3A8C-001,29.500000,-82.100000,150,14,0,Mavic Pro,false,drone_images/Mavic Pro.png,29.495000,-82.105000,29.494500,-82.105300,apolloshield_df,camera,211.1123,10,5770000000,GMMM00MM08850001V64F,bluvec2.0-GMMM00MM08850001V64F,150,GREEN,NONE
1772109788000,A2D2-3A8C,FLT-3A8C-001,29.500000,-82.100000,150,14,0,Mavic Pro,false,drone_images/Mavic Pro.png,29.495000,-82.105000,29.494500,-82.105300,apolloshield_df,camera,211.1123,10,5770000000,GMMM00MM08850001V64F,bluvec2.0-GMMM00MM08850001V64F,150,GREEN,NONE
1772109788000,A2D2-3A8C,FLT-3A8C-001,29.500000,-82.100000,150,14,0,Mavic Pro,false,drone_images/Mavic Pro.png,29.495000,-82.105000,29.494500,-82.105300,apolloshield_df,camera,211.1123,10,5770000000,GMMM00MM08850001V64F,bluvec2.0-GMMM00MM08850001V64F,150,GREEN,NONE
1772109788000,A2D2-3A8C,FLT-3A8C-001,29.500000,-82.100000,150,14,0,Mavic Pro,false,drone_images/Mavic Pro.png,29.495000,-82.105000,29.494500,-82.105300,apolloshield_df,camera,211.1123,10,5770000000,GMMM00MM08850001V64F,bluvec2.0-GMMM00MM08850001V64F,150,GREEN,NONE
1772109788000,A2D2-3A8C,FLT-3A8C-001,29.500000,-82.100000,150,14,0,Mavic Pro,false,drone_images/Mavic Pro.png,29.495000,-82.105000,29.494500,-82.105300,apolloshield_df,camera,211.1123,10,5770000000,GMMM00MM08850001V64F,bluvec2.0-GMMM00MM08850001V64F,150,GREEN,NONE
1772109788000,A2D2-3A8C,FLT-3A8C-001,29.500000,-82.100000,150,14,0,Mavic Pro,false,drone_images/Mavic Pro.png,29.495000,-82.105000,29.494500,-82.105300,apolloshield_df,camera,211.1123,10,5770000000,GMMM00MM08850001V64F,bluvec2.0-GMMM00MM08850001V64F,150,GREEN,NONE
1772109788000,A2D2-3A8C,FLT-3A8C-001,29.500000,-82.100000,150,14,0,Mavic Pro,false,drone_images/Mavic Pro.png,29.495000,-82.105000,29.494500,-82.105300,apolloshield_df,camera,211.1123,10,5770000000,GMMM00MM08850001V64F,bluvec2.0-GMMM00MM08850001V64F,150,GREEN,NONE
1772109788000,A2D2-3A8C,FLT-3A8C-001,29.500000,-82.100000,150,14,0,Mavic Pro,false,drone_images/Mavic Pro.png,29.495000,-82.105000,29.494500,-82.105300,apolloshield_df,camera,211.1123,10,5770000000,GMMM00MM08850001V64F,bluvec2.0-GMMM00MM08850001V64F,150,GREEN,NONE
1772109788000,A2D2-3A8C,FLT-3A8C-001,29.500000,-82.100000,150,14,0,Mavic Pro,false,drone_images/Mavic Pro.png,29.495000,-82.105000,29.494500,-82.105300,apolloshield_df,camera,211.1123,10,5770000000,GMMM00MM08850001V64F,bluvec2.0-GMMM00MM08850001V64F,150,GREEN,NONE
1772109788000,A2D2-3A8C,FLT-3A8C-001,29.500000,-82.100000,150,14,0,Mavic Pro,false,drone_images/Mavic Pro.png,29.495000,-82.105000,29.494500,-82.105300,apolloshield_df,camera,211.1123,10,5770000000,GMMM00MM08850001V64F,bluvec2.0-GMMM00MM08850001V64F,150,GREEN,NONE
1772109788000,A2D2-3A8C,FLT-3A8C-001,29.500000,-82.100000,150,14,0,Mavic Pro,false,drone_images/Mavic Pro.png,29.495000,-82.105000,29.494500,-82.105300,apolloshield_df,camera,211.1123,10,5770000000,GMMM00MM08850001V64F,bluvec2.0-GMMM00MM08850001V64F,150,GREEN,NONE
1772109788000,A2D2-3A8C,FLT-3A8C-001,29.500000,-82.100000,150,14,0,Mavic Pro,false,drone_images/Mavic Pro.png,29.495000,-82.105000,29.494500,-82.105300,apolloshield_df,camera,211.1123,10,5770000000,GMMM00MM08850001V64F,bluvec2.0-GMMM00MM08850001V64F,150,GREEN,NONE
1772109788000,A2D2-3A8C,FLT-3A8C-001,29.500000,-82.100000,150,14,0,Mavic Pro,false,drone_images/Mavic Pro.png,29.495000,-82.105000,29.494500,-82.105300,apolloshield_df,camera,211.1123,10,5770000000,GMMM00MM08850001V64F,bluvec2.0-GMMM00MM08850001V64F,150,GREEN,NONE
1772109788000,A2D2-3A8C,FLT-3A8C-001,29.500000,-82.100000,150,14,0,Mavic Pro,false,drone_images/Mavic Pro.png,29.495000,-82.105000,29.494500,-82.105300,apolloshield_df,camera,211.1123,10,5770000000,GMMM00MM08850001V64F,bluvec2.0-GMMM00MM08850001V64F,150,GREEN,NONE
1772109788000,A2D2-3A8C,FLT-3A8C-001,29.500000,-82.100000,150,14,0,Mavic Pro,false,drone_images/Mavic Pro.png,29.495000,-82.105000,29.494500,-82.105300,apolloshield_df,camera,211.1123,10,5770000000,GMMM00MM08850001V64F,bluvec2.0-GMMM00MM08850001V64F,150,GREEN,NONE
1772109788000,A2D2-3A8C,FLT-3A8C-001,29.500000,-82.100000,150,14,0,Mavic Pro,false,drone_images/Mavic Pro.png,29.495000,-82.105000,29.494500,-82.105300,apolloshield_df,camera,211.1123,10,5770000000,GMMM00MM08850001V64F,bluvec2.0-GMMM00MM08850001V64F,150,GREEN,NONE
1772109788000,A2D2-3A8C,FLT-3A8C-001,29.500000,-82.100000,150,14,0,Mavic Pro,false,drone_images/Mavic Pro.png,29.495000,-82.105000,29.494500,-82.105300,apolloshield_df,camera,211.1123,10,5770000000,GMMM00MM08850001V64F,bluvec2.0-GMMM00MM08850001V64F,150,GREEN,NONE
1772109788000,A2D2-3A8C,FLT-3A8C-001,29.500000,-82.100000,150,14,0,Mavic Pro,false,drone_images/Mavic Pro.png,29.495000,-82.105000,29.494500,-82.105300,apolloshield_df,camera,211.1123,10,5770000000,GMMM00MM08850001V64F,bluvec2.0-GMMM00MM08850001V64F,150,GREEN,NONE
1772109788000,A2D2-3A8C,FLT-3A8C-001,29.500000,-82.100000,150,14,0,Mavic Pro,false,drone_images/Mavic Pro.png,29.495000,-82.105000,29.494500,-82.105300,apolloshield_df,camera,211.1123,10,5770000000,GMMM00MM08850001V64F,bluvec2.0-GMMM00MM08850001V64F,150,GREEN,NONE
1772109788000,A2D2-3A8C,FLT-3A8C-001,29.500000,-82.100000,150,14,0,Mavic Pro,false,drone_images/Mavic Pro.png,29.495000,-82.105000,29.494500,-82.105300,apolloshield_df,camera,211.1123,10,5770000000,GMMM00MM08850001V64F,bluvec2.0-GMMM00MM08850001V64F,150,GREEN,NONE
1772109788000,A2D2-3A8C,FLT-3A8C-001,29.500000,-82.100000,150,14,0,Mavic Pro,false,drone_images/Mavic Pro.png,29.495000,-82.105000,29.494500,-82.105300,apolloshield_df,camera,211.1123,10,5770000000,GMMM00MM08850001V64F,bluvec2.0-GMMM00MM08850001V64F,150,GREEN,NONE
1772109788000,A2D2-3A8C,FLT-3A8C-001,29.500000,-82.100000,150,14,0,Mavic Pro,false,drone_images/Mavic Pro.png,29.495000,-82.105000,29.494500,-82.105300,apolloshield_df,camera,211.1123,10,5770000000,GMMM00MM08850001V64F,bluvec2.0-GMMM00MM08850001V64F,150,GREEN,NONE
1772109788000,A2D2-3A8C,FLT-3A8C-001,29.500000,-82.100000,150,14,0,Mavic Pro,false,drone_images/Mavic Pro.png,29.495000,-82.105000,29.494500,-82.105300,apolloshield_df,camera,211.1123,10,5770000000,GMMM00MM08850001V64F,bluvec2.0-GMMM00MM08850001V64F,150,GREEN,NONE
1772109788000,A2D2-3A8C,FLT-3A8C-001,29.500000,-82.100000,150,14,0,Mavic Pro,false,drone_images/Mavic Pro.png,29.495000,-82.105000,29.494500,-82.105300,apolloshield_df,camera,211.1123,10,5770000000,GMMM00MM08850001V64F,bluvec2.0-GMMM00MM08850001V64F,150,GREEN,NONE
1772109788000,A2D2-3A8C,FLT-3A8C-001,29.500000,-82.100000,150,14,0,Mavic Pro,false,drone_images/Mavic Pro.png,29.495000,-82.105000,29.494500,-82.105300,apolloshield_df,camera,211.1123,10,5770000000,GMMM00MM08850001V64F,bluvec2.0-GMMM00MM08850001V64F,150,GREEN,NONE
1772109788000,A2D2-3A8C,FLT-3A8C-001,29.500000,-82.100000,150,14,0,Mavic Pro,false,drone_images/Mavic Pro.png,29.495000,-82.105000,29.494500,-82.105300,apolloshield_df,camera,211.1123,10,5770000000,GMMM00MM08850001V64F,bluvec2.0-GMMM00MM08850001V64F,150,GREEN,NONE
1772109788000,A2D2-3A8C,FLT-3A8C-001,29.500000,-82.100000,150,14,0,Mavic Pro,false,drone_images/Mavic Pro.png,29.495000,-82.105000,29.494500,-82.105300,apolloshield_df,camera,211.1123,10,5770000000,GMMM00MM08850001V64F,bluvec2.0-GMMM00MM08850001V64F,150,GREEN,NONE
1772109788000,A2D2-3A8C,FLT-3A8C-001,29.500000,-82.100000,150,14,0,Mavic Pro,false,drone_images/Mavic Pro.png,29.495000,-82.105000,29.494500,-82.105300,apolloshield_df,camera,211.1123,10,5770000000,GMMM00MM08850001V64F,bluvec2.0-GMMM00MM08850001V64F,150,GREEN,NONE
1772109788000,A2D2-3A8C,FLT-3A8C-001,29.500000,-82.100000,150,14,0,Mavic Pro,false,drone_images/Mavic Pro.png,29.495000,-82.105000,29.494500,-82.105300,apolloshield_df,camera,211.1123,10,5770000000,GMMM00MM08850001V64F,bluvec2.0-GMMM00MM08850001V64F,150,GREEN,NONE
1772109788000,A2D2-3A8C,FLT-3A8C-001,29.500000,-82.100000,150,14,0,Mavic Pro,false,drone_images/Mavic Pro.png,29.495000,-82.105000,29.494500,-82.105300,apolloshield_df,camera,211.1123,10,5770000000,GMMM00MM08850001V64F,bluvec2.0-GMMM00MM08850001V64F,150,GREEN,NONE
1772109788000,A2D2-3A8C,FLT-3A8C-001,29.500000,-82.100000,150,14,0,Mavic Pro,false,drone_images/Mavic Pro.png,29.495000,-82.105000,29.494500,-82.105300,apolloshield_df,camera,211.1123,10,5770000000,GMMM00MM08850001V64F,bluvec2.0-GMMM00MM08850001V64F,150,GREEN,NONE
1772109788000,A2D2-3A8C,FLT-3A8C-001,29.500000,-82.100000,150,14,0,Mavic Pro,false,drone_images/Mavic Pro.png,29.495000,-82.105000,29.494500,-82.105300,apolloshield_df,camera,211.1123,10,5770000000,GMMM00MM08850001V64F,bluvec2.0-GMMM00MM08850001V64F,150,GREEN,NONE
1772109788000,A2D2-3A8C,FLT-3A8C-001,29.500000,-82.100000,150,14,0,Mavic Pro,false,drone_images/Mavic Pro.png,29.495000,-82.105000,29.494500,-82.105300,apolloshield_df,camera,211.1123,10,5770000000,GMMM00MM08850001V64F,bluvec2.0-GMMM00MM08850001V64F,150,GREEN,NONE
1772109788000,A2D2-3A8C,FLT-3A8C-001,29.500000,-82.100000,150,14,0,Mavic Pro,false,drone_images/Mavic Pro.png,29.495000,-82.105000,29.494500,-82.105300,apolloshield_df,camera,211.1123,10,5770000000,GMMM00MM08850001V64F,bluvec2.0-GMMM00MM08850001V64F,150,GREEN,NONE
1772109788000,A2D2-3A8C,FLT-3A8C-001,29.500000,-82.100000,150,14,0,Mavic Pro,false,drone_images/Mavic Pro.png,29.495000,-82.105000,29.494500,-82.105300,apolloshield_df,camera,211.1123,10,5770000000,GMMM00MM08850001V64F,bluvec2.0-GMMM00MM08850001V64F,150,GREEN,NONE
1772109788000,A2D2-3A8C,FLT-3A8C-001,29.500000,-82.100000,150,14,0,Mavic Pro,false,drone_images/Mavic Pro.png,29.495000,-82.105000,29.494500,-82.105300,apolloshield_df,camera,211.1123,10,5770000000,GMMM00MM08850001V64F,bluvec2.0-GMMM00MM08850001V64F,150,GREEN,NONE
1772109788000,A2D2-3A8C,FLT-3A8C-001,29.500000,-82.100000,150,14,0,Mavic Pro,false,drone_images/Mavic Pro.png,29.495000,-82.105000,29.494500,-82.105300,apolloshield_df,camera,211.1123,10,5770000000,GMMM00MM08850001V64F,bluvec2.0-GMMM00MM08850001V64F,150,GREEN,NONE
1772109788000,A2D2-3A8C,FLT-3A8C-001,29.500000,-82.100000,150,14,0,Mavic Pro,false,drone_images/Mavic Pro.png,29.495000,-82.105000,29.494500,-82.105300,apolloshield_df,camera,211.1123,10,5770000000,GMMM00MM08850001V64F,bluvec2.0-GMMM00MM08850001V64F,150,GREEN,NONE
1772109788000,A2D2-3A8C,FLT-3A8C-001,29.500000,-82.100000,150,14,0,Mavic Pro,false,drone_images/Mavic Pro.png,29.495000,-82.105000,29.494500,-82.105300,apolloshield_df,camera,211.1123,10,5770000000,GMMM00MM08850001V64F,bluvec2.0-GMMM00MM08850001V64F,150,GREEN,NONE
1772109788000,A2D2-3A8C,FLT-3A8C-001,29.500000,-82.100000,150,14,0,Mavic Pro,false,drone_images/Mavic Pro.png,29.495000,-82.105000,29.494500,-82.105300,apolloshield_df,camera,211.1123,10,5770000000,GMMM00MM08850001V64F,bluvec2.0-GMMM00MM08850001V64F,150,GREEN,NONE
1772109788000,A2D2-3A8C,FLT-3A8C-001,29.500000,-82.100000,150,14,0,Mavic Pro,false,drone_images/Mavic Pro.png,29.495000,-82.105000,29.494500,-82.105300,apolloshield_df,camera,211.1123,10,5770000000,GMMM00MM08850001V64F,bluvec2.0-GMMM00MM08850001V64F,150,GREEN,NONE
1772109788000,A2D2-3A8C,FLT-3A8C-001,29.500000,-82.100000,150,14,0,Mavic Pro,false,drone_images/Mavic Pro.png,29.495000,-82.105000,29.494500,-82.105300,apolloshield_df,camera,211.1123,10,5770000000,GMMM00MM08850001V64F,bluvec2.0-GMMM00MM08850001V64F,150,GREEN,NONE
1772109788000,A2D2-3A8C,FLT-3A8C-001,29.500000,-82.100000,150,14,0,Mavic Pro,false,drone_images/Mavic Pro.png,29.495000,-82.105000,29.494500,-82.105300,apolloshield_df,camera,211.1123,10,5770000000,GMMM00MM08850001V64F,bluvec2.0-GMMM00MM08850001V64F,150,GREEN,NONE
1772109788000,A2D2-3A8C,FLT-3A8C-001,29.500000,-82.100000,150,14,0,Mavic Pro,false,drone_images/Mavic Pro.png,29.495000,-82.105000,29.494500,-82.105300,apolloshield_df,camera,211.1123,10,5770000000,GMMM00MM08850001V64F,bluvec2.0-GMMM00MM08850001V64F,150,GREEN,NONE
1772109788000,A2D2-3A8C,FLT-3A8C-001,29.500000,-82.100000,150,14,0,Mavic Pro,false,drone_images/Mavic Pro.png,29.495000,-82.105000,29.494500,-82.105300,apolloshield_df,camera,211.1123,10,5770000000,GMMM00MM08850001V64F,bluvec2.0-GMMM00MM08850001V64F,150,GREEN,NONE
1772109788000,A2D2-3A8C,FLT-3A8C-001,29.500000,-82.100000,150,14,0,Mavic Pro,false,drone_images/Mavic Pro.png,29.495000,-82.105000,29.494500,-82.105300,apolloshield_df,camera,211.1123,10,5770000000,GMMM00MM08850001V64F,bluvec2.0-GMMM00MM08850001V64F,150,GREEN,NONE
1772109788000,A2D2-3A8C,FLT-3A8C-001,29.500000,-82.100000,150,14,0,Mavic Pro,false,drone_images/Mavic Pro.png,29.495000,-82.105000,29.494500,-82.105300,apolloshield_df,camera,211.1123,10,5770000000,GMMM00MM08850001V64F,bluvec2.0-GMMM00MM08850001V64F,150,GREEN,NONE
1772109788000,A2D2-3A8C,FLT-3A8C-001,29.500000,-82.100000,150,14,0,Mavic Pro,false,drone_images/Mavic Pro.png,29.495000,-82.105000,29.494500,-82.105300,apolloshield_df,camera,211.1123,10,5770000000,GMMM00MM08850001V64F,bluvec2.0-GMMM00MM08850001V64F,150,GREEN,NONE
1772109788000,A2D2-3A8C,FLT-3A8C-001,29.500000,-82.100000,150,14,0,Mavic Pro,false,drone_images/Mavic Pro.png,29.495000,-82.105000,29.494500,-82.105300,apolloshield_df,camera,211.1123,10,5770000000,GMMM00MM08850001V64F,bluvec2.0-GMMM00MM08850001V64F,150,GREEN,NONE
1772109788000,A2D2-3A8C,FLT-3A8C-001,29.500000,-82.100000,150,14,0,Mavic Pro,false,drone_images/Mavic Pro.png,29.495000,-82.105000,29.494500,-82.105300,apolloshield_df,camera,211.1123,10,5770000000,GMMM00MM08850001V64F,bluvec2.0-GMMM00MM08850001V64F,150,GREEN,NONE
1772109788000,A2D2-3A8C,FLT-3A8C-001,29.500000,-82.100000,150,14,0,Mavic Pro,false,drone_images/Mavic Pro.png,29.495000,-82.105000,29.494500,-82.105300,apolloshield_df,camera,211.1123,10,5770000000,GMMM00MM08850001V64F,bluvec2.0-GMMM00MM08850001V64F,150,GREEN,NONE
1772109788000,A2D2-3A8C,FLT-3A8C-001,29.500000,-82.100000,150,14,0,Mavic Pro,false,drone_images/Mavic Pro.png,29.495000,-82.105000,29.494500,-82.105300,apolloshield_df,camera,211.1123,10,5770000000,GMMM00MM08850001V64F,bluvec2.0-GMMM00MM08850001V64F,150,GREEN,NONE
1772109788000,A2D2-3A8C,FLT-3A8C-001,29.500000,-82.100000,150,14,0,Mavic Pro,false,drone_images/Mavic Pro.png,29.495000,-82.105000,29.494500,-82.105300,apolloshield_df,camera,209.2427,10,5770000000,GMMM00MM08850001V64F,bluvec2.0-GMMM00MM08850001V64F,150,GREEN,NONE
1772109788000,A2D2-3A8C,FLT-3A8C-001,29.500000,-82.100000,150,14,0,Mavic Pro,false,drone_images/Mavic Pro.png,29.495000,-82.105000,29.494500,-82.105300,apolloshield_df,camera,209.2427,10,5770000000,GMMM00MM08850001V64F,bluvec2.0-GMMM00MM08850001V64F,150,GREEN,NONE
1772109788000,A2D2-3A8C,FLT-3A8C-001,29.500000,-82.100000,150,14,0,Mavic Pro,false,drone_images/Mavic Pro.png,29.495000,-82.105000,29.494500,-82.105300,apolloshield_df,camera,209.2427,10,5770000000,GMMM00MM08850001V64F,bluvec2.0-GMMM00MM08850001V64F,150,GREEN,NONE
1772109788000,A2D2-3A8C,FLT-3A8C-001,29.500000,-82.100000,150,14,0,Mavic Pro,false,drone_images/Mavic Pro.png,29.495000,-82.105000,29.494500,-82.105300,apolloshield_df,camera,210.17123,10,5770000000,GMMM00MM08850001V64F,bluvec2.0-GMMM00MM08850001V64F,150,GREEN,NONE
1772109788000,A2D2-3A8C,FLT-3A8C-001,29.500000,-82.100000,150,14,0,Mavic Pro,false,drone_images/Mavic Pro.png,29.495000,-82.105000,29.494500,-82.105300,apolloshield_df,camera,213.20015,10,5770000000,GMMM00MM08850001V64F,bluvec2.0-GMMM00MM08850001V64F,150,GREEN,NONE
1772109788000,A2D2-3A8C,FLT-3A8C-001,29.500000,-82.100000,150,14,0,Mavic Pro,false,drone_images/Mavic Pro.png,29.495000,-82.105000,29.494500,-82.105300,apolloshield_df,camera,212.61012,10,5770000000,GMMM00MM08850001V64F,bluvec2.0-GMMM00MM08850001V64F,150,GREEN,NONE
1772109788000,A2D2-3A8C,FLT-3A8C-001,29.500000,-82.100000,150,14,0,Mavic Pro,false,drone_images/Mavic Pro.png,29.495000,-82.105000,29.494500,-82.105300,apolloshield_df,camera,215.78494,10,5770000000,GMMM00MM08850001V64F,bluvec2.0-GMMM00MM08850001V64F,150,GREEN,NONE
1772109788000,A2D2-3A8C,FLT-3A8C-001,29.500000,-82.100000,150,14,0,Mavic Pro,false,drone_images/Mavic Pro.png,29.495000,-82.105000,29.494500,-82.105300,apolloshield_df,camera,215.78494,10,5770000000,GMMM00MM08850001V64F,bluvec2.0-GMMM00MM08850001V64F,150,GREEN,NONE
1772109788000,A2D2-3A8C,FLT-3A8C-001,29.500000,-82.100000,150,14,0,Mavic Pro,false,drone_images/Mavic Pro.png,29.495000,-82.105000,29.494500,-82.105300,apolloshield_df,camera,215.78494,10,5770000000,GMMM00MM08850001V64F,bluvec2.0-GMMM00MM08850001V64F,150,GREEN,NONE
1772109788000,A2D2-3A8C,FLT-3A8C-001,29.500000,-82.100000,150,14,0,Mavic Pro,false,drone_images/Mavic Pro.png,29.495000,-82.105000,29.494500,-82.105300,apolloshield_df,camera,215.78494,10,5770000000,GMMM00MM08850001V64F,bluvec2.0-GMMM00MM08850001V64F,150,GREEN,NONE
1772109788000,A2D2-3A8C,FLT-3A8C-001,29.500000,-82.100000,150,14,0,Mavic Pro,false,drone_images/Mavic Pro.png,29.495000,-82.105000,29.494500,-82.105300,apolloshield_df,camera,215.78494,10,5770000000,GMMM00MM08850001V64F,bluvec2.0-GMMM00MM08850001V64F,150,GREEN,NONE
1772109788000,A2D2-3A8C,FLT-3A8C-001,29.500000,-82.100000,150,14,0,Mavic Pro,false,drone_images/Mavic Pro.png,29.495000,-82.105000,29.494500,-82.105300,apolloshield_df,camera,215.78494,10,5770000000,GMMM00MM08850001V64F,bluvec2.0-GMMM00MM08850001V64F,150,GREEN,NONE
1772109788000,A2D2-3A8C,FLT-3A8C-001,29.500000,-82.100000,150,14,0,Mavic Pro,false,drone_images/Mavic Pro.png,29.495000,-82.105000,29.494500,-82.105300,apolloshield_df,camera,215.78494,10,5770000000,GMMM00MM08850001V64F,bluvec2.0-GMMM00MM08850001V64F,150,GREEN,NONE
1772109788000,A2D2-3A8C,FLT-3A8C-001,29.500000,-82.100000,150,14,0,Mavic Pro,false,drone_images/Mavic Pro.png,29.495000,-82.105000,29.494500,-82.105300,apolloshield_df,camera,215.78494,10,5770000000,GMMM00MM08850001V64F,bluvec2.0-GMMM00MM08850001V64F,150,GREEN,NONE
1772109788000,A2D2-3A8C,FLT-3A8C-001,29.500000,-82.100000,150,14,0,Mavic Pro,false,drone_images/Mavic Pro.png,29.495000,-82.105000,29.494500,-82.105300,apolloshield_df,camera,215.78494,10,5770000000,GMMM00MM08850001V64F,bluvec2.0-GMMM00MM08850001V64F,150,GREEN,NONE
1772109788000,A2D2-3A8C,FLT-3A8C-001,29.500000,-82.100000,150,14,0,Mavic Pro,false,drone_images/Mavic Pro.png,29.495000,-82.105000,29.494500,-82.105300,apolloshield_df,camera,215.78494,10,5770000000,GMMM00MM08850001V64F,bluvec2.0-GMMM00MM08850001V64F,150,GREEN,NONE
1772109788000,A2D2-3A8C,FLT-3A8C-001,29.500000,-82.100000,150,14,0,Mavic Pro,false,drone_images/Mavic Pro.png,29.495000,-82.105000,29.494500,-82.105300,apolloshield_df,camera,215.78494,10,5770000000,GMMM00MM08850001V64F,bluvec2.0-GMMM00MM08850001V64F,150,GREEN,NONE
1772109788000,A2D2-3A8C,FLT-3A8C-001,29.500000,-82.100000,150,14,0,Mavic Pro,false,drone_images/Mavic Pro.png,29.495000,-82.105000,29.494500,-82.105300,apolloshield_df,camera,215.78494,10,5770000000,GMMM00MM08850001V64F,bluvec2.0-GMMM00MM08850001V64F,150,GREEN,NONE
1772109788000,A2D2-3A8C,FLT-3A8C-001,29.500000,-82.100000,150,14,0,Mavic Pro,false,drone_images/Mavic Pro.png,29.495000,-82.105000,29.494500,-82.105300,apolloshield_df,camera,215.78494,10,5770000000,GMMM00MM08850001V64F,bluvec2.0-GMMM00MM08850001V64F,150,GREEN,NONE
1772109788000,A2D2-3A8C,FLT-3A8C-001,29.500000,-82.100000,150,14,0,Mavic Pro,false,drone_images/Mavic Pro.png,29.495000,-82.105000,29.494500,-82.105300,apolloshield_df,camera,215.78494,10,5770000000,GMMM00MM08850001V64F,bluvec2.0-GMMM00MM08850001V64F,150,GREEN,NONE
1772109788000,A2D2-3A8C,FLT-3A8C-001,29.500000,-82.100000,150,14,0,Mavic Pro,false,drone_images/Mavic Pro.png,29.495000,-82.105000,29.494500,-82.105300,apolloshield_df,camera,215.78494,10,5770000000,GMMM00MM08850001V64F,bluvec2.0-GMMM00MM08850001V64F,150,GREEN,NONE
1772109788000,A2D2-3A8C,FLT-3A8C-001,29.500000,-82.100000,150,14,0,Mavic Pro,false,drone_images/Mavic Pro.png,29.495000,-82.105000,29.494500,-82.105300,apolloshield_df,camera,215.78494,10,5770000000,GMMM00MM08850001V64F,bluvec2.0-GMMM00MM08850001V64F,150,GREEN,NONE
1772109788000,A2D2-3A8C,FLT-3A8C-001,29.500000,-82.100000,150,14,0,Mavic Pro,false,drone_images/Mavic Pro.png,29.495000,-82.105000,29.494500,-82.105300,apolloshield_df,camera,215.78494,10,5770000000,GMMM00MM08850001V64F,bluvec2.0-GMMM00MM08850001V64F,150,GREEN,NONE
1772109788000,A2D2-3A8C,FLT-3A8C-001,29.500000,-82.100000,150,14,0,Mavic Pro,false,drone_images/Mavic Pro.png,29.495000,-82.105000,29.494500,-82.105300,apolloshield_df,camera,215.78494,10,5770000000,GMMM00MM08850001V64F,bluvec2.0-GMMM00MM08850001V64F,150,GREEN,NONE
1772109788000,A2D2-3A8C,FLT-3A8C-001,29.500000,-82.100000,150,14,0,Mavic Pro,false,drone_images/Mavic Pro.png,29.495000,-82.105000,29.494500,-82.105300,apolloshield_df,camera,215.78494,10,5770000000,GMMM00MM08850001V64F,bluvec2.0-GMMM00MM08850001V64F,150,GREEN,NONE
1772109788000,A2D2-3A8C,FLT-3A8C-001,29.500000,-82.100000,150,14,0,Mavic Pro,false,drone_images/Mavic Pro.png,29.495000,-82.105000,29.494500,-82.105300,apolloshield_df,camera,215.78494,10,5770000000,GMMM00MM08850001V64F,bluvec2.0-GMMM00MM08850001V64F,150,GREEN,NONE
1772109788000,A2D2-3A8C,FLT-3A8C-001,29.500000,-82.100000,150,14,0,Mavic Pro,false,drone_images/Mavic Pro.png,29.495000,-82.105000,29.494500,-82.105300,apolloshield_df,camera,226.3406,10,5770000000,GMMM00MM08850001V64F,bluvec2.0-GMMM00MM08850001V64F,150,GREEN,NONE
1772109788000,A2D2-3A8C,FLT-3A8C-001,29.500000,-82.100000,150,14,0,Mavic Pro,false,drone_images/Mavic Pro.png,29.495000,-82.105000,29.494500,-82.105300,apolloshield_df,camera,226.3406,10,5770000000,GMMM00MM08850001V64F,bluvec2.0-GMMM00MM08850001V64F,150,GREEN,NONE
1772109788000,A2D2-3A8C,FLT-3A8C-001,29.500000,-82.100000,150,14,0,Mavic Pro,false,drone_images/Mavic Pro.png,29.495000,-82.105000,29.494500,-82.105300,apolloshield_df,camera,226.3406,10,5770000000,GMMM00MM08850001V64F,bluvec2.0-GMMM00MM08850001V64F,150,GREEN,NONE
1772109788000,A2D2-3A8C,FLT-3A8C-001,29.500000,-82.100000,150,14,0,Mavic Pro,false,drone_images/Mavic Pro.png,29.495000,-82.105000,29.494500,-82.105300,apolloshield_df,camera,223.17473,10,5770000000,GMMM00MM08850001V64F,bluvec2.0-GMMM00MM08850001V64F,150,GREEN,NONE
1772109788000,A2D2-3A8C,FLT-3A8C-001,29.500000,-82.100000,150,14,0,Mavic Pro,false,drone_images/Mavic Pro.png,29.495000,-82.105000,29.494500,-82.105300,apolloshield_df,camera,223.17473,10,5770000000,GMMM00MM08850001V64F,bluvec2.0-GMMM00MM08850001V64F,150,GREEN,NONE
1772109788000,A2D2-3A8C,FLT-3A8C-001,29.500000,-82.100000,150,14,0,Mavic Pro,false,drone_images/Mavic Pro.png,29.495000,-82.105000,29.494500,-82.105300,apolloshield_df,camera,223.17473,10,5770000000,GMMM00MM08850001V64F,bluvec2.0-GMMM00MM08850001V64F,150,GREEN,NONE
1772109788000,A2D2-3A8C,FLT-3A8C-001,29.500000,-82.100000,150,14,0,Mavic Pro,false,drone_images/Mavic Pro.png,29.495000,-82.105000,29.494500,-82.105300,apolloshield_df,camera,224.96619,10,5770000000,GMMM00MM08850001V64F,bluvec2.0-GMMM00MM08850001V64F,150,GREEN,NONE
1772109788000,A2D2-3A8C,FLT-3A8C-001,29.500000,-82.100000,150,14,0,Mavic Pro,false,drone_images/Mavic Pro.png,29.495000,-82.105000,29.494500,-82.105300,apolloshield_df,camera,230.86948,10,5770000000,GMMM00MM08850001V64F,bluvec2.0-GMMM00MM08850001V64F,150,GREEN,NONE
1772109788000,A2D2-3A8C,FLT-3A8C-001,29.500000,-82.100000,150,14,0,Mavic Pro,false,drone_images/Mavic Pro.png,29.495000,-82.105000,29.494500,-82.105300,apolloshield_df,camera,230.86948,10,5770000000,GMMM00MM08850001V64F,bluvec2.0-GMMM00MM08850001V64F,150,GREEN,NONE
1772109788000,A2D2-3A8C,FLT-3A8C-001,29.500000,-82.100000,150,14,0,Mavic Pro,false,drone_images/Mavic Pro.png,29.495000,-82.105000,29.494500,-82.105300,apolloshield_df,camera,230.86948,10,5770000000,GMMM00MM08850001V64F,bluvec2.0-GMMM00MM08850001V64F,150,GREEN,NONE
1772109788000,A2D2-3A8C,FLT-3A8C-001,29.500000,-82.100000,150,14,0,Mavic Pro,false,drone_images/Mavic Pro.png,29.495000,-82.105000,29.494500,-82.105300,apolloshield_df,camera,230.86948,10,5770000000,GMMM00MM08850001V64F,bluvec2.0-GMMM00MM08850001V64F,150,GREEN,NONE
1772109788000,A2D2-3A8C,FLT-3A8C-001,29.500000,-82.100000,150,14,0,Mavic Pro,false,drone_images/Mavic Pro.png,29.495000,-82.105000,29.494500,-82.105300,apolloshield_df,camera,230.86948,10,5770000000,GMMM00MM08850001V64F,bluvec2.0-GMMM00MM08850001V64F,150,GREEN,NONE
1772109788000,A2D2-3A8C,FLT-3A8C-001,29.500000,-82.100000,150,14,0,Mavic Pro,false,drone_images/Mavic Pro.png,29.495000,-82.105000,29.494500,-82.105300,apolloshield_df,camera,230.86948,10,5770000000,GMMM00MM08850001V64F,bluvec2.0-GMMM00MM08850001V64F,150,GREEN,NONE
1772109788000,A2D2-3A8C,FLT-3A8C-001,29.500000,-82.100000,150,14,0,Mavic Pro,false,drone_images/Mavic Pro.png,29.495000,-82.105000,29.494500,-82.105300,apolloshield_df,camera,230.86948,10,5770000000,GMMM00MM08850001V64F,bluvec2.0-GMMM00MM08850001V64F,150,GREEN,NONE
1772109788000,A2D2-3A8C,FLT-3A8C-001,29.500000,-82.100000,150,14,0,Mavic Pro,false,drone_images/Mavic Pro.png,29.495000,-82.105000,29.494500,-82.105300,apolloshield_df,camera,230.86948,10,5770000000,GMMM00MM08850001V64F,bluvec2.0-GMMM00MM08850001V64F,150,GREEN,NONE
1772109788000,A2D2-3A8C,FLT-3A8C-001,29.500000,-82.100000,150,14,0,Mavic Pro,false,drone_images/Mavic Pro.png,29.495000,-82.105000,29.494500,-82.105300,apolloshield_df,camera,230.86948,10,5770000000,GMMM00MM08850001V64F,bluvec2.0-GMMM00MM08850001V64F,150,GREEN,NONE
1772109788000,A2D2-3A8C,FLT-3A8C-001,29.500000,-82.100000,150,14,0,Mavic Pro,false,drone_images/Mavic Pro.png,29.495000,-82.105000,29.494500,-82.105300,apolloshield_df,camera,230.86948,10,5770000000,GMMM00MM08850001V64F,bluvec2.0-GMMM00MM08850001V64F,150,GREEN,NONE
1772109788000,A2D2-3A8C,FLT-3A8C-001,29.500000,-82.100000,150,14,0,Mavic Pro,false,drone_images/Mavic Pro.png,29.495000,-82.105000,29.494500,-82.105300,apolloshield_df,camera,230.86948,10,5770000000,GMMM00MM08850001V64F,bluvec2.0-GMMM00MM08850001V64F,150,GREEN,NONE
1772109788000,A2D2-3A8C,FLT-3A8C-001,29.500000,-82.100000,150,14,0,Mavic Pro,false,drone_images/Mavic Pro.png,29.495000,-82.105000,29.494500,-82.105300,apolloshield_df,camera,230.86948,10,5770000000,GMMM00MM08850001V64F,bluvec2.0-GMMM00MM08850001V64F,150,GREEN,NONE
1772109788000,A2D2-3A8C,FLT-3A8C-001,29.500000,-82.100000,150,14,0,Mavic Pro,false,drone_images/Mavic Pro.png,29.495000,-82.105000,29.494500,-82.105300,apolloshield_df,camera,230.86948,10,5770000000,GMMM00MM08850001V64F,bluvec2.0-GMMM00MM08850001V64F,150,GREEN,NONE
1772109788000,A2D2-3A8C,FLT-3A8C-001,29.500000,-82.100000,150,14,0,Mavic Pro,false,drone_images/Mavic Pro.png,29.495000,-82.105000,29.494500,-82.105300,apolloshield_df,camera,230.86948,10,5770000000,GMMM00MM08850001V64F,bluvec2.0-GMMM00MM08850001V64F,150,GREEN,NONE
1772109788000,A2D2-3A8C,FLT-3A8C-001,29.500000,-82.100000,150,14,0,Mavic Pro,false,drone_images/Mavic Pro.png,29.495000,-82.105000,29.494500,-82.105300,apolloshield_df,camera,230.86948,10,5770000000,GMMM00MM08850001V64F,bluvec2.0-GMMM00MM08850001V64F,150,GREEN,NONE
1772109788000,A2D2-3A8C,FLT-3A8C-001,29.500000,-82.100000,150,14,0,Mavic Pro,false,drone_images/Mavic Pro.png,29.495000,-82.105000,29.494500,-82.105300,apolloshield_df,camera,230.86948,10,5770000000,GMMM00MM08850001V64F,bluvec2.0-GMMM00MM08850001V64F,150,GREEN,NONE
1772109788000,A2D2-3A8C,FLT-3A8C-001,29.500000,-82.100000,150,14,0,Mavic Pro,false,drone_images/Mavic Pro.png,29.495000,-82.105000,29.494500,-82.105300,apolloshield_df,camera,230.86948,10,5770000000,GMMM00MM08850001V64F,bluvec2.0-GMMM00MM08850001V64F,150,GREEN,NONE
1772109788000,A2D2-3A8C,FLT-3A8C-001,29.500000,-82.100000,150,14,0,Mavic Pro,false,drone_images/Mavic Pro.png,29.495000,-82.105000,29.494500,-82.105300,apolloshield_df,camera,230.86948,10,5770000000,GMMM00MM08850001V64F,bluvec2.0-GMMM00MM08850001V64F,150,GREEN,NONE
1772109788000,A2D2-3A8C,FLT-3A8C-001,29.500000,-82.100000,150,14,0,Mavic Pro,false,drone_images/Mavic Pro.png,29.495000,-82.105000,29.494500,-82.105300,apolloshield_df,camera,230.86948,10,5770000000,GMMM00MM08850001V64F,bluvec2.0-GMMM00MM08850001V64F,150,GREEN,NONE
1772109788000,A2D2-3A8C,FLT-3A8C-001,29.500000,-82.100000,150,14,0,Mavic Pro,false,drone_images/Mavic Pro.png,29.495000,-82.105000,29.494500,-82.105300,apolloshield_df,camera,230.86948,10,5770000000,GMMM00MM08850001V64F,bluvec2.0-GMMM00MM08850001V64F,150,GREEN,NONE
1772109788000,A2D2-3A8C,FLT-3A8C-001,29.500000,-82.100000,150,14,0,Mavic Pro,false,drone_images/Mavic Pro.png,29.495000,-82.105000,29.494500,-82.105300,apolloshield_df,camera,230.86948,10,5770000000,GMMM00MM08850001V64F,bluvec2.0-GMMM00MM08850001V64F,150,GREEN,NONE
1772109788000,A2D2-3A8C,FLT-3A8C-001,29.500000,-82.100000,150,14,0,Mavic Pro,false,drone_images/Mavic Pro.png,29.495000,-82.105000,29.494500,-82.105300,apolloshield_df,camera,230.86948,10,5770000000,GMMM00MM08850001V64F,bluvec2.0-GMMM00MM08850001V64F,150,GREEN,NONE
1772109788000,A2D2-3A8C,FLT-3A8C-001,29.500000,-82.100000,150,14,0,Mavic Pro,false,drone_images/Mavic Pro.png,29.495000,-82.105000,29.494500,-82.105300,apolloshield_df,camera,230.86948,10,5770000000,GMMM00MM08850001V64F,bluvec2.0-GMMM00MM08850001V64F,150,GREEN,NONE
1772109788000,A2D2-3A8C,FLT-3A8C-001,29.500000,-82.100000,150,14,0,Mavic Pro,false,drone_images/Mavic Pro.png,29.495000,-82.105000,29.494500,-82.105300,apolloshield_df,camera,230.86948,10,5770000000,GMMM00MM08850001V64F,bluvec2.0-GMMM00MM08850001V64F,150,GREEN,NONE
1772109788000,A2D2-3A8C,FLT-3A8C-001,29.500000,-82.100000,150,14,0,Mavic Pro,false,drone_images/Mavic Pro.png,29.495000,-82.105000,29.494500,-82.105300,apolloshield_df,camera,230.86948,10,5770000000,GMMM00MM08850001V64F,bluvec2.0-GMMM00MM08850001V64F,150,GREEN,NONE
1772109788000,A2D2-3A8C,FLT-3A8C-001,29.500000,-82.100000,150,14,0,Mavic Pro,false,drone_images/Mavic Pro.png,29.495000,-82.105000,29.494500,-82.105300,apolloshield_df,camera,230.86948,10,5770000000,GMMM00MM08850001V64F,bluvec2.0-GMMM00MM08850001V64F,150,GREEN,NONE
1772109788000,A2D2-3A8C,FLT-3A8C-001,29.500000,-82.100000,150,14,0,Mavic Pro,false,drone_images/Mavic Pro.png,29.495000,-82.105000,29.494500,-82.105300,apolloshield_df,camera,230.86948,10,5770000000,GMMM00MM08850001V64F,bluvec2.0-GMMM00MM08850001V64F,150,GREEN,NONE
1772109788000,A2D2-3A8C,FLT-3A8C-001,29.500000,-82.100000,150,14,0,Mavic Pro,false,drone_images/Mavic Pro.png,29.495000,-82.105000,29.494500,-82.105300,apolloshield_df,camera,230.86948,10,5770000000,GMMM00MM08850001V64F,bluvec2.0-GMMM00MM08850001V64F,150,GREEN,NONE
1772109788000,A2D2-3A8C,FLT-3A8C-001,29.500000,-82.100000,150,14,0,Mavic Pro,false,drone_images/Mavic Pro.png,29.495000,-82.105000,29.494500,-82.105300,apolloshield_df,camera,230.86948,10,5770000000,GMMM00MM08850001V64F,bluvec2.0-GMMM00MM08850001V64F,150,GREEN,NONE
1772109788000,A2D2-3A8C,FLT-3A8C-001,29.500000,-82.100000,150,14,0,Mavic Pro,false,drone_images/Mavic Pro.png,29.495000,-82.105000,29.494500,-82.105300,apolloshield_df,camera,230.86948,10,5770000000,GMMM00MM08850001V64F,bluvec2.0-GMMM00MM08850001V64F,150,GREEN,NONE
1772109788000,A2D2-3A8C,FLT-3A8C-001,29.500000,-82.100000,150,14,0,Mavic Pro,false,drone_images/Mavic Pro.png,29.495000,-82.105000,29.494500,-82.105300,apolloshield_df,camera,230.86948,10,5770000000,GMMM00MM08850001V64F,bluvec2.0-GMMM00MM08850001V64F,150,GREEN,NONE
1772109788000,A2D2-3A8C,FLT-3A8C-001,29.500000,-82.100000,150,14,0,Mavic Pro,false,drone_images/Mavic Pro.png,29.495000,-82.105000,29.494500,-82.105300,apolloshield_df,camera,230.86948,10,5770000000,GMMM00MM08850001V64F,bluvec2.0-GMMM00MM08850001V64F,150,GREEN,NONE
1772109788000,A2D2-3A8C,FLT-3A8C-001,29.500000,-82.100000,150,14,0,Mavic Pro,false,drone_images/Mavic Pro.png,29.495000,-82.105000,29.494500,-82.105300,apolloshield_df,camera,230.86948,10,5770000000,GMMM00MM08850001V64F,bluvec2.0-GMMM00MM08850001V64F,150,GREEN,NONE
1772109788000,A2D2-3A8C,FLT-3A8C-001,29.500000,-82.100000,150,14,0,Mavic Pro,false,drone_images/Mavic Pro.png,29.495000,-82.105000,29.494500,-82.105300,apolloshield_df,camera,223.79417,10,5770000000,GMMM00MM08850001V64F,bluvec2.0-GMMM00MM08850001V64F,150,GREEN,NONE
1772109788000,A2D2-3A8C,FLT-3A8C-001,29.500000,-82.100000,150,14,0,Mavic Pro,false,drone_images/Mavic Pro.png,29.495000,-82.105000,29.494500,-82.105300,apolloshield_df,camera,223.79417,10,5770000000,GMMM00MM08850001V64F,bluvec2.0-GMMM00MM08850001V64F,150,GREEN,NONE
1772109788000,A2D2-3A8C,FLT-3A8C-001,29.500000,-82.100000,150,14,0,Mavic Pro,false,drone_images/Mavic Pro.png,29.495000,-82.105000,29.494500,-82.105300,apolloshield_df,camera,225.52669,10,5770000000,GMMM00MM08850001V64F,bluvec2.0-GMMM00MM08850001V64F,150,GREEN,NONE
1772109788000,A2D2-3A8C,FLT-3A8C-001,29.500000,-82.100000,150,14,0,Mavic Pro,false,drone_images/Mavic Pro.png,29.495000,-82.105000,29.494500,-82.105300,apolloshield_df,camera,222.81201,10,5770000000,GMMM00MM08850001V64F,bluvec2.0-GMMM00MM08850001V64F,150,GREEN,NONE
1772109788000,A2D2-3A8C,FLT-3A8C-001,29.500000,-82.100000,150,14,0,Mavic Pro,false,drone_images/Mavic Pro.png,29.495000,-82.105000,29.494500,-82.105300,apolloshield_df,camera,222.81201,10,5770000000,GMMM00MM08850001V64F,bluvec2.0-GMMM00MM08850001V64F,150,GREEN,NONE
1772109788000,A2D2-3A8C,FLT-3A8C-001,29.500000,-82.100000,150,14,0,Mavic Pro,false,drone_images/Mavic Pro.png,29.495000,-82.105000,29.494500,-82.105300,apolloshield_df,camera,226.2902,10,5770000000,GMMM00MM08850001V64F,bluvec2.0-GMMM00MM08850001V64F,150,GREEN,NONE
1772109788000,A2D2-3A8C,FLT-3A8C-001,29.500000,-82.100000,150,14,0,Mavic Pro,false,drone_images/Mavic Pro.png,29.495000,-82.105000,29.494500,-82.105300,apolloshield_df,camera,226.2902,10,5770000000,GMMM00MM08850001V64F,bluvec2.0-GMMM00MM08850001V64F,150,GREEN,NONE
1772109788000,A2D2-3A8C,FLT-3A8C-001,29.500000,-82.100000,150,14,0,Mavic Pro,false,drone_images/Mavic Pro.png,29.495000,-82.105000,29.494500,-82.105300,apolloshield_df,camera,226.2902,10,5770000000,GMMM00MM08850001V64F,bluvec2.0-GMMM00MM08850001V64F,150,GREEN,NONE
1772109788000,A2D2-3A8C,FLT-3A8C-001,29.500000,-82.100000,150,14,0,Mavic Pro,false,drone_images/Mavic Pro.png,29.495000,-82.105000,29.494500,-82.105300,apolloshield_df,camera,226.2902,10,5770000000,GMMM00MM08850001V64F,bluvec2.0-GMMM00MM08850001V64F,150,GREEN,NONE
1772109788000,A2D2-3A8C,FLT-3A8C-001,29.500000,-82.100000,150,14,0,Mavic Pro,false,drone_images/Mavic Pro.png,29.495000,-82.105000,29.494500,-82.105300,apolloshield_df,camera,226.2902,10,5770000000,GMMM00MM08850001V64F,bluvec2.0-GMMM00MM08850001V64F,150,GREEN,NONE
1772109788000,A2D2-3A8C,FLT-3A8C-001,29.500000,-82.100000,150,14,0,Mavic Pro,false,drone_images/Mavic Pro.png,29.495000,-82.105000,29.494500,-82.105300,apolloshield_df,camera,226.2902,10,5770000000,GMMM00MM08850001V64F,bluvec2.0-GMMM00MM08850001V64F,150,GREEN,NONE
1772109788000,A2D2-3A8C,FLT-3A8C-001,29.500000,-82.100000,150,14,0,Mavic Pro,false,drone_images/Mavic Pro.png,29.495000,-82.105000,29.494500,-82.105300,apolloshield_df,camera,226.2902,10,5770000000,GMMM00MM08850001V64F,bluvec2.0-GMMM00MM08850001V64F,150,GREEN,NONE
1772109788000,A2D2-3A8C,FLT-3A8C-001,29.500000,-82.100000,150,14,0,Mavic Pro,false,drone_images/Mavic Pro.png,29.495000,-82.105000,29.494500,-82.105300,apolloshield_df,camera,217.75221,10,5770000000,GMMM00MM08850001V64F,bluvec2.0-GMMM00MM08850001V64F,150,GREEN,NONE
1772109788000,A2D2-3A8C,FLT-3A8C-001,29.500000,-82.100000,150,14,0,Mavic Pro,false,drone_images/Mavic Pro.png,29.495000,-82.105000,29.494500,-82.105300,apolloshield_df,camera,215.77739,10,5770000000,GMMM00MM08850001V64F,bluvec2.0-GMMM00MM08850001V64F,150,GREEN,NONE
1772109788000,A2D2-3A8C,FLT-3A8C-001,29.500000,-82.100000,150,14,0,Mavic Pro,false,drone_images/Mavic Pro.png,29.495000,-82.105000,29.494500,-82.105300,apolloshield_df,camera,213.99048,10,5770000000,GMMM00MM08850001V64F,bluvec2.0-GMMM00MM08850001V64F,150,GREEN,NONE
1772109788000,A2D2-3A8C,FLT-3A8C-001,29.500000,-82.100000,150,14,0,Mavic Pro,false,drone_images/Mavic Pro.png,29.495000,-82.105000,29.494500,-82.105300,apolloshield_df,camera,212.37363,10,5770000000,GMMM00MM08850001V64F,bluvec2.0-GMMM00MM08850001V64F,150,GREEN,NONE
1772109788000,A2D2-3A8C,FLT-3A8C-001,29.500000,-82.100000,150,14,0,Mavic Pro,false,drone_images/Mavic Pro.png,29.495000,-82.105000,29.494500,-82.105300,apolloshield_df,camera,212.37363,10,5770000000,GMMM00MM08850001V64F,bluvec2.0-GMMM00MM08850001V64F,150,GREEN,NONE
1772109788000,A2D2-3A8C,FLT-3A8C-001,29.500000,-82.100000,150,14,0,Mavic Pro,false,drone_images/Mavic Pro.png,29.495000,-82.105000,29.494500,-82.105300,apolloshield_df,camera,212.37363,10,5770000000,GMMM00MM08850001V64F,bluvec2.0-GMMM00MM08850001V64F,150,GREEN,NONE
1772109788000,A2D2-3A8C,FLT-3A8C-001,29.500000,-82.100000,150,14,0,Mavic Pro,false,drone_images/Mavic Pro.png,29.495000,-82.105000,29.494500,-82.105300,apolloshield_df,camera,206.62831,10,5770000000,GMMM00MM08850001V64F,bluvec2.0-GMMM00MM08850001V64F,150,GREEN,NONE
1772109788000,A2D2-3A8C,FLT-3A8C-001,29.500000,-82.100000,150,14,0,Mavic Pro,false,drone_images/Mavic Pro.png,29.495000,-82.105000,29.494500,-82.105300,apolloshield_df,camera,206.62831,10,5770000000,GMMM00MM08850001V64F,bluvec2.0-GMMM00MM08850001V64F,150,GREEN,NONE
1772109788000,A2D2-3A8C,FLT-3A8C-001,29.500000,-82.100000,150,14,0,Mavic Pro,false,drone_images/Mavic Pro.png,29.495000,-82.105000,29.494500,-82.105300,apolloshield_df,camera,206.62831,10,5770000000,GMMM00MM08850001V64F,bluvec2.0-GMMM00MM08850001V64F,150,GREEN,NONE
1772109788000,A2D2-3A8C,FLT-3A8C-001,29.500000,-82.100000,150,14,0,Mavic Pro,false,drone_images/Mavic Pro.png,29.495000,-82.105000,29.494500,-82.105300,apolloshield_df,camera,206.62831,10,5770000000,GMMM00MM08850001V64F,bluvec2.0-GMMM00MM08850001V64F,150,GREEN,NONE
1772109788000,A2D2-3A8C,FLT-3A8C-001,29.500000,-82.100000,150,14,0,Mavic Pro,false,drone_images/Mavic Pro.png,29.495000,-82.105000,29.494500,-82.105300,apolloshield_df,camera,206.62831,10,5770000000,GMMM00MM08850001V64F,bluvec2.0-GMMM00MM08850001V64F,150,GREEN,NONE
1772109788000,A2D2-3A8C,FLT-3A8C-001,29.500000,-82.100000,150,14,0,Mavic Pro,false,drone_images/Mavic Pro.png,29.495000,-82.105000,29.494500,-82.105300,apolloshield_df,camera,213.04012,10,5770000000,GMMM00MM08850001V64F,bluvec2.0-GMMM00MM08850001V64F,150,GREEN,NONE
1772109788000,A2D2-3A8C,FLT-3A8C-001,29.500000,-82.100000,150,14,0,Mavic Pro,false,drone_images/Mavic Pro.png,29.495000,-82.105000,29.494500,-82.105300,apolloshield_df,camera,210.13254,10,5770000000,GMMM00MM08850001V64F,bluvec2.0-GMMM00MM08850001V64F,150,GREEN,NONE
1772109788000,A2D2-3A8C,FLT-3A8C-001,29.500000,-82.100000,150,14,0,Mavic Pro,false,drone_images/Mavic Pro.png,29.495000,-82.105000,29.494500,-82.105300,apolloshield_df,camera,210.13254,10,5770000000,GMMM00MM08850001V64F,bluvec2.0-GMMM00MM08850001V64F,150,GREEN,NONE
1772109788000,A2D2-3A8C,FLT-3A8C-001,29.500000,-82.100000,150,14,0,Mavic Pro,false,drone_images/Mavic Pro.png,29.495000,-82.105000,29.494500,-82.105300,apolloshield_df,camera,208.88281,10,5770000000,GMMM00MM08850001V64F,bluvec2.0-GMMM00MM08850001V64F,150,GREEN,NONE
1772109788000,A2D2-3A8C,FLT-3A8C-001,29.500000,-82.100000,150,14,0,Mavic Pro,false,drone_images/Mavic Pro.png,29.495000,-82.105000,29.494500,-82.105300,apolloshield_df,camera,208.88281,10,5770000000,GMMM00MM08850001V64F,bluvec2.0-GMMM00MM08850001V64F,150,GREEN,NONE
1772109788000,A2D2-3A8C,FLT-3A8C-001,29.500000,-82.100000,150,14,0,Mavic Pro,false,drone_images/Mavic Pro.png,29.495000,-82.105000,29.494500,-82.105300,apolloshield_df,camera,208.98912,10,5770000000,GMMM00MM08850001V64F,bluvec2.0-GMMM00MM08850001V64F,150,GREEN,NONE
1772109788000,A2D2-3A8C,FLT-3A8C-001,29.500000,-82.100000,150,14,0,Mavic Pro,false,drone_images/Mavic Pro.png,29.495000,-82.105000,29.494500,-82.105300,apolloshield_df,camera,208.98912,10,5770000000,GMMM00MM08850001V64F,bluvec2.0-GMMM00MM08850001V64F,150,GREEN,NONE
1772109788000,A2D2-3A8C,FLT-3A8C-001,29.500000,-82.100000,150,14,0,Mavic Pro,false,drone_images/Mavic Pro.png,29.495000,-82.105000,29.494500,-82.105300,apolloshield_df,camera,208.98912,10,5770000000,GMMM00MM08850001V64F,bluvec2.0-GMMM00MM08850001V64F,150,GREEN,NONE
1772109788000,A2D2-3A8C,FLT-3A8C-001,29.500000,-82.100000,150,14,0,Mavic Pro,false,drone_images/Mavic Pro.png,29.495000,-82.105000,29.494500,-82.105300,apolloshield_df,camera,208.98912,10,5770000000,GMMM00MM08850001V64F,bluvec2.0-GMMM00MM08850001V64F,150,GREEN,NONE
1772109788000,A2D2-3A8C,FLT-3A8C-001,29.500000,-82.100000,150,14,0,Mavic Pro,false,drone_images/Mavic Pro.png,29.495000,-82.105000,29.494500,-82.105300,apolloshield_df,camera,208.98912,10,5770000000,GMMM00MM08850001V64F,bluvec2.0-GMMM00MM08850001V64F,150,GREEN,NONE
1772109788000,A2D2-3A8C,FLT-3A8C-001,29.500000,-82.100000,150,14,0,Mavic Pro,false,drone_images/Mavic Pro.png,29.495000,-82.105000,29.494500,-82.105300,apolloshield_df,camera,208.98912,10,5770000000,GMMM00MM08850001V64F,bluvec2.0-GMMM00MM08850001V64F,150,GREEN,NONE
1772109788000,A2D2-3A8C,FLT-3A8C-001,29.500000,-82.100000,150,14,0,Mavic Pro,false,drone_images/Mavic Pro.png,29.495000,-82.105000,29.494500,-82.105300,apolloshield_df,camera,208.98912,10,5770000000,GMMM00MM08850001V64F,bluvec2.0-GMMM00MM08850001V64F,150,GREEN,NONE
1772109788000,A2D2-3A8C,FLT-3A8C-001,29.500000,-82.100000,150,14,0,Mavic Pro,false,drone_images/Mavic Pro.png,29.495000,-82.105000,29.494500,-82.105300,apolloshield_df,camera,208.98912,10,5770000000,GMMM00MM08850001V64F,bluvec2.0-GMMM00MM08850001V64F,150,GREEN,NONE
1772109788000,A2D2-3A8C,FLT-3A8C-001,29.500000,-82.100000,150,14,0,Mavic Pro,false,drone_images/Mavic Pro.png,29.495000,-82.105000,29.494500,-82.105300,apolloshield_df,camera,208.98912,10,5770000000,GMMM00MM08850001V64F,bluvec2.0-GMMM00MM08850001V64F,150,GREEN,NONE
1772109788000,A2D2-3A8C,FLT-3A8C-001,29.500000,-82.100000,150,14,0,Mavic Pro,false,drone_images/Mavic Pro.png,29.495000,-82.105000,29.494500,-82.105300,apolloshield_df,camera,208.98912,10,5770000000,GMMM00MM08850001V64F,bluvec2.0-GMMM00MM08850001V64F,150,GREEN,NONE
1772109788000,A2D2-3A8C,FLT-3A8C-001,29.500000,-82.100000,150,14,0,Mavic Pro,false,drone_images/Mavic Pro.png,29.495000,-82.105000,29.494500,-82.105300,apolloshield_df,camera,208.98912,10,5770000000,GMMM00MM08850001V64F,bluvec2.0-GMMM00MM08850001V64F,150,GREEN,NONE
1772109788000,A2D2-3A8C,FLT-3A8C-001,29.500000,-82.100000,150,14,0,Mavic Pro,false,drone_images/Mavic Pro.png,29.495000,-82.105000,29.494500,-82.105300,apolloshield_df,camera,208.98912,10,5770000000,GMMM00MM08850001V64F,bluvec2.0-GMMM00MM08850001V64F,150,GREEN,NONE
1772109788000,A2D2-3A8C,FLT-3A8C-001,29.500000,-82.100000,150,14,0,Mavic Pro,false,drone_images/Mavic Pro.png,29.495000,-82.105000,29.494500,-82.105300,apolloshield_df,camera,208.98912,10,5770000000,GMMM00MM08850001V64F,bluvec2.0-GMMM00MM08850001V64F,150,GREEN,NONE
1772109788000,A2D2-3A8C,FLT-3A8C-001,29.500000,-82.100000,150,14,0,Mavic Pro,false,drone_images/Mavic Pro.png,29.495000,-82.105000,29.494500,-82.105300,apolloshield_df,camera,203.72078,10,5770000000,GMMM00MM08850001V64F,bluvec2.0-GMMM00MM08850001V64F,150,GREEN,NONE
1772109788000,A2D2-3A8C,FLT-3A8C-001,29.500000,-82.100000,150,14,0,Mavic Pro,false,drone_images/Mavic Pro.png,29.495000,-82.105000,29.494500,-82.105300,apolloshield_df,camera,203.72078,10,5770000000,GMMM00MM08850001V64F,bluvec2.0-GMMM00MM08850001V64F,150,GREEN,NONE
1772109788000,A2D2-3A8C,FLT-3A8C-001,29.500000,-82.100000,150,14,0,Mavic Pro,false,drone_images/Mavic Pro.png,29.495000,-82.105000,29.494500,-82.105300,apolloshield_df,camera,205.17479,10,5770000000,GMMM00MM08850001V64F,bluvec2.0-GMMM00MM08850001V64F,150,GREEN,NONE
1772109788000,A2D2-3A8C,FLT-3A8C-001,29.500000,-82.100000,150,14,0,Mavic Pro,false,drone_images/Mavic Pro.png,29.495000,-82.105000,29.494500,-82.105300,apolloshield_df,camera,205.6734,10,5770000000,GMMM00MM08850001V64F,bluvec2.0-GMMM00MM08850001V64F,150,GREEN,NONE
1772109788000,A2D2-3A8C,FLT-3A8C-001,29.500000,-82.100000,150,14,0,Mavic Pro,false,drone_images/Mavic Pro.png,29.495000,-82.105000,29.494500,-82.105300,apolloshield_df,camera,204.84802,10,5770000000,GMMM00MM08850001V64F,bluvec2.0-GMMM00MM08850001V64F,150,GREEN,NONE
1772109788000,A2D2-3A8C,FLT-3A8C-001,29.500000,-82.100000,150,14,0,Mavic Pro,false,drone_images/Mavic Pro.png,29.495000,-82.105000,29.494500,-82.105300,apolloshield_df,camera,204.84802,10,5770000000,GMMM00MM08850001V64F,bluvec2.0-GMMM00MM08850001V64F,150,GREEN,NONE
1772109788000,A2D2-3A8C,FLT-3A8C-001,29.500000,-82.100000,150,14,0,Mavic Pro,false,drone_images/Mavic Pro.png,29.495000,-82.105000,29.494500,-82.105300,apolloshield_df,camera,204.84802,10,5770000000,GMMM00MM08850001V64F,bluvec2.0-GMMM00MM08850001V64F,150,GREEN,NONE
1772109788000,A2D2-3A8C,FLT-3A8C-001,29.500000,-82.100000,150,14,0,Mavic Pro,false,drone_images/Mavic Pro.png,29.495000,-82.105000,29.494500,-82.105300,apolloshield_df,camera,204.84802,10,5770000000,GMMM00MM08850001V64F,bluvec2.0-GMMM00MM08850001V64F,150,GREEN,NONE
1772109788000,A2D2-3A8C,FLT-3A8C-001,29.500000,-82.100000,150,14,0,Mavic Pro,false,drone_images/Mavic Pro.png,29.495000,-82.105000,29.494500,-82.105300,apolloshield_df,camera,199.81886,10,5770000000,GMMM00MM08850001V64F,bluvec2.0-GMMM00MM08850001V64F,150,GREEN,NONE
1772109788000,A2D2-3A8C,FLT-3A8C-001,29.500000,-82.100000,150,14,0,Mavic Pro,false,drone_images/Mavic Pro.png,29.495000,-82.105000,29.494500,-82.105300,apolloshield_df,camera,197.5522,10,5770000000,GMMM00MM08850001V64F,bluvec2.0-GMMM00MM08850001V64F,150,GREEN,NONE
1772109788000,A2D2-3A8C,FLT-3A8C-001,29.500000,-82.100000,150,14,0,Mavic Pro,false,drone_images/Mavic Pro.png,29.495000,-82.105000,29.494500,-82.105300,apolloshield_df,camera,197.5522,10,5770000000,GMMM00MM08850001V64F,bluvec2.0-GMMM00MM08850001V64F,150,GREEN,NONE
1772109788000,A2D2-3A8C,FLT-3A8C-001,29.500000,-82.100000,150,14,0,Mavic Pro,false,drone_images/Mavic Pro.png,29.495000,-82.105000,29.494500,-82.105300,apolloshield_df,camera,198.26096,10,5770000000,GMMM00MM08850001V64F,bluvec2.0-GMMM00MM08850001V64F,150,GREEN,NONE
1772109788000,A2D2-3A8C,FLT-3A8C-001,29.500000,-82.100000,150,14,0,Mavic Pro,false,drone_images/Mavic Pro.png,29.495000,-82.105000,29.494500,-82.105300,apolloshield_df,camera,198.26096,10,5770000000,GMMM00MM08850001V64F,bluvec2.0-GMMM00MM08850001V64F,150,GREEN,NONE
1772109788000,A2D2-3A8C,FLT-3A8C-001,29.500000,-82.100000,150,14,0,Mavic Pro,false,drone_images/Mavic Pro.png,29.495000,-82.105000,29.494500,-82.105300,apolloshield_df,camera,202.42328,10,5770000000,GMMM00MM08850001V64F,bluvec2.0-GMMM00MM08850001V64F,150,GREEN,NONE
1772109788000,A2D2-3A8C,FLT-3A8C-001,29.500000,-82.100000,150,14,0,Mavic Pro,false,drone_images/Mavic Pro.png,29.495000,-82.105000,29.494500,-82.105300,apolloshield_df,camera,202.42328,10,5770000000,GMMM00MM08850001V64F,bluvec2.0-GMMM00MM08850001V64F,150,GREEN,NONE
1772109788000,A2D2-3A8C,FLT-3A8C-001,29.500000,-82.100000,150,14,0,Mavic Pro,false,drone_images/Mavic Pro.png,29.495000,-82.105000,29.494500,-82.105300,apolloshield_df,camera,202.42328,10,5770000000,GMMM00MM08850001V64F,bluvec2.0-GMMM00MM08850001V64F,150,GREEN,NONE
1772109788000,A2D2-3A8C,FLT-3A8C-001,29.500000,-82.100000,150,14,0,Mavic Pro,false,drone_images/Mavic Pro.png,29.495000,-82.105000,29.494500,-82.105300,apolloshield_df,camera,202.42328,10,5770000000,GMMM00MM08850001V64F,bluvec2.0-GMMM00MM08850001V64F,150,GREEN,NONE
1772109788000,A2D2-3A8C,FLT-3A8C-001,29.500000,-82.100000,150,14,0,Mavic Pro,false,drone_images/Mavic Pro.png,29.495000,-82.105000,29.494500,-82.105300,apolloshield_df,camera,202.42328,10,5770000000,GMMM00MM08850001V64F,bluvec2.0-GMMM00MM08850001V64F,150,GREEN,NONE
1772109788000,A2D2-3A8C,FLT-3A8C-001,29.500000,-82.100000,150,14,0,Mavic Pro,false,drone_images/Mavic Pro.png,29.495000,-82.105000,29.494500,-82.105300,apolloshield_df,camera,202.42328,10,5770000000,GMMM00MM08850001V64F,bluvec2.0-GMMM00MM08850001V64F,150,GREEN,NONE
1772109788000,A2D2-3A8C,FLT-3A8C-001,29.500000,-82.100000,150,14,0,Mavic Pro,false,drone_images/Mavic Pro.png,29.495000,-82.105000,29.494500,-82.105300,apolloshield_df,camera,202.42328,10,5770000000,GMMM00MM08850001V64F,bluvec2.0-GMMM00MM08850001V64F,150,GREEN,NONE
1772109788000,A2D2-3A8C,FLT-3A8C-001,29.500000,-82.100000,150,14,0,Mavic Pro,false,drone_images/Mavic Pro.png,29.495000,-82.105000,29.494500,-82.105300,apolloshield_df,camera,202.42328,10,5770000000,GMMM00MM08850001V64F,bluvec2.0-GMMM00MM08850001V64F,150,GREEN,NONE
1772109788000,A2D2-3A8C,FLT-3A8C-001,29.500000,-82.100000,150,14,0,Mavic Pro,false,drone_images/Mavic Pro.png,29.495000,-82.105000,29.494500,-82.105300,apolloshield_df,camera,202.42328,10,5770000000,GMMM00MM08850001V64F,bluvec2.0-GMMM00MM08850001V64F,150,GREEN,NONE
1772109788000,A2D2-3A8C,FLT-3A8C-001,29.500000,-82.100000,150,14,0,Mavic Pro,false,drone_images/Mavic Pro.png,29.495000,-82.105000,29.494500,-82.105300,apolloshield_df,camera,202.42328,10,5770000000,GMMM00MM08850001V64F,bluvec2.0-GMMM00MM08850001V64F,150,GREEN,NONE
1772109788000,A2D2-3A8C,FLT-3A8C-001,29.500000,-82.100000,150,14,0,Mavic Pro,false,drone_images/Mavic Pro.png,29.495000,-82.105000,29.494500,-82.105300,apolloshield_df,camera,202.42328,10,5770000000,GMMM00MM08850001V64F,bluvec2.0-GMMM00MM08850001V64F,150,GREEN,NONE
1772109788000,A2D2-3A8C,FLT-3A8C-001,29.500000,-82.100000,150,14,0,Mavic Pro,false,drone_images/Mavic Pro.png,29.495000,-82.105000,29.494500,-82.105300,apolloshield_df,camera,202.42328,10,5770000000,GMMM00MM08850001V64F,bluvec2.0-GMMM00MM08850001V64F,150,GREEN,NONE
1772109788000,A2D2-3A8C,FLT-3A8C-001,29.500000,-82.100000,150,14,0,Mavic Pro,false,drone_images/Mavic Pro.png,29.495000,-82.105000,29.494500,-82.105300,apolloshield_df,camera,202.42328,10,5770000000,GMMM00MM08850001V64F,bluvec2.0-GMMM00MM08850001V64F,150,GREEN,NONE
1772109788000,A2D2-3A8C,FLT-3A8C-001,29.500000,-82.100000,150,14,0,Mavic Pro,false,drone_images/Mavic Pro.png,29.495000,-82.105000,29.494500,-82.105300,apolloshield_df,camera,202.42328,10,5770000000,GMMM00MM08850001V64F,bluvec2.0-GMMM00MM08850001V64F,150,GREEN,NONE
1772109788000,A2D2-3A8C,FLT-3A8C-001,29.500000,-82.100000,150,14,0,Mavic Pro,false,drone_images/Mavic Pro.png,29.495000,-82.105000,29.494500,-82.105300,apolloshield_df,camera,202.42328,10,5770000000,GMMM00MM08850001V64F,bluvec2.0-GMMM00MM08850001V64F,150,GREEN,NONE
1772109788000,A2D2-3A8C,FLT-3A8C-001,29.500000,-82.100000,150,14,0,Mavic Pro,false,drone_images/Mavic Pro.png,29.495000,-82.105000,29.494500,-82.105300,apolloshield_df,camera,202.42328,10,5770000000,GMMM00MM08850001V64F,bluvec2.0-GMMM00MM08850001V64F,150,GREEN,NONE
1772109788000,A2D2-3A8C,FLT-3A8C-001,29.500000,-82.100000,150,14,0,Mavic Pro,false,drone_images/Mavic Pro.png,29.495000,-82.105000,29.494500,-82.105300,apolloshield_df,camera,202.42328,10,5770000000,GMMM00MM08850001V64F,bluvec2.0-GMMM00MM08850001V64F,150,GREEN,NONE
1772109788000,A2D2-3A8C,FLT-3A8C-001,29.500000,-82.100000,150,14,0,Mavic Pro,false,drone_images/Mavic Pro.png,29.495000,-82.105000,29.494500,-82.105300,apolloshield_df,camera,202.42328,10,5770000000,GMMM00MM08850001V64F,bluvec2.0-GMMM00MM08850001V64F,150,GREEN,NONE
1772109788000,A2D2-3A8C,FLT-3A8C-001,29.500000,-82.100000,150,14,0,Mavic Pro,false,drone_images/Mavic Pro.png,29.495000,-82.105000,29.494500,-82.105300,apolloshield_df,camera,202.42328,10,5770000000,GMMM00MM08850001V64F,bluvec2.0-GMMM00MM08850001V64F,150,GREEN,NONE
1772109788000,A2D2-3A8C,FLT-3A8C-001,29.500000,-82.100000,150,14,0,Mavic Pro,false,drone_images/Mavic Pro.png,29.495000,-82.105000,29.494500,-82.105300,apolloshield_df,camera,202.42328,10,5770000000,GMMM00MM08850001V64F,bluvec2.0-GMMM00MM08850001V64F,150,GREEN,NONE
1772109788000,A2D2-3A8C,FLT-3A8C-001,29.500000,-82.100000,150,14,0,Mavic Pro,false,drone_images/Mavic Pro.png,29.495000,-82.105000,29.494500,-82.105300,apolloshield_df,camera,202.42328,10,5770000000,GMMM00MM08850001V64F,bluvec2.0-GMMM00MM08850001V64F,150,GREEN,NONE
1772109788000,A2D2-3A8C,FLT-3A8C-001,29.500000,-82.100000,150,14,0,Mavic Pro,false,drone_images/Mavic Pro.png,29.495000,-82.105000,29.494500,-82.105300,apolloshield_df,camera,202.42328,10,5770000000,GMMM00MM08850001V64F,bluvec2.0-GMMM00MM08850001V64F,150,GREEN,NONE
1772109788000,A2D2-3A8C,FLT-3A8C-001,29.500000,-82.100000,150,14,0,Mavic Pro,false,drone_images/Mavic Pro.png,29.495000,-82.105000,29.494500,-82.105300,apolloshield_df,camera,202.42328,10,5770000000,GMMM00MM08850001V64F,bluvec2.0-GMMM00MM08850001V64F,150,GREEN,NONE
1772109788000,A2D2-3A8C,FLT-3A8C-001,29.500000,-82.100000,150,14,0,Mavic Pro,false,drone_images/Mavic Pro.png,29.495000,-82.105000,29.494500,-82.105300,apolloshield_df,camera,202.42328,10,5770000000,GMMM00MM08850001V64F,bluvec2.0-GMMM00MM08850001V64F,150,GREEN,NONE
1772109788000,A2D2-3A8C,FLT-3A8C-001,29.500000,-82.100000,150,14,0,Mavic Pro,false,drone_images/Mavic Pro.png,29.495000,-82.105000,29.494500,-82.105300,apolloshield_df,camera,202.42328,10,5770000000,GMMM00MM08850001V64F,bluvec2.0-GMMM00MM08850001V64F,150,GREEN,NONE
1772109788000,A2D2-3A8C,FLT-3A8C-001,29.500000,-82.100000,150,14,0,Mavic Pro,false,drone_images/Mavic Pro.png,29.495000,-82.105000,29.494500,-82.105300,apolloshield_df,camera,202.42328,10,5770000000,GMMM00MM08850001V64F,bluvec2.0-GMMM00MM08850001V64F,150,GREEN,NONE
1772109788000,A2D2-3A8C,FLT-3A8C-001,29.500000,-82.100000,150,14,0,Mavic Pro,false,drone_images/Mavic Pro.png,29.495000,-82.105000,29.494500,-82.105300,apolloshield_df,camera,202.42328,10,5770000000,GMMM00MM08850001V64F,bluvec2.0-GMMM00MM08850001V64F,150,GREEN,NONE
1772109788000,A2D2-3A8C,FLT-3A8C-001,29.500000,-82.100000,150,14,0,Mavic Pro,false,drone_images/Mavic Pro.png,29.495000,-82.105000,29.494500,-82.105300,apolloshield_df,camera,202.42328,10,5770000000,GMMM00MM08850001V64F,bluvec2.0-GMMM00MM08850001V64F,150,GREEN,NONE
1772109788000,A2D2-3A8C,FLT-3A8C-001,29.500000,-82.100000,150,14,0,Mavic Pro,false,drone_images/Mavic Pro.png,29.495000,-82.105000,29.494500,-82.105300,apolloshield_df,camera,202.42328,10,5770000000,GMMM00MM08850001V64F,bluvec2.0-GMMM00MM08850001V64F,150,GREEN,NONE
1772109788000,A2D2-3A8C,FLT-3A8C-001,29.500000,-82.100000,150,14,0,Mavic Pro,false,drone_images/Mavic Pro.png,29.495000,-82.105000,29.494500,-82.105300,apolloshield_df,camera,202.42328,10,5770000000,GMMM00MM08850001V64F,bluvec2.0-GMMM00MM08850001V64F,150,GREEN,NONE
1772109788000,A2D2-3A8C,FLT-3A8C-001,29.500000,-82.100000,150,14,0,Mavic Pro,false,drone_images/Mavic Pro.png,29.495000,-82.105000,29.494500,-82.105300,apolloshield_df,camera,202.42328,10,5770000000,GMMM00MM08850001V64F,bluvec2.0-GMMM00MM08850001V64F,150,GREEN,NONE
1772109788000,A2D2-3A8C,FLT-3A8C-001,29.500000,-82.100000,150,14,0,Mavic Pro,false,drone_images/Mavic Pro.png,29.495000,-82.105000,29.494500,-82.105300,apolloshield_df,camera,202.42328,10,5770000000,GMMM00MM08850001V64F,bluvec2.0-GMMM00MM08850001V64F,150,GREEN,NONE
1772109788000,A2D2-3A8C,FLT-3A8C-001,29.500000,-82.100000,150,14,0,Mavic Pro,false,drone_images/Mavic Pro.png,29.495000,-82.105000,29.494500,-82.105300,apolloshield_df,camera,202.42328,10,5770000000,GMMM00MM08850001V64F,bluvec2.0-GMMM00MM08850001V64F,150,GREEN,NONE
1772109788000,A2D2-3A8C,FLT-3A8C-001,29.500000,-82.100000,150,14,0,Mavic Pro,false,drone_images/Mavic Pro.png,29.495000,-82.105000,29.494500,-82.105300,apolloshield_df,camera,202.42328,10,5770000000,GMMM00MM08850001V64F,bluvec2.0-GMMM00MM08850001V64F,150,GREEN,NONE
1772109788000,A2D2-3A8C,FLT-3A8C-001,29.500000,-82.100000,150,14,0,Mavic Pro,false,drone_images/Mavic Pro.png,29.495000,-82.105000,29.494500,-82.105300,apolloshield_df,camera,202.42328,10,5770000000,GMMM00MM08850001V64F,bluvec2.0-GMMM00MM08850001V64F,150,GREEN,NONE
1772109788000,A2D2-3A8C,FLT-3A8C-001,29.500000,-82.100000,150,14,0,Mavic Pro,false,drone_images/Mavic Pro.png,29.495000,-82.105000,29.494500,-82.105300,apolloshield_df,camera,202.42328,10,5770000000,GMMM00MM08850001V64F,bluvec2.0-GMMM00MM08850001V64F,150,GREEN,NONE
1772109788000,A2D2-3A8C,FLT-3A8C-001,29.500000,-82.100000,150,14,0,Mavic Pro,false,drone_images/Mavic Pro.png,29.495000,-82.105000,29.494500,-82.105300,apolloshield_df,camera,202.42328,10,5770000000,GMMM00MM08850001V64F,bluvec2.0-GMMM00MM08850001V64F,150,GREEN,NONE
1772109788000,A2D2-3A8C,FLT-3A8C-001,29.500000,-82.100000,150,14,0,Mavic Pro,false,drone_images/Mavic Pro.png,29.495000,-82.105000,29.494500,-82.105300,apolloshield_df,camera,202.42328,10,5770000000,GMMM00MM08850001V64F,bluvec2.0-GMMM00MM08850001V64F,150,GREEN,NONE
1772109788000,A2D2-3A8C,FLT-3A8C-001,29.500000,-82.100000,150,14,0,Mavic Pro,false,drone_images/Mavic Pro.png,29.495000,-82.105000,29.494500,-82.105300,apolloshield_df,camera,202.42328,10,5770000000,GMMM00MM08850001V64F,bluvec2.0-GMMM00MM08850001V64F,150,GREEN,NONE
1772109788000,A2D2-3A8C,FLT-3A8C-001,29.500000,-82.100000,150,14,0,Mavic Pro,false,drone_images/Mavic Pro.png,29.495000,-82.105000,29.494500,-82.105300,apolloshield_df,camera,202.42328,10,5770000000,GMMM00MM08850001V64F,bluvec2.0-GMMM00MM08850001V64F,150,GREEN,NONE
1772109788000,A2D2-3A8C,FLT-3A8C-001,29.500000,-82.100000,150,14,0,Mavic Pro,false,drone_images/Mavic Pro.png,29.495000,-82.105000,29.494500,-82.105300,apolloshield_df,camera,202.42328,10,5770000000,GMMM00MM08850001V64F,bluvec2.0-GMMM00MM08850001V64F,150,GREEN,NONE
1772109788000,A2D2-3A8C,FLT-3A8C-001,29.500000,-82.100000,150,14,0,Mavic Pro,false,drone_images/Mavic Pro.png,29.495000,-82.105000,29.494500,-82.105300,apolloshield_df,camera,202.42328,10,5770000000,GMMM00MM08850001V64F,bluvec2.0-GMMM00MM08850001V64F,150,GREEN,NONE
1772109788000,A2D2-3A8C,FLT-3A8C-001,29.500000,-82.100000,150,14,0,Mavic Pro,false,drone_images/Mavic Pro.png,29.495000,-82.105000,29.494500,-82.105300,apolloshield_df,camera,202.42328,10,5770000000,GMMM00MM08850001V64F,bluvec2.0-GMMM00MM08850001V64F,150,GREEN,NONE
1772109788000,A2D2-3A8C,FLT-3A8C-001,29.500000,-82.100000,150,14,0,Mavic Pro,false,drone_images/Mavic Pro.png,29.495000,-82.105000,29.494500,-82.105300,apolloshield_df,camera,202.42328,10,5770000000,GMMM00MM08850001V64F,bluvec2.0-GMMM00MM08850001V64F,150,GREEN,NONE
1772109788000,A2D2-3A8C,FLT-3A8C-001,29.500000,-82.100000,150,14,0,Mavic Pro,false,drone_images/Mavic Pro.png,29.495000,-82.105000,29.494500,-82.105300,apolloshield_df,camera,202.42328,10,5770000000,GMMM00MM08850001V64F,bluvec2.0-GMMM00MM08850001V64F,150,GREEN,NONE
1772109788000,A2D2-3A8C,FLT-3A8C-001,29.500000,-82.100000,150,14,0,Mavic Pro,false,drone_images/Mavic Pro.png,29.495000,-82.105000,29.494500,-82.105300,apolloshield_df,camera,202.42328,10,5770000000,GMMM00MM08850001V64F,bluvec2.0-GMMM00MM08850001V64F,150,GREEN,NONE
1772109788000,A2D2-3A8C,FLT-3A8C-001,29.500000,-82.100000,150,14,0,Mavic Pro,false,drone_images/Mavic Pro.png,29.495000,-82.105000,29.494500,-82.105300,apolloshield_df,camera,202.42328,10,5770000000,GMMM00MM08850001V64F,bluvec2.0-GMMM00MM08850001V64F,150,GREEN,NONE
1772109788000,A2D2-3A8C,FLT-3A8C-001,29.500000,-82.100000,150,14,0,Mavic Pro,false,drone_images/Mavic Pro.png,29.495000,-82.105000,29.494500,-82.105300,apolloshield_df,camera,202.42328,10,5770000000,GMMM00MM08850001V64F,bluvec2.0-GMMM00MM08850001V64F,150,GREEN,NONE
1772109788000,A2D2-3A8C,FLT-3A8C-001,29.500000,-82.100000,150,14,0,Mavic Pro,false,drone_images/Mavic Pro.png,29.495000,-82.105000,29.494500,-82.105300,apolloshield_df,camera,202.42328,10,5770000000,GMMM00MM08850001V64F,bluvec2.0-GMMM00MM08850001V64F,150,GREEN,NONE
1772109788000,A2D2-3A8C,FLT-3A8C-001,29.500000,-82.100000,150,14,0,Mavic Pro,false,drone_images/Mavic Pro.png,29.495000,-82.105000,29.494500,-82.105300,apolloshield_df,camera,202.42328,10,5770000000,GMMM00MM08850001V64F,bluvec2.0-GMMM00MM08850001V64F,150,GREEN,NONE
1772109788000,A2D2-3A8C,FLT-3A8C-001,29.500000,-82.100000,150,14,0,Mavic Pro,false,drone_images/Mavic Pro.png,29.495000,-82.105000,29.494500,-82.105300,apolloshield_df,camera,202.42328,10,5770000000,GMMM00MM08850001V64F,bluvec2.0-GMMM00MM08850001V64F,150,GREEN,NONE
1772109788000,A2D2-3A8C,FLT-3A8C-001,29.500000,-82.100000,150,14,0,Mavic Pro,false,drone_images/Mavic Pro.png,29.495000,-82.105000,29.494500,-82.105300,apolloshield_df,camera,202.42328,10,5770000000,GMMM00MM08850001V64F,bluvec2.0-GMMM00MM08850001V64F,150,GREEN,NONE
1772109788000,A2D2-3A8C,FLT-3A8C-001,29.500000,-82.100000,150,14,0,Mavic Pro,false,drone_images/Mavic Pro.png,29.495000,-82.105000,29.494500,-82.105300,apolloshield_df,camera,202.42328,10,5770000000,GMMM00MM08850001V64F,bluvec2.0-GMMM00MM08850001V64F,150,GREEN,NONE
1772109788000,A2D2-3A8C,FLT-3A8C-001,29.500000,-82.100000,150,14,0,Mavic Pro,false,drone_images/Mavic Pro.png,29.495000,-82.105000,29.494500,-82.105300,apolloshield_df,camera,202.42328,10,5770000000,GMMM00MM08850001V64F,bluvec2.0-GMMM00MM08850001V64F,150,GREEN,NONE
1772109788000,A2D2-3A8C,FLT-3A8C-001,29.500000,-82.100000,150,14,0,Mavic Pro,false,drone_images/Mavic Pro.png,29.495000,-82.105000,29.494500,-82.105300,apolloshield_df,camera,202.42328,10,5770000000,GMMM00MM08850001V64F,bluvec2.0-GMMM00MM08850001V64F,150,GREEN,NONE
1772109788000,A2D2-3A8C,FLT-3A8C-001,29.500000,-82.100000,150,14,0,Mavic Pro,false,drone_images/Mavic Pro.png,29.495000,-82.105000,29.494500,-82.105300,apolloshield_df,camera,202.42328,10,5770000000,GMMM00MM08850001V64F,bluvec2.0-GMMM00MM08850001V64F,150,GREEN,NONE
1772109788000,A2D2-3A8C,FLT-3A8C-001,29.500000,-82.100000,150,14,0,Mavic Pro,false,drone_images/Mavic Pro.png,29.495000,-82.105000,29.494500,-82.105300,apolloshield_df,camera,202.42328,10,5770000000,GMMM00MM08850001V64F,bluvec2.0-GMMM00MM08850001V64F,150,GREEN,NONE
1772109788000,A2D2-3A8C,FLT-3A8C-001,29.500000,-82.100000,150,14,0,Mavic Pro,false,drone_images/Mavic Pro.png,29.495000,-82.105000,29.494500,-82.105300,apolloshield_df,camera,202.42328,10,5770000000,GMMM00MM08850001V64F,bluvec2.0-GMMM00MM08850001V64F,150,GREEN,NONE
1772109788000,A2D2-3A8C,FLT-3A8C-001,29.500000,-82.100000,150,14,0,Mavic Pro,false,drone_images/Mavic Pro.png,29.495000,-82.105000,29.494500,-82.105300,apolloshield_df,camera,202.42328,10,5770000000,GMMM00MM08850001V64F,bluvec2.0-GMMM00MM08850001V64F,150,GREEN,NONE
1772109788000,A2D2-3A8C,FLT-3A8C-001,29.500000,-82.100000,150,14,0,Mavic Pro,false,drone_images/Mavic Pro.png,29.495000,-82.105000,29.494500,-82.105300,apolloshield_df,camera,202.42328,10,5770000000,GMMM00MM08850001V64F,bluvec2.0-GMMM00MM08850001V64F,150,GREEN,NONE
1772109788000,A2D2-3A8C,FLT-3A8C-001,29.500000,-82.100000,150,14,0,Mavic Pro,false,drone_images/Mavic Pro.png,29.495000,-82.105000,29.494500,-82.105300,apolloshield_df,camera,202.42328,10,5770000000,GMMM00MM08850001V64F,bluvec2.0-GMMM00MM08850001V64F,150,GREEN,NONE
1772109788000,A2D2-3A8C,FLT-3A8C-001,29.500000,-82.100000,150,14,0,Mavic Pro,false,drone_images/Mavic Pro.png,29.495000,-82.105000,29.494500,-82.105300,apolloshield_df,camera,202.42328,10,5770000000,GMMM00MM08850001V64F,bluvec2.0-GMMM00MM08850001V64F,150,GREEN,NONE
1772109788000,A2D2-3A8C,FLT-3A8C-001,29.500000,-82.100000,150,14,0,Mavic Pro,false,drone_images/Mavic Pro.png,29.495000,-82.105000,29.494500,-82.105300,apolloshield_df,camera,202.42328,10,5770000000,GMMM00MM08850001V64F,bluvec2.0-GMMM00MM08850001V64F,150,GREEN,NONE
1772109788000,A2D2-3A8C,FLT-3A8C-001,29.500000,-82.100000,150,14,0,Mavic Pro,false,drone_images/Mavic Pro.png,29.495000,-82.105000,29.494500,-82.105300,apolloshield_df,camera,202.42328,10,5770000000,GMMM00MM08850001V64F,bluvec2.0-GMMM00MM08850001V64F,150,GREEN,NONE
1772109788000,A2D2-3A8C,FLT-3A8C-001,29.500000,-82.100000,150,14,0,Mavic Pro,false,drone_images/Mavic Pro.png,29.495000,-82.105000,29.494500,-82.105300,apolloshield_df,camera,202.42328,10,5770000000,GMMM00MM08850001V64F,bluvec2.0-GMMM00MM08850001V64F,150,GREEN,NONE
1772109788000,A2D2-3A8C,FLT-3A8C-001,29.500000,-82.100000,150,14,0,Mavic Pro,false,drone_images/Mavic Pro.png,29.495000,-82.105000,29.494500,-82.105300,apolloshield_df,camera,202.42328,10,5770000000,GMMM00MM08850001V64F,bluvec2.0-GMMM00MM08850001V64F,150,GREEN,NONE
1772109788000,A2D2-3A8C,FLT-3A8C-001,29.500000,-82.100000,150,14,0,Mavic Pro,false,drone_images/Mavic Pro.png,29.495000,-82.105000,29.494500,-82.105300,apolloshield_df,camera,202.42328,10,5770000000,GMMM00MM08850001V64F,bluvec2.0-GMMM00MM08850001V64F,150,GREEN,NONE
1772109788000,A2D2-3A8C,FLT-3A8C-001,29.500000,-82.100000,150,14,0,Mavic Pro,false,drone_images/Mavic Pro.png,29.495000,-82.105000,29.494500,-82.105300,apolloshield_df,camera,202.42328,10,5770000000,GMMM00MM08850001V64F,bluvec2.0-GMMM00MM08850001V64F,150,GREEN,NONE
1772109788000,A2D2-3A8C,FLT-3A8C-001,29.500000,-82.100000,150,14,0,Mavic Pro,false,drone_images/Mavic Pro.png,29.495000,-82.105000,29.494500,-82.105300,apolloshield_df,camera,202.42328,10,5770000000,GMMM00MM08850001V64F,bluvec2.0-GMMM00MM08850001V64F,150,GREEN,NONE
1772109788000,A2D2-3A8C,FLT-3A8C-001,29.500000,-82.100000,150,14,0,Mavic Pro,false,drone_images/Mavic Pro.png,29.495000,-82.105000,29.494500,-82.105300,apolloshield_df,camera,202.42328,10,5770000000,GMMM00MM08850001V64F,bluvec2.0-GMMM00MM08850001V64F,150,GREEN,NONE
1772109788000,A2D2-3A8C,FLT-3A8C-001,29.500000,-82.100000,150,14,0,Mavic Pro,false,drone_images/Mavic Pro.png,29.495000,-82.105000,29.494500,-82.105300,apolloshield_df,camera,202.42328,10,5770000000,GMMM00MM08850001V64F,bluvec2.0-GMMM00MM08850001V64F,150,GREEN,NONE
1772109788000,A2D2-3A8C,FLT-3A8C-001,29.500000,-82.100000,150,14,0,Mavic Pro,false,drone_images/Mavic Pro.png,29.495000,-82.105000,29.494500,-82.105300,apolloshield_df,camera,202.42328,10,5770000000,GMMM00MM08850001V64F,bluvec2.0-GMMM00MM08850001V64F,150,GREEN,NONE
1772109788000,A2D2-3A8C,FLT-3A8C-001,29.500000,-82.100000,150,14,0,Mavic Pro,false,drone_images/Mavic Pro.png,29.495000,-82.105000,29.494500,-82.105300,apolloshield_df,camera,202.42328,10,5770000000,GMMM00MM08850001V64F,bluvec2.0-GMMM00MM08850001V64F,150,GREEN,NONE
1772109788000,A2D2-3A8C,FLT-3A8C-001,29.500000,-82.100000,150,14,0,Mavic Pro,false,drone_images/Mavic Pro.png,29.495000,-82.105000,29.494500,-82.105300,apolloshield_df,camera,202.42328,10,5770000000,GMMM00MM08850001V64F,bluvec2.0-GMMM00MM08850001V64F,150,GREEN,NONE
1772109788000,A2D2-3A8C,FLT-3A8C-001,29.500000,-82.100000,150,14,0,Mavic Pro,false,drone_images/Mavic Pro.png,29.495000,-82.105000,29.494500,-82.105300,apolloshield_df,camera,202.42328,10,5770000000,GMMM00MM08850001V64F,bluvec2.0-GMMM00MM08850001V64F,150,GREEN,NONE
1772109788000,A2D2-3A8C,FLT-3A8C-001,29.500000,-82.100000,150,14,0,Mavic Pro,false,drone_images/Mavic Pro.png,29.495000,-82.105000,29.494500,-82.105300,apolloshield_df,camera,202.42328,10,5770000000,GMMM00MM08850001V64F,bluvec2.0-GMMM00MM08850001V64F,150,GREEN,NONE
1772109788000,A2D2-3A8C,FLT-3A8C-001,29.500000,-82.100000,150,14,0,Mavic Pro,false,drone_images/Mavic Pro.png,29.495000,-82.105000,29.494500,-82.105300,apolloshield_df,camera,202.42328,10,5770000000,GMMM00MM08850001V64F,bluvec2.0-GMMM00MM08850001V64F,150,GREEN,NONE
1772109788000,A2D2-3A8C,FLT-3A8C-001,29.500000,-82.100000,150,14,0,Mavic Pro,false,drone_images/Mavic Pro.png,29.495000,-82.105000,29.494500,-82.105300,apolloshield_df,camera,202.42328,10,5770000000,GMMM00MM08850001V64F,bluvec2.0-GMMM00MM08850001V64F,150,GREEN,NONE
1772109788000,A2D2-3A8C,FLT-3A8C-001,29.500000,-82.100000,150,14,0,Mavic Pro,false,drone_images/Mavic Pro.png,29.495000,-82.105000,29.494500,-82.105300,apolloshield_df,camera,202.42328,10,5770000000,GMMM00MM08850001V64F,bluvec2.0-GMMM00MM08850001V64F,150,GREEN,NONE
1772109788000,A2D2-3A8C,FLT-3A8C-001,29.500000,-82.100000,150,14,0,Mavic Pro,false,drone_images/Mavic Pro.png,29.495000,-82.105000,29.494500,-82.105300,apolloshield_df,camera,202.42328,10,5770000000,GMMM00MM08850001V64F,bluvec2.0-GMMM00MM08850001V64F,150,GREEN,NONE
1772109788000,A2D2-3A8C,FLT-3A8C-001,29.500000,-82.100000,150,14,0,Mavic Pro,false,drone_images/Mavic Pro.png,29.495000,-82.105000,29.494500,-82.105300,apolloshield_df,camera,202.42328,10,5770000000,GMMM00MM08850001V64F,bluvec2.0-GMMM00MM08850001V64F,150,GREEN,NONE
1772109788000,A2D2-3A8C,FLT-3A8C-001,29.500000,-82.100000,150,14,0,Mavic Pro,false,drone_images/Mavic Pro.png,29.495000,-82.105000,29.494500,-82.105300,apolloshield_df,camera,202.42328,10,5770000000,GMMM00MM08850001V64F,bluvec2.0-GMMM00MM08850001V64F,150,GREEN,NONE
1772109788000,A2D2-3A8C,FLT-3A8C-001,29.500000,-82.100000,150,14,0,Mavic Pro,false,drone_images/Mavic Pro.png,29.495000,-82.105000,29.494500,-82.105300,apolloshield_df,camera,202.42328,10,5770000000,GMMM00MM08850001V64F,bluvec2.0-GMMM00MM08850001V64F,150,GREEN,NONE
1772109788000,A2D2-3A8C,FLT-3A8C-001,29.500000,-82.100000,150,14,0,Mavic Pro,false,drone_images/Mavic Pro.png,29.495000,-82.105000,29.494500,-82.105300,apolloshield_df,camera,202.42328,10,5770000000,GMMM00MM08850001V64F,bluvec2.0-GMMM00MM08850001V64F,150,GREEN,NONE
1772109788000,A2D2-3A8C,FLT-3A8C-001,29.500000,-82.100000,150,14,0,Mavic Pro,false,drone_images/Mavic Pro.png,29.495000,-82.105000,29.494500,-82.105300,apolloshield_df,camera,202.42328,10,5770000000,GMMM00MM08850001V64F,bluvec2.0-GMMM00MM08850001V64F,150,GREEN,NONE
1772109788000,A2D2-3A8C,FLT-3A8C-001,29.500000,-82.100000,150,14,0,Mavic Pro,false,drone_images/Mavic Pro.png,29.495000,-82.105000,29.494500,-82.105300,apolloshield_df,camera,202.42328,10,5770000000,GMMM00MM08850001V64F,bluvec2.0-GMMM00MM08850001V64F,150,GREEN,NONE
1772109788000,A2D2-3A8C,FLT-3A8C-001,29.500000,-82.100000,150,14,0,Mavic Pro,false,drone_images/Mavic Pro.png,29.495000,-82.105000,29.494500,-82.105300,apolloshield_df,camera,202.42328,10,5770000000,GMMM00MM08850001V64F,bluvec2.0-GMMM00MM08850001V64F,150,GREEN,NONE
1772109788000,A2D2-3A8C,FLT-3A8C-001,29.500000,-82.100000,150,14,0,Mavic Pro,false,drone_images/Mavic Pro.png,29.495000,-82.105000,29.494500,-82.105300,apolloshield_df,camera,202.42328,10,5770000000,GMMM00MM08850001V64F,bluvec2.0-GMMM00MM08850001V64F,150,GREEN,NONE
1772109788000,A2D2-3A8C,FLT-3A8C-001,29.500000,-82.100000,150,14,0,Mavic Pro,false,drone_images/Mavic Pro.png,29.495000,-82.105000,29.494500,-82.105300,apolloshield_df,camera,202.42328,10,5770000000,GMMM00MM08850001V64F,bluvec2.0-GMMM00MM08850001V64F,150,GREEN,NONE
1772109788000,A2D2-3A8C,FLT-3A8C-001,29.500000,-82.100000,150,14,0,Mavic Pro,false,drone_images/Mavic Pro.png,29.495000,-82.105000,29.494500,-82.105300,apolloshield_df,camera,202.42328,10,5770000000,GMMM00MM08850001V64F,bluvec2.0-GMMM00MM08850001V64F,150,GREEN,NONE
1772109788000,A2D2-3A8C,FLT-3A8C-001,29.500000,-82.100000,150,14,0,Mavic Pro,false,drone_images/Mavic Pro.png,29.495000,-82.105000,29.494500,-82.105300,apolloshield_df,camera,202.42328,10,5770000000,GMMM00MM08850001V64F,bluvec2.0-GMMM00MM08850001V64F,150,GREEN,NONE
1772109788000,A2D2-3A8C,FLT-3A8C-001,29.500000,-82.100000,150,14,0,Mavic Pro,false,drone_images/Mavic Pro.png,29.495000,-82.105000,29.494500,-82.105300,apolloshield_df,camera,202.42328,10,5770000000,GMMM00MM08850001V64F,bluvec2.0-GMMM00MM08850001V64F,150,GREEN,NONE
1772109788000,A2D2-3A8C,FLT-3A8C-001,29.500000,-82.100000,150,14,0,Mavic Pro,false,drone_images/Mavic Pro.png,29.495000,-82.105000,29.494500,-82.105300,apolloshield_df,camera,202.42328,10,5770000000,GMMM00MM08850001V64F,bluvec2.0-GMMM00MM08850001V64F,150,GREEN,NONE
1772109788000,A2D2-3A8C,FLT-3A8C-001,29.500000,-82.100000,150,14,0,Mavic Pro,false,drone_images/Mavic Pro.png,29.495000,-82.105000,29.494500,-82.105300,apolloshield_df,camera,202.42328,10,5770000000,GMMM00MM08850001V64F,bluvec2.0-GMMM00MM08850001V64F,150,GREEN,NONE
1772109788000,A2D2-3A8C,FLT-3A8C-001,29.500000,-82.100000,150,14,0,Mavic Pro,false,drone_images/Mavic Pro.png,29.495000,-82.105000,29.494500,-82.105300,apolloshield_df,camera,202.42328,10,5770000000,GMMM00MM08850001V64F,bluvec2.0-GMMM00MM08850001V64F,150,GREEN,NONE
1772109788000,A2D2-3A8C,FLT-3A8C-001,29.500000,-82.100000,150,14,0,Mavic Pro,false,drone_images/Mavic Pro.png,29.495000,-82.105000,29.494500,-82.105300,apolloshield_df,camera,202.42328,10,5770000000,GMMM00MM08850001V64F,bluvec2.0-GMMM00MM08850001V64F,150,GREEN,NONE
1772109788000,A2D2-3A8C,FLT-3A8C-001,29.500000,-82.100000,150,14,0,Mavic Pro,false,drone_images/Mavic Pro.png,29.495000,-82.105000,29.494500,-82.105300,apolloshield_df,camera,202.42328,10,5770000000,GMMM00MM08850001V64F,bluvec2.0-GMMM00MM08850001V64F,150,GREEN,NONE
1772109788000,A2D2-3A8C,FLT-3A8C-001,29.500000,-82.100000,150,14,0,Mavic Pro,false,drone_images/Mavic Pro.png,29.495000,-82.105000,29.494500,-82.105300,apolloshield_df,camera,202.42328,10,5770000000,GMMM00MM08850001V64F,bluvec2.0-GMMM00MM08850001V64F,150,GREEN,NONE
1772109788000,A2D2-3A8C,FLT-3A8C-001,29.500000,-82.100000,150,14,0,Mavic Pro,false,drone_images/Mavic Pro.png,29.495000,-82.105000,29.494500,-82.105300,apolloshield_df,camera,202.42328,10,5770000000,GMMM00MM08850001V64F,bluvec2.0-GMMM00MM08850001V64F,150,GREEN,NONE
1772109788000,A2D2-3A8C,FLT-3A8C-001,29.500000,-82.100000,150,14,0,Mavic Pro,false,drone_images/Mavic Pro.png,29.495000,-82.105000,29.494500,-82.105300,apolloshield_df,camera,202.42328,10,5770000000,GMMM00MM08850001V64F,bluvec2.0-GMMM00MM08850001V64F,150,GREEN,NONE
1772109788000,A2D2-3A8C,FLT-3A8C-001,29.500000,-82.100000,150,14,0,Mavic Pro,false,drone_images/Mavic Pro.png,29.495000,-82.105000,29.494500,-82.105300,apolloshield_df,camera,202.42328,10,5770000000,GMMM00MM08850001V64F,bluvec2.0-GMMM00MM08850001V64F,150,GREEN,NONE
1772109788000,A2D2-3A8C,FLT-3A8C-001,29.500000,-82.100000,150,14,0,Mavic Pro,false,drone_images/Mavic Pro.png,29.495000,-82.105000,29.494500,-82.105300,apolloshield_df,camera,202.42328,10,5770000000,GMMM00MM08850001V64F,bluvec2.0-GMMM00MM08850001V64F,150,GREEN,NONE
1772109788000,A2D2-3A8C,FLT-3A8C-001,29.500000,-82.100000,150,14,0,Mavic Pro,false,drone_images/Mavic Pro.png,29.495000,-82.105000,29.494500,-82.105300,apolloshield_df,camera,202.42328,10,5770000000,GMMM00MM08850001V64F,bluvec2.0-GMMM00MM08850001V64F,150,GREEN,NONE
1772109788000,A2D2-3A8C,FLT-3A8C-001,29.500000,-82.100000,150,14,0,Mavic Pro,false,drone_images/Mavic Pro.png,29.495000,-82.105000,29.494500,-82.105300,apolloshield_df,camera,202.42328,10,5770000000,GMMM00MM08850001V64F,bluvec2.0-GMMM00MM08850001V64F,150,GREEN,NONE
1772109788000,A2D2-3A8C,FLT-3A8C-001,29.500000,-82.100000,150,14,0,Mavic Pro,false,drone_images/Mavic Pro.png,29.495000,-82.105000,29.494500,-82.105300,apolloshield_df,camera,202.42328,10,5770000000,GMMM00MM08850001V64F,bluvec2.0-GMMM00MM08850001V64F,150,GREEN,NONE
1772109788000,A2D2-3A8C,FLT-3A8C-001,29.500000,-82.100000,150,14,0,Mavic Pro,false,drone_images/Mavic Pro.png,29.495000,-82.105000,29.494500,-82.105300,apolloshield_df,camera,202.42328,10,5770000000,GMMM00MM08850001V64F,bluvec2.0-GMMM00MM08850001V64F,150,GREEN,NONE
1772109788000,A2D2-3A8C,FLT-3A8C-001,29.500000,-82.100000,150,14,0,Mavic Pro,false,drone_images/Mavic Pro.png,29.495000,-82.105000,29.494500,-82.105300,apolloshield_df,camera,202.42328,10,5770000000,GMMM00MM08850001V64F,bluvec2.0-GMMM00MM08850001V64F,150,GREEN,NONE
1772109788000,A2D2-3A8C,FLT-3A8C-001,29.500000,-82.100000,150,14,0,Mavic Pro,false,drone_images/Mavic Pro.png,29.495000,-82.105000,29.494500,-82.105300,apolloshield_df,camera,202.42328,10,5770000000,GMMM00MM08850001V64F,bluvec2.0-GMMM00MM08850001V64F,150,GREEN,NONE
1772109788000,A2D2-3A8C,FLT-3A8C-001,29.500000,-82.100000,150,14,0,Mavic Pro,false,drone_images/Mavic Pro.png,29.495000,-82.105000,29.494500,-82.105300,apolloshield_df,camera,202.42328,10,5770000000,GMMM00MM08850001V64F,bluvec2.0-GMMM00MM08850001V64F,150,GREEN,NONE
1772109788000,A2D2-3A8C,FLT-3A8C-001,29.500000,-82.100000,150,14,0,Mavic Pro,false,drone_images/Mavic Pro.png,29.495000,-82.105000,29.494500,-82.105300,apolloshield_df,camera,202.42328,10,5770000000,GMMM00MM08850001V64F,bluvec2.0-GMMM00MM08850001V64F,150,GREEN,NONE
1772109788000,A2D2-3A8C,FLT-3A8C-001,29.500000,-82.100000,150,14,0,Mavic Pro,false,drone_images/Mavic Pro.png,29.495000,-82.105000,29.494500,-82.105300,apolloshield_df,camera,202.42328,10,5770000000,GMMM00MM08850001V64F,bluvec2.0-GMMM00MM08850001V64F,150,GREEN,NONE
1772109788000,A2D2-3A8C,FLT-3A8C-001,29.500000,-82.100000,150,14,0,Mavic Pro,false,drone_images/Mavic Pro.png,29.495000,-82.105000,29.494500,-82.105300,apolloshield_df,camera,202.42328,10,5770000000,GMMM00MM08850001V64F,bluvec2.0-GMMM00MM08850001V64F,150,GREEN,NONE
1772109788000,A2D2-3A8C,FLT-3A8C-001,29.500000,-82.100000,150,14,0,Mavic Pro,false,drone_images/Mavic Pro.png,29.495000,-82.105000,29.494500,-82.105300,apolloshield_df,camera,202.42328,10,5770000000,GMMM00MM08850001V64F,bluvec2.0-GMMM00MM08850001V64F,150,GREEN,NONE
1772109788000,A2D2-3A8C,FLT-3A8C-001,29.500000,-82.100000,150,14,0,Mavic Pro,false,drone_images/Mavic Pro.png,29.495000,-82.105000,29.494500,-82.105300,apolloshield_df,camera,202.42328,10,5770000000,GMMM00MM08850001V64F,bluvec2.0-GMMM00MM08850001V64F,150,GREEN,NONE
1772109788000,A2D2-3A8C,FLT-3A8C-001,29.500000,-82.100000,150,14,0,Mavic Pro,false,drone_images/Mavic Pro.png,29.495000,-82.105000,29.494500,-82.105300,apolloshield_df,camera,202.42328,10,5770000000,GMMM00MM08850001V64F,bluvec2.0-GMMM00MM08850001V64F,150,GREEN,NONE
1772109788000,A2D2-3A8C,FLT-3A8C-001,29.500000,-82.100000,150,14,0,Mavic Pro,false,drone_images/Mavic Pro.png,29.495000,-82.105000,29.494500,-82.105300,apolloshield_df,camera,202.42328,10,5770000000,GMMM00MM08850001V64F,bluvec2.0-GMMM00MM08850001V64F,150,GREEN,NONE
1772109788000,A2D2-3A8C,FLT-3A8C-001,29.500000,-82.100000,150,14,0,Mavic Pro,false,drone_images/Mavic Pro.png,29.495000,-82.105000,29.494500,-82.105300,apolloshield_df,camera,202.42328,10,5770000000,GMMM00MM08850001V64F,bluvec2.0-GMMM00MM08850001V64F,150,GREEN,NONE
1772109788000,A2D2-3A8C,FLT-3A8C-001,29.500000,-82.100000,150,14,0,Mavic Pro,false,drone_images/Mavic Pro.png,29.495000,-82.105000,29.494500,-82.105300,apolloshield_df,camera,202.42328,10,5770000000,GMMM00MM08850001V64F,bluvec2.0-GMMM00MM08850001V64F,150,GREEN,NONE
1772109788000,A2D2-3A8C,FLT-3A8C-001,29.500000,-82.100000,150,14,0,Mavic Pro,false,drone_images/Mavic Pro.png,29.495000,-82.105000,29.494500,-82.105300,apolloshield_df,camera,202.42328,10,5770000000,GMMM00MM08850001V64F,bluvec2.0-GMMM00MM08850001V64F,150,GREEN,NONE
1772109788000,A2D2-3A8C,FLT-3A8C-001,29.500000,-82.100000,150,14,0,Mavic Pro,false,drone_images/Mavic Pro.png,29.495000,-82.105000,29.494500,-82.105300,apolloshield_df,camera,202.42328,10,5770000000,GMMM00MM08850001V64F,bluvec2.0-GMMM00MM08850001V64F,150,GREEN,NONE
1772109788000,A2D2-3A8C,FLT-3A8C-001,29.500000,-82.100000,150,14,0,Mavic Pro,false,drone_images/Mavic Pro.png,29.495000,-82.105000,29.494500,-82.105300,apolloshield_df,camera,202.42328,10,5770000000,GMMM00MM08850001V64F,bluvec2.0-GMMM00MM08850001V64F,150,GREEN,NONE
1772109788000,A2D2-3A8C,FLT-3A8C-001,29.500000,-82.100000,150,14,0,Mavic Pro,false,drone_images/Mavic Pro.png,29.495000,-82.105000,29.494500,-82.105300,apolloshield_df,camera,202.42328,10,5770000000,GMMM00MM08850001V64F,bluvec2.0-GMMM00MM08850001V64F,150,GREEN,NONE
1772109788000,A2D2-3A8C,FLT-3A8C-001,29.500000,-82.100000,150,14,0,Mavic Pro,false,drone_images/Mavic Pro.png,29.495000,-82.105000,29.494500,-82.105300,apolloshield_df,camera,202.42328,10,5770000000,GMMM00MM08850001V64F,bluvec2.0-GMMM00MM08850001V64F,150,GREEN,NONE
1772109788000,A2D2-3A8C,FLT-3A8C-001,29.500000,-82.100000,150,14,0,Mavic Pro,false,drone_images/Mavic Pro.png,29.495000,-82.105000,29.494500,-82.105300,apolloshield_df,camera,202.42328,10,5770000000,GMMM00MM08850001V64F,bluvec2.0-GMMM00MM08850001V64F,150,GREEN,NONE
1772109788000,A2D2-3A8C,FLT-3A8C-001,29.500000,-82.100000,150,14,0,Mavic Pro,false,drone_images/Mavic Pro.png,29.495000,-82.105000,29.494500,-82.105300,apolloshield_df,camera,202.42328,10,5770000000,GMMM00MM08850001V64F,bluvec2.0-GMMM00MM08850001V64F,150,GREEN,NONE
1772109788000,A2D2-3A8C,FLT-3A8C-001,29.500000,-82.100000,150,14,0,Mavic Pro,false,drone_images/Mavic Pro.png,29.495000,-82.105000,29.494500,-82.105300,apolloshield_df,camera,202.42328,10,5770000000,GMMM00MM08850001V64F,bluvec2.0-GMMM00MM08850001V64F,150,GREEN,NONE
1772109788000,A2D2-3A8C,FLT-3A8C-001,29.500000,-82.100000,150,14,0,Mavic Pro,false,drone_images/Mavic Pro.png,29.495000,-82.105000,29.494500,-82.105300,apolloshield_df,camera,202.42328,10,5770000000,GMMM00MM08850001V64F,bluvec2.0-GMMM00MM08850001V64F,150,GREEN,NONE
1772109788000,A2D2-3A8C,FLT-3A8C-001,29.500000,-82.100000,150,14,0,Mavic Pro,false,drone_images/Mavic Pro.png,29.495000,-82.105000,29.494500,-82.105300,apolloshield_df,camera,202.42328,10,5770000000,GMMM00MM08850001V64F,bluvec2.0-GMMM00MM08850001V64F,150,GREEN,NONE
1772109788000,A2D2-3A8C,FLT-3A8C-001,29.500000,-82.100000,150,14,0,Mavic Pro,false,drone_images/Mavic Pro.png,29.495000,-82.105000,29.494500,-82.105300,apolloshield_df,camera,202.42328,10,5770000000,GMMM00MM08850001V64F,bluvec2.0-GMMM00MM08850001V64F,150,GREEN,NONE
1772109788000,A2D2-3A8C,FLT-3A8C-001,29.500000,-82.100000,150,14,0,Mavic Pro,false,drone_images/Mavic Pro.png,29.495000,-82.105000,29.494500,-82.105300,apolloshield_df,camera,202.42328,10,5770000000,GMMM00MM08850001V64F,bluvec2.0-GMMM00MM08850001V64F,150,GREEN,NONE
1772109788000,A2D2-3A8C,FLT-3A8C-001,29.500000,-82.100000,150,14,0,Mavic Pro,false,drone_images/Mavic Pro.png,29.495000,-82.105000,29.494500,-82.105300,apolloshield_df,camera,202.42328,10,5770000000,GMMM00MM08850001V64F,bluvec2.0-GMMM00MM08850001V64F,150,GREEN,NONE
1772109788000,A2D2-3A8C,FLT-3A8C-001,29.500000,-82.100000,150,14,0,Mavic Pro,false,drone_images/Mavic Pro.png,29.495000,-82.105000,29.494500,-82.105300,apolloshield_df,camera,202.42328,10,5770000000,GMMM00MM08850001V64F,bluvec2.0-GMMM00MM08850001V64F,150,GREEN,NONE
1772109788000,A2D2-3A8C,FLT-3A8C-001,29.500000,-82.100000,150,14,0,Mavic Pro,false,drone_images/Mavic Pro.png,29.495000,-82.105000,29.494500,-82.105300,apolloshield_df,camera,202.42328,10,5770000000,GMMM00MM08850001V64F,bluvec2.0-GMMM00MM08850001V64F,150,GREEN,NONE
1772109788000,A2D2-3A8C,FLT-3A8C-001,29.500000,-82.100000,150,14,0,Mavic Pro,false,drone_images/Mavic Pro.png,29.495000,-82.105000,29.494500,-82.105300,apolloshield_df,camera,202.42328,10,5770000000,GMMM00MM08850001V64F,bluvec2.0-GMMM00MM08850001V64F,150,GREEN,NONE
1772109788000,A2D2-3A8C,FLT-3A8C-001,29.500000,-82.100000,150,14,0,Mavic Pro,false,drone_images/Mavic Pro.png,29.495000,-82.105000,29.494500,-82.105300,apolloshield_df,camera,202.42328,10,5770000000,GMMM00MM08850001V64F,bluvec2.0-GMMM00MM08850001V64F,150,GREEN,NONE
1772109788000,A2D2-3A8C,FLT-3A8C-001,29.500000,-82.100000,150,14,0,Mavic Pro,false,drone_images/Mavic Pro.png,29.495000,-82.105000,29.494500,-82.105300,apolloshield_df,camera,202.42328,10,5770000000,GMMM00MM08850001V64F,bluvec2.0-GMMM00MM08850001V64F,150,GREEN,NONE
1772109788000,A2D2-3A8C,FLT-3A8C-001,29.500000,-82.100000,150,14,0,Mavic Pro,false,drone_images/Mavic Pro.png,29.495000,-82.105000,29.494500,-82.105300,apolloshield_df,camera,202.42328,10,5770000000,GMMM00MM08850001V64F,bluvec2.0-GMMM00MM08850001V64F,150,GREEN,NONE
1772109788000,A2D2-3A8C,FLT-3A8C-001,29.500000,-82.100000,150,14,0,Mavic Pro,false,drone_images/Mavic Pro.png,29.495000,-82.105000,29.494500,-82.105300,apolloshield_df,camera,202.42328,10,5770000000,GMMM00MM08850001V64F,bluvec2.0-GMMM00MM08850001V64F,150,GREEN,NONE
1772109788000,A2D2-3A8C,FLT-3A8C-001,29.500000,-82.100000,150,14,0,Mavic Pro,false,drone_images/Mavic Pro.png,29.495000,-82.105000,29.494500,-82.105300,apolloshield_df,camera,202.42328,10,5770000000,GMMM00MM08850001V64F,bluvec2.0-GMMM00MM08850001V64F,150,GREEN,NONE
1772109788000,A2D2-3A8C,FLT-3A8C-001,29.500000,-82.100000,150,14,0,Mavic Pro,false,drone_images/Mavic Pro.png,29.495000,-82.105000,29.494500,-82.105300,apolloshield_df,camera,202.42328,10,5770000000,GMMM00MM08850001V64F,bluvec2.0-GMMM00MM08850001V64F,150,GREEN,NONE
1772109788000,A2D2-3A8C,FLT-3A8C-001,29.500000,-82.100000,150,14,0,Mavic Pro,false,drone_images/Mavic Pro.png,29.495000,-82.105000,29.494500,-82.105300,apolloshield_df,camera,202.42328,10,5770000000,GMMM00MM08850001V64F,bluvec2.0-GMMM00MM08850001V64F,150,GREEN,NONE
1772109788000,A2D2-3A8C,FLT-3A8C-001,29.500000,-82.100000,150,14,0,Mavic Pro,false,drone_images/Mavic Pro.png,29.495000,-82.105000,29.494500,-82.105300,apolloshield_df,camera,202.42328,10,5770000000,GMMM00MM08850001V64F,bluvec2.0-GMMM00MM08850001V64F,150,GREEN,NONE
1772109788000,A2D2-3A8C,FLT-3A8C-001,29.500000,-82.100000,150,14,0,Mavic Pro,false,drone_images/Mavic Pro.png,29.495000,-82.105000,29.494500,-82.105300,apolloshield_df,camera,202.42328,10,5770000000,GMMM00MM08850001V64F,bluvec2.0-GMMM00MM08850001V64F,150,GREEN,NONE
1772109788000,A2D2-3A8C,FLT-3A8C-001,29.500000,-82.100000,150,14,0,Mavic Pro,false,drone_images/Mavic Pro.png,29.495000,-82.105000,29.494500,-82.105300,apolloshield_df,camera,202.42328,10,5770000000,GMMM00MM08850001V64F,bluvec2.0-GMMM00MM08850001V64F,150,GREEN,NONE
1772109788000,A2D2-3A8C,FLT-3A8C-001,29.500000,-82.100000,150,14,0,Mavic Pro,false,drone_images/Mavic Pro.png,29.495000,-82.105000,29.494500,-82.105300,apolloshield_df,camera,202.42328,10,5770000000,GMMM00MM08850001V64F,bluvec2.0-GMMM00MM08850001V64F,150,GREEN,NONE
1772109788000,A2D2-3A8C,FLT-3A8C-001,29.500000,-82.100000,150,14,0,Mavic Pro,false,drone_images/Mavic Pro.png,29.495000,-82.105000,29.494500,-82.105300,apolloshield_df,camera,202.42328,10,5770000000,GMMM00MM08850001V64F,bluvec2.0-GMMM00MM08850001V64F,150,GREEN,NONE
1772109788000,A2D2-3A8C,FLT-3A8C-001,29.500000,-82.100000,150,14,0,Mavic Pro,false,drone_images/Mavic Pro.png,29.495000,-82.105000,29.494500,-82.105300,apolloshield_df,camera,202.42328,10,5770000000,GMMM00MM08850001V64F,bluvec2.0-GMMM00MM08850001V64F,150,GREEN,NONE
1772109788000,A2D2-3A8C,FLT-3A8C-001,29.500000,-82.100000,150,14,0,Mavic Pro,false,drone_images/Mavic Pro.png,29.495000,-82.105000,29.494500,-82.105300,apolloshield_df,camera,202.42328,10,5770000000,GMMM00MM08850001V64F,bluvec2.0-GMMM00MM08850001V64F,150,GREEN,NONE
1772109788000,A2D2-3A8C,FLT-3A8C-001,29.500000,-82.100000,150,14,0,Mavic Pro,false,drone_images/Mavic Pro.png,29.495000,-82.105000,29.494500,-82.105300,apolloshield_df,camera,202.42328,10,5770000000,GMMM00MM08850001V64F,bluvec2.0-GMMM00MM08850001V64F,150,GREEN,NONE
1772109788000,A2D2-3A8C,FLT-3A8C-001,29.500000,-82.100000,150,14,0,Mavic Pro,false,drone_images/Mavic Pro.png,29.495000,-82.105000,29.494500,-82.105300,apolloshield_df,camera,202.42328,10,5770000000,GMMM00MM08850001V64F,bluvec2.0-GMMM00MM08850001V64F,150,GREEN,NONE
1772109788000,A2D2-3A8C,FLT-3A8C-001,29.500000,-82.100000,150,14,0,Mavic Pro,false,drone_images/Mavic Pro.png,29.495000,-82.105000,29.494500,-82.105300,apolloshield_df,camera,202.42328,10,5770000000,GMMM00MM08850001V64F,bluvec2.0-GMMM00MM08850001V64F,150,GREEN,NONE
1772109788000,A2D2-3A8C,FLT-3A8C-001,29.500000,-82.100000,150,14,0,Mavic Pro,false,drone_images/Mavic Pro.png,29.495000,-82.105000,29.494500,-82.105300,apolloshield_df,camera,202.42328,10,5770000000,GMMM00MM08850001V64F,bluvec2.0-GMMM00MM08850001V64F,150,GREEN,NONE
1772109788000,A2D2-3A8C,FLT-3A8C-001,29.500000,-82.100000,150,14,0,Mavic Pro,false,drone_images/Mavic Pro.png,29.495000,-82.105000,29.494500,-82.105300,apolloshield_df,camera,202.42328,10,5770000000,GMMM00MM08850001V64F,bluvec2.0-GMMM00MM08850001V64F,150,GREEN,NONE
1772109788000,A2D2-3A8C,FLT-3A8C-001,29.500000,-82.100000,150,14,0,Mavic Pro,false,drone_images/Mavic Pro.png,29.495000,-82.105000,29.494500,-82.105300,apolloshield_df,camera,202.42328,10,5770000000,GMMM00MM08850001V64F,bluvec2.0-GMMM00MM08850001V64F,150,GREEN,NONE
1772109788000,A2D2-3A8C,FLT-3A8C-001,29.500000,-82.100000,150,14,0,Mavic Pro,false,drone_images/Mavic Pro.png,29.495000,-82.105000,29.494500,-82.105300,apolloshield_df,camera,221.42308,10,5770000000,GMMM00MM08850001V64F,bluvec2.0-GMMM00MM08850001V64F,150,GREEN,NONE
1772109788000,A2D2-3A8C,FLT-3A8C-001,29.500000,-82.100000,150,14,0,Mavic Pro,false,drone_images/Mavic Pro.png,29.495000,-82.105000,29.494500,-82.105300,apolloshield_df,camera,221.42308,10,5770000000,GMMM00MM08850001V64F,bluvec2.0-GMMM00MM08850001V64F,150,GREEN,NONE
1772109788000,A2D2-3A8C,FLT-3A8C-001,29.500000,-82.100000,150,14,0,Mavic Pro,false,drone_images/Mavic Pro.png,29.495000,-82.105000,29.494500,-82.105300,apolloshield_df,camera,223.38123,10,5770000000,GMMM00MM08850001V64F,bluvec2.0-GMMM00MM08850001V64F,150,GREEN,NONE
1772109788000,A2D2-3A8C,FLT-3A8C-001,29.500000,-82.100000,150,14,0,Mavic Pro,false,drone_images/Mavic Pro.png,29.495000,-82.105000,29.494500,-82.105300,apolloshield_df,camera,220.87073,10,5770000000,GMMM00MM08850001V64F,bluvec2.0-GMMM00MM08850001V64F,150,GREEN,NONE
1772109788000,A2D2-3A8C,FLT-3A8C-001,29.500000,-82.100000,150,14,0,Mavic Pro,false,drone_images/Mavic Pro.png,29.495000,-82.105000,29.494500,-82.105300,apolloshield_df,camera,220.87073,10,5770000000,GMMM00MM08850001V64F,bluvec2.0-GMMM00MM08850001V64F,150,GREEN,NONE
1772109788000,A2D2-3A8C,FLT-3A8C-001,29.500000,-82.100000,150,14,0,Mavic Pro,false,drone_images/Mavic Pro.png,29.495000,-82.105000,29.494500,-82.105300,apolloshield_df,camera,220.87073,10,5770000000,GMMM00MM08850001V64F,bluvec2.0-GMMM00MM08850001V64F,150,GREEN,NONE
1772109788000,A2D2-3A8C,FLT-3A8C-001,29.500000,-82.100000,150,14,0,Mavic Pro,false,drone_images/Mavic Pro.png,29.495000,-82.105000,29.494500,-82.105300,apolloshield_df,camera,220.87073,10,5770000000,GMMM00MM08850001V64F,bluvec2.0-GMMM00MM08850001V64F,150,GREEN,NONE
1772109788000,A2D2-3A8C,FLT-3A8C-001,29.500000,-82.100000,150,14,0,Mavic Pro,false,drone_images/Mavic Pro.png,29.495000,-82.105000,29.494500,-82.105300,apolloshield_df,camera,224.7008,10,5770000000,GMMM00MM08850001V64F,bluvec2.0-GMMM00MM08850001V64F,150,GREEN,NONE
1772109788000,A2D2-3A8C,FLT-3A8C-001,29.500000,-82.100000,150,14,0,Mavic Pro,false,drone_images/Mavic Pro.png,29.495000,-82.105000,29.494500,-82.105300,apolloshield_df,camera,224.7008,10,5770000000,GMMM00MM08850001V64F,bluvec2.0-GMMM00MM08850001V64F,150,GREEN,NONE
1772109788000,A2D2-3A8C,FLT-3A8C-001,29.500000,-82.100000,150,14,0,Mavic Pro,false,drone_images/Mavic Pro.png,29.495000,-82.105000,29.494500,-82.105300,apolloshield_df,camera,224.7008,10,5770000000,GMMM00MM08850001V64F,bluvec2.0-GMMM00MM08850001V64F,150,GREEN,NONE
1772109788000,A2D2-3A8C,FLT-3A8C-001,29.500000,-82.100000,150,14,0,Mavic Pro,false,drone_images/Mavic Pro.png,29.495000,-82.105000,29.494500,-82.105300,apolloshield_df,camera,224.7008,10,5770000000,GMMM00MM08850001V64F,bluvec2.0-GMMM00MM08850001V64F,150,GREEN,NONE
1772109788000,A2D2-3A8C,FLT-3A8C-001,29.500000,-82.100000,150,14,0,Mavic Pro,false,drone_images/Mavic Pro.png,29.495000,-82.105000,29.494500,-82.105300,apolloshield_df,camera,224.7008,10,5770000000,GMMM00MM08850001V64F,bluvec2.0-GMMM00MM08850001V64F,150,GREEN,NONE
1772109788000,A2D2-3A8C,FLT-3A8C-001,29.500000,-82.100000,150,14,0,Mavic Pro,false,drone_images/Mavic Pro.png,29.495000,-82.105000,29.494500,-82.105300,apolloshield_df,camera,219.6795,10,5770000000,GMMM00MM08850001V64F,bluvec2.0-GMMM00MM08850001V64F,150,GREEN,NONE
1772109788000,A2D2-3A8C,FLT-3A8C-001,29.500000,-82.100000,150,14,0,Mavic Pro,false,drone_images/Mavic Pro.png,29.495000,-82.105000,29.494500,-82.105300,apolloshield_df,camera,218.47289,10,5770000000,GMMM00MM08850001V64F,bluvec2.0-GMMM00MM08850001V64F,150,GREEN,NONE
1772109788000,A2D2-3A8C,FLT-3A8C-001,29.500000,-82.100000,150,14,0,Mavic Pro,false,drone_images/Mavic Pro.png,29.495000,-82.105000,29.494500,-82.105300,apolloshield_df,camera,218.47289,10,5770000000,GMMM00MM08850001V64F,bluvec2.0-GMMM00MM08850001V64F,150,GREEN,NONE
1772109788000,A2D2-3A8C,FLT-3A8C-001,29.500000,-82.100000,150,14,0,Mavic Pro,false,drone_images/Mavic Pro.png,29.495000,-82.105000,29.494500,-82.105300,apolloshield_df,camera,218.47289,10,5770000000,GMMM00MM08850001V64F,bluvec2.0-GMMM00MM08850001V64F,150,GREEN,NONE
1772109788000,A2D2-3A8C,FLT-3A8C-001,29.500000,-82.100000,150,14,0,Mavic Pro,false,drone_images/Mavic Pro.png,29.495000,-82.105000,29.494500,-82.105300,apolloshield_df,camera,218.47289,10,5770000000,GMMM00MM08850001V64F,bluvec2.0-GMMM00MM08850001V64F,150,GREEN,NONE
1772109788000,A2D2-3A8C,FLT-3A8C-001,29.500000,-82.100000,150,14,0,Mavic Pro,false,drone_images/Mavic Pro.png,29.495000,-82.105000,29.494500,-82.105300,apolloshield_df,camera,218.47289,10,5770000000,GMMM00MM08850001V64F,bluvec2.0-GMMM00MM08850001V64F,150,GREEN,NONE
1772109788000,A2D2-3A8C,FLT-3A8C-001,29.500000,-82.100000,150,14,0,Mavic Pro,false,drone_images/Mavic Pro.png,29.495000,-82.105000,29.494500,-82.105300,apolloshield_df,camera,218.47289,10,5770000000,GMMM00MM08850001V64F,bluvec2.0-GMMM00MM08850001V64F,150,GREEN,NONE
1772109788000,A2D2-3A8C,FLT-3A8C-001,29.500000,-82.100000,150,14,0,Mavic Pro,false,drone_images/Mavic Pro.png,29.495000,-82.105000,29.494500,-82.105300,apolloshield_df,camera,218.47289,10,5770000000,GMMM00MM08850001V64F,bluvec2.0-GMMM00MM08850001V64F,150,GREEN,NONE
1772109788000,A2D2-3A8C,FLT-3A8C-001,29.500000,-82.100000,150,14,0,Mavic Pro,false,drone_images/Mavic Pro.png,29.495000,-82.105000,29.494500,-82.105300,apolloshield_df,camera,218.47289,10,5770000000,GMMM00MM08850001V64F,bluvec2.0-GMMM00MM08850001V64F,150,GREEN,NONE
1772109788000,A2D2-3A8C,FLT-3A8C-001,29.500000,-82.100000,150,14,0,Mavic Pro,false,drone_images/Mavic Pro.png,29.495000,-82.105000,29.494500,-82.105300,apolloshield_df,camera,218.47289,10,5770000000,GMMM00MM08850001V64F,bluvec2.0-GMMM00MM08850001V64F,150,GREEN,NONE
1772109788000,A2D2-3A8C,FLT-3A8C-001,29.500000,-82.100000,150,14,0,Mavic Pro,false,drone_images/Mavic Pro.png,29.495000,-82.105000,29.494500,-82.105300,apolloshield_df,camera,218.47289,10,5770000000,GMMM00MM08850001V64F,bluvec2.0-GMMM00MM08850001V64F,150,GREEN,NONE
1772109788000,A2D2-3A8C,FLT-3A8C-001,29.500000,-82.100000,150,14,0,Mavic Pro,false,drone_images/Mavic Pro.png,29.495000,-82.105000,29.494500,-82.105300,apolloshield_df,camera,218.47289,10,5770000000,GMMM00MM08850001V64F,bluvec2.0-GMMM00MM08850001V64F,150,GREEN,NONE
1772109788000,A2D2-3A8C,FLT-3A8C-001,29.500000,-82.100000,150,14,0,Mavic Pro,false,drone_images/Mavic Pro.png,29.495000,-82.105000,29.494500,-82.105300,apolloshield_df,camera,218.47289,10,5770000000,GMMM00MM08850001V64F,bluvec2.0-GMMM00MM08850001V64F,150,GREEN,NONE
1772109788000,A2D2-3A8C,FLT-3A8C-001,29.500000,-82.100000,150,14,0,Mavic Pro,false,drone_images/Mavic Pro.png,29.495000,-82.105000,29.494500,-82.105300,apolloshield_df,camera,218.47289,10,5770000000,GMMM00MM08850001V64F,bluvec2.0-GMMM00MM08850001V64F,150,GREEN,NONE
1772109788000,A2D2-3A8C,FLT-3A8C-001,29.500000,-82.100000,150,14,0,Mavic Pro,false,drone_images/Mavic Pro.png,29.495000,-82.105000,29.494500,-82.105300,apolloshield_df,camera,218.47289,10,5770000000,GMMM00MM08850001V64F,bluvec2.0-GMMM00MM08850001V64F,150,GREEN,NONE
1772109788000,A2D2-3A8C,FLT-3A8C-001,29.500000,-82.100000,150,14,0,Mavic Pro,false,drone_images/Mavic Pro.png,29.495000,-82.105000,29.494500,-82.105300,apolloshield_df,camera,218.47289,10,5770000000,GMMM00MM08850001V64F,bluvec2.0-GMMM00MM08850001V64F,150,GREEN,NONE
1772109788000,A2D2-3A8C,FLT-3A8C-001,29.500000,-82.100000,150,14,0,Mavic Pro,false,drone_images/Mavic Pro.png,29.495000,-82.105000,29.494500,-82.105300,apolloshield_df,camera,218.47289,10,5770000000,GMMM00MM08850001V64F,bluvec2.0-GMMM00MM08850001V64F,150,GREEN,NONE
1772109788000,A2D2-3A8C,FLT-3A8C-001,29.500000,-82.100000,150,14,0,Mavic Pro,false,drone_images/Mavic Pro.png,29.495000,-82.105000,29.494500,-82.105300,apolloshield_df,camera,218.47289,10,5770000000,GMMM00MM08850001V64F,bluvec2.0-GMMM00MM08850001V64F,150,GREEN,NONE
1772109788000,A2D2-3A8C,FLT-3A8C-001,29.500000,-82.100000,150,14,0,Mavic Pro,false,drone_images/Mavic Pro.png,29.495000,-82.105000,29.494500,-82.105300,apolloshield_df,camera,218.47289,10,5770000000,GMMM00MM08850001V64F,bluvec2.0-GMMM00MM08850001V64F,150,GREEN,NONE
1772109788000,A2D2-3A8C,FLT-3A8C-001,29.500000,-82.100000,150,14,0,Mavic Pro,false,drone_images/Mavic Pro.png,29.495000,-82.105000,29.494500,-82.105300,apolloshield_df,camera,218.47289,10,5770000000,GMMM00MM08850001V64F,bluvec2.0-GMMM00MM08850001V64F,150,GREEN,NONE
1772109788000,A2D2-3A8C,FLT-3A8C-001,29.500000,-82.100000,150,14,0,Mavic Pro,false,drone_images/Mavic Pro.png,29.495000,-82.105000,29.494500,-82.105300,apolloshield_df,camera,218.47289,10,5770000000,GMMM00MM08850001V64F,bluvec2.0-GMMM00MM08850001V64F,150,GREEN,NONE
1772109788000,A2D2-3A8C,FLT-3A8C-001,29.500000,-82.100000,150,14,0,Mavic Pro,false,drone_images/Mavic Pro.png,29.495000,-82.105000,29.494500,-82.105300,apolloshield_df,camera,218.47289,10,5770000000,GMMM00MM08850001V64F,bluvec2.0-GMMM00MM08850001V64F,150,GREEN,NONE
1772109788000,A2D2-3A8C,FLT-3A8C-001,29.500000,-82.100000,150,14,0,Mavic Pro,false,drone_images/Mavic Pro.png,29.495000,-82.105000,29.494500,-82.105300,apolloshield_df,camera,218.47289,10,5770000000,GMMM00MM08850001V64F,bluvec2.0-GMMM00MM08850001V64F,150,GREEN,NONE
1772109788000,A2D2-3A8C,FLT-3A8C-001,29.500000,-82.100000,150,14,0,Mavic Pro,false,drone_images/Mavic Pro.png,29.495000,-82.105000,29.494500,-82.105300,apolloshield_df,camera,218.47289,10,5770000000,GMMM00MM08850001V64F,bluvec2.0-GMMM00MM08850001V64F,150,GREEN,NONE
1772109788000,A2D2-3A8C,FLT-3A8C-001,29.500000,-82.100000,150,14,0,Mavic Pro,false,drone_images/Mavic Pro.png,29.495000,-82.105000,29.494500,-82.105300,apolloshield_df,camera,218.47289,10,5770000000,GMMM00MM08850001V64F,bluvec2.0-GMMM00MM08850001V64F,150,GREEN,NONE
1772109788000,A2D2-3A8C,FLT-3A8C-001,29.500000,-82.100000,150,14,0,Mavic Pro,false,drone_images/Mavic Pro.png,29.495000,-82.105000,29.494500,-82.105300,apolloshield_df,camera,218.47289,10,5770000000,GMMM00MM08850001V64F,bluvec2.0-GMMM00MM08850001V64F,150,GREEN,NONE
1772109788000,A2D2-3A8C,FLT-3A8C-001,29.500000,-82.100000,150,14,0,Mavic Pro,false,drone_images/Mavic Pro.png,29.495000,-82.105000,29.494500,-82.105300,apolloshield_df,camera,218.47289,10,5770000000,GMMM00MM08850001V64F,bluvec2.0-GMMM00MM08850001V64F,150,GREEN,NONE
1772109788000,A2D2-3A8C,FLT-3A8C-001,29.500000,-82.100000,150,14,0,Mavic Pro,false,drone_images/Mavic Pro.png,29.495000,-82.105000,29.494500,-82.105300,apolloshield_df,camera,218.47289,10,5770000000,GMMM00MM08850001V64F,bluvec2.0-GMMM00MM08850001V64F,150,GREEN,NONE
1772109788000,A2D2-3A8C,FLT-3A8C-001,29.500000,-82.100000,150,14,0,Mavic Pro,false,drone_images/Mavic Pro.png,29.495000,-82.105000,29.494500,-82.105300,apolloshield_df,camera,218.47289,10,5770000000,GMMM00MM08850001V64F,bluvec2.0-GMMM00MM08850001V64F,150,GREEN,NONE
1772109788000,A2D2-3A8C,FLT-3A8C-001,29.500000,-82.100000,150,14,0,Mavic Pro,false,drone_images/Mavic Pro.png,29.495000,-82.105000,29.494500,-82.105300,apolloshield_df,camera,218.47289,10,5770000000,GMMM00MM08850001V64F,bluvec2.0-GMMM00MM08850001V64F,150,GREEN,NONE
1772109788000,A2D2-3A8C,FLT-3A8C-001,29.500000,-82.100000,150,14,0,Mavic Pro,false,drone_images/Mavic Pro.png,29.495000,-82.105000,29.494500,-82.105300,apolloshield_df,camera,218.47289,10,5770000000,GMMM00MM08850001V64F,bluvec2.0-GMMM00MM08850001V64F,150,GREEN,NONE
1772109788000,A2D2-3A8C,FLT-3A8C-001,29.500000,-82.100000,150,14,0,Mavic Pro,false,drone_images/Mavic Pro.png,29.495000,-82.105000,29.494500,-82.105300,apolloshield_df,camera,218.47289,10,5770000000,GMMM00MM08850001V64F,bluvec2.0-GMMM00MM08850001V64F,150,GREEN,NONE
1772109788000,A2D2-3A8C,FLT-3A8C-001,29.500000,-82.100000,150,14,0,Mavic Pro,false,drone_images/Mavic Pro.png,29.495000,-82.105000,29.494500,-82.105300,apolloshield_df,camera,218.47289,10,5770000000,GMMM00MM08850001V64F,bluvec2.0-GMMM00MM08850001V64F,150,GREEN,NONE
1772109788000,A2D2-3A8C,FLT-3A8C-001,29.500000,-82.100000,150,14,0,Mavic Pro,false,drone_images/Mavic Pro.png,29.495000,-82.105000,29.494500,-82.105300,apolloshield_df,camera,218.47289,10,5770000000,GMMM00MM08850001V64F,bluvec2.0-GMMM00MM08850001V64F,150,GREEN,NONE
1772109788000,A2D2-3A8C,FLT-3A8C-001,29.500000,-82.100000,150,14,0,Mavic Pro,false,drone_images/Mavic Pro.png,29.495000,-82.105000,29.494500,-82.105300,apolloshield_df,camera,218.47289,10,5770000000,GMMM00MM08850001V64F,bluvec2.0-GMMM00MM08850001V64F,150,GREEN,NONE
1772109788000,A2D2-3A8C,FLT-3A8C-001,29.500000,-82.100000,150,14,0,Mavic Pro,false,drone_images/Mavic Pro.png,29.495000,-82.105000,29.494500,-82.105300,apolloshield_df,camera,218.47289,10,5770000000,GMMM00MM08850001V64F,bluvec2.0-GMMM00MM08850001V64F,150,GREEN,NONE
1772109788000,A2D2-3A8C,FLT-3A8C-001,29.500000,-82.100000,150,14,0,Mavic Pro,false,drone_images/Mavic Pro.png,29.495000,-82.105000,29.494500,-82.105300,apolloshield_df,camera,218.47289,10,5770000000,GMMM00MM08850001V64F,bluvec2.0-GMMM00MM08850001V64F,150,GREEN,NONE
1772109788000,A2D2-3A8C,FLT-3A8C-001,29.500000,-82.100000,150,14,0,Mavic Pro,false,drone_images/Mavic Pro.png,29.495000,-82.105000,29.494500,-82.105300,apolloshield_df,camera,218.47289,10,5770000000,GMMM00MM08850001V64F,bluvec2.0-GMMM00MM08850001V64F,150,GREEN,NONE
1772109788000,A2D2-3A8C,FLT-3A8C-001,29.500000,-82.100000,150,14,0,Mavic Pro,false,drone_images/Mavic Pro.png,29.495000,-82.105000,29.494500,-82.105300,apolloshield_df,camera,218.47289,10,5770000000,GMMM00MM08850001V64F,bluvec2.0-GMMM00MM08850001V64F,150,GREEN,NONE
1772109788000,A2D2-3A8C,FLT-3A8C-001,29.500000,-82.100000,150,14,0,Mavic Pro,false,drone_images/Mavic Pro.png,29.495000,-82.105000,29.494500,-82.105300,apolloshield_df,camera,218.47289,10,5770000000,GMMM00MM08850001V64F,bluvec2.0-GMMM00MM08850001V64F,150,GREEN,NONE
1772109788000,A2D2-3A8C,FLT-3A8C-001,29.500000,-82.100000,150,14,0,Mavic Pro,false,drone_images/Mavic Pro.png,29.495000,-82.105000,29.494500,-82.105300,apolloshield_df,camera,218.47289,10,5770000000,GMMM00MM08850001V64F,bluvec2.0-GMMM00MM08850001V64F,150,GREEN,NONE
1772109788000,A2D2-3A8C,FLT-3A8C-001,29.500000,-82.100000,150,14,0,Mavic Pro,false,drone_images/Mavic Pro.png,29.495000,-82.105000,29.494500,-82.105300,apolloshield_df,camera,218.47289,10,5770000000,GMMM00MM08850001V64F,bluvec2.0-GMMM00MM08850001V64F,150,GREEN,NONE
1772109788000,A2D2-3A8C,FLT-3A8C-001,29.500000,-82.100000,150,14,0,Mavic Pro,false,drone_images/Mavic Pro.png,29.495000,-82.105000,29.494500,-82.105300,apolloshield_df,camera,218.47289,10,5770000000,GMMM00MM08850001V64F,bluvec2.0-GMMM00MM08850001V64F,150,GREEN,NONE
1772109788000,A2D2-3A8C,FLT-3A8C-001,29.500000,-82.100000,150,14,0,Mavic Pro,false,drone_images/Mavic Pro.png,29.495000,-82.105000,29.494500,-82.105300,apolloshield_df,camera,218.47289,10,5770000000,GMMM00MM08850001V64F,bluvec2.0-GMMM00MM08850001V64F,150,GREEN,NONE
1772109788000,A2D2-3A8C,FLT-3A8C-001,29.500000,-82.100000,150,14,0,Mavic Pro,false,drone_images/Mavic Pro.png,29.495000,-82.105000,29.494500,-82.105300,apolloshield_df,camera,218.47289,10,5770000000,GMMM00MM08850001V64F,bluvec2.0-GMMM00MM08850001V64F,150,GREEN,NONE
1772109788000,A2D2-3A8C,FLT-3A8C-001,29.500000,-82.100000,150,14,0,Mavic Pro,false,drone_images/Mavic Pro.png,29.495000,-82.105000,29.494500,-82.105300,apolloshield_df,camera,218.47289,10,5770000000,GMMM00MM08850001V64F,bluvec2.0-GMMM00MM08850001V64F,150,GREEN,NONE
1772109788000,A2D2-3A8C,FLT-3A8C-001,29.500000,-82.100000,150,14,0,Mavic Pro,false,drone_images/Mavic Pro.png,29.495000,-82.105000,29.494500,-82.105300,apolloshield_df,camera,218.47289,10,5770000000,GMMM00MM08850001V64F,bluvec2.0-GMMM00MM08850001V64F,150,GREEN,NONE
1772109788000,A2D2-3A8C,FLT-3A8C-001,29.500000,-82.100000,150,14,0,Mavic Pro,false,drone_images/Mavic Pro.png,29.495000,-82.105000,29.494500,-82.105300,apolloshield_df,camera,218.47289,10,5770000000,GMMM00MM08850001V64F,bluvec2.0-GMMM00MM08850001V64F,150,GREEN,NONE
1772109788000,A2D2-3A8C,FLT-3A8C-001,29.500000,-82.100000,150,14,0,Mavic Pro,false,drone_images/Mavic Pro.png,29.495000,-82.105000,29.494500,-82.105300,apolloshield_df,camera,218.47289,10,5770000000,GMMM00MM08850001V64F,bluvec2.0-GMMM00MM08850001V64F,150,GREEN,NONE
1772109788000,A2D2-3A8C,FLT-3A8C-001,29.500000,-82.100000,150,14,0,Mavic Pro,false,drone_images/Mavic Pro.png,29.495000,-82.105000,29.494500,-82.105300,apolloshield_df,camera,218.47289,10,5770000000,GMMM00MM08850001V64F,bluvec2.0-GMMM00MM08850001V64F,150,GREEN,NONE
1772109788000,A2D2-3A8C,FLT-3A8C-001,29.500000,-82.100000,150,14,0,Mavic Pro,false,drone_images/Mavic Pro.png,29.495000,-82.105000,29.494500,-82.105300,apolloshield_df,camera,218.47289,10,5770000000,GMMM00MM08850001V64F,bluvec2.0-GMMM00MM08850001V64F,150,GREEN,NONE
1772109788000,A2D2-3A8C,FLT-3A8C-001,29.500000,-82.100000,150,14,0,Mavic Pro,false,drone_images/Mavic Pro.png,29.495000,-82.105000,29.494500,-82.105300,apolloshield_df,camera,218.47289,10,5770000000,GMMM00MM08850001V64F,bluvec2.0-GMMM00MM08850001V64F,150,GREEN,NONE
1772109788000,A2D2-3A8C,FLT-3A8C-001,29.500000,-82.100000,150,14,0,Mavic Pro,false,drone_images/Mavic Pro.png,29.495000,-82.105000,29.494500,-82.105300,apolloshield_df,camera,218.47289,10,5770000000,GMMM00MM08850001V64F,bluvec2.0-GMMM00MM08850001V64F,150,GREEN,NONE
1772109788000,A2D2-3A8C,FLT-3A8C-001,29.500000,-82.100000,150,14,0,Mavic Pro,false,drone_images/Mavic Pro.png,29.495000,-82.105000,29.494500,-82.105300,apolloshield_df,camera,218.47289,10,5770000000,GMMM00MM08850001V64F,bluvec2.0-GMMM00MM08850001V64F,150,GREEN,NONE
1772109788000,A2D2-3A8C,FLT-3A8C-001,29.500000,-82.100000,150,14,0,Mavic Pro,false,drone_images/Mavic Pro.png,29.495000,-82.105000,29.494500,-82.105300,apolloshield_df,camera,218.47289,10,5770000000,GMMM00MM08850001V64F,bluvec2.0-GMMM00MM08850001V64F,150,GREEN,NONE
1772109788000,A2D2-3A8C,FLT-3A8C-001,29.500000,-82.100000,150,14,0,Mavic Pro,false,drone_images/Mavic Pro.png,29.495000,-82.105000,29.494500,-82.105300,apolloshield_df,camera,218.47289,10,5770000000,GMMM00MM08850001V64F,bluvec2.0-GMMM00MM08850001V64F,150,GREEN,NONE
1772109788000,A2D2-3A8C,FLT-3A8C-001,29.500000,-82.100000,150,14,0,Mavic Pro,false,drone_images/Mavic Pro.png,29.495000,-82.105000,29.494500,-82.105300,apolloshield_df,camera,218.47289,10,5770000000,GMMM00MM08850001V64F,bluvec2.0-GMMM00MM08850001V64F,150,GREEN,NONE
1772109788000,A2D2-3A8C,FLT-3A8C-001,29.500000,-82.100000,150,14,0,Mavic Pro,false,drone_images/Mavic Pro.png,29.495000,-82.105000,29.494500,-82.105300,apolloshield_df,camera,218.47289,10,5770000000,GMMM00MM08850001V64F,bluvec2.0-GMMM00MM08850001V64F,150,GREEN,NONE
1772109788000,A2D2-3A8C,FLT-3A8C-001,29.500000,-82.100000,150,14,0,Mavic Pro,false,drone_images/Mavic Pro.png,29.495000,-82.105000,29.494500,-82.105300,apolloshield_df,camera,218.47289,10,5770000000,GMMM00MM08850001V64F,bluvec2.0-GMMM00MM08850001V64F,150,GREEN,NONE
1772109788000,A2D2-3A8C,FLT-3A8C-001,29.500000,-82.100000,150,14,0,Mavic Pro,false,drone_images/Mavic Pro.png,29.495000,-82.105000,29.494500,-82.105300,apolloshield_df,camera,218.47289,10,5770000000,GMMM00MM08850001V64F,bluvec2.0-GMMM00MM08850001V64F,150,GREEN,NONE
1772109788000,A2D2-3A8C,FLT-3A8C-001,29.500000,-82.100000,150,14,0,Mavic Pro,false,drone_images/Mavic Pro.png,29.495000,-82.105000,29.494500,-82.105300,apolloshield_df,camera,218.47289,10,5770000000,GMMM00MM08850001V64F,bluvec2.0-GMMM00MM08850001V64F,150,GREEN,NONE
1772109788000,A2D2-3A8C,FLT-3A8C-001,29.500000,-82.100000,150,14,0,Mavic Pro,false,drone_images/Mavic Pro.png,29.495000,-82.105000,29.494500,-82.105300,apolloshield_df,camera,218.47289,10,5770000000,GMMM00MM08850001V64F,bluvec2.0-GMMM00MM08850001V64F,150,GREEN,NONE
1772109788000,A2D2-3A8C,FLT-3A8C-001,29.500000,-82.100000,150,14,0,Mavic Pro,false,drone_images/Mavic Pro.png,29.495000,-82.105000,29.494500,-82.105300,apolloshield_df,camera,218.47289,10,5770000000,GMMM00MM08850001V64F,bluvec2.0-GMMM00MM08850001V64F,150,GREEN,NONE
1772109788000,A2D2-3A8C,FLT-3A8C-001,29.500000,-82.100000,150,14,0,Mavic Pro,false,drone_images/Mavic Pro.png,29.495000,-82.105000,29.494500,-82.105300,apolloshield_df,camera,218.47289,10,5770000000,GMMM00MM08850001V64F,bluvec2.0-GMMM00MM08850001V64F,150,GREEN,NONE
1772109788000,A2D2-3A8C,FLT-3A8C-001,29.500000,-82.100000,150,14,0,Mavic Pro,false,drone_images/Mavic Pro.png,29.495000,-82.105000,29.494500,-82.105300,apolloshield_df,camera,218.47289,10,5770000000,GMMM00MM08850001V64F,bluvec2.0-GMMM00MM08850001V64F,150,GREEN,NONE
1772109788000,A2D2-3A8C,FLT-3A8C-001,29.500000,-82.100000,150,14,0,Mavic Pro,false,drone_images/Mavic Pro.png,29.495000,-82.105000,29.494500,-82.105300,apolloshield_df,camera,218.47289,10,5770000000,GMMM00MM08850001V64F,bluvec2.0-GMMM00MM08850001V64F,150,GREEN,NONE
1772109788000,A2D2-3A8C,FLT-3A8C-001,29.500000,-82.100000,150,14,0,Mavic Pro,false,drone_images/Mavic Pro.png,29.495000,-82.105000,29.494500,-82.105300,apolloshield_df,camera,218.47289,10,5770000000,GMMM00MM08850001V64F,bluvec2.0-GMMM00MM08850001V64F,150,GREEN,NONE
1772109788000,A2D2-3A8C,FLT-3A8C-001,29.500000,-82.100000,150,14,0,Mavic Pro,false,drone_images/Mavic Pro.png,29.495000,-82.105000,29.494500,-82.105300,apolloshield_df,camera,218.47289,10,5770000000,GMMM00MM08850001V64F,bluvec2.0-GMMM00MM08850001V64F,150,GREEN,NONE
1772109788000,A2D2-3A8C,FLT-3A8C-001,29.500000,-82.100000,150,14,0,Mavic Pro,false,drone_images/Mavic Pro.png,29.495000,-82.105000,29.494500,-82.105300,apolloshield_df,camera,222.74655,10,5770000000,GMMM00MM08850001V64F,bluvec2.0-GMMM00MM08850001V64F,150,GREEN,NONE
1772109788000,A2D2-3A8C,FLT-3A8C-001,29.500000,-82.100000,150,14,0,Mavic Pro,false,drone_images/Mavic Pro.png,29.495000,-82.105000,29.494500,-82.105300,apolloshield_df,camera,222.74655,10,5770000000,GMMM00MM08850001V64F,bluvec2.0-GMMM00MM08850001V64F,150,GREEN,NONE
1772109788000,A2D2-3A8C,FLT-3A8C-001,29.500000,-82.100000,150,14,0,Mavic Pro,false,drone_images/Mavic Pro.png,29.495000,-82.105000,29.494500,-82.105300,apolloshield_df,camera,222.74655,10,5770000000,GMMM00MM08850001V64F,bluvec2.0-GMMM00MM08850001V64F,150,GREEN,NONE
1772109788000,A2D2-3A8C,FLT-3A8C-001,29.500000,-82.100000,150,14,0,Mavic Pro,false,drone_images/Mavic Pro.png,29.495000,-82.105000,29.494500,-82.105300,apolloshield_df,camera,222.74655,10,5770000000,GMMM00MM08850001V64F,bluvec2.0-GMMM00MM08850001V64F,150,GREEN,NONE
1772109788000,A2D2-3A8C,FLT-3A8C-001,29.500000,-82.100000,150,14,0,Mavic Pro,false,drone_images/Mavic Pro.png,29.495000,-82.105000,29.494500,-82.105300,apolloshield_df,camera,219.3102,10,5770000000,GMMM00MM08850001V64F,bluvec2.0-GMMM00MM08850001V64F,150,GREEN,NONE
1772109788000,A2D2-3A8C,FLT-3A8C-001,29.500000,-82.100000,150,14,0,Mavic Pro,false,drone_images/Mavic Pro.png,29.495000,-82.105000,29.494500,-82.105300,apolloshield_df,camera,221.4694,10,5770000000,GMMM00MM08850001V64F,bluvec2.0-GMMM00MM08850001V64F,150,GREEN,NONE
1772109788000,A2D2-3A8C,FLT-3A8C-001,29.500000,-82.100000,150,14,0,Mavic Pro,false,drone_images/Mavic Pro.png,29.495000,-82.105000,29.494500,-82.105300,apolloshield_df,camera,223.42316,10,5770000000,GMMM00MM08850001V64F,bluvec2.0-GMMM00MM08850001V64F,150,GREEN,NONE
1772109788000,A2D2-3A8C,FLT-3A8C-001,29.500000,-82.100000,150,14,0,Mavic Pro,false,drone_images/Mavic Pro.png,29.495000,-82.105000,29.494500,-82.105300,apolloshield_df,camera,223.42316,10,5770000000,GMMM00MM08850001V64F,bluvec2.0-GMMM00MM08850001V64F,150,GREEN,NONE
1772109788000,A2D2-3A8C,FLT-3A8C-001,29.500000,-82.100000,150,14,0,Mavic Pro,false,drone_images/Mavic Pro.png,29.495000,-82.105000,29.494500,-82.105300,apolloshield_df,camera,223.42316,10,5770000000,GMMM00MM08850001V64F,bluvec2.0-GMMM00MM08850001V64F,150,GREEN,NONE
1772109788000,A2D2-3A8C,FLT-3A8C-001,29.500000,-82.100000,150,14,0,Mavic Pro,false,drone_images/Mavic Pro.png,29.495000,-82.105000,29.494500,-82.105300,apolloshield_df,camera,223.42316,10,5770000000,GMMM00MM08850001V64F,bluvec2.0-GMMM00MM08850001V64F,150,GREEN,NONE
1772109788000,A2D2-3A8C,FLT-3A8C-001,29.500000,-82.100000,150,14,0,Mavic Pro,false,drone_images/Mavic Pro.png,29.495000,-82.105000,29.494500,-82.105300,apolloshield_df,camera,223.42316,10,5770000000,GMMM00MM08850001V64F,bluvec2.0-GMMM00MM08850001V64F,150,GREEN,NONE
1772109788000,A2D2-3A8C,FLT-3A8C-001,29.500000,-82.100000,150,14,0,Mavic Pro,false,drone_images/Mavic Pro.png,29.495000,-82.105000,29.494500,-82.105300,apolloshield_df,camera,223.42316,10,5770000000,GMMM00MM08850001V64F,bluvec2.0-GMMM00MM08850001V64F,150,GREEN,NONE
1772109788000,A2D2-3A8C,FLT-3A8C-001,29.500000,-82.100000,150,14,0,Mavic Pro,false,drone_images/Mavic Pro.png,29.495000,-82.105000,29.494500,-82.105300,apolloshield_df,camera,223.42316,10,5770000000,GMMM00MM08850001V64F,bluvec2.0-GMMM00MM08850001V64F,150,GREEN,NONE
1772109788000,A2D2-3A8C,FLT-3A8C-001,29.500000,-82.100000,150,14,0,Mavic Pro,false,drone_images/Mavic Pro.png,29.495000,-82.105000,29.494500,-82.105300,apolloshield_df,camera,223.42316,10,5770000000,GMMM00MM08850001V64F,bluvec2.0-GMMM00MM08850001V64F,150,GREEN,NONE
1772109788000,A2D2-3A8C,FLT-3A8C-001,29.500000,-82.100000,150,14,0,Mavic Pro,false,drone_images/Mavic Pro.png,29.495000,-82.105000,29.494500,-82.105300,apolloshield_df,camera,223.42316,10,5770000000,GMMM00MM08850001V64F,bluvec2.0-GMMM00MM08850001V64F,150,GREEN,NONE
1772109788000,A2D2-3A8C,FLT-3A8C-001,29.500000,-82.100000,150,14,0,Mavic Pro,false,drone_images/Mavic Pro.png,29.495000,-82.105000,29.494500,-82.105300,apolloshield_df,camera,223.42316,10,5770000000,GMMM00MM08850001V64F,bluvec2.0-GMMM00MM08850001V64F,150,GREEN,NONE
1772109788000,A2D2-3A8C,FLT-3A8C-001,29.500000,-82.100000,150,14,0,Mavic Pro,false,drone_images/Mavic Pro.png,29.495000,-82.105000,29.494500,-82.105300,apolloshield_df,camera,223.42316,10,5770000000,GMMM00MM08850001V64F,bluvec2.0-GMMM00MM08850001V64F,150,GREEN,NONE
1772109788000,A2D2-3A8C,FLT-3A8C-001,29.500000,-82.100000,150,14,0,Mavic Pro,false,drone_images/Mavic Pro.png,29.495000,-82.105000,29.494500,-82.105300,apolloshield_df,camera,223.42316,10,5770000000,GMMM00MM08850001V64F,bluvec2.0-GMMM00MM08850001V64F,150,GREEN,NONE
1772109788000,A2D2-3A8C,FLT-3A8C-001,29.500000,-82.100000,150,14,0,Mavic Pro,false,drone_images/Mavic Pro.png,29.495000,-82.105000,29.494500,-82.105300,apolloshield_df,camera,223.42316,10,5770000000,GMMM00MM08850001V64F,bluvec2.0-GMMM00MM08850001V64F,150,GREEN,NONE
1772109788000,A2D2-3A8C,FLT-3A8C-001,29.500000,-82.100000,150,14,0,Mavic Pro,false,drone_images/Mavic Pro.png,29.495000,-82.105000,29.494500,-82.105300,apolloshield_df,camera,223.42316,10,5770000000,GMMM00MM08850001V64F,bluvec2.0-GMMM00MM08850001V64F,150,GREEN,NONE
1772109788000,A2D2-3A8C,FLT-3A8C-001,29.500000,-82.100000,150,14,0,Mavic Pro,false,drone_images/Mavic Pro.png,29.495000,-82.105000,29.494500,-82.105300,apolloshield_df,camera,223.42316,10,5770000000,GMMM00MM08850001V64F,bluvec2.0-GMMM00MM08850001V64F,150,GREEN,NONE
1772109788000,A2D2-3A8C,FLT-3A8C-001,29.500000,-82.100000,150,14,0,Mavic Pro,false,drone_images/Mavic Pro.png,29.495000,-82.105000,29.494500,-82.105300,apolloshield_df,camera,223.42316,10,5770000000,GMMM00MM08850001V64F,bluvec2.0-GMMM00MM08850001V64F,150,GREEN,NONE
1772109788000,A2D2-3A8C,FLT-3A8C-001,29.500000,-82.100000,150,14,0,Mavic Pro,false,drone_images/Mavic Pro.png,29.495000,-82.105000,29.494500,-82.105300,apolloshield_df,camera,223.42316,10,5770000000,GMMM00MM08850001V64F,bluvec2.0-GMMM00MM08850001V64F,150,GREEN,NONE
1772109788000,A2D2-3A8C,FLT-3A8C-001,29.500000,-82.100000,150,14,0,Mavic Pro,false,drone_images/Mavic Pro.png,29.495000,-82.105000,29.494500,-82.105300,apolloshield_df,camera,223.42316,10,5770000000,GMMM00MM08850001V64F,bluvec2.0-GMMM00MM08850001V64F,150,GREEN,NONE
1772109788000,A2D2-3A8C,FLT-3A8C-001,29.500000,-82.100000,150,14,0,Mavic Pro,false,drone_images/Mavic Pro.png,29.495000,-82.105000,29.494500,-82.105300,apolloshield_df,camera,223.42316,10,5770000000,GMMM00MM08850001V64F,bluvec2.0-GMMM00MM08850001V64F,150,GREEN,NONE
1772109788000,A2D2-3A8C,FLT-3A8C-001,29.500000,-82.100000,150,14,0,Mavic Pro,false,drone_images/Mavic Pro.png,29.495000,-82.105000,29.494500,-82.105300,apolloshield_df,camera,223.42316,10,5770000000,GMMM00MM08850001V64F,bluvec2.0-GMMM00MM08850001V64F,150,GREEN,NONE
1772109788000,A2D2-3A8C,FLT-3A8C-001,29.500000,-82.100000,150,14,0,Mavic Pro,false,drone_images/Mavic Pro.png,29.495000,-82.105000,29.494500,-82.105300,apolloshield_df,camera,223.42316,10,5770000000,GMMM00MM08850001V64F,bluvec2.0-GMMM00MM08850001V64F,150,GREEN,NONE
1772109788000,A2D2-3A8C,FLT-3A8C-001,29.500000,-82.100000,150,14,0,Mavic Pro,false,drone_images/Mavic Pro.png,29.495000,-82.105000,29.494500,-82.105300,apolloshield_df,camera,223.42316,10,5770000000,GMMM00MM08850001V64F,bluvec2.0-GMMM00MM08850001V64F,150,GREEN,NONE
1772109788000,A2D2-3A8C,FLT-3A8C-001,29.500000,-82.100000,150,14,0,Mavic Pro,false,drone_images/Mavic Pro.png,29.495000,-82.105000,29.494500,-82.105300,apolloshield_df,camera,223.42316,10,5770000000,GMMM00MM08850001V64F,bluvec2.0-GMMM00MM08850001V64F,150,GREEN,NONE
1772109788000,A2D2-3A8C,FLT-3A8C-001,29.500000,-82.100000,150,14,0,Mavic Pro,false,drone_images/Mavic Pro.png,29.495000,-82.105000,29.494500,-82.105300,apolloshield_df,camera,223.42316,10,5770000000,GMMM00MM08850001V64F,bluvec2.0-GMMM00MM08850001V64F,150,GREEN,NONE
1772109788000,A2D2-3A8C,FLT-3A8C-001,29.500000,-82.100000,150,14,0,Mavic Pro,false,drone_images/Mavic Pro.png,29.495000,-82.105000,29.494500,-82.105300,apolloshield_df,camera,223.42316,10,5770000000,GMMM00MM08850001V64F,bluvec2.0-GMMM00MM08850001V64F,150,GREEN,NONE
1772109788000,A2D2-3A8C,FLT-3A8C-001,29.500000,-82.100000,150,14,0,Mavic Pro,false,drone_images/Mavic Pro.png,29.495000,-82.105000,29.494500,-82.105300,apolloshield_df,camera,223.42316,10,5770000000,GMMM00MM08850001V64F,bluvec2.0-GMMM00MM08850001V64F,150,GREEN,NONE
1772109788000,A2D2-3A8C,FLT-3A8C-001,29.500000,-82.100000,150,14,0,Mavic Pro,false,drone_images/Mavic Pro.png,29.495000,-82.105000,29.494500,-82.105300,apolloshield_df,camera,223.42316,10,5770000000,GMMM00MM08850001V64F,bluvec2.0-GMMM00MM08850001V64F,150,GREEN,NONE
1772109788000,A2D2-3A8C,FLT-3A8C-001,29.500000,-82.100000,150,14,0,Mavic Pro,false,drone_images/Mavic Pro.png,29.495000,-82.105000,29.494500,-82.105300,apolloshield_df,camera,223.42316,10,5770000000,GMMM00MM08850001V64F,bluvec2.0-GMMM00MM08850001V64F,150,GREEN,NONE
1772109788000,A2D2-3A8C,FLT-3A8C-001,29.500000,-82.100000,150,14,0,Mavic Pro,false,drone_images/Mavic Pro.png,29.495000,-82.105000,29.494500,-82.105300,apolloshield_df,camera,223.42316,10,5770000000,GMMM00MM08850001V64F,bluvec2.0-GMMM00MM08850001V64F,150,GREEN,NONE
1772109788000,A2D2-3A8C,FLT-3A8C-001,29.500000,-82.100000,150,14,0,Mavic Pro,false,drone_images/Mavic Pro.png,29.495000,-82.105000,29.494500,-82.105300,apolloshield_df,camera,223.42316,10,5770000000,GMMM00MM08850001V64F,bluvec2.0-GMMM00MM08850001V64F,150,GREEN,NONE
1772109788000,A2D2-3A8C,FLT-3A8C-001,29.500000,-82.100000,150,14,0,Mavic Pro,false,drone_images/Mavic Pro.png,29.495000,-82.105000,29.494500,-82.105300,apolloshield_df,camera,223.42316,10,5770000000,GMMM00MM08850001V64F,bluvec2.0-GMMM00MM08850001V64F,150,GREEN,NONE
1772109788000,A2D2-3A8C,FLT-3A8C-001,29.500000,-82.100000,150,14,0,Mavic Pro,false,drone_images/Mavic Pro.png,29.495000,-82.105000,29.494500,-82.105300,apolloshield_df,camera,223.42316,10,5770000000,GMMM00MM08850001V64F,bluvec2.0-GMMM00MM08850001V64F,150,GREEN,NONE
1772109788000,A2D2-3A8C,FLT-3A8C-001,29.500000,-82.100000,150,14,0,Mavic Pro,false,drone_images/Mavic Pro.png,29.495000,-82.105000,29.494500,-82.105300,apolloshield_df,camera,210.87361,10,5770000000,GMMM00MM08850001V64F,bluvec2.0-GMMM00MM08850001V64F,150,GREEN,NONE
1772109788000,A2D2-3A8C,FLT-3A8C-001,29.500000,-82.100000,150,14,0,Mavic Pro,false,drone_images/Mavic Pro.png,29.495000,-82.105000,29.494500,-82.105300,apolloshield_df,camera,210.87361,10,5770000000,GMMM00MM08850001V64F,bluvec2.0-GMMM00MM08850001V64F,150,GREEN,NONE
1772109788000,A2D2-3A8C,FLT-3A8C-001,29.500000,-82.100000,150,14,0,Mavic Pro,false,drone_images/Mavic Pro.png,29.495000,-82.105000,29.494500,-82.105300,apolloshield_df,camera,210.87361,10,5770000000,GMMM00MM08850001V64F,bluvec2.0-GMMM00MM08850001V64F,150,GREEN,NONE
1772109788000,A2D2-3A8C,FLT-3A8C-001,29.500000,-82.100000,150,14,0,Mavic Pro,false,drone_images/Mavic Pro.png,29.495000,-82.105000,29.494500,-82.105300,apolloshield_df,camera,209.55336,10,5770000000,GMMM00MM08850001V64F,bluvec2.0-GMMM00MM08850001V64F,150,GREEN,NONE
1772109788000,A2D2-3A8C,FLT-3A8C-001,29.500000,-82.100000,150,14,0,Mavic Pro,false,drone_images/Mavic Pro.png,29.495000,-82.105000,29.494500,-82.105300,apolloshield_df,camera,209.55336,10,5770000000,GMMM00MM08850001V64F,bluvec2.0-GMMM00MM08850001V64F,150,GREEN,NONE
1772109788000,A2D2-3A8C,FLT-3A8C-001,29.500000,-82.100000,150,14,0,Mavic Pro,false,drone_images/Mavic Pro.png,29.495000,-82.105000,29.494500,-82.105300,apolloshield_df,camera,209.55336,10,5770000000,GMMM00MM08850001V64F,bluvec2.0-GMMM00MM08850001V64F,150,GREEN,NONE
1772109788000,A2D2-3A8C,FLT-3A8C-001,29.500000,-82.100000,150,14,0,Mavic Pro,false,drone_images/Mavic Pro.png,29.495000,-82.105000,29.494500,-82.105300,apolloshield_df,camera,209.55336,10,5770000000,GMMM00MM08850001V64F,bluvec2.0-GMMM00MM08850001V64F,150,GREEN,NONE
1772109788000,A2D2-3A8C,FLT-3A8C-001,29.500000,-82.100000,150,14,0,Mavic Pro,false,drone_images/Mavic Pro.png,29.495000,-82.105000,29.494500,-82.105300,apolloshield_df,camera,209.55336,10,5770000000,GMMM00MM08850001V64F,bluvec2.0-GMMM00MM08850001V64F,150,GREEN,NONE
1772109788000,A2D2-3A8C,FLT-3A8C-001,29.500000,-82.100000,150,14,0,Mavic Pro,false,drone_images/Mavic Pro.png,29.495000,-82.105000,29.494500,-82.105300,apolloshield_df,camera,209.55336,10,5770000000,GMMM00MM08850001V64F,bluvec2.0-GMMM00MM08850001V64F,150,GREEN,NONE
1772109788000,A2D2-3A8C,FLT-3A8C-001,29.500000,-82.100000,150,14,0,Mavic Pro,false,drone_images/Mavic Pro.png,29.495000,-82.105000,29.494500,-82.105300,apolloshield_df,camera,209.55336,10,5770000000,GMMM00MM08850001V64F,bluvec2.0-GMMM00MM08850001V64F,150,GREEN,NONE
1772109788000,A2D2-3A8C,FLT-3A8C-001,29.500000,-82.100000,150,14,0,Mavic Pro,false,drone_images/Mavic Pro.png,29.495000,-82.105000,29.494500,-82.105300,apolloshield_df,camera,209.55336,10,5770000000,GMMM00MM08850001V64F,bluvec2.0-GMMM00MM08850001V64F,150,GREEN,NONE
1772109788000,A2D2-3A8C,FLT-3A8C-001,29.500000,-82.100000,150,14,0,Mavic Pro,false,drone_images/Mavic Pro.png,29.495000,-82.105000,29.494500,-82.105300,apolloshield_df,camera,209.55336,10,5770000000,GMMM00MM08850001V64F,bluvec2.0-GMMM00MM08850001V64F,150,GREEN,NONE
1772109788000,A2D2-3A8C,FLT-3A8C-001,29.500000,-82.100000,150,14,0,Mavic Pro,false,drone_images/Mavic Pro.png,29.495000,-82.105000,29.494500,-82.105300,apolloshield_df,camera,209.55336,10,5770000000,GMMM00MM08850001V64F,bluvec2.0-GMMM00MM08850001V64F,150,GREEN,NONE
1772109788000,A2D2-3A8C,FLT-3A8C-001,29.500000,-82.100000,150,14,0,Mavic Pro,false,drone_images/Mavic Pro.png,29.495000,-82.105000,29.494500,-82.105300,apolloshield_df,camera,209.55336,10,5770000000,GMMM00MM08850001V64F,bluvec2.0-GMMM00MM08850001V64F,150,GREEN,NONE
1772109788000,A2D2-3A8C,FLT-3A8C-001,29.500000,-82.100000,150,14,0,Mavic Pro,false,drone_images/Mavic Pro.png,29.495000,-82.105000,29.494500,-82.105300,apolloshield_df,camera,209.55336,10,5770000000,GMMM00MM08850001V64F,bluvec2.0-GMMM00MM08850001V64F,150,GREEN,NONE
1772109788000,A2D2-3A8C,FLT-3A8C-001,29.500000,-82.100000,150,14,0,Mavic Pro,false,drone_images/Mavic Pro.png,29.495000,-82.105000,29.494500,-82.105300,apolloshield_df,camera,209.55336,10,5770000000,GMMM00MM08850001V64F,bluvec2.0-GMMM00MM08850001V64F,150,GREEN,NONE
1772109788000,A2D2-3A8C,FLT-3A8C-001,29.500000,-82.100000,150,14,0,Mavic Pro,false,drone_images/Mavic Pro.png,29.495000,-82.105000,29.494500,-82.105300,apolloshield_df,camera,209.55336,10,5770000000,GMMM00MM08850001V64F,bluvec2.0-GMMM00MM08850001V64F,150,GREEN,NONE
1772109788000,A2D2-3A8C,FLT-3A8C-001,29.500000,-82.100000,150,14,0,Mavic Pro,false,drone_images/Mavic Pro.png,29.495000,-82.105000,29.494500,-82.105300,apolloshield_df,camera,209.55336,10,5770000000,GMMM00MM08850001V64F,bluvec2.0-GMMM00MM08850001V64F,150,GREEN,NONE
1772109788000,A2D2-3A8C,FLT-3A8C-001,29.500000,-82.100000,150,14,0,Mavic Pro,false,drone_images/Mavic Pro.png,29.495000,-82.105000,29.494500,-82.105300,apolloshield_df,camera,209.55336,10,5770000000,GMMM00MM08850001V64F,bluvec2.0-GMMM00MM08850001V64F,150,GREEN,NONE
1772109788000,A2D2-3A8C,FLT-3A8C-001,29.500000,-82.100000,150,14,0,Mavic Pro,false,drone_images/Mavic Pro.png,29.495000,-82.105000,29.494500,-82.105300,apolloshield_df,camera,209.55336,10,5770000000,GMMM00MM08850001V64F,bluvec2.0-GMMM00MM08850001V64F,150,GREEN,NONE
1772109788000,A2D2-3A8C,FLT-3A8C-001,29.500000,-82.100000,150,14,0,Mavic Pro,false,drone_images/Mavic Pro.png,29.495000,-82.105000,29.494500,-82.105300,apolloshield_df,camera,209.55336,10,5770000000,GMMM00MM08850001V64F,bluvec2.0-GMMM00MM08850001V64F,150,GREEN,NONE
1772109788000,A2D2-3A8C,FLT-3A8C-001,29.500000,-82.100000,150,14,0,Mavic Pro,false,drone_images/Mavic Pro.png,29.495000,-82.105000,29.494500,-82.105300,apolloshield_df,camera,209.55336,10,5770000000,GMMM00MM08850001V64F,bluvec2.0-GMMM00MM08850001V64F,150,GREEN,NONE
1772109788000,A2D2-3A8C,FLT-3A8C-001,29.500000,-82.100000,150,14,0,Mavic Pro,false,drone_images/Mavic Pro.png,29.495000,-82.105000,29.494500,-82.105300,apolloshield_df,camera,209.55336,10,5770000000,GMMM00MM08850001V64F,bluvec2.0-GMMM00MM08850001V64F,150,GREEN,NONE
1772109788000,A2D2-3A8C,FLT-3A8C-001,29.500000,-82.100000,150,14,0,Mavic Pro,false,drone_images/Mavic Pro.png,29.495000,-82.105000,29.494500,-82.105300,apolloshield_df,camera,209.55336,10,5770000000,GMMM00MM08850001V64F,bluvec2.0-GMMM00MM08850001V64F,150,GREEN,NONE
1772109788000,A2D2-3A8C,FLT-3A8C-001,29.500000,-82.100000,150,14,0,Mavic Pro,false,drone_images/Mavic Pro.png,29.495000,-82.105000,29.494500,-82.105300,apolloshield_df,camera,209.55336,10,5770000000,GMMM00MM08850001V64F,bluvec2.0-GMMM00MM08850001V64F,150,GREEN,NONE
1772109788000,A2D2-3A8C,FLT-3A8C-001,29.500000,-82.100000,150,14,0,Mavic Pro,false,drone_images/Mavic Pro.png,29.495000,-82.105000,29.494500,-82.105300,apolloshield_df,camera,209.55336,10,5770000000,GMMM00MM08850001V64F,bluvec2.0-GMMM00MM08850001V64F,150,GREEN,NONE
1772109788000,A2D2-3A8C,FLT-3A8C-001,29.500000,-82.100000,150,14,0,Mavic Pro,false,drone_images/Mavic Pro.png,29.495000,-82.105000,29.494500,-82.105300,apolloshield_df,camera,209.55336,10,5770000000,GMMM00MM08850001V64F,bluvec2.0-GMMM00MM08850001V64F,150,GREEN,NONE
1772109788000,A2D2-3A8C,FLT-3A8C-001,29.500000,-82.100000,150,14,0,Mavic Pro,false,drone_images/Mavic Pro.png,29.495000,-82.105000,29.494500,-82.105300,apolloshield_df,camera,209.55336,10,5770000000,GMMM00MM08850001V64F,bluvec2.0-GMMM00MM08850001V64F,150,GREEN,NONE
1772109788000,A2D2-3A8C,FLT-3A8C-001,29.500000,-82.100000,150,14,0,Mavic Pro,false,drone_images/Mavic Pro.png,29.495000,-82.105000,29.494500,-82.105300,apolloshield_df,camera,209.55336,10,5770000000,GMMM00MM08850001V64F,bluvec2.0-GMMM00MM08850001V64F,150,GREEN,NONE
1772109788000,A2D2-3A8C,FLT-3A8C-001,29.500000,-82.100000,150,14,0,Mavic Pro,false,drone_images/Mavic Pro.png,29.495000,-82.105000,29.494500,-82.105300,apolloshield_df,camera,209.55336,10,5770000000,GMMM00MM08850001V64F,bluvec2.0-GMMM00MM08850001V64F,150,GREEN,NONE
1772109788000,A2D2-3A8C,FLT-3A8C-001,29.500000,-82.100000,150,14,0,Mavic Pro,false,drone_images/Mavic Pro.png,29.495000,-82.105000,29.494500,-82.105300,apolloshield_df,camera,209.55336,10,5770000000,GMMM00MM08850001V64F,bluvec2.0-GMMM00MM08850001V64F,150,GREEN,NONE
1772109788000,A2D2-3A8C,FLT-3A8C-001,29.500000,-82.100000,150,14,0,Mavic Pro,false,drone_images/Mavic Pro.png,29.495000,-82.105000,29.494500,-82.105300,apolloshield_df,camera,209.55336,10,5770000000,GMMM00MM08850001V64F,bluvec2.0-GMMM00MM08850001V64F,150,GREEN,NONE
1772109788000,A2D2-3A8C,FLT-3A8C-001,29.500000,-82.100000,150,14,0,Mavic Pro,false,drone_images/Mavic Pro.png,29.495000,-82.105000,29.494500,-82.105300,apolloshield_df,camera,209.55336,10,5770000000,GMMM00MM08850001V64F,bluvec2.0-GMMM00MM08850001V64F,150,GREEN,NONE
1772109788000,A2D2-3A8C,FLT-3A8C-001,29.500000,-82.100000,150,14,0,Mavic Pro,false,drone_images/Mavic Pro.png,29.495000,-82.105000,29.494500,-82.105300,apolloshield_df,camera,209.55336,10,5770000000,GMMM00MM08850001V64F,bluvec2.0-GMMM00MM08850001V64F,150,GREEN,NONE
1772109788000,A2D2-3A8C,FLT-3A8C-001,29.500000,-82.100000,150,14,0,Mavic Pro,false,drone_images/Mavic Pro.png,29.495000,-82.105000,29.494500,-82.105300,apolloshield_df,camera,209.55336,10,5770000000,GMMM00MM08850001V64F,bluvec2.0-GMMM00MM08850001V64F,150,GREEN,NONE
1772109788000,A2D2-3A8C,FLT-3A8C-001,29.500000,-82.100000,150,14,0,Mavic Pro,false,drone_images/Mavic Pro.png,29.495000,-82.105000,29.494500,-82.105300,apolloshield_df,camera,209.55336,10,5770000000,GMMM00MM08850001V64F,bluvec2.0-GMMM00MM08850001V64F,150,GREEN,NONE
1772109788000,A2D2-3A8C,FLT-3A8C-001,29.500000,-82.100000,150,14,0,Mavic Pro,false,drone_images/Mavic Pro.png,29.495000,-82.105000,29.494500,-82.105300,apolloshield_df,camera,209.55336,10,5770000000,GMMM00MM08850001V64F,bluvec2.0-GMMM00MM08850001V64F,150,GREEN,NONE
1772109788000,A2D2-3A8C,FLT-3A8C-001,29.500000,-82.100000,150,14,0,Mavic Pro,false,drone_images/Mavic Pro.png,29.495000,-82.105000,29.494500,-82.105300,apolloshield_df,camera,209.55336,10,5770000000,GMMM00MM08850001V64F,bluvec2.0-GMMM00MM08850001V64F,150,GREEN,NONE
1772109788000,A2D2-3A8C,FLT-3A8C-001,29.500000,-82.100000,150,14,0,Mavic Pro,false,drone_images/Mavic Pro.png,29.495000,-82.105000,29.494500,-82.105300,apolloshield_df,camera,209.55336,10,5770000000,GMMM00MM08850001V64F,bluvec2.0-GMMM00MM08850001V64F,150,GREEN,NONE
1772109788000,A2D2-3A8C,FLT-3A8C-001,29.500000,-82.100000,150,14,0,Mavic Pro,false,drone_images/Mavic Pro.png,29.495000,-82.105000,29.494500,-82.105300,apolloshield_df,camera,209.55336,10,5770000000,GMMM00MM08850001V64F,bluvec2.0-GMMM00MM08850001V64F,150,GREEN,NONE
1772109788000,A2D2-3A8C,FLT-3A8C-001,29.500000,-82.100000,150,14,0,Mavic Pro,false,drone_images/Mavic Pro.png,29.495000,-82.105000,29.494500,-82.105300,apolloshield_df,camera,209.55336,10,5770000000,GMMM00MM08850001V64F,bluvec2.0-GMMM00MM08850001V64F,150,GREEN,NONE
1772109788000,A2D2-3A8C,FLT-3A8C-001,29.500000,-82.100000,150,14,0,Mavic Pro,false,drone_images/Mavic Pro.png,29.495000,-82.105000,29.494500,-82.105300,apolloshield_df,camera,209.55336,10,5770000000,GMMM00MM08850001V64F,bluvec2.0-GMMM00MM08850001V64F,150,GREEN,NONE
1772109788000,A2D2-3A8C,FLT-3A8C-001,29.500000,-82.100000,150,14,0,Mavic Pro,false,drone_images/Mavic Pro.png,29.495000,-82.105000,29.494500,-82.105300,apolloshield_df,camera,209.55336,10,5770000000,GMMM00MM08850001V64F,bluvec2.0-GMMM00MM08850001V64F,150,GREEN,NONE
1772109788000,A2D2-3A8C,FLT-3A8C-001,29.500000,-82.100000,150,14,0,Mavic Pro,false,drone_images/Mavic Pro.png,29.495000,-82.105000,29.494500,-82.105300,apolloshield_df,camera,209.55336,10,5770000000,GMMM00MM08850001V64F,bluvec2.0-GMMM00MM08850001V64F,150,GREEN,NONE
1772109788000,A2D2-3A8C,FLT-3A8C-001,29.500000,-82.100000,150,14,0,Mavic Pro,false,drone_images/Mavic Pro.png,29.495000,-82.105000,29.494500,-82.105300,apolloshield_df,camera,209.55336,10,5770000000,GMMM00MM08850001V64F,bluvec2.0-GMMM00MM08850001V64F,150,GREEN,NONE
1772109788000,A2D2-3A8C,FLT-3A8C-001,29.500000,-82.100000,150,14,0,Mavic Pro,false,drone_images/Mavic Pro.png,29.495000,-82.105000,29.494500,-82.105300,apolloshield_df,camera,209.55336,10,5770000000,GMMM00MM08850001V64F,bluvec2.0-GMMM00MM08850001V64F,150,GREEN,NONE
1772109788000,A2D2-3A8C,FLT-3A8C-001,29.500000,-82.100000,150,14,0,Mavic Pro,false,drone_images/Mavic Pro.png,29.495000,-82.105000,29.494500,-82.105300,apolloshield_df,camera,209.55336,10,5770000000,GMMM00MM08850001V64F,bluvec2.0-GMMM00MM08850001V64F,150,GREEN,NONE
1772109788000,A2D2-3A8C,FLT-3A8C-001,29.500000,-82.100000,150,14,0,Mavic Pro,false,drone_images/Mavic Pro.png,29.495000,-82.105000,29.494500,-82.105300,apolloshield_df,camera,209.55336,10,5770000000,GMMM00MM08850001V64F,bluvec2.0-GMMM00MM08850001V64F,150,GREEN,NONE
1772109788000,A2D2-3A8C,FLT-3A8C-001,29.500000,-82.100000,150,14,0,Mavic Pro,false,drone_images/Mavic Pro.png,29.495000,-82.105000,29.494500,-82.105300,apolloshield_df,camera,209.55336,10,5770000000,GMMM00MM08850001V64F,bluvec2.0-GMMM00MM08850001V64F,150,GREEN,NONE
1772109788000,A2D2-3A8C,FLT-3A8C-001,29.500000,-82.100000,150,14,0,Mavic Pro,false,drone_images/Mavic Pro.png,29.495000,-82.105000,29.494500,-82.105300,apolloshield_df,camera,209.55336,10,5770000000,GMMM00MM08850001V64F,bluvec2.0-GMMM00MM08850001V64F,150,GREEN,NONE
1772109788000,A2D2-3A8C,FLT-3A8C-001,29.500000,-82.100000,150,14,0,Mavic Pro,false,drone_images/Mavic Pro.png,29.495000,-82.105000,29.494500,-82.105300,apolloshield_df,camera,209.55336,10,5770000000,GMMM00MM08850001V64F,bluvec2.0-GMMM00MM08850001V64F,150,GREEN,NONE
1772109788000,A2D2-3A8C,FLT-3A8C-001,29.500000,-82.100000,150,14,0,Mavic Pro,false,drone_images/Mavic Pro.png,29.495000,-82.105000,29.494500,-82.105300,apolloshield_df,camera,209.55336,10,5770000000,GMMM00MM08850001V64F,bluvec2.0-GMMM00MM08850001V64F,150,GREEN,NONE
1772109788000,A2D2-3A8C,FLT-3A8C-001,29.500000,-82.100000,150,14,0,Mavic Pro,false,drone_images/Mavic Pro.png,29.495000,-82.105000,29.494500,-82.105300,apolloshield_df,camera,209.55336,10,5770000000,GMMM00MM08850001V64F,bluvec2.0-GMMM00MM08850001V64F,150,GREEN,NONE
1772109788000,A2D2-3A8C,FLT-3A8C-001,29.500000,-82.100000,150,14,0,Mavic Pro,false,drone_images/Mavic Pro.png,29.495000,-82.105000,29.494500,-82.105300,apolloshield_df,camera,209.55336,10,5770000000,GMMM00MM08850001V64F,bluvec2.0-GMMM00MM08850001V64F,150,GREEN,NONE
1772109788000,A2D2-3A8C,FLT-3A8C-001,29.500000,-82.100000,150,14,0,Mavic Pro,false,drone_images/Mavic Pro.png,29.495000,-82.105000,29.494500,-82.105300,apolloshield_df,camera,209.55336,10,5770000000,GMMM00MM08850001V64F,bluvec2.0-GMMM00MM08850001V64F,150,GREEN,NONE
1772109788000,A2D2-3A8C,FLT-3A8C-001,29.500000,-82.100000,150,14,0,Mavic Pro,false,drone_images/Mavic Pro.png,29.495000,-82.105000,29.494500,-82.105300,apolloshield_df,camera,209.55336,10,5770000000,GMMM00MM08850001V64F,bluvec2.0-GMMM00MM08850001V64F,150,GREEN,NONE
1772109788000,A2D2-3A8C,FLT-3A8C-001,29.500000,-82.100000,150,14,0,Mavic Pro,false,drone_images/Mavic Pro.png,29.495000,-82.105000,29.494500,-82.105300,apolloshield_df,camera,209.55336,10,5770000000,GMMM00MM08850001V64F,bluvec2.0-GMMM00MM08850001V64F,150,GREEN,NONE
1772109788000,A2D2-3A8C,FLT-3A8C-001,29.500000,-82.100000,150,14,0,Mavic Pro,false,drone_images/Mavic Pro.png,29.495000,-82.105000,29.494500,-82.105300,apolloshield_df,camera,209.55336,10,5770000000,GMMM00MM08850001V64F,bluvec2.0-GMMM00MM08850001V64F,150,GREEN,NONE
1772109788000,A2D2-3A8C,FLT-3A8C-001,29.500000,-82.100000,150,14,0,Mavic Pro,false,drone_images/Mavic Pro.png,29.495000,-82.105000,29.494500,-82.105300,apolloshield_df,camera,209.55336,10,5770000000,GMMM00MM08850001V64F,bluvec2.0-GMMM00MM08850001V64F,150,GREEN,NONE
1772109788000,A2D2-3A8C,FLT-3A8C-001,29.500000,-82.100000,150,14,0,Mavic Pro,false,drone_images/Mavic Pro.png,29.495000,-82.105000,29.494500,-82.105300,apolloshield_df,camera,209.55336,10,5770000000,GMMM00MM08850001V64F,bluvec2.0-GMMM00MM08850001V64F,150,GREEN,NONE
1772109788000,A2D2-3A8C,FLT-3A8C-001,29.500000,-82.100000,150,14,0,Mavic Pro,false,drone_images/Mavic Pro.png,29.495000,-82.105000,29.494500,-82.105300,apolloshield_df,camera,209.55336,10,5770000000,GMMM00MM08850001V64F,bluvec2.0-GMMM00MM08850001V64F,150,GREEN,NONE
1772109788000,A2D2-3A8C,FLT-3A8C-001,29.500000,-82.100000,150,14,0,Mavic Pro,false,drone_images/Mavic Pro.png,29.495000,-82.105000,29.494500,-82.105300,apolloshield_df,camera,209.55336,10,5770000000,GMMM00MM08850001V64F,bluvec2.0-GMMM00MM08850001V64F,150,GREEN,NONE
1772109788000,A2D2-3A8C,FLT-3A8C-001,29.500000,-82.100000,150,14,0,Mavic Pro,false,drone_images/Mavic Pro.png,29.495000,-82.105000,29.494500,-82.105300,apolloshield_df,camera,209.55336,10,5770000000,GMMM00MM08850001V64F,bluvec2.0-GMMM00MM08850001V64F,150,GREEN,NONE
1772109788000,A2D2-3A8C,FLT-3A8C-001,29.500000,-82.100000,150,14,0,Mavic Pro,false,drone_images/Mavic Pro.png,29.495000,-82.105000,29.494500,-82.105300,apolloshield_df,camera,209.55336,10,5770000000,GMMM00MM08850001V64F,bluvec2.0-GMMM00MM08850001V64F,150,GREEN,NONE
1772109788000,A2D2-3A8C,FLT-3A8C-001,29.500000,-82.100000,150,14,0,Mavic Pro,false,drone_images/Mavic Pro.png,29.495000,-82.105000,29.494500,-82.105300,apolloshield_df,camera,209.55336,10,5770000000,GMMM00MM08850001V64F,bluvec2.0-GMMM00MM08850001V64F,150,GREEN,NONE
1772109788000,A2D2-3A8C,FLT-3A8C-001,29.500000,-82.100000,150,14,0,Mavic Pro,false,drone_images/Mavic Pro.png,29.495000,-82.105000,29.494500,-82.105300,apolloshield_df,camera,209.55336,10,5770000000,GMMM00MM08850001V64F,bluvec2.0-GMMM00MM08850001V64F,150,GREEN,NONE
1772109788000,A2D2-3A8C,FLT-3A8C-001,29.500000,-82.100000,150,14,0,Mavic Pro,false,drone_images/Mavic Pro.png,29.495000,-82.105000,29.494500,-82.105300,apolloshield_df,camera,209.55336,10,5770000000,GMMM00MM08850001V64F,bluvec2.0-GMMM00MM08850001V64F,150,GREEN,NONE
1772109788000,A2D2-3A8C,FLT-3A8C-001,29.500000,-82.100000,150,14,0,Mavic Pro,false,drone_images/Mavic Pro.png,29.495000,-82.105000,29.494500,-82.105300,apolloshield_df,camera,209.55336,10,5770000000,GMMM00MM08850001V64F,bluvec2.0-GMMM00MM08850001V64F,150,GREEN,NONE
1772109788000,A2D2-3A8C,FLT-3A8C-001,29.500000,-82.100000,150,14,0,Mavic Pro,false,drone_images/Mavic Pro.png,29.495000,-82.105000,29.494500,-82.105300,apolloshield_df,camera,209.55336,10,5770000000,GMMM00MM08850001V64F,bluvec2.0-GMMM00MM08850001V64F,150,GREEN,NONE
1772109788000,A2D2-3A8C,FLT-3A8C-001,29.500000,-82.100000,150,14,0,Mavic Pro,false,drone_images/Mavic Pro.png,29.495000,-82.105000,29.494500,-82.105300,apolloshield_df,camera,209.55336,10,5770000000,GMMM00MM08850001V64F,bluvec2.0-GMMM00MM08850001V64F,150,GREEN,NONE
1772109788000,A2D2-3A8C,FLT-3A8C-001,29.500000,-82.100000,150,14,0,Mavic Pro,false,drone_images/Mavic Pro.png,29.495000,-82.105000,29.494500,-82.105300,apolloshield_df,camera,209.55336,10,5770000000,GMMM00MM08850001V64F,bluvec2.0-GMMM00MM08850001V64F,150,GREEN,NONE
1772109788000,A2D2-3A8C,FLT-3A8C-001,29.500000,-82.100000,150,14,0,Mavic Pro,false,drone_images/Mavic Pro.png,29.495000,-82.105000,29.494500,-82.105300,apolloshield_df,camera,209.55336,10,5770000000,GMMM00MM08850001V64F,bluvec2.0-GMMM00MM08850001V64F,150,GREEN,NONE
1772109788000,A2D2-3A8C,FLT-3A8C-001,29.500000,-82.100000,150,14,0,Mavic Pro,false,drone_images/Mavic Pro.png,29.495000,-82.105000,29.494500,-82.105300,apolloshield_df,camera,209.55336,10,5770000000,GMMM00MM08850001V64F,bluvec2.0-GMMM00MM08850001V64F,150,GREEN,NONE
1772109788000,A2D2-3A8C,FLT-3A8C-001,29.500000,-82.100000,150,14,0,Mavic Pro,false,drone_images/Mavic Pro.png,29.495000,-82.105000,29.494500,-82.105300,apolloshield_df,camera,209.55336,10,5770000000,GMMM00MM08850001V64F,bluvec2.0-GMMM00MM08850001V64F,150,GREEN,NONE
1772109788000,A2D2-3A8C,FLT-3A8C-001,29.500000,-82.100000,150,14,0,Mavic Pro,false,drone_images/Mavic Pro.png,29.495000,-82.105000,29.494500,-82.105300,apolloshield_df,camera,209.55336,10,5770000000,GMMM00MM08850001V64F,bluvec2.0-GMMM00MM08850001V64F,150,GREEN,NONE
1772109788000,A2D2-3A8C,FLT-3A8C-001,29.500000,-82.100000,150,14,0,Mavic Pro,false,drone_images/Mavic Pro.png,29.495000,-82.105000,29.494500,-82.105300,apolloshield_df,camera,209.55336,10,5770000000,GMMM00MM08850001V64F,bluvec2.0-GMMM00MM08850001V64F,150,GREEN,NONE
1772109788000,A2D2-3A8C,FLT-3A8C-001,29.500000,-82.100000,150,14,0,Mavic Pro,false,drone_images/Mavic Pro.png,29.495000,-82.105000,29.494500,-82.105300,apolloshield_df,camera,209.55336,10,5770000000,GMMM00MM08850001V64F,bluvec2.0-GMMM00MM08850001V64F,150,GREEN,NONE
1772109788000,A2D2-3A8C,FLT-3A8C-001,29.500000,-82.100000,150,14,0,Mavic Pro,false,drone_images/Mavic Pro.png,29.495000,-82.105000,29.494500,-82.105300,apolloshield_df,camera,209.55336,10,5770000000,GMMM00MM08850001V64F,bluvec2.0-GMMM00MM08850001V64F,150,GREEN,NONE
1772109788000,A2D2-3A8C,FLT-3A8C-001,29.500000,-82.100000,150,14,0,Mavic Pro,false,drone_images/Mavic Pro.png,29.495000,-82.105000,29.494500,-82.105300,apolloshield_df,camera,209.55336,10,5770000000,GMMM00MM08850001V64F,bluvec2.0-GMMM00MM08850001V64F,150,GREEN,NONE
1772109788000,A2D2-3A8C,FLT-3A8C-001,29.500000,-82.100000,150,14,0,Mavic Pro,false,drone_images/Mavic Pro.png,29.495000,-82.105000,29.494500,-82.105300,apolloshield_df,camera,209.55336,10,5770000000,GMMM00MM08850001V64F,bluvec2.0-GMMM00MM08850001V64F,150,GREEN,NONE
1772109788000,A2D2-3A8C,FLT-3A8C-001,29.500000,-82.100000,150,14,0,Mavic Pro,false,drone_images/Mavic Pro.png,29.495000,-82.105000,29.494500,-82.105300,apolloshield_df,camera,209.55336,10,5770000000,GMMM00MM08850001V64F,bluvec2.0-GMMM00MM08850001V64F,150,GREEN,NONE
1772109788000,A2D2-3A8C,FLT-3A8C-001,29.500000,-82.100000,150,14,0,Mavic Pro,false,drone_images/Mavic Pro.png,29.495000,-82.105000,29.494500,-82.105300,apolloshield_df,camera,209.55336,10,5770000000,GMMM00MM08850001V64F,bluvec2.0-GMMM00MM08850001V64F,150,GREEN,NONE
1772109788000,A2D2-3A8C,FLT-3A8C-001,29.500000,-82.100000,150,14,0,Mavic Pro,false,drone_images/Mavic Pro.png,29.495000,-82.105000,29.494500,-82.105300,apolloshield_df,camera,209.55336,10,5770000000,GMMM00MM08850001V64F,bluvec2.0-GMMM00MM08850001V64F,150,GREEN,NONE
1772109788000,A2D2-3A8C,FLT-3A8C-001,29.500000,-82.100000,150,14,0,Mavic Pro,false,drone_images/Mavic Pro.png,29.495000,-82.105000,29.494500,-82.105300,apolloshield_df,camera,209.55336,10,5770000000,GMMM00MM08850001V64F,bluvec2.0-GMMM00MM08850001V64F,150,GREEN,NONE
1772109788000,A2D2-3A8C,FLT-3A8C-001,29.500000,-82.100000,150,14,0,Mavic Pro,false,drone_images/Mavic Pro.png,29.495000,-82.105000,29.494500,-82.105300,apolloshield_df,camera,209.55336,10,5770000000,GMMM00MM08850001V64F,bluvec2.0-GMMM00MM08850001V64F,150,GREEN,NONE
1772109788000,A2D2-3A8C,FLT-3A8C-001,29.500000,-82.100000,150,14,0,Mavic Pro,false,drone_images/Mavic Pro.png,29.495000,-82.105000,29.494500,-82.105300,apolloshield_df,camera,209.55336,10,5770000000,GMMM00MM08850001V64F,bluvec2.0-GMMM00MM08850001V64F,150,GREEN,NONE
1772109788000,A2D2-3A8C,FLT-3A8C-001,29.500000,-82.100000,150,14,0,Mavic Pro,false,drone_images/Mavic Pro.png,29.495000,-82.105000,29.494500,-82.105300,apolloshield_df,camera,209.55336,10,5770000000,GMMM00MM08850001V64F,bluvec2.0-GMMM00MM08850001V64F,150,GREEN,NONE
1772109788000,A2D2-3A8C,FLT-3A8C-001,29.500000,-82.100000,150,14,0,Mavic Pro,false,drone_images/Mavic Pro.png,29.495000,-82.105000,29.494500,-82.105300,apolloshield_df,camera,209.55336,10,5770000000,GMMM00MM08850001V64F,bluvec2.0-GMMM00MM08850001V64F,150,GREEN,NONE
1772109788000,A2D2-3A8C,FLT-3A8C-001,29.500000,-82.100000,150,14,0,Mavic Pro,false,drone_images/Mavic Pro.png,29.495000,-82.105000,29.494500,-82.105300,apolloshield_df,camera,209.55336,10,5770000000,GMMM00MM08850001V64F,bluvec2.0-GMMM00MM08850001V64F,150,GREEN,NONE
1772109788000,A2D2-3A8C,FLT-3A8C-001,29.500000,-82.100000,150,14,0,Mavic Pro,false,drone_images/Mavic Pro.png,29.495000,-82.105000,29.494500,-82.105300,apolloshield_df,camera,209.55336,10,5770000000,GMMM00MM08850001V64F,bluvec2.0-GMMM00MM08850001V64F,150,GREEN,NONE
1772109788000,A2D2-3A8C,FLT-3A8C-001,29.500000,-82.100000,150,14,0,Mavic Pro,false,drone_images/Mavic Pro.png,29.495000,-82.105000,29.494500,-82.105300,apolloshield_df,camera,209.55336,10,5770000000,GMMM00MM08850001V64F,bluvec2.0-GMMM00MM08850001V64F,150,GREEN,NONE
1772109788000,A2D2-3A8C,FLT-3A8C-001,29.500000,-82.100000,150,14,0,Mavic Pro,false,drone_images/Mavic Pro.png,29.495000,-82.105000,29.494500,-82.105300,apolloshield_df,camera,209.55336,10,5770000000,GMMM00MM08850001V64F,bluvec2.0-GMMM00MM08850001V64F,150,GREEN,NONE
1772109788000,A2D2-3A8C,FLT-3A8C-001,29.500000,-82.100000,150,14,0,Mavic Pro,false,drone_images/Mavic Pro.png,29.495000,-82.105000,29.494500,-82.105300,apolloshield_df,camera,209.55336,10,5770000000,GMMM00MM08850001V64F,bluvec2.0-GMMM00MM08850001V64F,150,GREEN,NONE
1772109788000,A2D2-3A8C,FLT-3A8C-001,29.500000,-82.100000,150,14,0,Mavic Pro,false,drone_images/Mavic Pro.png,29.495000,-82.105000,29.494500,-82.105300,apolloshield_df,camera,209.55336,10,5770000000,GMMM00MM08850001V64F,bluvec2.0-GMMM00MM08850001V64F,150,GREEN,NONE
1772109788000,A2D2-3A8C,FLT-3A8C-001,29.500000,-82.100000,150,14,0,Mavic Pro,false,drone_images/Mavic Pro.png,29.495000,-82.105000,29.494500,-82.105300,apolloshield_df,camera,209.55336,10,5770000000,GMMM00MM08850001V64F,bluvec2.0-GMMM00MM08850001V64F,150,GREEN,NONE
1772109788000,A2D2-3A8C,FLT-3A8C-001,29.500000,-82.100000,150,14,0,Mavic Pro,false,drone_images/Mavic Pro.png,29.495000,-82.105000,29.494500,-82.105300,apolloshield_df,camera,209.55336,10,5770000000,GMMM00MM08850001V64F,bluvec2.0-GMMM00MM08850001V64F,150,GREEN,NONE
1772109788000,A2D2-3A8C,FLT-3A8C-001,29.500000,-82.100000,150,14,0,Mavic Pro,false,drone_images/Mavic Pro.png,29.495000,-82.105000,29.494500,-82.105300,apolloshield_df,camera,209.55336,10,5770000000,GMMM00MM08850001V64F,bluvec2.0-GMMM00MM08850001V64F,150,GREEN,NONE
1772109788000,A2D2-3A8C,FLT-3A8C-001,29.500000,-82.100000,150,14,0,Mavic Pro,false,drone_images/Mavic Pro.png,29.495000,-82.105000,29.494500,-82.105300,apolloshield_df,camera,209.55336,10,5770000000,GMMM00MM08850001V64F,bluvec2.0-GMMM00MM08850001V64F,150,GREEN,NONE
1772109788000,A2D2-3A8C,FLT-3A8C-001,29.500000,-82.100000,150,14,0,Mavic Pro,false,drone_images/Mavic Pro.png,29.495000,-82.105000,29.494500,-82.105300,apolloshield_df,camera,209.55336,10,5770000000,GMMM00MM08850001V64F,bluvec2.0-GMMM00MM08850001V64F,150,GREEN,NONE
1772109788000,A2D2-3A8C,FLT-3A8C-001,29.500000,-82.100000,150,14,0,Mavic Pro,false,drone_images/Mavic Pro.png,29.495000,-82.105000,29.494500,-82.105300,apolloshield_df,camera,209.55336,10,5770000000,GMMM00MM08850001V64F,bluvec2.0-GMMM00MM08850001V64F,150,GREEN,NONE
1772109788000,A2D2-3A8C,FLT-3A8C-001,29.500000,-82.100000,150,14,0,Mavic Pro,false,drone_images/Mavic Pro.png,29.495000,-82.105000,29.494500,-82.105300,apolloshield_df,camera,209.55336,10,5770000000,GMMM00MM08850001V64F,bluvec2.0-GMMM00MM08850001V64F,150,GREEN,NONE
1772109788000,A2D2-3A8C,FLT-3A8C-001,29.500000,-82.100000,150,14,0,Mavic Pro,false,drone_images/Mavic Pro.png,29.495000,-82.105000,29.494500,-82.105300,apolloshield_df,camera,209.55336,10,5770000000,GMMM00MM08850001V64F,bluvec2.0-GMMM00MM08850001V64F,150,GREEN,NONE
1772109788000,A2D2-3A8C,FLT-3A8C-001,29.500000,-82.100000,150,14,0,Mavic Pro,false,drone_images/Mavic Pro.png,29.495000,-82.105000,29.494500,-82.105300,apolloshield_df,camera,209.55336,10,5770000000,GMMM00MM08850001V64F,bluvec2.0-GMMM00MM08850001V64F,150,GREEN,NONE
1772109788000,A2D2-3A8C,FLT-3A8C-001,29.500000,-82.100000,150,14,0,Mavic Pro,false,drone_images/Mavic Pro.png,29.495000,-82.105000,29.494500,-82.105300,apolloshield_df,camera,209.55336,10,5770000000,GMMM00MM08850001V64F,bluvec2.0-GMMM00MM08850001V64F,150,GREEN,NONE
1772109788000,A2D2-3A8C,FLT-3A8C-001,29.500000,-82.100000,150,14,0,Mavic Pro,false,drone_images/Mavic Pro.png,29.495000,-82.105000,29.494500,-82.105300,apolloshield_df,camera,209.55336,10,5770000000,GMMM00MM08850001V64F,bluvec2.0-GMMM00MM08850001V64F,150,GREEN,NONE
1772109788000,A2D2-3A8C,FLT-3A8C-001,29.500000,-82.100000,150,14,0,Mavic Pro,false,drone_images/Mavic Pro.png,29.495000,-82.105000,29.494500,-82.105300,apolloshield_df,camera,209.55336,10,5770000000,GMMM00MM08850001V64F,bluvec2.0-GMMM00MM08850001V64F,150,GREEN,NONE
1772109788000,A2D2-3A8C,FLT-3A8C-001,29.500000,-82.100000,150,14,0,Mavic Pro,false,drone_images/Mavic Pro.png,29.495000,-82.105000,29.494500,-82.105300,apolloshield_df,camera,209.55336,10,5770000000,GMMM00MM08850001V64F,bluvec2.0-GMMM00MM08850001V64F,150,GREEN,NONE
1772109788000,A2D2-3A8C,FLT-3A8C-001,29.500000,-82.100000,150,14,0,Mavic Pro,false,drone_images/Mavic Pro.png,29.495000,-82.105000,29.494500,-82.105300,apolloshield_df,camera,209.55336,10,5770000000,GMMM00MM08850001V64F,bluvec2.0-GMMM00MM08850001V64F,150,GREEN,NONE
1772109788000,A2D2-3A8C,FLT-3A8C-001,29.500000,-82.100000,150,14,0,Mavic Pro,false,drone_images/Mavic Pro.png,29.495000,-82.105000,29.494500,-82.105300,apolloshield_df,camera,209.55336,10,5770000000,GMMM00MM08850001V64F,bluvec2.0-GMMM00MM08850001V64F,150,GREEN,NONE
1772109788000,A2D2-3A8C,FLT-3A8C-001,29.500000,-82.100000,150,14,0,Mavic Pro,false,drone_images/Mavic Pro.png,29.495000,-82.105000,29.494500,-82.105300,apolloshield_df,camera,209.55336,10,5770000000,GMMM00MM08850001V64F,bluvec2.0-GMMM00MM08850001V64F,150,GREEN,NONE
1772109788000,A2D2-3A8C,FLT-3A8C-001,29.500000,-82.100000,150,14,0,Mavic Pro,false,drone_images/Mavic Pro.png,29.495000,-82.105000,29.494500,-82.105300,apolloshield_df,camera,209.55336,10,5770000000,GMMM00MM08850001V64F,bluvec2.0-GMMM00MM08850001V64F,150,GREEN,NONE
1772109788000,A2D2-3A8C,FLT-3A8C-001,29.500000,-82.100000,150,14,0,Mavic Pro,false,drone_images/Mavic Pro.png,29.495000,-82.105000,29.494500,-82.105300,apolloshield_df,camera,209.55336,10,5770000000,GMMM00MM08850001V64F,bluvec2.0-GMMM00MM08850001V64F,150,GREEN,NONE
1772109788000,A2D2-3A8C,FLT-3A8C-001,29.500000,-82.100000,150,14,0,Mavic Pro,false,drone_images/Mavic Pro.png,29.495000,-82.105000,29.494500,-82.105300,apolloshield_df,camera,209.55336,10,5770000000,GMMM00MM08850001V64F,bluvec2.0-GMMM00MM08850001V64F,150,GREEN,NONE
1772109788000,A2D2-3A8C,FLT-3A8C-001,29.500000,-82.100000,150,14,0,Mavic Pro,false,drone_images/Mavic Pro.png,29.495000,-82.105000,29.494500,-82.105300,apolloshield_df,camera,209.55336,10,5770000000,GMMM00MM08850001V64F,bluvec2.0-GMMM00MM08850001V64F,150,GREEN,NONE
1772109788000,A2D2-3A8C,FLT-3A8C-001,29.500000,-82.100000,150,14,0,Mavic Pro,false,drone_images/Mavic Pro.png,29.495000,-82.105000,29.494500,-82.105300,apolloshield_df,camera,209.55336,10,5770000000,GMMM00MM08850001V64F,bluvec2.0-GMMM00MM08850001V64F,150,GREEN,NONE
1772109788000,A2D2-3A8C,FLT-3A8C-001,29.500000,-82.100000,150,14,0,Mavic Pro,false,drone_images/Mavic Pro.png,29.495000,-82.105000,29.494500,-82.105300,apolloshield_df,camera,209.55336,10,5770000000,GMMM00MM08850001V64F,bluvec2.0-GMMM00MM08850001V64F,150,GREEN,NONE
1772109788000,A2D2-3A8C,FLT-3A8C-001,29.500000,-82.100000,150,14,0,Mavic Pro,false,drone_images/Mavic Pro.png,29.495000,-82.105000,29.494500,-82.105300,apolloshield_df,camera,209.55336,10,5770000000,GMMM00MM08850001V64F,bluvec2.0-GMMM00MM08850001V64F,150,GREEN,NONE
1772109788000,A2D2-3A8C,FLT-3A8C-001,29.500000,-82.100000,150,14,0,Mavic Pro,false,drone_images/Mavic Pro.png,29.495000,-82.105000,29.494500,-82.105300,apolloshield_df,camera,209.55336,10,5770000000,GMMM00MM08850001V64F,bluvec2.0-GMMM00MM08850001V64F,150,GREEN,NONE
1772109788000,A2D2-3A8C,FLT-3A8C-001,29.500000,-82.100000,150,14,0,Mavic Pro,false,drone_images/Mavic Pro.png,29.495000,-82.105000,29.494500,-82.105300,apolloshield_df,camera,209.55336,10,5770000000,GMMM00MM08850001V64F,bluvec2.0-GMMM00MM08850001V64F,150,GREEN,NONE
1772109788000,A2D2-3A8C,FLT-3A8C-001,29.500000,-82.100000,150,14,0,Mavic Pro,false,drone_images/Mavic Pro.png,29.495000,-82.105000,29.494500,-82.105300,apolloshield_df,camera,209.55336,10,5770000000,GMMM00MM08850001V64F,bluvec2.0-GMMM00MM08850001V64F,150,GREEN,NONE
1772109788000,A2D2-3A8C,FLT-3A8C-001,29.500000,-82.100000,150,14,0,Mavic Pro,false,drone_images/Mavic Pro.png,29.495000,-82.105000,29.494500,-82.105300,apolloshield_df,camera,209.55336,10,5770000000,GMMM00MM08850001V64F,bluvec2.0-GMMM00MM08850001V64F,150,GREEN,NONE
1772109788000,A2D2-3A8C,FLT-3A8C-001,29.500000,-82.100000,150,14,0,Mavic Pro,false,drone_images/Mavic Pro.png,29.495000,-82.105000,29.494500,-82.105300,apolloshield_df,camera,207.70097,10,5770000000,GMMM00MM08850001V64F,bluvec2.0-GMMM00MM08850001V64F,150,GREEN,NONE
1772109788000,A2D2-3A8C,FLT-3A8C-001,29.500000,-82.100000,150,14,0,Mavic Pro,false,drone_images/Mavic Pro.png,29.495000,-82.105000,29.494500,-82.105300,apolloshield_df,camera,206.68265,10,5770000000,GMMM00MM08850001V64F,bluvec2.0-GMMM00MM08850001V64F,150,GREEN,NONE
1772109788000,A2D2-3A8C,FLT-3A8C-001,29.500000,-82.100000,150,14,0,Mavic Pro,false,drone_images/Mavic Pro.png,29.495000,-82.105000,29.494500,-82.105300,apolloshield_df,camera,206.68265,10,5770000000,GMMM00MM08850001V64F,bluvec2.0-GMMM00MM08850001V64F,150,GREEN,NONE
1772109788000,A2D2-3A8C,FLT-3A8C-001,29.500000,-82.100000,150,14,0,Mavic Pro,false,drone_images/Mavic Pro.png,29.495000,-82.105000,29.494500,-82.105300,apolloshield_df,camera,206.68265,10,5770000000,GMMM00MM08850001V64F,bluvec2.0-GMMM00MM08850001V64F,150,GREEN,NONE
1772109788000,A2D2-3A8C,FLT-3A8C-001,29.500000,-82.100000,150,14,0,Mavic Pro,false,drone_images/Mavic Pro.png,29.495000,-82.105000,29.494500,-82.105300,apolloshield_df,camera,206.68265,10,5770000000,GMMM00MM08850001V64F,bluvec2.0-GMMM00MM08850001V64F,150,GREEN,NONE
1772109788000,A2D2-3A8C,FLT-3A8C-001,29.500000,-82.100000,150,14,0,Mavic Pro,false,drone_images/Mavic Pro.png,29.495000,-82.105000,29.494500,-82.105300,apolloshield_df,camera,206.68265,10,5770000000,GMMM00MM08850001V64F,bluvec2.0-GMMM00MM08850001V64F,150,GREEN,NONE
1772109788000,A2D2-3A8C,FLT-3A8C-001,29.500000,-82.100000,150,14,0,Mavic Pro,false,drone_images/Mavic Pro.png,29.495000,-82.105000,29.494500,-82.105300,apolloshield_df,camera,206.68265,10,5770000000,GMMM00MM08850001V64F,bluvec2.0-GMMM00MM08850001V64F,150,GREEN,NONE
1772109788000,A2D2-3A8C,FLT-3A8C-001,29.500000,-82.100000,150,14,0,Mavic Pro,false,drone_images/Mavic Pro.png,29.495000,-82.105000,29.494500,-82.105300,apolloshield_df,camera,206.68265,10,5770000000,GMMM00MM08850001V64F,bluvec2.0-GMMM00MM08850001V64F,150,GREEN,NONE
1772109788000,A2D2-3A8C,FLT-3A8C-001,29.500000,-82.100000,150,14,0,Mavic Pro,false,drone_images/Mavic Pro.png,29.495000,-82.105000,29.494500,-82.105300,apolloshield_df,camera,206.68265,10,5770000000,GMMM00MM08850001V64F,bluvec2.0-GMMM00MM08850001V64F,150,GREEN,NONE
1772109788000,A2D2-3A8C,FLT-3A8C-001,29.500000,-82.100000,150,14,0,Mavic Pro,false,drone_images/Mavic Pro.png,29.495000,-82.105000,29.494500,-82.105300,apolloshield_df,camera,206.68265,10,5770000000,GMMM00MM08850001V64F,bluvec2.0-GMMM00MM08850001V64F,150,GREEN,NONE
1772109788000,A2D2-3A8C,FLT-3A8C-001,29.500000,-82.100000,150,14,0,Mavic Pro,false,drone_images/Mavic Pro.png,29.495000,-82.105000,29.494500,-82.105300,apolloshield_df,camera,206.68265,10,5770000000,GMMM00MM08850001V64F,bluvec2.0-GMMM00MM08850001V64F,150,GREEN,NONE
1772109788000,A2D2-3A8C,FLT-3A8C-001,29.500000,-82.100000,150,14,0,Mavic Pro,false,drone_images/Mavic Pro.png,29.495000,-82.105000,29.494500,-82.105300,apolloshield_df,camera,206.68265,10,5770000000,GMMM00MM08850001V64F,bluvec2.0-GMMM00MM08850001V64F,150,GREEN,NONE
1772109788000,A2D2-3A8C,FLT-3A8C-001,29.500000,-82.100000,150,14,0,Mavic Pro,false,drone_images/Mavic Pro.png,29.495000,-82.105000,29.494500,-82.105300,apolloshield_df,camera,206.68265,10,5770000000,GMMM00MM08850001V64F,bluvec2.0-GMMM00MM08850001V64F,150,GREEN,NONE
1772109788000,A2D2-3A8C,FLT-3A8C-001,29.500000,-82.100000,150,14,0,Mavic Pro,false,drone_images/Mavic Pro.png,29.495000,-82.105000,29.494500,-82.105300,apolloshield_df,camera,206.68265,10,5770000000,GMMM00MM08850001V64F,bluvec2.0-GMMM00MM08850001V64F,150,GREEN,NONE
1772109788000,A2D2-3A8C,FLT-3A8C-001,29.500000,-82.100000,150,14,0,Mavic Pro,false,drone_images/Mavic Pro.png,29.495000,-82.105000,29.494500,-82.105300,apolloshield_df,camera,206.68265,10,5770000000,GMMM00MM08850001V64F,bluvec2.0-GMMM00MM08850001V64F,150,GREEN,NONE
1772109788000,A2D2-3A8C,FLT-3A8C-001,29.500000,-82.100000,150,14,0,Mavic Pro,false,drone_images/Mavic Pro.png,29.495000,-82.105000,29.494500,-82.105300,apolloshield_df,camera,206.68265,10,5770000000,GMMM00MM08850001V64F,bluvec2.0-GMMM00MM08850001V64F,150,GREEN,NONE
1772109788000,A2D2-3A8C,FLT-3A8C-001,29.500000,-82.100000,150,14,0,Mavic Pro,false,drone_images/Mavic Pro.png,29.495000,-82.105000,29.494500,-82.105300,apolloshield_df,camera,206.68265,10,5770000000,GMMM00MM08850001V64F,bluvec2.0-GMMM00MM08850001V64F,150,GREEN,NONE
1772109788000,A2D2-3A8C,FLT-3A8C-001,29.500000,-82.100000,150,14,0,Mavic Pro,false,drone_images/Mavic Pro.png,29.495000,-82.105000,29.494500,-82.105300,apolloshield_df,camera,206.68265,10,5770000000,GMMM00MM08850001V64F,bluvec2.0-GMMM00MM08850001V64F,150,GREEN,NONE
1772109788000,A2D2-3A8C,FLT-3A8C-001,29.500000,-82.100000,150,14,0,Mavic Pro,false,drone_images/Mavic Pro.png,29.495000,-82.105000,29.494500,-82.105300,apolloshield_df,camera,206.68265,10,5770000000,GMMM00MM08850001V64F,bluvec2.0-GMMM00MM08850001V64F,150,GREEN,NONE
1772109788000,A2D2-3A8C,FLT-3A8C-001,29.500000,-82.100000,150,14,0,Mavic Pro,false,drone_images/Mavic Pro.png,29.495000,-82.105000,29.494500,-82.105300,apolloshield_df,camera,206.68265,10,5770000000,GMMM00MM08850001V64F,bluvec2.0-GMMM00MM08850001V64F,150,GREEN,NONE
1772109788000,A2D2-3A8C,FLT-3A8C-001,29.500000,-82.100000,150,14,0,Mavic Pro,false,drone_images/Mavic Pro.png,29.495000,-82.105000,29.494500,-82.105300,apolloshield_df,camera,206.68265,10,5770000000,GMMM00MM08850001V64F,bluvec2.0-GMMM00MM08850001V64F,150,GREEN,NONE
1772109788000,A2D2-3A8C,FLT-3A8C-001,29.500000,-82.100000,150,14,0,Mavic Pro,false,drone_images/Mavic Pro.png,29.495000,-82.105000,29.494500,-82.105300,apolloshield_df,camera,206.68265,10,5770000000,GMMM00MM08850001V64F,bluvec2.0-GMMM00MM08850001V64F,150,GREEN,NONE
1772109788000,A2D2-3A8C,FLT-3A8C-001,29.500000,-82.100000,150,14,0,Mavic Pro,false,drone_images/Mavic Pro.png,29.495000,-82.105000,29.494500,-82.105300,apolloshield_df,camera,206.68265,10,5770000000,GMMM00MM08850001V64F,bluvec2.0-GMMM00MM08850001V64F,150,GREEN,NONE
1772109788000,A2D2-3A8C,FLT-3A8C-001,29.500000,-82.100000,150,14,0,Mavic Pro,false,drone_images/Mavic Pro.png,29.495000,-82.105000,29.494500,-82.105300,apolloshield_df,camera,206.68265,10,5770000000,GMMM00MM08850001V64F,bluvec2.0-GMMM00MM08850001V64F,150,GREEN,NONE
1772109788000,A2D2-3A8C,FLT-3A8C-001,29.500000,-82.100000,150,14,0,Mavic Pro,false,drone_images/Mavic Pro.png,29.495000,-82.105000,29.494500,-82.105300,apolloshield_df,camera,206.68265,10,5770000000,GMMM00MM08850001V64F,bluvec2.0-GMMM00MM08850001V64F,150,GREEN,NONE
1772109788000,A2D2-3A8C,FLT-3A8C-001,29.500000,-82.100000,150,14,0,Mavic Pro,false,drone_images/Mavic Pro.png,29.495000,-82.105000,29.494500,-82.105300,apolloshield_df,camera,206.68265,10,5770000000,GMMM00MM08850001V64F,bluvec2.0-GMMM00MM08850001V64F,150,GREEN,NONE
1772109788000,A2D2-3A8C,FLT-3A8C-001,29.500000,-82.100000,150,14,0,Mavic Pro,false,drone_images/Mavic Pro.png,29.495000,-82.105000,29.494500,-82.105300,apolloshield_df,camera,206.68265,10,5770000000,GMMM00MM08850001V64F,bluvec2.0-GMMM00MM08850001V64F,150,GREEN,NONE
1772109788000,A2D2-3A8C,FLT-3A8C-001,29.500000,-82.100000,150,14,0,Mavic Pro,false,drone_images/Mavic Pro.png,29.495000,-82.105000,29.494500,-82.105300,apolloshield_df,camera,206.68265,10,5770000000,GMMM00MM08850001V64F,bluvec2.0-GMMM00MM08850001V64F,150,GREEN,NONE
1772109788000,A2D2-3A8C,FLT-3A8C-001,29.500000,-82.100000,150,14,0,Mavic Pro,false,drone_images/Mavic Pro.png,29.495000,-82.105000,29.494500,-82.105300,apolloshield_df,camera,206.68265,10,5770000000,GMMM00MM08850001V64F,bluvec2.0-GMMM00MM08850001V64F,150,GREEN,NONE
1772109788000,A2D2-3A8C,FLT-3A8C-001,29.500000,-82.100000,150,14,0,Mavic Pro,false,drone_images/Mavic Pro.png,29.495000,-82.105000,29.494500,-82.105300,apolloshield_df,camera,206.68265,10,5770000000,GMMM00MM08850001V64F,bluvec2.0-GMMM00MM08850001V64F,150,GREEN,NONE
1772109788000,A2D2-3A8C,FLT-3A8C-001,29.500000,-82.100000,150,14,0,Mavic Pro,false,drone_images/Mavic Pro.png,29.495000,-82.105000,29.494500,-82.105300,apolloshield_df,camera,206.68265,10,5770000000,GMMM00MM08850001V64F,bluvec2.0-GMMM00MM08850001V64F,150,GREEN,NONE
1772109788000,A2D2-3A8C,FLT-3A8C-001,29.500000,-82.100000,150,14,0,Mavic Pro,false,drone_images/Mavic Pro.png,29.495000,-82.105000,29.494500,-82.105300,apolloshield_df,camera,206.68265,10,5770000000,GMMM00MM08850001V64F,bluvec2.0-GMMM00MM08850001V64F,150,GREEN,NONE
1772109788000,A2D2-3A8C,FLT-3A8C-001,29.500000,-82.100000,150,14,0,Mavic Pro,false,drone_images/Mavic Pro.png,29.495000,-82.105000,29.494500,-82.105300,apolloshield_df,camera,206.68265,10,5770000000,GMMM00MM08850001V64F,bluvec2.0-GMMM00MM08850001V64F,150,GREEN,NONE
1772109788000,A2D2-3A8C,FLT-3A8C-001,29.500000,-82.100000,150,14,0,Mavic Pro,false,drone_images/Mavic Pro.png,29.495000,-82.105000,29.494500,-82.105300,apolloshield_df,camera,206.68265,10,5770000000,GMMM00MM08850001V64F,bluvec2.0-GMMM00MM08850001V64F,150,GREEN,NONE
1772109788000,A2D2-3A8C,FLT-3A8C-001,29.500000,-82.100000,150,14,0,Mavic Pro,false,drone_images/Mavic Pro.png,29.495000,-82.105000,29.494500,-82.105300,apolloshield_df,camera,206.68265,10,5770000000,GMMM00MM08850001V64F,bluvec2.0-GMMM00MM08850001V64F,150,GREEN,NONE
1772109788000,A2D2-3A8C,FLT-3A8C-001,29.500000,-82.100000,150,14,0,Mavic Pro,false,drone_images/Mavic Pro.png,29.495000,-82.105000,29.494500,-82.105300,apolloshield_df,camera,206.68265,10,5770000000,GMMM00MM08850001V64F,bluvec2.0-GMMM00MM08850001V64F,150,GREEN,NONE
1772109788000,A2D2-3A8C,FLT-3A8C-001,29.500000,-82.100000,150,14,0,Mavic Pro,false,drone_images/Mavic Pro.png,29.495000,-82.105000,29.494500,-82.105300,apolloshield_df,camera,206.68265,10,5770000000,GMMM00MM08850001V64F,bluvec2.0-GMMM00MM08850001V64F,150,GREEN,NONE
1772109788000,A2D2-3A8C,FLT-3A8C-001,29.500000,-82.100000,150,14,0,Mavic Pro,false,drone_images/Mavic Pro.png,29.495000,-82.105000,29.494500,-82.105300,apolloshield_df,camera,206.68265,10,5770000000,GMMM00MM08850001V64F,bluvec2.0-GMMM00MM08850001V64F,150,GREEN,NONE
1772109788000,A2D2-3A8C,FLT-3A8C-001,29.500000,-82.100000,150,14,0,Mavic Pro,false,drone_images/Mavic Pro.png,29.495000,-82.105000,29.494500,-82.105300,apolloshield_df,camera,206.68265,10,5770000000,GMMM00MM08850001V64F,bluvec2.0-GMMM00MM08850001V64F,150,GREEN,NONE
1772109788000,A2D2-3A8C,FLT-3A8C-001,29.500000,-82.100000,150,14,0,Mavic Pro,false,drone_images/Mavic Pro.png,29.495000,-82.105000,29.494500,-82.105300,apolloshield_df,camera,206.68265,10,5770000000,GMMM00MM08850001V64F,bluvec2.0-GMMM00MM08850001V64F,150,GREEN,NONE
1772109788000,A2D2-3A8C,FLT-3A8C-001,29.500000,-82.100000,150,14,0,Mavic Pro,false,drone_images/Mavic Pro.png,29.495000,-82.105000,29.494500,-82.105300,apolloshield_df,camera,206.68265,10,5770000000,GMMM00MM08850001V64F,bluvec2.0-GMMM00MM08850001V64F,150,GREEN,NONE
1772111503000,A2D2-3A8C,FLT-3A8C-001,29.500000,-82.100000,150,14,0,Mavic Pro,false,drone_images/Mavic Pro.png,29.495000,-82.105000,29.494500,-82.105300,apolloshield_df,camera,365,10,5820000000,GMMM00MM08850001V64F,bluvec2.0-GMMM00MM08850001V64F,150,GREEN,NONE
1772111503000,A2D2-3A8C,FLT-3A8C-001,29.500000,-82.100000,150,14,0,Mavic Pro,false,drone_images/Mavic Pro.png,29.495000,-82.105000,29.494500,-82.105300,apolloshield_df,camera,365,10,5820000000,GMMM00MM08850001V64F,bluvec2.0-GMMM00MM08850001V64F,150,GREEN,NONE
1772111503000,A2D2-3A8C,FLT-3A8C-001,29.500000,-82.100000,150,14,0,Mavic Pro,false,drone_images/Mavic Pro.png,29.495000,-82.105000,29.494500,-82.105300,apolloshield_df,camera,365,10,5820000000,GMMM00MM08850001V64F,bluvec2.0-GMMM00MM08850001V64F,150,GREEN,NONE
1772111503000,A2D2-3A8C,FLT-3A8C-001,29.500000,-82.100000,150,14,0,Mavic Pro,false,drone_images/Mavic Pro.png,29.495000,-82.105000,29.494500,-82.105300,apolloshield_df,camera,365,10,5820000000,GMMM00MM08850001V64F,bluvec2.0-GMMM00MM08850001V64F,150,GREEN,NONE
1772111503000,A2D2-3A8C,FLT-3A8C-001,29.500000,-82.100000,150,14,0,Mavic Pro,false,drone_images/Mavic Pro.png,29.495000,-82.105000,29.494500,-82.105300,apolloshield_df,camera,365,10,5820000000,GMMM00MM08850001V64F,bluvec2.0-GMMM00MM08850001V64F,150,GREEN,NONE
1772111503000,A2D2-3A8C,FLT-3A8C-001,29.500000,-82.100000,150,14,0,Mavic Pro,false,drone_images/Mavic Pro.png,29.495000,-82.105000,29.494500,-82.105300,apolloshield_df,camera,365,10,5820000000,GMMM00MM08850001V64F,bluvec2.0-GMMM00MM08850001V64F,150,GREEN,NONE
1772111503000,A2D2-3A8C,FLT-3A8C-001,29.500000,-82.100000,150,14,0,Mavic Pro,false,drone_images/Mavic Pro.png,29.495000,-82.105000,29.494500,-82.105300,apolloshield_df,camera,365,10,5820000000,GMMM00MM08850001V64F,bluvec2.0-GMMM00MM08850001V64F,150,GREEN,NONE
1772111503000,A2D2-3A8C,FLT-3A8C-001,29.500000,-82.100000,150,14,0,Mavic Pro,false,drone_images/Mavic Pro.png,29.495000,-82.105000,29.494500,-82.105300,apolloshield_df,camera,365,10,5820000000,GMMM00MM08850001V64F,bluvec2.0-GMMM00MM08850001V64F,150,GREEN,NONE
1772111503000,A2D2-3A8C,FLT-3A8C-001,29.500000,-82.100000,150,14,0,Mavic Pro,false,drone_images/Mavic Pro.png,29.495000,-82.105000,29.494500,-82.105300,apolloshield_df,camera,365,10,5820000000,GMMM00MM08850001V64F,bluvec2.0-GMMM00MM08850001V64F,150,GREEN,NONE
1772111503000,A2D2-3A8C,FLT-3A8C-001,29.500000,-82.100000,150,14,0,Mavic Pro,false,drone_images/Mavic Pro.png,29.495000,-82.105000,29.494500,-82.105300,apolloshield_df,camera,365,10,5820000000,GMMM00MM08850001V64F,bluvec2.0-GMMM00MM08850001V64F,150,GREEN,NONE
1772111503000,A2D2-3A8C,FLT-3A8C-001,29.500000,-82.100000,150,14,0,Mavic Pro,false,drone_images/Mavic Pro.png,29.495000,-82.105000,29.494500,-82.105300,apolloshield_df,camera,365,10,5820000000,GMMM00MM08850001V64F,bluvec2.0-GMMM00MM08850001V64F,150,GREEN,NONE
1772111503000,A2D2-3A8C,FLT-3A8C-001,29.500000,-82.100000,150,14,0,Mavic Pro,false,drone_images/Mavic Pro.png,29.495000,-82.105000,29.494500,-82.105300,apolloshield_df,camera,365,10,5820000000,GMMM00MM08850001V64F,bluvec2.0-GMMM00MM08850001V64F,150,GREEN,NONE
1772111503000,A2D2-3A8C,FLT-3A8C-001,29.500000,-82.100000,150,14,0,Mavic Pro,false,drone_images/Mavic Pro.png,29.495000,-82.105000,29.494500,-82.105300,apolloshield_df,camera,365,10,5820000000,GMMM00MM08850001V64F,bluvec2.0-GMMM00MM08850001V64F,150,GREEN,NONE
1772111503000,A2D2-3A8C,FLT-3A8C-001,29.500000,-82.100000,150,14,0,Mavic Pro,false,drone_images/Mavic Pro.png,29.495000,-82.105000,29.494500,-82.105300,apolloshield_df,camera,365,10,5820000000,GMMM00MM08850001V64F,bluvec2.0-GMMM00MM08850001V64F,150,GREEN,NONE
1772111503000,A2D2-3A8C,FLT-3A8C-001,29.500000,-82.100000,150,14,0,Mavic Pro,false,drone_images/Mavic Pro.png,29.495000,-82.105000,29.494500,-82.105300,apolloshield_df,camera,242,10,5820000000,GMMM00MM08850001V64F,bluvec2.0-GMMM00MM08850001V64F,150,GREEN,NONE
1772111503000,A2D2-3A8C,FLT-3A8C-001,29.500000,-82.100000,150,14,0,Mavic Pro,false,drone_images/Mavic Pro.png,29.495000,-82.105000,29.494500,-82.105300,apolloshield_df,camera,242,10,5820000000,GMMM00MM08850001V64F,bluvec2.0-GMMM00MM08850001V64F,150,GREEN,NONE
1772111503000,A2D2-3A8C,FLT-3A8C-001,29.500000,-82.100000,150,14,0,Mavic Pro,false,drone_images/Mavic Pro.png,29.495000,-82.105000,29.494500,-82.105300,apolloshield_df,camera,242,10,5820000000,GMMM00MM08850001V64F,bluvec2.0-GMMM00MM08850001V64F,150,GREEN,NONE
1772111503000,A2D2-3A8C,FLT-3A8C-001,29.500000,-82.100000,150,14,0,Mavic Pro,false,drone_images/Mavic Pro.png,29.495000,-82.105000,29.494500,-82.105300,apolloshield_df,camera,242,10,5820000000,GMMM00MM08850001V64F,bluvec2.0-GMMM00MM08850001V64F,150,GREEN,NONE
1772111503000,A2D2-3A8C,FLT-3A8C-001,29.500000,-82.100000,150,14,0,Mavic Pro,false,drone_images/Mavic Pro.png,29.495000,-82.105000,29.494500,-82.105300,apolloshield_df,camera,239.04996,10,5820000000,GMMM00MM08850001V64F,bluvec2.0-GMMM00MM08850001V64F,150,GREEN,NONE
1772111503000,A2D2-3A8C,FLT-3A8C-001,29.500000,-82.100000,150,14,0,Mavic Pro,false,drone_images/Mavic Pro.png,29.495000,-82.105000,29.494500,-82.105300,apolloshield_df,camera,239.33069,10,5820000000,GMMM00MM08850001V64F,bluvec2.0-GMMM00MM08850001V64F,150,GREEN,NONE
1772111503000,A2D2-3A8C,FLT-3A8C-001,29.500000,-82.100000,150,14,0,Mavic Pro,false,drone_images/Mavic Pro.png,29.495000,-82.105000,29.494500,-82.105300,apolloshield_df,camera,235.3024,10,5820000000,GMMM00MM08850001V64F,bluvec2.0-GMMM00MM08850001V64F,150,GREEN,NONE
1772111503000,A2D2-3A8C,FLT-3A8C-001,29.500000,-82.100000,150,14,0,Mavic Pro,false,drone_images/Mavic Pro.png,29.495000,-82.105000,29.494500,-82.105300,apolloshield_df,camera,235.3024,10,5820000000,GMMM00MM08850001V64F,bluvec2.0-GMMM00MM08850001V64F,150,GREEN,NONE
1772111503000,A2D2-3A8C,FLT-3A8C-001,29.500000,-82.100000,150,14,0,Mavic Pro,false,drone_images/Mavic Pro.png,29.495000,-82.105000,29.494500,-82.105300,apolloshield_df,camera,235.3024,10,5820000000,GMMM00MM08850001V64F,bluvec2.0-GMMM00MM08850001V64F,150,GREEN,NONE
1772111503000,A2D2-3A8C,FLT-3A8C-001,29.500000,-82.100000,150,14,0,Mavic Pro,false,drone_images/Mavic Pro.png,29.495000,-82.105000,29.494500,-82.105300,apolloshield_df,camera,231.65744,10,5820000000,GMMM00MM08850001V64F,bluvec2.0-GMMM00MM08850001V64F,150,GREEN,NONE
1772111503000,A2D2-3A8C,FLT-3A8C-001,29.500000,-82.100000,150,14,0,Mavic Pro,false,drone_images/Mavic Pro.png,29.495000,-82.105000,29.494500,-82.105300,apolloshield_df,camera,231.65744,10,5820000000,GMMM00MM08850001V64F,bluvec2.0-GMMM00MM08850001V64F,150,GREEN,NONE
1772111503000,A2D2-3A8C,FLT-3A8C-001,29.500000,-82.100000,150,14,0,Mavic Pro,false,drone_images/Mavic Pro.png,29.495000,-82.105000,29.494500,-82.105300,apolloshield_df,camera,228.35934,10,5820000000,GMMM00MM08850001V64F,bluvec2.0-GMMM00MM08850001V64F,150,GREEN,NONE
1772111503000,A2D2-3A8C,FLT-3A8C-001,29.500000,-82.100000,150,14,0,Mavic Pro,false,drone_images/Mavic Pro.png,29.495000,-82.105000,29.494500,-82.105300,apolloshield_df,camera,229.65742,10,5820000000,GMMM00MM08850001V64F,bluvec2.0-GMMM00MM08850001V64F,150,GREEN,NONE
1772111503000,A2D2-3A8C,FLT-3A8C-001,29.500000,-82.100000,150,14,0,Mavic Pro,false,drone_images/Mavic Pro.png,29.495000,-82.105000,29.494500,-82.105300,apolloshield_df,camera,229.65742,10,5820000000,GMMM00MM08850001V64F,bluvec2.0-GMMM00MM08850001V64F,150,GREEN,NONE
1772111503000,A2D2-3A8C,FLT-3A8C-001,29.500000,-82.100000,150,14,0,Mavic Pro,false,drone_images/Mavic Pro.png,29.495000,-82.105000,29.494500,-82.105300,apolloshield_df,camera,230.83199,10,5820000000,GMMM00MM08850001V64F,bluvec2.0-GMMM00MM08850001V64F,150,GREEN,NONE
1772111503000,A2D2-3A8C,FLT-3A8C-001,29.500000,-82.100000,150,14,0,Mavic Pro,false,drone_images/Mavic Pro.png,29.495000,-82.105000,29.494500,-82.105300,apolloshield_df,camera,230.83199,10,5820000000,GMMM00MM08850001V64F,bluvec2.0-GMMM00MM08850001V64F,150,GREEN,NONE
1772111503000,A2D2-3A8C,FLT-3A8C-001,29.500000,-82.100000,150,14,0,Mavic Pro,false,drone_images/Mavic Pro.png,29.495000,-82.105000,29.494500,-82.105300,apolloshield_df,camera,231.89476,10,5820000000,GMMM00MM08850001V64F,bluvec2.0-GMMM00MM08850001V64F,150,GREEN,NONE
1772111503000,A2D2-3A8C,FLT-3A8C-001,29.500000,-82.100000,150,14,0,Mavic Pro,false,drone_images/Mavic Pro.png,29.495000,-82.105000,29.494500,-82.105300,apolloshield_df,camera,228.57408,10,5820000000,GMMM00MM08850001V64F,bluvec2.0-GMMM00MM08850001V64F,150,GREEN,NONE
1772111503000,A2D2-3A8C,FLT-3A8C-001,29.500000,-82.100000,150,14,0,Mavic Pro,false,drone_images/Mavic Pro.png,29.495000,-82.105000,29.494500,-82.105300,apolloshield_df,camera,228.57408,10,5820000000,GMMM00MM08850001V64F,bluvec2.0-GMMM00MM08850001V64F,150,GREEN,NONE
1772111503000,A2D2-3A8C,FLT-3A8C-001,29.500000,-82.100000,150,14,0,Mavic Pro,false,drone_images/Mavic Pro.png,29.495000,-82.105000,29.494500,-82.105300,apolloshield_df,camera,231.1022,10,5820000000,GMMM00MM08850001V64F,bluvec2.0-GMMM00MM08850001V64F,150,GREEN,NONE
1772111503000,A2D2-3A8C,FLT-3A8C-001,29.500000,-82.100000,150,14,0,Mavic Pro,false,drone_images/Mavic Pro.png,29.495000,-82.105000,29.494500,-82.105300,apolloshield_df,camera,227.85695,10,5820000000,GMMM00MM08850001V64F,bluvec2.0-GMMM00MM08850001V64F,150,GREEN,NONE
1772111503000,A2D2-3A8C,FLT-3A8C-001,29.500000,-82.100000,150,14,0,Mavic Pro,false,drone_images/Mavic Pro.png,29.495000,-82.105000,29.494500,-82.105300,apolloshield_df,camera,226.2528,10,5820000000,GMMM00MM08850001V64F,bluvec2.0-GMMM00MM08850001V64F,150,GREEN,NONE
1772111503000,A2D2-3A8C,FLT-3A8C-001,29.500000,-82.100000,150,14,0,Mavic Pro,false,drone_images/Mavic Pro.png,29.495000,-82.105000,29.494500,-82.105300,apolloshield_df,camera,226.2528,10,5820000000,GMMM00MM08850001V64F,bluvec2.0-GMMM00MM08850001V64F,150,GREEN,NONE
1772111503000,A2D2-3A8C,FLT-3A8C-001,29.500000,-82.100000,150,14,0,Mavic Pro,false,drone_images/Mavic Pro.png,29.495000,-82.105000,29.494500,-82.105300,apolloshield_df,camera,226.2528,10,5820000000,GMMM00MM08850001V64F,bluvec2.0-GMMM00MM08850001V64F,150,GREEN,NONE
1772111503000,A2D2-3A8C,FLT-3A8C-001,29.500000,-82.100000,150,14,0,Mavic Pro,false,drone_images/Mavic Pro.png,29.495000,-82.105000,29.494500,-82.105300,apolloshield_df,camera,226.2528,10,5820000000,GMMM00MM08850001V64F,bluvec2.0-GMMM00MM08850001V64F,150,GREEN,NONE
1772111503000,A2D2-3A8C,FLT-3A8C-001,29.500000,-82.100000,150,14,0,Mavic Pro,false,drone_images/Mavic Pro.png,29.495000,-82.105000,29.494500,-82.105300,apolloshield_df,camera,226.2528,10,5820000000,GMMM00MM08850001V64F,bluvec2.0-GMMM00MM08850001V64F,150,GREEN,NONE
1772111503000,A2D2-3A8C,FLT-3A8C-001,29.500000,-82.100000,150,14,0,Mavic Pro,false,drone_images/Mavic Pro.png,29.495000,-82.105000,29.494500,-82.105300,apolloshield_df,camera,226.2528,10,5820000000,GMMM00MM08850001V64F,bluvec2.0-GMMM00MM08850001V64F,150,GREEN,NONE
1772111503000,A2D2-3A8C,FLT-3A8C-001,29.500000,-82.100000,150,14,0,Mavic Pro,false,drone_images/Mavic Pro.png,29.495000,-82.105000,29.494500,-82.105300,apolloshield_df,camera,226.2528,10,5820000000,GMMM00MM08850001V64F,bluvec2.0-GMMM00MM08850001V64F,150,GREEN,NONE
1772111503000,A2D2-3A8C,FLT-3A8C-001,29.500000,-82.100000,150,14,0,Mavic Pro,false,drone_images/Mavic Pro.png,29.495000,-82.105000,29.494500,-82.105300,apolloshield_df,camera,226.2528,10,5820000000,GMMM00MM08850001V64F,bluvec2.0-GMMM00MM08850001V64F,150,GREEN,NONE
1772111503000,A2D2-3A8C,FLT-3A8C-001,29.500000,-82.100000,150,14,0,Mavic Pro,false,drone_images/Mavic Pro.png,29.495000,-82.105000,29.494500,-82.105300,apolloshield_df,camera,226.2528,10,5820000000,GMMM00MM08850001V64F,bluvec2.0-GMMM00MM08850001V64F,150,GREEN,NONE
1772111503000,A2D2-3A8C,FLT-3A8C-001,29.500000,-82.100000,150,14,0,Mavic Pro,false,drone_images/Mavic Pro.png,29.495000,-82.105000,29.494500,-82.105300,apolloshield_df,camera,226.2528,10,5820000000,GMMM00MM08850001V64F,bluvec2.0-GMMM00MM08850001V64F,150,GREEN,NONE
1772111503000,A2D2-3A8C,FLT-3A8C-001,29.500000,-82.100000,150,14,0,Mavic Pro,false,drone_images/Mavic Pro.png,29.495000,-82.105000,29.494500,-82.105300,apolloshield_df,camera,226.2528,10,5820000000,GMMM00MM08850001V64F,bluvec2.0-GMMM00MM08850001V64F,150,GREEN,NONE
1772111503000,A2D2-3A8C,FLT-3A8C-001,29.500000,-82.100000,150,14,0,Mavic Pro,false,drone_images/Mavic Pro.png,29.495000,-82.105000,29.494500,-82.105300,apolloshield_df,camera,226.2528,10,5820000000,GMMM00MM08850001V64F,bluvec2.0-GMMM00MM08850001V64F,150,GREEN,NONE
1772111503000,A2D2-3A8C,FLT-3A8C-001,29.500000,-82.100000,150,14,0,Mavic Pro,false,drone_images/Mavic Pro.png,29.495000,-82.105000,29.494500,-82.105300,apolloshield_df,camera,226.2528,10,5820000000,GMMM00MM08850001V64F,bluvec2.0-GMMM00MM08850001V64F,150,GREEN,NONE
1772111503000,A2D2-3A8C,FLT-3A8C-001,29.500000,-82.100000,150,14,0,Mavic Pro,false,drone_images/Mavic Pro.png,29.495000,-82.105000,29.494500,-82.105300,apolloshield_df,camera,226.2528,10,5820000000,GMMM00MM08850001V64F,bluvec2.0-GMMM00MM08850001V64F,150,GREEN,NONE
1772111503000,A2D2-3A8C,FLT-3A8C-001,29.500000,-82.100000,150,14,0,Mavic Pro,false,drone_images/Mavic Pro.png,29.495000,-82.105000,29.494500,-82.105300,apolloshield_df,camera,226.2528,10,5820000000,GMMM00MM08850001V64F,bluvec2.0-GMMM00MM08850001V64F,150,GREEN,NONE
1772111503000,A2D2-3A8C,FLT-3A8C-001,29.500000,-82.100000,150,14,0,Mavic Pro,false,drone_images/Mavic Pro.png,29.495000,-82.105000,29.494500,-82.105300,apolloshield_df,camera,226.2528,10,5820000000,GMMM00MM08850001V64F,bluvec2.0-GMMM00MM08850001V64F,150,GREEN,NONE
1772111503000,A2D2-3A8C,FLT-3A8C-001,29.500000,-82.100000,150,14,0,Mavic Pro,false,drone_images/Mavic Pro.png,29.495000,-82.105000,29.494500,-82.105300,apolloshield_df,camera,226.2528,10,5820000000,GMMM00MM08850001V64F,bluvec2.0-GMMM00MM08850001V64F,150,GREEN,NONE
1772111503000,A2D2-3A8C,FLT-3A8C-001,29.500000,-82.100000,150,14,0,Mavic Pro,false,drone_images/Mavic Pro.png,29.495000,-82.105000,29.494500,-82.105300,apolloshield_df,camera,226.2528,10,5820000000,GMMM00MM08850001V64F,bluvec2.0-GMMM00MM08850001V64F,150,GREEN,NONE
1772111503000,A2D2-3A8C,FLT-3A8C-001,29.500000,-82.100000,150,14,0,Mavic Pro,false,drone_images/Mavic Pro.png,29.495000,-82.105000,29.494500,-82.105300,apolloshield_df,camera,226.2528,10,5820000000,GMMM00MM08850001V64F,bluvec2.0-GMMM00MM08850001V64F,150,GREEN,NONE
1772111503000,A2D2-3A8C,FLT-3A8C-001,29.500000,-82.100000,150,14,0,Mavic Pro,false,drone_images/Mavic Pro.png,29.495000,-82.105000,29.494500,-82.105300,apolloshield_df,camera,226.2528,10,5820000000,GMMM00MM08850001V64F,bluvec2.0-GMMM00MM08850001V64F,150,GREEN,NONE
1772111503000,A2D2-3A8C,FLT-3A8C-001,29.500000,-82.100000,150,14,0,Mavic Pro,false,drone_images/Mavic Pro.png,29.495000,-82.105000,29.494500,-82.105300,apolloshield_df,camera,226.2528,10,5820000000,GMMM00MM08850001V64F,bluvec2.0-GMMM00MM08850001V64F,150,GREEN,NONE
1772111503000,A2D2-3A8C,FLT-3A8C-001,29.500000,-82.100000,150,14,0,Mavic Pro,false,drone_images/Mavic Pro.png,29.495000,-82.105000,29.494500,-82.105300,apolloshield_df,camera,226.2528,10,5820000000,GMMM00MM08850001V64F,bluvec2.0-GMMM00MM08850001V64F,150,GREEN,NONE
1772111503000,A2D2-3A8C,FLT-3A8C-001,29.500000,-82.100000,150,14,0,Mavic Pro,false,drone_images/Mavic Pro.png,29.495000,-82.105000,29.494500,-82.105300,apolloshield_df,camera,226.2528,10,5820000000,GMMM00MM08850001V64F,bluvec2.0-GMMM00MM08850001V64F,150,GREEN,NONE
1772111503000,A2D2-3A8C,FLT-3A8C-001,29.500000,-82.100000,150,14,0,Mavic Pro,false,drone_images/Mavic Pro.png,29.495000,-82.105000,29.494500,-82.105300,apolloshield_df,camera,226.2528,10,5820000000,GMMM00MM08850001V64F,bluvec2.0-GMMM00MM08850001V64F,150,GREEN,NONE
1772111503000,A2D2-3A8C,FLT-3A8C-001,29.500000,-82.100000,150,14,0,Mavic Pro,false,drone_images/Mavic Pro.png,29.495000,-82.105000,29.494500,-82.105300,apolloshield_df,camera,226.2528,10,5820000000,GMMM00MM08850001V64F,bluvec2.0-GMMM00MM08850001V64F,150,GREEN,NONE
1772111503000,A2D2-3A8C,FLT-3A8C-001,29.500000,-82.100000,150,14,0,Mavic Pro,false,drone_images/Mavic Pro.png,29.495000,-82.105000,29.494500,-82.105300,apolloshield_df,camera,226.2528,10,5820000000,GMMM00MM08850001V64F,bluvec2.0-GMMM00MM08850001V64F,150,GREEN,NONE
1772111503000,A2D2-3A8C,FLT-3A8C-001,29.500000,-82.100000,150,14,0,Mavic Pro,false,drone_images/Mavic Pro.png,29.495000,-82.105000,29.494500,-82.105300,apolloshield_df,camera,226.2528,10,5820000000,GMMM00MM08850001V64F,bluvec2.0-GMMM00MM08850001V64F,150,GREEN,NONE
1772111503000,A2D2-3A8C,FLT-3A8C-001,29.500000,-82.100000,150,14,0,Mavic Pro,false,drone_images/Mavic Pro.png,29.495000,-82.105000,29.494500,-82.105300,apolloshield_df,camera,226.2528,10,5820000000,GMMM00MM08850001V64F,bluvec2.0-GMMM00MM08850001V64F,150,GREEN,NONE
1772111503000,A2D2-3A8C,FLT-3A8C-001,29.500000,-82.100000,150,14,0,Mavic Pro,false,drone_images/Mavic Pro.png,29.495000,-82.105000,29.494500,-82.105300,apolloshield_df,camera,226.2528,10,5820000000,GMMM00MM08850001V64F,bluvec2.0-GMMM00MM08850001V64F,150,GREEN,NONE
1772111503000,A2D2-3A8C,FLT-3A8C-001,29.500000,-82.100000,150,14,0,Mavic Pro,false,drone_images/Mavic Pro.png,29.495000,-82.105000,29.494500,-82.105300,apolloshield_df,camera,226.2528,10,5820000000,GMMM00MM08850001V64F,bluvec2.0-GMMM00MM08850001V64F,150,GREEN,NONE
1772111503000,A2D2-3A8C,FLT-3A8C-001,29.500000,-82.100000,150,14,0,Mavic Pro,false,drone_images/Mavic Pro.png,29.495000,-82.105000,29.494500,-82.105300,apolloshield_df,camera,226.2528,10,5820000000,GMMM00MM08850001V64F,bluvec2.0-GMMM00MM08850001V64F,150,GREEN,NONE
1772111503000,A2D2-3A8C,FLT-3A8C-001,29.500000,-82.100000,150,14,0,Mavic Pro,false,drone_images/Mavic Pro.png,29.495000,-82.105000,29.494500,-82.105300,apolloshield_df,camera,226.2528,10,5820000000,GMMM00MM08850001V64F,bluvec2.0-GMMM00MM08850001V64F,150,GREEN,NONE
1772111503000,A2D2-3A8C,FLT-3A8C-001,29.500000,-82.100000,150,14,0,Mavic Pro,false,drone_images/Mavic Pro.png,29.495000,-82.105000,29.494500,-82.105300,apolloshield_df,camera,226.2528,10,5820000000,GMMM00MM08850001V64F,bluvec2.0-GMMM00MM08850001V64F,150,GREEN,NONE
1772111503000,A2D2-3A8C,FLT-3A8C-001,29.500000,-82.100000,150,14,0,Mavic Pro,false,drone_images/Mavic Pro.png,29.495000,-82.105000,29.494500,-82.105300,apolloshield_df,camera,226.2528,10,5820000000,GMMM00MM08850001V64F,bluvec2.0-GMMM00MM08850001V64F,150,GREEN,NONE
1772111503000,A2D2-3A8C,FLT-3A8C-001,29.500000,-82.100000,150,14,0,Mavic Pro,false,drone_images/Mavic Pro.png,29.495000,-82.105000,29.494500,-82.105300,apolloshield_df,camera,226.2528,10,5820000000,GMMM00MM08850001V64F,bluvec2.0-GMMM00MM08850001V64F,150,GREEN,NONE
1772111503000,A2D2-3A8C,FLT-3A8C-001,29.500000,-82.100000,150,14,0,Mavic Pro,false,drone_images/Mavic Pro.png,29.495000,-82.105000,29.494500,-82.105300,apolloshield_df,camera,226.2528,10,5820000000,GMMM00MM08850001V64F,bluvec2.0-GMMM00MM08850001V64F,150,GREEN,NONE
1772111503000,A2D2-3A8C,FLT-3A8C-001,29.500000,-82.100000,150,14,0,Mavic Pro,false,drone_images/Mavic Pro.png,29.495000,-82.105000,29.494500,-82.105300,apolloshield_df,camera,226.2528,10,5820000000,GMMM00MM08850001V64F,bluvec2.0-GMMM00MM08850001V64F,150,GREEN,NONE
1772111503000,A2D2-3A8C,FLT-3A8C-001,29.500000,-82.100000,150,14,0,Mavic Pro,false,drone_images/Mavic Pro.png,29.495000,-82.105000,29.494500,-82.105300,apolloshield_df,camera,226.2528,10,5820000000,GMMM00MM08850001V64F,bluvec2.0-GMMM00MM08850001V64F,150,GREEN,NONE
1772111503000,A2D2-3A8C,FLT-3A8C-001,29.500000,-82.100000,150,14,0,Mavic Pro,false,drone_images/Mavic Pro.png,29.495000,-82.105000,29.494500,-82.105300,apolloshield_df,camera,226.2528,10,5820000000,GMMM00MM08850001V64F,bluvec2.0-GMMM00MM08850001V64F,150,GREEN,NONE
1772111503000,A2D2-3A8C,FLT-3A8C-001,29.500000,-82.100000,150,14,0,Mavic Pro,false,drone_images/Mavic Pro.png,29.495000,-82.105000,29.494500,-82.105300,apolloshield_df,camera,226.2528,10,5820000000,GMMM00MM08850001V64F,bluvec2.0-GMMM00MM08850001V64F,150,GREEN,NONE
1772111503000,A2D2-3A8C,FLT-3A8C-001,29.500000,-82.100000,150,14,0,Mavic Pro,false,drone_images/Mavic Pro.png,29.495000,-82.105000,29.494500,-82.105300,apolloshield_df,camera,226.2528,10,5820000000,GMMM00MM08850001V64F,bluvec2.0-GMMM00MM08850001V64F,150,GREEN,NONE
1772111503000,A2D2-3A8C,FLT-3A8C-001,29.500000,-82.100000,150,14,0,Mavic Pro,false,drone_images/Mavic Pro.png,29.495000,-82.105000,29.494500,-82.105300,apolloshield_df,camera,226.2528,10,5820000000,GMMM00MM08850001V64F,bluvec2.0-GMMM00MM08850001V64F,150,GREEN,NONE
1772111503000,A2D2-3A8C,FLT-3A8C-001,29.500000,-82.100000,150,14,0,Mavic Pro,false,drone_images/Mavic Pro.png,29.495000,-82.105000,29.494500,-82.105300,apolloshield_df,camera,226.2528,10,5820000000,GMMM00MM08850001V64F,bluvec2.0-GMMM00MM08850001V64F,150,GREEN,NONE
1772111503000,A2D2-3A8C,FLT-3A8C-001,29.500000,-82.100000,150,14,0,Mavic Pro,false,drone_images/Mavic Pro.png,29.495000,-82.105000,29.494500,-82.105300,apolloshield_df,camera,226.2528,10,5820000000,GMMM00MM08850001V64F,bluvec2.0-GMMM00MM08850001V64F,150,GREEN,NONE
1772111503000,A2D2-3A8C,FLT-3A8C-001,29.500000,-82.100000,150,14,0,Mavic Pro,false,drone_images/Mavic Pro.png,29.495000,-82.105000,29.494500,-82.105300,apolloshield_df,camera,226.2528,10,5820000000,GMMM00MM08850001V64F,bluvec2.0-GMMM00MM08850001V64F,150,GREEN,NONE
1772111503000,A2D2-3A8C,FLT-3A8C-001,29.500000,-82.100000,150,14,0,Mavic Pro,false,drone_images/Mavic Pro.png,29.495000,-82.105000,29.494500,-82.105300,apolloshield_df,camera,226.2528,10,5820000000,GMMM00MM08850001V64F,bluvec2.0-GMMM00MM08850001V64F,150,GREEN,NONE
1772111503000,A2D2-3A8C,FLT-3A8C-001,29.500000,-82.100000,150,14,0,Mavic Pro,false,drone_images/Mavic Pro.png,29.495000,-82.105000,29.494500,-82.105300,apolloshield_df,camera,226.2528,10,5820000000,GMMM00MM08850001V64F,bluvec2.0-GMMM00MM08850001V64F,150,GREEN,NONE
1772111503000,A2D2-3A8C,FLT-3A8C-001,29.500000,-82.100000,150,14,0,Mavic Pro,false,drone_images/Mavic Pro.png,29.495000,-82.105000,29.494500,-82.105300,apolloshield_df,camera,226.2528,10,5820000000,GMMM00MM08850001V64F,bluvec2.0-GMMM00MM08850001V64F,150,GREEN,NONE
1772111503000,A2D2-3A8C,FLT-3A8C-001,29.500000,-82.100000,150,14,0,Mavic Pro,false,drone_images/Mavic Pro.png,29.495000,-82.105000,29.494500,-82.105300,apolloshield_df,camera,226.2528,10,5820000000,GMMM00MM08850001V64F,bluvec2.0-GMMM00MM08850001V64F,150,GREEN,NONE
1772111503000,A2D2-3A8C,FLT-3A8C-001,29.500000,-82.100000,150,14,0,Mavic Pro,false,drone_images/Mavic Pro.png,29.495000,-82.105000,29.494500,-82.105300,apolloshield_df,camera,226.2528,10,5820000000,GMMM00MM08850001V64F,bluvec2.0-GMMM00MM08850001V64F,150,GREEN,NONE
1772111503000,A2D2-3A8C,FLT-3A8C-001,29.500000,-82.100000,150,14,0,Mavic Pro,false,drone_images/Mavic Pro.png,29.495000,-82.105000,29.494500,-82.105300,apolloshield_df,camera,226.2528,10,5820000000,GMMM00MM08850001V64F,bluvec2.0-GMMM00MM08850001V64F,150,GREEN,NONE
1772111503000,A2D2-3A8C,FLT-3A8C-001,29.500000,-82.100000,150,14,0,Mavic Pro,false,drone_images/Mavic Pro.png,29.495000,-82.105000,29.494500,-82.105300,apolloshield_df,camera,226.2528,10,5820000000,GMMM00MM08850001V64F,bluvec2.0-GMMM00MM08850001V64F,150,GREEN,NONE
1772111503000,A2D2-3A8C,FLT-3A8C-001,29.500000,-82.100000,150,14,0,Mavic Pro,false,drone_images/Mavic Pro.png,29.495000,-82.105000,29.494500,-82.105300,apolloshield_df,camera,226.2528,10,5820000000,GMMM00MM08850001V64F,bluvec2.0-GMMM00MM08850001V64F,150,GREEN,NONE
1772111503000,A2D2-3A8C,FLT-3A8C-001,29.500000,-82.100000,150,14,0,Mavic Pro,false,drone_images/Mavic Pro.png,29.495000,-82.105000,29.494500,-82.105300,apolloshield_df,camera,226.2528,10,5820000000,GMMM00MM08850001V64F,bluvec2.0-GMMM00MM08850001V64F,150,GREEN,NONE
1772111503000,A2D2-3A8C,FLT-3A8C-001,29.500000,-82.100000,150,14,0,Mavic Pro,false,drone_images/Mavic Pro.png,29.495000,-82.105000,29.494500,-82.105300,apolloshield_df,camera,226.2528,10,5820000000,GMMM00MM08850001V64F,bluvec2.0-GMMM00MM08850001V64F,150,GREEN,NONE
1772111503000,A2D2-3A8C,FLT-3A8C-001,29.500000,-82.100000,150,14,0,Mavic Pro,false,drone_images/Mavic Pro.png,29.495000,-82.105000,29.494500,-82.105300,apolloshield_df,camera,226.2528,10,5820000000,GMMM00MM08850001V64F,bluvec2.0-GMMM00MM08850001V64F,150,GREEN,NONE
1772111503000,A2D2-3A8C,FLT-3A8C-001,29.500000,-82.100000,150,14,0,Mavic Pro,false,drone_images/Mavic Pro.png,29.495000,-82.105000,29.494500,-82.105300,apolloshield_df,camera,226.2528,10,5820000000,GMMM00MM08850001V64F,bluvec2.0-GMMM00MM08850001V64F,150,GREEN,NONE
1772111503000,A2D2-3A8C,FLT-3A8C-001,29.500000,-82.100000,150,14,0,Mavic Pro,false,drone_images/Mavic Pro.png,29.495000,-82.105000,29.494500,-82.105300,apolloshield_df,camera,226.2528,10,5820000000,GMMM00MM08850001V64F,bluvec2.0-GMMM00MM08850001V64F,150,GREEN,NONE
1772111503000,A2D2-3A8C,FLT-3A8C-001,29.500000,-82.100000,150,14,0,Mavic Pro,false,drone_images/Mavic Pro.png,29.495000,-82.105000,29.494500,-82.105300,apolloshield_df,camera,226.2528,10,5820000000,GMMM00MM08850001V64F,bluvec2.0-GMMM00MM08850001V64F,150,GREEN,NONE
1772111503000,A2D2-3A8C,FLT-3A8C-001,29.500000,-82.100000,150,14,0,Mavic Pro,false,drone_images/Mavic Pro.png,29.495000,-82.105000,29.494500,-82.105300,apolloshield_df,camera,226.2528,10,5820000000,GMMM00MM08850001V64F,bluvec2.0-GMMM00MM08850001V64F,150,GREEN,NONE
1772111503000,A2D2-3A8C,FLT-3A8C-001,29.500000,-82.100000,150,14,0,Mavic Pro,false,drone_images/Mavic Pro.png,29.495000,-82.105000,29.494500,-82.105300,apolloshield_df,camera,226.2528,10,5820000000,GMMM00MM08850001V64F,bluvec2.0-GMMM00MM08850001V64F,150,GREEN,NONE
1772111503000,A2D2-3A8C,FLT-3A8C-001,29.500000,-82.100000,150,14,0,Mavic Pro,false,drone_images/Mavic Pro.png,29.495000,-82.105000,29.494500,-82.105300,apolloshield_df,camera,216.48825,10,5820000000,GMMM00MM08850001V64F,bluvec2.0-GMMM00MM08850001V64F,150,GREEN,NONE
1772111503000,A2D2-3A8C,FLT-3A8C-001,29.500000,-82.100000,150,14,0,Mavic Pro,false,drone_images/Mavic Pro.png,29.495000,-82.105000,29.494500,-82.105300,apolloshield_df,camera,214.6337,10,5820000000,GMMM00MM08850001V64F,bluvec2.0-GMMM00MM08850001V64F,150,GREEN,NONE
1772111503000,A2D2-3A8C,FLT-3A8C-001,29.500000,-82.100000,150,14,0,Mavic Pro,false,drone_images/Mavic Pro.png,29.495000,-82.105000,29.494500,-82.105300,apolloshield_df,camera,214.6337,10,5820000000,GMMM00MM08850001V64F,bluvec2.0-GMMM00MM08850001V64F,150,GREEN,NONE
1772111503000,A2D2-3A8C,FLT-3A8C-001,29.500000,-82.100000,150,14,0,Mavic Pro,false,drone_images/Mavic Pro.png,29.495000,-82.105000,29.494500,-82.105300,apolloshield_df,camera,219.59436,10,5820000000,GMMM00MM08850001V64F,bluvec2.0-GMMM00MM08850001V64F,150,GREEN,NONE
1772111503000,A2D2-3A8C,FLT-3A8C-001,29.500000,-82.100000,150,14,0,Mavic Pro,false,drone_images/Mavic Pro.png,29.495000,-82.105000,29.494500,-82.105300,apolloshield_df,camera,219.59436,10,5820000000,GMMM00MM08850001V64F,bluvec2.0-GMMM00MM08850001V64F,150,GREEN,NONE
1772111503000,A2D2-3A8C,FLT-3A8C-001,29.500000,-82.100000,150,14,0,Mavic Pro,false,drone_images/Mavic Pro.png,29.495000,-82.105000,29.494500,-82.105300,apolloshield_df,camera,217.44423,10,5820000000,GMMM00MM08850001V64F,bluvec2.0-GMMM00MM08850001V64F,150,GREEN,NONE
1772111503000,A2D2-3A8C,FLT-3A8C-001,29.500000,-82.100000,150,14,0,Mavic Pro,false,drone_images/Mavic Pro.png,29.495000,-82.105000,29.494500,-82.105300,apolloshield_df,camera,219.78102,10,5820000000,GMMM00MM08850001V64F,bluvec2.0-GMMM00MM08850001V64F,150,GREEN,NONE
1772111503000,A2D2-3A8C,FLT-3A8C-001,29.500000,-82.100000,150,14,0,Mavic Pro,false,drone_images/Mavic Pro.png,29.495000,-82.105000,29.494500,-82.105300,apolloshield_df,camera,220.56316,10,5820000000,GMMM00MM08850001V64F,bluvec2.0-GMMM00MM08850001V64F,150,GREEN,NONE
1772111503000,A2D2-3A8C,FLT-3A8C-001,29.500000,-82.100000,150,14,0,Mavic Pro,false,drone_images/Mavic Pro.png,29.495000,-82.105000,29.494500,-82.105300,apolloshield_df,camera,222.60313,10,5820000000,GMMM00MM08850001V64F,bluvec2.0-GMMM00MM08850001V64F,150,GREEN,NONE
1772111503000,A2D2-3A8C,FLT-3A8C-001,29.500000,-82.100000,150,14,0,Mavic Pro,false,drone_images/Mavic Pro.png,29.495000,-82.105000,29.494500,-82.105300,apolloshield_df,camera,222.60313,10,5820000000,GMMM00MM08850001V64F,bluvec2.0-GMMM00MM08850001V64F,150,GREEN,NONE
1772111503000,A2D2-3A8C,FLT-3A8C-001,29.500000,-82.100000,150,14,0,Mavic Pro,false,drone_images/Mavic Pro.png,29.495000,-82.105000,29.494500,-82.105300,apolloshield_df,camera,222.60313,10,5820000000,GMMM00MM08850001V64F,bluvec2.0-GMMM00MM08850001V64F,150,GREEN,NONE
1772111503000,A2D2-3A8C,FLT-3A8C-001,29.500000,-82.100000,150,14,0,Mavic Pro,false,drone_images/Mavic Pro.png,29.495000,-82.105000,29.494500,-82.105300,apolloshield_df,camera,224.44899,10,5820000000,GMMM00MM08850001V64F,bluvec2.0-GMMM00MM08850001V64F,150,GREEN,NONE
1772111503000,A2D2-3A8C,FLT-3A8C-001,29.500000,-82.100000,150,14,0,Mavic Pro,false,drone_images/Mavic Pro.png,29.495000,-82.105000,29.494500,-82.105300,apolloshield_df,camera,223.13956,10,5820000000,GMMM00MM08850001V64F,bluvec2.0-GMMM00MM08850001V64F,150,GREEN,NONE
1772111503000,A2D2-3A8C,FLT-3A8C-001,29.500000,-82.100000,150,14,0,Mavic Pro,false,drone_images/Mavic Pro.png,29.495000,-82.105000,29.494500,-82.105300,apolloshield_df,camera,223.13956,10,5820000000,GMMM00MM08850001V64F,bluvec2.0-GMMM00MM08850001V64F,150,GREEN,NONE
1772111503000,A2D2-3A8C,FLT-3A8C-001,29.500000,-82.100000,150,14,0,Mavic Pro,false,drone_images/Mavic Pro.png,29.495000,-82.105000,29.494500,-82.105300,apolloshield_df,camera,223.13956,10,5820000000,GMMM00MM08850001V64F,bluvec2.0-GMMM00MM08850001V64F,150,GREEN,NONE
1772111503000,A2D2-3A8C,FLT-3A8C-001,29.500000,-82.100000,150,14,0,Mavic Pro,false,drone_images/Mavic Pro.png,29.495000,-82.105000,29.494500,-82.105300,apolloshield_df,camera,223.13956,10,5820000000,GMMM00MM08850001V64F,bluvec2.0-GMMM00MM08850001V64F,150,GREEN,NONE
1772111503000,A2D2-3A8C,FLT-3A8C-001,29.500000,-82.100000,150,14,0,Mavic Pro,false,drone_images/Mavic Pro.png,29.495000,-82.105000,29.494500,-82.105300,apolloshield_df,camera,223.13956,10,5820000000,GMMM00MM08850001V64F,bluvec2.0-GMMM00MM08850001V64F,150,GREEN,NONE
1772111503000,A2D2-3A8C,FLT-3A8C-001,29.500000,-82.100000,150,14,0,Mavic Pro,false,drone_images/Mavic Pro.png,29.495000,-82.105000,29.494500,-82.105300,apolloshield_df,camera,223.13956,10,5820000000,GMMM00MM08850001V64F,bluvec2.0-GMMM00MM08850001V64F,150,GREEN,NONE
1772111503000,A2D2-3A8C,FLT-3A8C-001,29.500000,-82.100000,150,14,0,Mavic Pro,false,drone_images/Mavic Pro.png,29.495000,-82.105000,29.494500,-82.105300,apolloshield_df,camera,223.13956,10,5820000000,GMMM00MM08850001V64F,bluvec2.0-GMMM00MM08850001V64F,150,GREEN,NONE
1772111503000,A2D2-3A8C,FLT-3A8C-001,29.500000,-82.100000,150,14,0,Mavic Pro,false,drone_images/Mavic Pro.png,29.495000,-82.105000,29.494500,-82.105300,apolloshield_df,camera,223.13956,10,5820000000,GMMM00MM08850001V64F,bluvec2.0-GMMM00MM08850001V64F,150,GREEN,NONE
1772111503000,A2D2-3A8C,FLT-3A8C-001,29.500000,-82.100000,150,14,0,Mavic Pro,false,drone_images/Mavic Pro.png,29.495000,-82.105000,29.494500,-82.105300,apolloshield_df,camera,223.13956,10,5820000000,GMMM00MM08850001V64F,bluvec2.0-GMMM00MM08850001V64F,150,GREEN,NONE
1772111503000,A2D2-3A8C,FLT-3A8C-001,29.500000,-82.100000,150,14,0,Mavic Pro,false,drone_images/Mavic Pro.png,29.495000,-82.105000,29.494500,-82.105300,apolloshield_df,camera,223.13956,10,5820000000,GMMM00MM08850001V64F,bluvec2.0-GMMM00MM08850001V64F,150,GREEN,NONE
1772111503000,A2D2-3A8C,FLT-3A8C-001,29.500000,-82.100000,150,14,0,Mavic Pro,false,drone_images/Mavic Pro.png,29.495000,-82.105000,29.494500,-82.105300,apolloshield_df,camera,223.13956,10,5820000000,GMMM00MM08850001V64F,bluvec2.0-GMMM00MM08850001V64F,150,GREEN,NONE
1772111503000,A2D2-3A8C,FLT-3A8C-001,29.500000,-82.100000,150,14,0,Mavic Pro,false,drone_images/Mavic Pro.png,29.495000,-82.105000,29.494500,-82.105300,apolloshield_df,camera,223.13956,10,5820000000,GMMM00MM08850001V64F,bluvec2.0-GMMM00MM08850001V64F,150,GREEN,NONE
1772111503000,A2D2-3A8C,FLT-3A8C-001,29.500000,-82.100000,150,14,0,Mavic Pro,false,drone_images/Mavic Pro.png,29.495000,-82.105000,29.494500,-82.105300,apolloshield_df,camera,223.13956,10,5820000000,GMMM00MM08850001V64F,bluvec2.0-GMMM00MM08850001V64F,150,GREEN,NONE
1772111503000,A2D2-3A8C,FLT-3A8C-001,29.500000,-82.100000,150,14,0,Mavic Pro,false,drone_images/Mavic Pro.png,29.495000,-82.105000,29.494500,-82.105300,apolloshield_df,camera,223.13956,10,5820000000,GMMM00MM08850001V64F,bluvec2.0-GMMM00MM08850001V64F,150,GREEN,NONE
1772111503000,A2D2-3A8C,FLT-3A8C-001,29.500000,-82.100000,150,14,0,Mavic Pro,false,drone_images/Mavic Pro.png,29.495000,-82.105000,29.494500,-82.105300,apolloshield_df,camera,223.13956,10,5820000000,GMMM00MM08850001V64F,bluvec2.0-GMMM00MM08850001V64F,150,GREEN,NONE
1772111503000,A2D2-3A8C,FLT-3A8C-001,29.500000,-82.100000,150,14,0,Mavic Pro,false,drone_images/Mavic Pro.png,29.495000,-82.105000,29.494500,-82.105300,apolloshield_df,camera,223.13956,10,5820000000,GMMM00MM08850001V64F,bluvec2.0-GMMM00MM08850001V64F,150,GREEN,NONE
1772111503000,A2D2-3A8C,FLT-3A8C-001,29.500000,-82.100000,150,14,0,Mavic Pro,false,drone_images/Mavic Pro.png,29.495000,-82.105000,29.494500,-82.105300,apolloshield_df,camera,223.13956,10,5820000000,GMMM00MM08850001V64F,bluvec2.0-GMMM00MM08850001V64F,150,GREEN,NONE
1772111503000,A2D2-3A8C,FLT-3A8C-001,29.500000,-82.100000,150,14,0,Mavic Pro,false,drone_images/Mavic Pro.png,29.495000,-82.105000,29.494500,-82.105300,apolloshield_df,camera,223.13956,10,5820000000,GMMM00MM08850001V64F,bluvec2.0-GMMM00MM08850001V64F,150,GREEN,NONE
1772111503000,A2D2-3A8C,FLT-3A8C-001,29.500000,-82.100000,150,14,0,Mavic Pro,false,drone_images/Mavic Pro.png,29.495000,-82.105000,29.494500,-82.105300,apolloshield_df,camera,223.13956,10,5820000000,GMMM00MM08850001V64F,bluvec2.0-GMMM00MM08850001V64F,150,GREEN,NONE
1772111503000,A2D2-3A8C,FLT-3A8C-001,29.500000,-82.100000,150,14,0,Mavic Pro,false,drone_images/Mavic Pro.png,29.495000,-82.105000,29.494500,-82.105300,apolloshield_df,camera,223.13956,10,5820000000,GMMM00MM08850001V64F,bluvec2.0-GMMM00MM08850001V64F,150,GREEN,NONE
1772111503000,A2D2-3A8C,FLT-3A8C-001,29.500000,-82.100000,150,14,0,Mavic Pro,false,drone_images/Mavic Pro.png,29.495000,-82.105000,29.494500,-82.105300,apolloshield_df,camera,223.13956,10,5820000000,GMMM00MM08850001V64F,bluvec2.0-GMMM00MM08850001V64F,150,GREEN,NONE
1772111503000,A2D2-3A8C,FLT-3A8C-001,29.500000,-82.100000,150,14,0,Mavic Pro,false,drone_images/Mavic Pro.png,29.495000,-82.105000,29.494500,-82.105300,apolloshield_df,camera,223.13956,10,5820000000,GMMM00MM08850001V64F,bluvec2.0-GMMM00MM08850001V64F,150,GREEN,NONE
1772111503000,A2D2-3A8C,FLT-3A8C-001,29.500000,-82.100000,150,14,0,Mavic Pro,false,drone_images/Mavic Pro.png,29.495000,-82.105000,29.494500,-82.105300,apolloshield_df,camera,223.13956,10,5820000000,GMMM00MM08850001V64F,bluvec2.0-GMMM00MM08850001V64F,150,GREEN,NONE
1772111503000,A2D2-3A8C,FLT-3A8C-001,29.500000,-82.100000,150,14,0,Mavic Pro,false,drone_images/Mavic Pro.png,29.495000,-82.105000,29.494500,-82.105300,apolloshield_df,camera,223.13956,10,5820000000,GMMM00MM08850001V64F,bluvec2.0-GMMM00MM08850001V64F,150,GREEN,NONE
1772111503000,A2D2-3A8C,FLT-3A8C-001,29.500000,-82.100000,150,14,0,Mavic Pro,false,drone_images/Mavic Pro.png,29.495000,-82.105000,29.494500,-82.105300,apolloshield_df,camera,223.13956,10,5820000000,GMMM00MM08850001V64F,bluvec2.0-GMMM00MM08850001V64F,150,GREEN,NONE
1772111503000,A2D2-3A8C,FLT-3A8C-001,29.500000,-82.100000,150,14,0,Mavic Pro,false,drone_images/Mavic Pro.png,29.495000,-82.105000,29.494500,-82.105300,apolloshield_df,camera,223.13956,10,5820000000,GMMM00MM08850001V64F,bluvec2.0-GMMM00MM08850001V64F,150,GREEN,NONE
1772111503000,A2D2-3A8C,FLT-3A8C-001,29.500000,-82.100000,150,14,0,Mavic Pro,false,drone_images/Mavic Pro.png,29.495000,-82.105000,29.494500,-82.105300,apolloshield_df,camera,223.13956,10,5820000000,GMMM00MM08850001V64F,bluvec2.0-GMMM00MM08850001V64F,150,GREEN,NONE
1772111503000,A2D2-3A8C,FLT-3A8C-001,29.500000,-82.100000,150,14,0,Mavic Pro,false,drone_images/Mavic Pro.png,29.495000,-82.105000,29.494500,-82.105300,apolloshield_df,camera,223.13956,10,5820000000,GMMM00MM08850001V64F,bluvec2.0-GMMM00MM08850001V64F,150,GREEN,NONE
1772111503000,A2D2-3A8C,FLT-3A8C-001,29.500000,-82.100000,150,14,0,Mavic Pro,false,drone_images/Mavic Pro.png,29.495000,-82.105000,29.494500,-82.105300,apolloshield_df,camera,223.13956,10,5820000000,GMMM00MM08850001V64F,bluvec2.0-GMMM00MM08850001V64F,150,GREEN,NONE
1772111503000,A2D2-3A8C,FLT-3A8C-001,29.500000,-82.100000,150,14,0,Mavic Pro,false,drone_images/Mavic Pro.png,29.495000,-82.105000,29.494500,-82.105300,apolloshield_df,camera,223.13956,10,5820000000,GMMM00MM08850001V64F,bluvec2.0-GMMM00MM08850001V64F,150,GREEN,NONE
1772111503000,A2D2-3A8C,FLT-3A8C-001,29.500000,-82.100000,150,14,0,Mavic Pro,false,drone_images/Mavic Pro.png,29.495000,-82.105000,29.494500,-82.105300,apolloshield_df,camera,223.13956,10,5820000000,GMMM00MM08850001V64F,bluvec2.0-GMMM00MM08850001V64F,150,GREEN,NONE
1772111503000,A2D2-3A8C,FLT-3A8C-001,29.500000,-82.100000,150,14,0,Mavic Pro,false,drone_images/Mavic Pro.png,29.495000,-82.105000,29.494500,-82.105300,apolloshield_df,camera,223.13956,10,5820000000,GMMM00MM08850001V64F,bluvec2.0-GMMM00MM08850001V64F,150,GREEN,NONE
1772111503000,A2D2-3A8C,FLT-3A8C-001,29.500000,-82.100000,150,14,0,Mavic Pro,false,drone_images/Mavic Pro.png,29.495000,-82.105000,29.494500,-82.105300,apolloshield_df,camera,223.13956,10,5820000000,GMMM00MM08850001V64F,bluvec2.0-GMMM00MM08850001V64F,150,GREEN,NONE
1772111503000,A2D2-3A8C,FLT-3A8C-001,29.500000,-82.100000,150,14,0,Mavic Pro,false,drone_images/Mavic Pro.png,29.495000,-82.105000,29.494500,-82.105300,apolloshield_df,camera,223.13956,10,5820000000,GMMM00MM08850001V64F,bluvec2.0-GMMM00MM08850001V64F,150,GREEN,NONE
1772111503000,A2D2-3A8C,FLT-3A8C-001,29.500000,-82.100000,150,14,0,Mavic Pro,false,drone_images/Mavic Pro.png,29.495000,-82.105000,29.494500,-82.105300,apolloshield_df,camera,223.13956,10,5820000000,GMMM00MM08850001V64F,bluvec2.0-GMMM00MM08850001V64F,150,GREEN,NONE
1772111503000,A2D2-3A8C,FLT-3A8C-001,29.500000,-82.100000,150,14,0,Mavic Pro,false,drone_images/Mavic Pro.png,29.495000,-82.105000,29.494500,-82.105300,apolloshield_df,camera,223.13956,10,5820000000,GMMM00MM08850001V64F,bluvec2.0-GMMM00MM08850001V64F,150,GREEN,NONE
1772111503000,A2D2-3A8C,FLT-3A8C-001,29.500000,-82.100000,150,14,0,Mavic Pro,false,drone_images/Mavic Pro.png,29.495000,-82.105000,29.494500,-82.105300,apolloshield_df,camera,223.13956,10,5820000000,GMMM00MM08850001V64F,bluvec2.0-GMMM00MM08850001V64F,150,GREEN,NONE
1772111503000,A2D2-3A8C,FLT-3A8C-001,29.500000,-82.100000,150,14,0,Mavic Pro,false,drone_images/Mavic Pro.png,29.495000,-82.105000,29.494500,-82.105300,apolloshield_df,camera,223.13956,10,5820000000,GMMM00MM08850001V64F,bluvec2.0-GMMM00MM08850001V64F,150,GREEN,NONE
1772111503000,A2D2-3A8C,FLT-3A8C-001,29.500000,-82.100000,150,14,0,Mavic Pro,false,drone_images/Mavic Pro.png,29.495000,-82.105000,29.494500,-82.105300,apolloshield_df,camera,223.13956,10,5820000000,GMMM00MM08850001V64F,bluvec2.0-GMMM00MM08850001V64F,150,GREEN,NONE
1772111503000,A2D2-3A8C,FLT-3A8C-001,29.500000,-82.100000,150,14,0,Mavic Pro,false,drone_images/Mavic Pro.png,29.495000,-82.105000,29.494500,-82.105300,apolloshield_df,camera,223.13956,10,5820000000,GMMM00MM08850001V64F,bluvec2.0-GMMM00MM08850001V64F,150,GREEN,NONE
1772111503000,A2D2-3A8C,FLT-3A8C-001,29.500000,-82.100000,150,14,0,Mavic Pro,false,drone_images/Mavic Pro.png,29.495000,-82.105000,29.494500,-82.105300,apolloshield_df,camera,223.13956,10,5820000000,GMMM00MM08850001V64F,bluvec2.0-GMMM00MM08850001V64F,150,GREEN,NONE
1772111503000,A2D2-3A8C,FLT-3A8C-001,29.500000,-82.100000,150,14,0,Mavic Pro,false,drone_images/Mavic Pro.png,29.495000,-82.105000,29.494500,-82.105300,apolloshield_df,camera,223.13956,10,5820000000,GMMM00MM08850001V64F,bluvec2.0-GMMM00MM08850001V64F,150,GREEN,NONE
1772111503000,A2D2-3A8C,FLT-3A8C-001,29.500000,-82.100000,150,14,0,Mavic Pro,false,drone_images/Mavic Pro.png,29.495000,-82.105000,29.494500,-82.105300,apolloshield_df,camera,223.13956,10,5820000000,GMMM00MM08850001V64F,bluvec2.0-GMMM00MM08850001V64F,150,GREEN,NONE
1772111503000,A2D2-3A8C,FLT-3A8C-001,29.500000,-82.100000,150,14,0,Mavic Pro,false,drone_images/Mavic Pro.png,29.495000,-82.105000,29.494500,-82.105300,apolloshield_df,camera,223.13956,10,5820000000,GMMM00MM08850001V64F,bluvec2.0-GMMM00MM08850001V64F,150,GREEN,NONE
1772111503000,A2D2-3A8C,FLT-3A8C-001,29.500000,-82.100000,150,14,0,Mavic Pro,false,drone_images/Mavic Pro.png,29.495000,-82.105000,29.494500,-82.105300,apolloshield_df,camera,223.13956,10,5820000000,GMMM00MM08850001V64F,bluvec2.0-GMMM00MM08850001V64F,150,GREEN,NONE
1772111503000,A2D2-3A8C,FLT-3A8C-001,29.500000,-82.100000,150,14,0,Mavic Pro,false,drone_images/Mavic Pro.png,29.495000,-82.105000,29.494500,-82.105300,apolloshield_df,camera,223.13956,10,5820000000,GMMM00MM08850001V64F,bluvec2.0-GMMM00MM08850001V64F,150,GREEN,NONE
1772111503000,A2D2-3A8C,FLT-3A8C-001,29.500000,-82.100000,150,14,0,Mavic Pro,false,drone_images/Mavic Pro.png,29.495000,-82.105000,29.494500,-82.105300,apolloshield_df,camera,223.13956,10,5820000000,GMMM00MM08850001V64F,bluvec2.0-GMMM00MM08850001V64F,150,GREEN,NONE
1772111503000,A2D2-3A8C,FLT-3A8C-001,29.500000,-82.100000,150,14,0,Mavic Pro,false,drone_images/Mavic Pro.png,29.495000,-82.105000,29.494500,-82.105300,apolloshield_df,camera,223.13956,10,5820000000,GMMM00MM08850001V64F,bluvec2.0-GMMM00MM08850001V64F,150,GREEN,NONE
1772111503000,A2D2-3A8C,FLT-3A8C-001,29.500000,-82.100000,150,14,0,Mavic Pro,false,drone_images/Mavic Pro.png,29.495000,-82.105000,29.494500,-82.105300,apolloshield_df,camera,223.13956,10,5820000000,GMMM00MM08850001V64F,bluvec2.0-GMMM00MM08850001V64F,150,GREEN,NONE
1772111503000,A2D2-3A8C,FLT-3A8C-001,29.500000,-82.100000,150,14,0,Mavic Pro,false,drone_images/Mavic Pro.png,29.495000,-82.105000,29.494500,-82.105300,apolloshield_df,camera,223.13956,10,5820000000,GMMM00MM08850001V64F,bluvec2.0-GMMM00MM08850001V64F,150,GREEN,NONE
1772111503000,A2D2-3A8C,FLT-3A8C-001,29.500000,-82.100000,150,14,0,Mavic Pro,false,drone_images/Mavic Pro.png,29.495000,-82.105000,29.494500,-82.105300,apolloshield_df,camera,223.13956,10,5820000000,GMMM00MM08850001V64F,bluvec2.0-GMMM00MM08850001V64F,150,GREEN,NONE
1772111503000,A2D2-3A8C,FLT-3A8C-001,29.500000,-82.100000,150,14,0,Mavic Pro,false,drone_images/Mavic Pro.png,29.495000,-82.105000,29.494500,-82.105300,apolloshield_df,camera,223.13956,10,5820000000,GMMM00MM08850001V64F,bluvec2.0-GMMM00MM08850001V64F,150,GREEN,NONE
1772111503000,A2D2-3A8C,FLT-3A8C-001,29.500000,-82.100000,150,14,0,Mavic Pro,false,drone_images/Mavic Pro.png,29.495000,-82.105000,29.494500,-82.105300,apolloshield_df,camera,223.13956,10,5820000000,GMMM00MM08850001V64F,bluvec2.0-GMMM00MM08850001V64F,150,GREEN,NONE
1772111503000,A2D2-3A8C,FLT-3A8C-001,29.500000,-82.100000,150,14,0,Mavic Pro,false,drone_images/Mavic Pro.png,29.495000,-82.105000,29.494500,-82.105300,apolloshield_df,camera,223.13956,10,5820000000,GMMM00MM08850001V64F,bluvec2.0-GMMM00MM08850001V64F,150,GREEN,NONE
1772111503000,A2D2-3A8C,FLT-3A8C-001,29.500000,-82.100000,150,14,0,Mavic Pro,false,drone_images/Mavic Pro.png,29.495000,-82.105000,29.494500,-82.105300,apolloshield_df,camera,223.13956,10,5820000000,GMMM00MM08850001V64F,bluvec2.0-GMMM00MM08850001V64F,150,GREEN,NONE
1772111503000,A2D2-3A8C,FLT-3A8C-001,29.500000,-82.100000,150,14,0,Mavic Pro,false,drone_images/Mavic Pro.png,29.495000,-82.105000,29.494500,-82.105300,apolloshield_df,camera,223.13956,10,5820000000,GMMM00MM08850001V64F,bluvec2.0-GMMM00MM08850001V64F,150,GREEN,NONE
1772111503000,A2D2-3A8C,FLT-3A8C-001,29.500000,-82.100000,150,14,0,Mavic Pro,false,drone_images/Mavic Pro.png,29.495000,-82.105000,29.494500,-82.105300,apolloshield_df,camera,223.13956,10,5820000000,GMMM00MM08850001V64F,bluvec2.0-GMMM00MM08850001V64F,150,GREEN,NONE
1772111503000,A2D2-3A8C,FLT-3A8C-001,29.500000,-82.100000,150,14,0,Mavic Pro,false,drone_images/Mavic Pro.png,29.495000,-82.105000,29.494500,-82.105300,apolloshield_df,camera,223.13956,10,5820000000,GMMM00MM08850001V64F,bluvec2.0-GMMM00MM08850001V64F,150,GREEN,NONE
1772111503000,A2D2-3A8C,FLT-3A8C-001,29.500000,-82.100000,150,14,0,Mavic Pro,false,drone_images/Mavic Pro.png,29.495000,-82.105000,29.494500,-82.105300,apolloshield_df,camera,223.13956,10,5820000000,GMMM00MM08850001V64F,bluvec2.0-GMMM00MM08850001V64F,150,GREEN,NONE
1772111503000,A2D2-3A8C,FLT-3A8C-001,29.500000,-82.100000,150,14,0,Mavic Pro,false,drone_images/Mavic Pro.png,29.495000,-82.105000,29.494500,-82.105300,apolloshield_df,camera,223.13956,10,5820000000,GMMM00MM08850001V64F,bluvec2.0-GMMM00MM08850001V64F,150,GREEN,NONE
1772111503000,A2D2-3A8C,FLT-3A8C-001,29.500000,-82.100000,150,14,0,Mavic Pro,false,drone_images/Mavic Pro.png,29.495000,-82.105000,29.494500,-82.105300,apolloshield_df,camera,223.13956,10,5820000000,GMMM00MM08850001V64F,bluvec2.0-GMMM00MM08850001V64F,150,GREEN,NONE
1772111503000,A2D2-3A8C,FLT-3A8C-001,29.500000,-82.100000,150,14,0,Mavic Pro,false,drone_images/Mavic Pro.png,29.495000,-82.105000,29.494500,-82.105300,apolloshield_df,camera,223.13956,10,5820000000,GMMM00MM08850001V64F,bluvec2.0-GMMM00MM08850001V64F,150,GREEN,NONE
1772111503000,A2D2-3A8C,FLT-3A8C-001,29.500000,-82.100000,150,14,0,Mavic Pro,false,drone_images/Mavic Pro.png,29.495000,-82.105000,29.494500,-82.105300,apolloshield_df,camera,223.13956,10,5820000000,GMMM00MM08850001V64F,bluvec2.0-GMMM00MM08850001V64F,150,GREEN,NONE
1772111503000,A2D2-3A8C,FLT-3A8C-001,29.500000,-82.100000,150,14,0,Mavic Pro,false,drone_images/Mavic Pro.png,29.495000,-82.105000,29.494500,-82.105300,apolloshield_df,camera,223.13956,10,5820000000,GMMM00MM08850001V64F,bluvec2.0-GMMM00MM08850001V64F,150,GREEN,NONE
1772111503000,A2D2-3A8C,FLT-3A8C-001,29.500000,-82.100000,150,14,0,Mavic Pro,false,drone_images/Mavic Pro.png,29.495000,-82.105000,29.494500,-82.105300,apolloshield_df,camera,223.13956,10,5820000000,GMMM00MM08850001V64F,bluvec2.0-GMMM00MM08850001V64F,150,GREEN,NONE
1772111503000,A2D2-3A8C,FLT-3A8C-001,29.500000,-82.100000,150,14,0,Mavic Pro,false,drone_images/Mavic Pro.png,29.495000,-82.105000,29.494500,-82.105300,apolloshield_df,camera,223.13956,10,5820000000,GMMM00MM08850001V64F,bluvec2.0-GMMM00MM08850001V64F,150,GREEN,NONE
1772111503000,A2D2-3A8C,FLT-3A8C-001,29.500000,-82.100000,150,14,0,Mavic Pro,false,drone_images/Mavic Pro.png,29.495000,-82.105000,29.494500,-82.105300,apolloshield_df,camera,223.13956,10,5820000000,GMMM00MM08850001V64F,bluvec2.0-GMMM00MM08850001V64F,150,GREEN,NONE
1772111503000,A2D2-3A8C,FLT-3A8C-001,29.500000,-82.100000,150,14,0,Mavic Pro,false,drone_images/Mavic Pro.png,29.495000,-82.105000,29.494500,-82.105300,apolloshield_df,camera,223.13956,10,5820000000,GMMM00MM08850001V64F,bluvec2.0-GMMM00MM08850001V64F,150,GREEN,NONE
1772111503000,A2D2-3A8C,FLT-3A8C-001,29.500000,-82.100000,150,14,0,Mavic Pro,false,drone_images/Mavic Pro.png,29.495000,-82.105000,29.494500,-82.105300,apolloshield_df,camera,223.13956,10,5820000000,GMMM00MM08850001V64F,bluvec2.0-GMMM00MM08850001V64F,150,GREEN,NONE
1772111503000,A2D2-3A8C,FLT-3A8C-001,29.500000,-82.100000,150,14,0,Mavic Pro,false,drone_images/Mavic Pro.png,29.495000,-82.105000,29.494500,-82.105300,apolloshield_df,camera,223.13956,10,5820000000,GMMM00MM08850001V64F,bluvec2.0-GMMM00MM08850001V64F,150,GREEN,NONE
1772111503000,A2D2-3A8C,FLT-3A8C-001,29.500000,-82.100000,150,14,0,Mavic Pro,false,drone_images/Mavic Pro.png,29.495000,-82.105000,29.494500,-82.105300,apolloshield_df,camera,223.13956,10,5820000000,GMMM00MM08850001V64F,bluvec2.0-GMMM00MM08850001V64F,150,GREEN,NONE
1772111503000,A2D2-3A8C,FLT-3A8C-001,29.500000,-82.100000,150,14,0,Mavic Pro,false,drone_images/Mavic Pro.png,29.495000,-82.105000,29.494500,-82.105300,apolloshield_df,camera,223.13956,10,5820000000,GMMM00MM08850001V64F,bluvec2.0-GMMM00MM08850001V64F,150,GREEN,NONE
1772111503000,A2D2-3A8C,FLT-3A8C-001,29.500000,-82.100000,150,14,0,Mavic Pro,false,drone_images/Mavic Pro.png,29.495000,-82.105000,29.494500,-82.105300,apolloshield_df,camera,223.13956,10,5820000000,GMMM00MM08850001V64F,bluvec2.0-GMMM00MM08850001V64F,150,GREEN,NONE
1772111503000,A2D2-3A8C,FLT-3A8C-001,29.500000,-82.100000,150,14,0,Mavic Pro,false,drone_images/Mavic Pro.png,29.495000,-82.105000,29.494500,-82.105300,apolloshield_df,camera,223.13956,10,5820000000,GMMM00MM08850001V64F,bluvec2.0-GMMM00MM08850001V64F,150,GREEN,NONE
1772111503000,A2D2-3A8C,FLT-3A8C-001,29.500000,-82.100000,150,14,0,Mavic Pro,false,drone_images/Mavic Pro.png,29.495000,-82.105000,29.494500,-82.105300,apolloshield_df,camera,223.13956,10,5820000000,GMMM00MM08850001V64F,bluvec2.0-GMMM00MM08850001V64F,150,GREEN,NONE
1772111503000,A2D2-3A8C,FLT-3A8C-001,29.500000,-82.100000,150,14,0,Mavic Pro,false,drone_images/Mavic Pro.png,29.495000,-82.105000,29.494500,-82.105300,apolloshield_df,camera,223.13956,10,5820000000,GMMM00MM08850001V64F,bluvec2.0-GMMM00MM08850001V64F,150,GREEN,NONE
1772111503000,A2D2-3A8C,FLT-3A8C-001,29.500000,-82.100000,150,14,0,Mavic Pro,false,drone_images/Mavic Pro.png,29.495000,-82.105000,29.494500,-82.105300,apolloshield_df,camera,223.13956,10,5820000000,GMMM00MM08850001V64F,bluvec2.0-GMMM00MM08850001V64F,150,GREEN,NONE
1772111503000,A2D2-3A8C,FLT-3A8C-001,29.500000,-82.100000,150,14,0,Mavic Pro,false,drone_images/Mavic Pro.png,29.495000,-82.105000,29.494500,-82.105300,apolloshield_df,camera,223.13956,10,5820000000,GMMM00MM08850001V64F,bluvec2.0-GMMM00MM08850001V64F,150,GREEN,NONE
1772111503000,A2D2-3A8C,FLT-3A8C-001,29.500000,-82.100000,150,14,0,Mavic Pro,false,drone_images/Mavic Pro.png,29.495000,-82.105000,29.494500,-82.105300,apolloshield_df,camera,223.13956,10,5820000000,GMMM00MM08850001V64F,bluvec2.0-GMMM00MM08850001V64F,150,GREEN,NONE
1772111503000,A2D2-3A8C,FLT-3A8C-001,29.500000,-82.100000,150,14,0,Mavic Pro,false,drone_images/Mavic Pro.png,29.495000,-82.105000,29.494500,-82.105300,apolloshield_df,camera,219.08443,10,5820000000,GMMM00MM08850001V64F,bluvec2.0-GMMM00MM08850001V64F,150,GREEN,NONE
1772111503000,A2D2-3A8C,FLT-3A8C-001,29.500000,-82.100000,150,14,0,Mavic Pro,false,drone_images/Mavic Pro.png,29.495000,-82.105000,29.494500,-82.105300,apolloshield_df,camera,221.26514,10,5820000000,GMMM00MM08850001V64F,bluvec2.0-GMMM00MM08850001V64F,150,GREEN,NONE
1772111503000,A2D2-3A8C,FLT-3A8C-001,29.500000,-82.100000,150,14,0,Mavic Pro,false,drone_images/Mavic Pro.png,29.495000,-82.105000,29.494500,-82.105300,apolloshield_df,camera,223.23831,10,5820000000,GMMM00MM08850001V64F,bluvec2.0-GMMM00MM08850001V64F,150,GREEN,NONE
1772111503000,A2D2-3A8C,FLT-3A8C-001,29.500000,-82.100000,150,14,0,Mavic Pro,false,drone_images/Mavic Pro.png,29.495000,-82.105000,29.494500,-82.105300,apolloshield_df,camera,223.23831,10,5820000000,GMMM00MM08850001V64F,bluvec2.0-GMMM00MM08850001V64F,150,GREEN,NONE
1772111503000,A2D2-3A8C,FLT-3A8C-001,29.500000,-82.100000,150,14,0,Mavic Pro,false,drone_images/Mavic Pro.png,29.495000,-82.105000,29.494500,-82.105300,apolloshield_df,camera,223.23831,10,5820000000,GMMM00MM08850001V64F,bluvec2.0-GMMM00MM08850001V64F,150,GREEN,NONE
1772111503000,A2D2-3A8C,FLT-3A8C-001,29.500000,-82.100000,150,14,0,Mavic Pro,false,drone_images/Mavic Pro.png,29.495000,-82.105000,29.494500,-82.105300,apolloshield_df,camera,225.02373,10,5820000000,GMMM00MM08850001V64F,bluvec2.0-GMMM00MM08850001V64F,150,GREEN,NONE
1772111503000,A2D2-3A8C,FLT-3A8C-001,29.500000,-82.100000,150,14,0,Mavic Pro,false,drone_images/Mavic Pro.png,29.495000,-82.105000,29.494500,-82.105300,apolloshield_df,camera,225.02373,10,5820000000,GMMM00MM08850001V64F,bluvec2.0-GMMM00MM08850001V64F,150,GREEN,NONE
1772111503000,A2D2-3A8C,FLT-3A8C-001,29.500000,-82.100000,150,14,0,Mavic Pro,false,drone_images/Mavic Pro.png,29.495000,-82.105000,29.494500,-82.105300,apolloshield_df,camera,225.02373,10,5820000000,GMMM00MM08850001V64F,bluvec2.0-GMMM00MM08850001V64F,150,GREEN,NONE
1772111503000,A2D2-3A8C,FLT-3A8C-001,29.500000,-82.100000,150,14,0,Mavic Pro,false,drone_images/Mavic Pro.png,29.495000,-82.105000,29.494500,-82.105300,apolloshield_df,camera,225.02373,10,5820000000,GMMM00MM08850001V64F,bluvec2.0-GMMM00MM08850001V64F,150,GREEN,NONE
1772111503000,A2D2-3A8C,FLT-3A8C-001,29.500000,-82.100000,150,14,0,Mavic Pro,false,drone_images/Mavic Pro.png,29.495000,-82.105000,29.494500,-82.105300,apolloshield_df,camera,222.35692,10,5820000000,GMMM00MM08850001V64F,bluvec2.0-GMMM00MM08850001V64F,150,GREEN,NONE
1772111503000,A2D2-3A8C,FLT-3A8C-001,29.500000,-82.100000,150,14,0,Mavic Pro,false,drone_images/Mavic Pro.png,29.495000,-82.105000,29.494500,-82.105300,apolloshield_df,camera,224.2262,10,5820000000,GMMM00MM08850001V64F,bluvec2.0-GMMM00MM08850001V64F,150,GREEN,NONE
1772111503000,A2D2-3A8C,FLT-3A8C-001,29.500000,-82.100000,150,14,0,Mavic Pro,false,drone_images/Mavic Pro.png,29.495000,-82.105000,29.494500,-82.105300,apolloshield_df,camera,224.2262,10,5820000000,GMMM00MM08850001V64F,bluvec2.0-GMMM00MM08850001V64F,150,GREEN,NONE
1772111503000,A2D2-3A8C,FLT-3A8C-001,29.500000,-82.100000,150,14,0,Mavic Pro,false,drone_images/Mavic Pro.png,29.495000,-82.105000,29.494500,-82.105300,apolloshield_df,camera,224.2262,10,5820000000,GMMM00MM08850001V64F,bluvec2.0-GMMM00MM08850001V64F,150,GREEN,NONE
1772111503000,A2D2-3A8C,FLT-3A8C-001,29.500000,-82.100000,150,14,0,Mavic Pro,false,drone_images/Mavic Pro.png,29.495000,-82.105000,29.494500,-82.105300,apolloshield_df,camera,224.2262,10,5820000000,GMMM00MM08850001V64F,bluvec2.0-GMMM00MM08850001V64F,150,GREEN,NONE
1772111503000,A2D2-3A8C,FLT-3A8C-001,29.500000,-82.100000,150,14,0,Mavic Pro,false,drone_images/Mavic Pro.png,29.495000,-82.105000,29.494500,-82.105300,apolloshield_df,camera,224.2262,10,5820000000,GMMM00MM08850001V64F,bluvec2.0-GMMM00MM08850001V64F,150,GREEN,NONE
1772111503000,A2D2-3A8C,FLT-3A8C-001,29.500000,-82.100000,150,14,0,Mavic Pro,false,drone_images/Mavic Pro.png,29.495000,-82.105000,29.494500,-82.105300,apolloshield_df,camera,219.29092,10,5820000000,GMMM00MM08850001V64F,bluvec2.0-GMMM00MM08850001V64F,150,GREEN,NONE
1772111503000,A2D2-3A8C,FLT-3A8C-001,29.500000,-82.100000,150,14,0,Mavic Pro,false,drone_images/Mavic Pro.png,29.495000,-82.105000,29.494500,-82.105300,apolloshield_df,camera,221.25471,10,5820000000,GMMM00MM08850001V64F,bluvec2.0-GMMM00MM08850001V64F,150,GREEN,NONE
1772111503000,A2D2-3A8C,FLT-3A8C-001,29.500000,-82.100000,150,14,0,Mavic Pro,false,drone_images/Mavic Pro.png,29.495000,-82.105000,29.494500,-82.105300,apolloshield_df,camera,223.2289,10,5820000000,GMMM00MM08850001V64F,bluvec2.0-GMMM00MM08850001V64F,150,GREEN,NONE
1772111503000,A2D2-3A8C,FLT-3A8C-001,29.500000,-82.100000,150,14,0,Mavic Pro,false,drone_images/Mavic Pro.png,29.495000,-82.105000,29.494500,-82.105300,apolloshield_df,camera,223.2289,10,5820000000,GMMM00MM08850001V64F,bluvec2.0-GMMM00MM08850001V64F,150,GREEN,NONE
1772111503000,A2D2-3A8C,FLT-3A8C-001,29.500000,-82.100000,150,14,0,Mavic Pro,false,drone_images/Mavic Pro.png,29.495000,-82.105000,29.494500,-82.105300,apolloshield_df,camera,223.2289,10,5820000000,GMMM00MM08850001V64F,bluvec2.0-GMMM00MM08850001V64F,150,GREEN,NONE
1772111503000,A2D2-3A8C,FLT-3A8C-001,29.500000,-82.100000,150,14,0,Mavic Pro,false,drone_images/Mavic Pro.png,29.495000,-82.105000,29.494500,-82.105300,apolloshield_df,camera,223.2289,10,5820000000,GMMM00MM08850001V64F,bluvec2.0-GMMM00MM08850001V64F,150,GREEN,NONE
1772111503000,A2D2-3A8C,FLT-3A8C-001,29.500000,-82.100000,150,14,0,Mavic Pro,false,drone_images/Mavic Pro.png,29.495000,-82.105000,29.494500,-82.105300,apolloshield_df,camera,225.0152,10,5820000000,GMMM00MM08850001V64F,bluvec2.0-GMMM00MM08850001V64F,150,GREEN,NONE
1772111503000,A2D2-3A8C,FLT-3A8C-001,29.500000,-82.100000,150,14,0,Mavic Pro,false,drone_images/Mavic Pro.png,29.495000,-82.105000,29.494500,-82.105300,apolloshield_df,camera,226.63152,10,5820000000,GMMM00MM08850001V64F,bluvec2.0-GMMM00MM08850001V64F,150,GREEN,NONE
1772111503000,A2D2-3A8C,FLT-3A8C-001,29.500000,-82.100000,150,14,0,Mavic Pro,false,drone_images/Mavic Pro.png,29.495000,-82.105000,29.494500,-82.105300,apolloshield_df,camera,226.63152,10,5820000000,GMMM00MM08850001V64F,bluvec2.0-GMMM00MM08850001V64F,150,GREEN,NONE
1772111503000,A2D2-3A8C,FLT-3A8C-001,29.500000,-82.100000,150,14,0,Mavic Pro,false,drone_images/Mavic Pro.png,29.495000,-82.105000,29.494500,-82.105300,apolloshield_df,camera,228.09402,10,5820000000,GMMM00MM08850001V64F,bluvec2.0-GMMM00MM08850001V64F,150,GREEN,NONE
1772111503000,A2D2-3A8C,FLT-3A8C-001,29.500000,-82.100000,150,14,0,Mavic Pro,false,drone_images/Mavic Pro.png,29.495000,-82.105000,29.494500,-82.105300,apolloshield_df,camera,228.09402,10,5820000000,GMMM00MM08850001V64F,bluvec2.0-GMMM00MM08850001V64F,150,GREEN,NONE
1772111503000,A2D2-3A8C,FLT-3A8C-001,29.500000,-82.100000,150,14,0,Mavic Pro,false,drone_images/Mavic Pro.png,29.495000,-82.105000,29.494500,-82.105300,apolloshield_df,camera,226.56247,10,5820000000,GMMM00MM08850001V64F,bluvec2.0-GMMM00MM08850001V64F,150,GREEN,NONE
1772111503000,A2D2-3A8C,FLT-3A8C-001,29.500000,-82.100000,150,14,0,Mavic Pro,false,drone_images/Mavic Pro.png,29.495000,-82.105000,29.494500,-82.105300,apolloshield_df,camera,223.74924,10,5820000000,GMMM00MM08850001V64F,bluvec2.0-GMMM00MM08850001V64F,150,GREEN,NONE
1772111503000,A2D2-3A8C,FLT-3A8C-001,29.500000,-82.100000,150,14,0,Mavic Pro,false,drone_images/Mavic Pro.png,29.495000,-82.105000,29.494500,-82.105300,apolloshield_df,camera,221.2037,10,5820000000,GMMM00MM08850001V64F,bluvec2.0-GMMM00MM08850001V64F,150,GREEN,NONE
1772111503000,A2D2-3A8C,FLT-3A8C-001,29.500000,-82.100000,150,14,0,Mavic Pro,false,drone_images/Mavic Pro.png,29.495000,-82.105000,29.494500,-82.105300,apolloshield_df,camera,221.2037,10,5820000000,GMMM00MM08850001V64F,bluvec2.0-GMMM00MM08850001V64F,150,GREEN,NONE
1772111503000,A2D2-3A8C,FLT-3A8C-001,29.500000,-82.100000,150,14,0,Mavic Pro,false,drone_images/Mavic Pro.png,29.495000,-82.105000,29.494500,-82.105300,apolloshield_df,camera,221.08916,10,5820000000,GMMM00MM08850001V64F,bluvec2.0-GMMM00MM08850001V64F,150,GREEN,NONE
1772111503000,A2D2-3A8C,FLT-3A8C-001,29.500000,-82.100000,150,14,0,Mavic Pro,false,drone_images/Mavic Pro.png,29.495000,-82.105000,29.494500,-82.105300,apolloshield_df,camera,221.08916,10,5820000000,GMMM00MM08850001V64F,bluvec2.0-GMMM00MM08850001V64F,150,GREEN,NONE
1772111503000,A2D2-3A8C,FLT-3A8C-001,29.500000,-82.100000,150,14,0,Mavic Pro,false,drone_images/Mavic Pro.png,29.495000,-82.105000,29.494500,-82.105300,apolloshield_df,camera,218.79677,10,5820000000,GMMM00MM08850001V64F,bluvec2.0-GMMM00MM08850001V64F,150,GREEN,NONE
1772111503000,A2D2-3A8C,FLT-3A8C-001,29.500000,-82.100000,150,14,0,Mavic Pro,false,drone_images/Mavic Pro.png,29.495000,-82.105000,29.494500,-82.105300,apolloshield_df,camera,216.72253,10,5820000000,GMMM00MM08850001V64F,bluvec2.0-GMMM00MM08850001V64F,150,GREEN,NONE
1772111503000,A2D2-3A8C,FLT-3A8C-001,29.500000,-82.100000,150,14,0,Mavic Pro,false,drone_images/Mavic Pro.png,29.495000,-82.105000,29.494500,-82.105300,apolloshield_df,camera,218.99168,10,5820000000,GMMM00MM08850001V64F,bluvec2.0-GMMM00MM08850001V64F,150,GREEN,NONE
1772111503000,A2D2-3A8C,FLT-3A8C-001,29.500000,-82.100000,150,14,0,Mavic Pro,false,drone_images/Mavic Pro.png,29.495000,-82.105000,29.494500,-82.105300,apolloshield_df,camera,218.99168,10,5820000000,GMMM00MM08850001V64F,bluvec2.0-GMMM00MM08850001V64F,150,GREEN,NONE
1772111503000,A2D2-3A8C,FLT-3A8C-001,29.500000,-82.100000,150,14,0,Mavic Pro,false,drone_images/Mavic Pro.png,29.495000,-82.105000,29.494500,-82.105300,apolloshield_df,camera,218.99168,10,5820000000,GMMM00MM08850001V64F,bluvec2.0-GMMM00MM08850001V64F,150,GREEN,NONE
1772111503000,A2D2-3A8C,FLT-3A8C-001,29.500000,-82.100000,150,14,0,Mavic Pro,false,drone_images/Mavic Pro.png,29.495000,-82.105000,29.494500,-82.105300,apolloshield_df,camera,218.99168,10,5820000000,GMMM00MM08850001V64F,bluvec2.0-GMMM00MM08850001V64F,150,GREEN,NONE
1772111503000,A2D2-3A8C,FLT-3A8C-001,29.500000,-82.100000,150,14,0,Mavic Pro,false,drone_images/Mavic Pro.png,29.495000,-82.105000,29.494500,-82.105300,apolloshield_df,camera,218.99168,10,5820000000,GMMM00MM08850001V64F,bluvec2.0-GMMM00MM08850001V64F,150,GREEN,NONE
1772111503000,A2D2-3A8C,FLT-3A8C-001,29.500000,-82.100000,150,14,0,Mavic Pro,false,drone_images/Mavic Pro.png,29.495000,-82.105000,29.494500,-82.105300,apolloshield_df,camera,218.99168,10,5820000000,GMMM00MM08850001V64F,bluvec2.0-GMMM00MM08850001V64F,150,GREEN,NONE
1772111503000,A2D2-3A8C,FLT-3A8C-001,29.500000,-82.100000,150,14,0,Mavic Pro,false,drone_images/Mavic Pro.png,29.495000,-82.105000,29.494500,-82.105300,apolloshield_df,camera,218.99168,10,5820000000,GMMM00MM08850001V64F,bluvec2.0-GMMM00MM08850001V64F,150,GREEN,NONE
1772111503000,A2D2-3A8C,FLT-3A8C-001,29.500000,-82.100000,150,14,0,Mavic Pro,false,drone_images/Mavic Pro.png,29.495000,-82.105000,29.494500,-82.105300,apolloshield_df,camera,218.99168,10,5820000000,GMMM00MM08850001V64F,bluvec2.0-GMMM00MM08850001V64F,150,GREEN,NONE
1772111503000,A2D2-3A8C,FLT-3A8C-001,29.500000,-82.100000,150,14,0,Mavic Pro,false,drone_images/Mavic Pro.png,29.495000,-82.105000,29.494500,-82.105300,apolloshield_df,camera,218.99168,10,5820000000,GMMM00MM08850001V64F,bluvec2.0-GMMM00MM08850001V64F,150,GREEN,NONE
1772111503000,A2D2-3A8C,FLT-3A8C-001,29.500000,-82.100000,150,14,0,Mavic Pro,false,drone_images/Mavic Pro.png,29.495000,-82.105000,29.494500,-82.105300,apolloshield_df,camera,218.99168,10,5820000000,GMMM00MM08850001V64F,bluvec2.0-GMMM00MM08850001V64F,150,GREEN,NONE
1772111503000,A2D2-3A8C,FLT-3A8C-001,29.500000,-82.100000,150,14,0,Mavic Pro,false,drone_images/Mavic Pro.png,29.495000,-82.105000,29.494500,-82.105300,apolloshield_df,camera,218.99168,10,5820000000,GMMM00MM08850001V64F,bluvec2.0-GMMM00MM08850001V64F,150,GREEN,NONE
1772111503000,A2D2-3A8C,FLT-3A8C-001,29.500000,-82.100000,150,14,0,Mavic Pro,false,drone_images/Mavic Pro.png,29.495000,-82.105000,29.494500,-82.105300,apolloshield_df,camera,218.99168,10,5820000000,GMMM00MM08850001V64F,bluvec2.0-GMMM00MM08850001V64F,150,GREEN,NONE
1772111503000,A2D2-3A8C,FLT-3A8C-001,29.500000,-82.100000,150,14,0,Mavic Pro,false,drone_images/Mavic Pro.png,29.495000,-82.105000,29.494500,-82.105300,apolloshield_df,camera,218.99168,10,5820000000,GMMM00MM08850001V64F,bluvec2.0-GMMM00MM08850001V64F,150,GREEN,NONE
1772111503000,A2D2-3A8C,FLT-3A8C-001,29.500000,-82.100000,150,14,0,Mavic Pro,false,drone_images/Mavic Pro.png,29.495000,-82.105000,29.494500,-82.105300,apolloshield_df,camera,218.99168,10,5820000000,GMMM00MM08850001V64F,bluvec2.0-GMMM00MM08850001V64F,150,GREEN,NONE
1772111503000,A2D2-3A8C,FLT-3A8C-001,29.500000,-82.100000,150,14,0,Mavic Pro,false,drone_images/Mavic Pro.png,29.495000,-82.105000,29.494500,-82.105300,apolloshield_df,camera,218.99168,10,5820000000,GMMM00MM08850001V64F,bluvec2.0-GMMM00MM08850001V64F,150,GREEN,NONE
1772111503000,A2D2-3A8C,FLT-3A8C-001,29.500000,-82.100000,150,14,0,Mavic Pro,false,drone_images/Mavic Pro.png,29.495000,-82.105000,29.494500,-82.105300,apolloshield_df,camera,218.99168,10,5820000000,GMMM00MM08850001V64F,bluvec2.0-GMMM00MM08850001V64F,150,GREEN,NONE
1772111503000,A2D2-3A8C,FLT-3A8C-001,29.500000,-82.100000,150,14,0,Mavic Pro,false,drone_images/Mavic Pro.png,29.495000,-82.105000,29.494500,-82.105300,apolloshield_df,camera,218.99168,10,5820000000,GMMM00MM08850001V64F,bluvec2.0-GMMM00MM08850001V64F,150,GREEN,NONE
1772111503000,A2D2-3A8C,FLT-3A8C-001,29.500000,-82.100000,150,14,0,Mavic Pro,false,drone_images/Mavic Pro.png,29.495000,-82.105000,29.494500,-82.105300,apolloshield_df,camera,218.99168,10,5820000000,GMMM00MM08850001V64F,bluvec2.0-GMMM00MM08850001V64F,150,GREEN,NONE
1772111503000,A2D2-3A8C,FLT-3A8C-001,29.500000,-82.100000,150,14,0,Mavic Pro,false,drone_images/Mavic Pro.png,29.495000,-82.105000,29.494500,-82.105300,apolloshield_df,camera,218.99168,10,5820000000,GMMM00MM08850001V64F,bluvec2.0-GMMM00MM08850001V64F,150,GREEN,NONE
1772111503000,A2D2-3A8C,FLT-3A8C-001,29.500000,-82.100000,150,14,0,Mavic Pro,false,drone_images/Mavic Pro.png,29.495000,-82.105000,29.494500,-82.105300,apolloshield_df,camera,218.99168,10,5820000000,GMMM00MM08850001V64F,bluvec2.0-GMMM00MM08850001V64F,150,GREEN,NONE
1772111503000,A2D2-3A8C,FLT-3A8C-001,29.500000,-82.100000,150,14,0,Mavic Pro,false,drone_images/Mavic Pro.png,29.495000,-82.105000,29.494500,-82.105300,apolloshield_df,camera,218.99168,10,5820000000,GMMM00MM08850001V64F,bluvec2.0-GMMM00MM08850001V64F,150,GREEN,NONE
1772111503000,A2D2-3A8C,FLT-3A8C-001,29.500000,-82.100000,150,14,0,Mavic Pro,false,drone_images/Mavic Pro.png,29.495000,-82.105000,29.494500,-82.105300,apolloshield_df,camera,218.99168,10,5820000000,GMMM00MM08850001V64F,bluvec2.0-GMMM00MM08850001V64F,150,GREEN,NONE
1772111503000,A2D2-3A8C,FLT-3A8C-001,29.500000,-82.100000,150,14,0,Mavic Pro,false,drone_images/Mavic Pro.png,29.495000,-82.105000,29.494500,-82.105300,apolloshield_df,camera,218.99168,10,5820000000,GMMM00MM08850001V64F,bluvec2.0-GMMM00MM08850001V64F,150,GREEN,NONE
1772111503000,A2D2-3A8C,FLT-3A8C-001,29.500000,-82.100000,150,14,0,Mavic Pro,false,drone_images/Mavic Pro.png,29.495000,-82.105000,29.494500,-82.105300,apolloshield_df,camera,218.99168,10,5820000000,GMMM00MM08850001V64F,bluvec2.0-GMMM00MM08850001V64F,150,GREEN,NONE
1772111503000,A2D2-3A8C,FLT-3A8C-001,29.500000,-82.100000,150,14,0,Mavic Pro,false,drone_images/Mavic Pro.png,29.495000,-82.105000,29.494500,-82.105300,apolloshield_df,camera,218.99168,10,5820000000,GMMM00MM08850001V64F,bluvec2.0-GMMM00MM08850001V64F,150,GREEN,NONE
1772111503000,A2D2-3A8C,FLT-3A8C-001,29.500000,-82.100000,150,14,0,Mavic Pro,false,drone_images/Mavic Pro.png,29.495000,-82.105000,29.494500,-82.105300,apolloshield_df,camera,218.99168,10,5820000000,GMMM00MM08850001V64F,bluvec2.0-GMMM00MM08850001V64F,150,GREEN,NONE
1772111503000,A2D2-3A8C,FLT-3A8C-001,29.500000,-82.100000,150,14,0,Mavic Pro,false,drone_images/Mavic Pro.png,29.495000,-82.105000,29.494500,-82.105300,apolloshield_df,camera,218.99168,10,5820000000,GMMM00MM08850001V64F,bluvec2.0-GMMM00MM08850001V64F,150,GREEN,NONE
1772111503000,A2D2-3A8C,FLT-3A8C-001,29.500000,-82.100000,150,14,0,Mavic Pro,false,drone_images/Mavic Pro.png,29.495000,-82.105000,29.494500,-82.105300,apolloshield_df,camera,218.99168,10,5820000000,GMMM00MM08850001V64F,bluvec2.0-GMMM00MM08850001V64F,150,GREEN,NONE
1772111503000,A2D2-3A8C,FLT-3A8C-001,29.500000,-82.100000,150,14,0,Mavic Pro,false,drone_images/Mavic Pro.png,29.495000,-82.105000,29.494500,-82.105300,apolloshield_df,camera,218.99168,10,5820000000,GMMM00MM08850001V64F,bluvec2.0-GMMM00MM08850001V64F,150,GREEN,NONE
1772111503000,A2D2-3A8C,FLT-3A8C-001,29.500000,-82.100000,150,14,0,Mavic Pro,false,drone_images/Mavic Pro.png,29.495000,-82.105000,29.494500,-82.105300,apolloshield_df,camera,218.99168,10,5820000000,GMMM00MM08850001V64F,bluvec2.0-GMMM00MM08850001V64F,150,GREEN,NONE
1772111503000,A2D2-3A8C,FLT-3A8C-001,29.500000,-82.100000,150,14,0,Mavic Pro,false,drone_images/Mavic Pro.png,29.495000,-82.105000,29.494500,-82.105300,apolloshield_df,camera,218.99168,10,5820000000,GMMM00MM08850001V64F,bluvec2.0-GMMM00MM08850001V64F,150,GREEN,NONE
1772111503000,A2D2-3A8C,FLT-3A8C-001,29.500000,-82.100000,150,14,0,Mavic Pro,false,drone_images/Mavic Pro.png,29.495000,-82.105000,29.494500,-82.105300,apolloshield_df,camera,218.99168,10,5820000000,GMMM00MM08850001V64F,bluvec2.0-GMMM00MM08850001V64F,150,GREEN,NONE
1772111503000,A2D2-3A8C,FLT-3A8C-001,29.500000,-82.100000,150,14,0,Mavic Pro,false,drone_images/Mavic Pro.png,29.495000,-82.105000,29.494500,-82.105300,apolloshield_df,camera,218.99168,10,5820000000,GMMM00MM08850001V64F,bluvec2.0-GMMM00MM08850001V64F,150,GREEN,NONE
1772111503000,A2D2-3A8C,FLT-3A8C-001,29.500000,-82.100000,150,14,0,Mavic Pro,false,drone_images/Mavic Pro.png,29.495000,-82.105000,29.494500,-82.105300,apolloshield_df,camera,218.99168,10,5820000000,GMMM00MM08850001V64F,bluvec2.0-GMMM00MM08850001V64F,150,GREEN,NONE
1772111503000,A2D2-3A8C,FLT-3A8C-001,29.500000,-82.100000,150,14,0,Mavic Pro,false,drone_images/Mavic Pro.png,29.495000,-82.105000,29.494500,-82.105300,apolloshield_df,camera,218.99168,10,5820000000,GMMM00MM08850001V64F,bluvec2.0-GMMM00MM08850001V64F,150,GREEN,NONE
1772111503000,A2D2-3A8C,FLT-3A8C-001,29.500000,-82.100000,150,14,0,Mavic Pro,false,drone_images/Mavic Pro.png,29.495000,-82.105000,29.494500,-82.105300,apolloshield_df,camera,211.16867,10,5820000000,GMMM00MM08850001V64F,bluvec2.0-GMMM00MM08850001V64F,150,GREEN,NONE
1772111503000,A2D2-3A8C,FLT-3A8C-001,29.500000,-82.100000,150,14,0,Mavic Pro,false,drone_images/Mavic Pro.png,29.495000,-82.105000,29.494500,-82.105300,apolloshield_df,camera,214.10266,10,5820000000,GMMM00MM08850001V64F,bluvec2.0-GMMM00MM08850001V64F,150,GREEN,NONE
1772111503000,A2D2-3A8C,FLT-3A8C-001,29.500000,-82.100000,150,14,0,Mavic Pro,false,drone_images/Mavic Pro.png,29.495000,-82.105000,29.494500,-82.105300,apolloshield_df,camera,214.10266,10,5820000000,GMMM00MM08850001V64F,bluvec2.0-GMMM00MM08850001V64F,150,GREEN,NONE
1772111503000,A2D2-3A8C,FLT-3A8C-001,29.500000,-82.100000,150,14,0,Mavic Pro,false,drone_images/Mavic Pro.png,29.495000,-82.105000,29.494500,-82.105300,apolloshield_df,camera,214.10266,10,5820000000,GMMM00MM08850001V64F,bluvec2.0-GMMM00MM08850001V64F,150,GREEN,NONE
1772111503000,A2D2-3A8C,FLT-3A8C-001,29.500000,-82.100000,150,14,0,Mavic Pro,false,drone_images/Mavic Pro.png,29.495000,-82.105000,29.494500,-82.105300,apolloshield_df,camera,216.75745,10,5820000000,GMMM00MM08850001V64F,bluvec2.0-GMMM00MM08850001V64F,150,GREEN,NONE
1772111503000,A2D2-3A8C,FLT-3A8C-001,29.500000,-82.100000,150,14,0,Mavic Pro,false,drone_images/Mavic Pro.png,29.495000,-82.105000,29.494500,-82.105300,apolloshield_df,camera,221.33315,10,5820000000,GMMM00MM08850001V64F,bluvec2.0-GMMM00MM08850001V64F,150,GREEN,NONE
1772111503000,A2D2-3A8C,FLT-3A8C-001,29.500000,-82.100000,150,14,0,Mavic Pro,false,drone_images/Mavic Pro.png,29.495000,-82.105000,29.494500,-82.105300,apolloshield_df,camera,221.33315,10,5820000000,GMMM00MM08850001V64F,bluvec2.0-GMMM00MM08850001V64F,150,GREEN,NONE
1772111503000,A2D2-3A8C,FLT-3A8C-001,29.500000,-82.100000,150,14,0,Mavic Pro,false,drone_images/Mavic Pro.png,29.495000,-82.105000,29.494500,-82.105300,apolloshield_df,camera,221.33315,10,5820000000,GMMM00MM08850001V64F,bluvec2.0-GMMM00MM08850001V64F,150,GREEN,NONE
1772111503000,A2D2-3A8C,FLT-3A8C-001,29.500000,-82.100000,150,14,0,Mavic Pro,false,drone_images/Mavic Pro.png,29.495000,-82.105000,29.494500,-82.105300,apolloshield_df,camera,221.33315,10,5820000000,GMMM00MM08850001V64F,bluvec2.0-GMMM00MM08850001V64F,150,GREEN,NONE
1772111503000,A2D2-3A8C,FLT-3A8C-001,29.500000,-82.100000,150,14,0,Mavic Pro,false,drone_images/Mavic Pro.png,29.495000,-82.105000,29.494500,-82.105300,apolloshield_df,camera,221.33315,10,5820000000,GMMM00MM08850001V64F,bluvec2.0-GMMM00MM08850001V64F,150,GREEN,NONE
1772111503000,A2D2-3A8C,FLT-3A8C-001,29.500000,-82.100000,150,14,0,Mavic Pro,false,drone_images/Mavic Pro.png,29.495000,-82.105000,29.494500,-82.105300,apolloshield_df,camera,221.33315,10,5820000000,GMMM00MM08850001V64F,bluvec2.0-GMMM00MM08850001V64F,150,GREEN,NONE
1772111503000,A2D2-3A8C,FLT-3A8C-001,29.500000,-82.100000,150,14,0,Mavic Pro,false,drone_images/Mavic Pro.png,29.495000,-82.105000,29.494500,-82.105300,apolloshield_df,camera,221.33315,10,5820000000,GMMM00MM08850001V64F,bluvec2.0-GMMM00MM08850001V64F,150,GREEN,NONE
1772111503000,A2D2-3A8C,FLT-3A8C-001,29.500000,-82.100000,150,14,0,Mavic Pro,false,drone_images/Mavic Pro.png,29.495000,-82.105000,29.494500,-82.105300,apolloshield_df,camera,221.33315,10,5820000000,GMMM00MM08850001V64F,bluvec2.0-GMMM00MM08850001V64F,150,GREEN,NONE
1772111503000,A2D2-3A8C,FLT-3A8C-001,29.500000,-82.100000,150,14,0,Mavic Pro,false,drone_images/Mavic Pro.png,29.495000,-82.105000,29.494500,-82.105300,apolloshield_df,camera,221.33315,10,5820000000,GMMM00MM08850001V64F,bluvec2.0-GMMM00MM08850001V64F,150,GREEN,NONE
1772111503000,A2D2-3A8C,FLT-3A8C-001,29.500000,-82.100000,150,14,0,Mavic Pro,false,drone_images/Mavic Pro.png,29.495000,-82.105000,29.494500,-82.105300,apolloshield_df,camera,221.33315,10,5820000000,GMMM00MM08850001V64F,bluvec2.0-GMMM00MM08850001V64F,150,GREEN,NONE
1772111503000,A2D2-3A8C,FLT-3A8C-001,29.500000,-82.100000,150,14,0,Mavic Pro,false,drone_images/Mavic Pro.png,29.495000,-82.105000,29.494500,-82.105300,apolloshield_df,camera,221.33315,10,5820000000,GMMM00MM08850001V64F,bluvec2.0-GMMM00MM08850001V64F,150,GREEN,NONE
1772111503000,A2D2-3A8C,FLT-3A8C-001,29.500000,-82.100000,150,14,0,Mavic Pro,false,drone_images/Mavic Pro.png,29.495000,-82.105000,29.494500,-82.105300,apolloshield_df,camera,221.33315,10,5820000000,GMMM00MM08850001V64F,bluvec2.0-GMMM00MM08850001V64F,150,GREEN,NONE
1772111503000,A2D2-3A8C,FLT-3A8C-001,29.500000,-82.100000,150,14,0,Mavic Pro,false,drone_images/Mavic Pro.png,29.495000,-82.105000,29.494500,-82.105300,apolloshield_df,camera,221.33315,10,5820000000,GMMM00MM08850001V64F,bluvec2.0-GMMM00MM08850001V64F,150,GREEN,NONE
1772111503000,A2D2-3A8C,FLT-3A8C-001,29.500000,-82.100000,150,14,0,Mavic Pro,false,drone_images/Mavic Pro.png,29.495000,-82.105000,29.494500,-82.105300,apolloshield_df,camera,221.33315,10,5820000000,GMMM00MM08850001V64F,bluvec2.0-GMMM00MM08850001V64F,150,GREEN,NONE
1772111503000,A2D2-3A8C,FLT-3A8C-001,29.500000,-82.100000,150,14,0,Mavic Pro,false,drone_images/Mavic Pro.png,29.495000,-82.105000,29.494500,-82.105300,apolloshield_df,camera,221.33315,10,5820000000,GMMM00MM08850001V64F,bluvec2.0-GMMM00MM08850001V64F,150,GREEN,NONE
1772111503000,A2D2-3A8C,FLT-3A8C-001,29.500000,-82.100000,150,14,0,Mavic Pro,false,drone_images/Mavic Pro.png,29.495000,-82.105000,29.494500,-82.105300,apolloshield_df,camera,221.33315,10,5820000000,GMMM00MM08850001V64F,bluvec2.0-GMMM00MM08850001V64F,150,GREEN,NONE
1772111503000,A2D2-3A8C,FLT-3A8C-001,29.500000,-82.100000,150,14,0,Mavic Pro,false,drone_images/Mavic Pro.png,29.495000,-82.105000,29.494500,-82.105300,apolloshield_df,camera,221.33315,10,5820000000,GMMM00MM08850001V64F,bluvec2.0-GMMM00MM08850001V64F,150,GREEN,NONE
1772111503000,A2D2-3A8C,FLT-3A8C-001,29.500000,-82.100000,150,14,0,Mavic Pro,false,drone_images/Mavic Pro.png,29.495000,-82.105000,29.494500,-82.105300,apolloshield_df,camera,221.33315,10,5820000000,GMMM00MM08850001V64F,bluvec2.0-GMMM00MM08850001V64F,150,GREEN,NONE
1772111503000,A2D2-3A8C,FLT-3A8C-001,29.500000,-82.100000,150,14,0,Mavic Pro,false,drone_images/Mavic Pro.png,29.495000,-82.105000,29.494500,-82.105300,apolloshield_df,camera,221.33315,10,5820000000,GMMM00MM08850001V64F,bluvec2.0-GMMM00MM08850001V64F,150,GREEN,NONE
1772111503000,A2D2-3A8C,FLT-3A8C-001,29.500000,-82.100000,150,14,0,Mavic Pro,false,drone_images/Mavic Pro.png,29.495000,-82.105000,29.494500,-82.105300,apolloshield_df,camera,221.33315,10,5820000000,GMMM00MM08850001V64F,bluvec2.0-GMMM00MM08850001V64F,150,GREEN,NONE
1772111503000,A2D2-3A8C,FLT-3A8C-001,29.500000,-82.100000,150,14,0,Mavic Pro,false,drone_images/Mavic Pro.png,29.495000,-82.105000,29.494500,-82.105300,apolloshield_df,camera,221.33315,10,5820000000,GMMM00MM08850001V64F,bluvec2.0-GMMM00MM08850001V64F,150,GREEN,NONE
1772111503000,A2D2-3A8C,FLT-3A8C-001,29.500000,-82.100000,150,14,0,Mavic Pro,false,drone_images/Mavic Pro.png,29.495000,-82.105000,29.494500,-82.105300,apolloshield_df,camera,221.33315,10,5820000000,GMMM00MM08850001V64F,bluvec2.0-GMMM00MM08850001V64F,150,GREEN,NONE
1772111503000,A2D2-3A8C,FLT-3A8C-001,29.500000,-82.100000,150,14,0,Mavic Pro,false,drone_images/Mavic Pro.png,29.495000,-82.105000,29.494500,-82.105300,apolloshield_df,camera,221.33315,10,5820000000,GMMM00MM08850001V64F,bluvec2.0-GMMM00MM08850001V64F,150,GREEN,NONE
1772111503000,A2D2-3A8C,FLT-3A8C-001,29.500000,-82.100000,150,14,0,Mavic Pro,false,drone_images/Mavic Pro.png,29.495000,-82.105000,29.494500,-82.105300,apolloshield_df,camera,221.33315,10,5820000000,GMMM00MM08850001V64F,bluvec2.0-GMMM00MM08850001V64F,150,GREEN,NONE
1772111503000,A2D2-3A8C,FLT-3A8C-001,29.500000,-82.100000,150,14,0,Mavic Pro,false,drone_images/Mavic Pro.png,29.495000,-82.105000,29.494500,-82.105300,apolloshield_df,camera,221.33315,10,5820000000,GMMM00MM08850001V64F,bluvec2.0-GMMM00MM08850001V64F,150,GREEN,NONE
1772111503000,A2D2-3A8C,FLT-3A8C-001,29.500000,-82.100000,150,14,0,Mavic Pro,false,drone_images/Mavic Pro.png,29.495000,-82.105000,29.494500,-82.105300,apolloshield_df,camera,221.33315,10,5820000000,GMMM00MM08850001V64F,bluvec2.0-GMMM00MM08850001V64F,150,GREEN,NONE
1772111503000,A2D2-3A8C,FLT-3A8C-001,29.500000,-82.100000,150,14,0,Mavic Pro,false,drone_images/Mavic Pro.png,29.495000,-82.105000,29.494500,-82.105300,apolloshield_df,camera,221.33315,10,5820000000,GMMM00MM08850001V64F,bluvec2.0-GMMM00MM08850001V64F,150,GREEN,NONE
1772111503000,A2D2-3A8C,FLT-3A8C-001,29.500000,-82.100000,150,14,0,Mavic Pro,false,drone_images/Mavic Pro.png,29.495000,-82.105000,29.494500,-82.105300,apolloshield_df,camera,221.33315,10,5820000000,GMMM00MM08850001V64F,bluvec2.0-GMMM00MM08850001V64F,150,GREEN,NONE
1772111503000,A2D2-3A8C,FLT-3A8C-001,29.500000,-82.100000,150,14,0,Mavic Pro,false,drone_images/Mavic Pro.png,29.495000,-82.105000,29.494500,-82.105300,apolloshield_df,camera,221.33315,10,5820000000,GMMM00MM08850001V64F,bluvec2.0-GMMM00MM08850001V64F,150,GREEN,NONE
1772111503000,A2D2-3A8C,FLT-3A8C-001,29.500000,-82.100000,150,14,0,Mavic Pro,false,drone_images/Mavic Pro.png,29.495000,-82.105000,29.494500,-82.105300,apolloshield_df,camera,221.33315,10,5820000000,GMMM00MM08850001V64F,bluvec2.0-GMMM00MM08850001V64F,150,GREEN,NONE
1772111503000,A2D2-3A8C,FLT-3A8C-001,29.500000,-82.100000,150,14,0,Mavic Pro,false,drone_images/Mavic Pro.png,29.495000,-82.105000,29.494500,-82.105300,apolloshield_df,camera,221.33315,10,5820000000,GMMM00MM08850001V64F,bluvec2.0-GMMM00MM08850001V64F,150,GREEN,NONE
1772111503000,A2D2-3A8C,FLT-3A8C-001,29.500000,-82.100000,150,14,0,Mavic Pro,false,drone_images/Mavic Pro.png,29.495000,-82.105000,29.494500,-82.105300,apolloshield_df,camera,221.33315,10,5820000000,GMMM00MM08850001V64F,bluvec2.0-GMMM00MM08850001V64F,150,GREEN,NONE
1772111503000,A2D2-3A8C,FLT-3A8C-001,29.500000,-82.100000,150,14,0,Mavic Pro,false,drone_images/Mavic Pro.png,29.495000,-82.105000,29.494500,-82.105300,apolloshield_df,camera,221.33315,10,5820000000,GMMM00MM08850001V64F,bluvec2.0-GMMM00MM08850001V64F,150,GREEN,NONE
1772111503000,A2D2-3A8C,FLT-3A8C-001,29.500000,-82.100000,150,14,0,Mavic Pro,false,drone_images/Mavic Pro.png,29.495000,-82.105000,29.494500,-82.105300,apolloshield_df,camera,221.33315,10,5820000000,GMMM00MM08850001V64F,bluvec2.0-GMMM00MM08850001V64F,150,GREEN,NONE
1772111503000,A2D2-3A8C,FLT-3A8C-001,29.500000,-82.100000,150,14,0,Mavic Pro,false,drone_images/Mavic Pro.png,29.495000,-82.105000,29.494500,-82.105300,apolloshield_df,camera,221.33315,10,5820000000,GMMM00MM08850001V64F,bluvec2.0-GMMM00MM08850001V64F,150,GREEN,NONE
1772111503000,A2D2-3A8C,FLT-3A8C-001,29.500000,-82.100000,150,14,0,Mavic Pro,false,drone_images/Mavic Pro.png,29.495000,-82.105000,29.494500,-82.105300,apolloshield_df,camera,221.33315,10,5820000000,GMMM00MM08850001V64F,bluvec2.0-GMMM00MM08850001V64F,150,GREEN,NONE
1772111503000,A2D2-3A8C,FLT-3A8C-001,29.500000,-82.100000,150,14,0,Mavic Pro,false,drone_images/Mavic Pro.png,29.495000,-82.105000,29.494500,-82.105300,apolloshield_df,camera,221.33315,10,5820000000,GMMM00MM08850001V64F,bluvec2.0-GMMM00MM08850001V64F,150,GREEN,NONE
1772111503000,A2D2-3A8C,FLT-3A8C-001,29.500000,-82.100000,150,14,0,Mavic Pro,false,drone_images/Mavic Pro.png,29.495000,-82.105000,29.494500,-82.105300,apolloshield_df,camera,221.33315,10,5820000000,GMMM00MM08850001V64F,bluvec2.0-GMMM00MM08850001V64F,150,GREEN,NONE
1772111503000,A2D2-3A8C,FLT-3A8C-001,29.500000,-82.100000,150,14,0,Mavic Pro,false,drone_images/Mavic Pro.png,29.495000,-82.105000,29.494500,-82.105300,apolloshield_df,camera,221.33315,10,5820000000,GMMM00MM08850001V64F,bluvec2.0-GMMM00MM08850001V64F,150,GREEN,NONE
1772111503000,A2D2-3A8C,FLT-3A8C-001,29.500000,-82.100000,150,14,0,Mavic Pro,false,drone_images/Mavic Pro.png,29.495000,-82.105000,29.494500,-82.105300,apolloshield_df,camera,221.33315,10,5820000000,GMMM00MM08850001V64F,bluvec2.0-GMMM00MM08850001V64F,150,GREEN,NONE
1772111503000,A2D2-3A8C,FLT-3A8C-001,29.500000,-82.100000,150,14,0,Mavic Pro,false,drone_images/Mavic Pro.png,29.495000,-82.105000,29.494500,-82.105300,apolloshield_df,camera,221.33315,10,5820000000,GMMM00MM08850001V64F,bluvec2.0-GMMM00MM08850001V64F,150,GREEN,NONE
1772111503000,A2D2-3A8C,FLT-3A8C-001,29.500000,-82.100000,150,14,0,Mavic Pro,false,drone_images/Mavic Pro.png,29.495000,-82.105000,29.494500,-82.105300,apolloshield_df,camera,221.33315,10,5820000000,GMMM00MM08850001V64F,bluvec2.0-GMMM00MM08850001V64F,150,GREEN,NONE
1772111503000,A2D2-3A8C,FLT-3A8C-001,29.500000,-82.100000,150,14,0,Mavic Pro,false,drone_images/Mavic Pro.png,29.495000,-82.105000,29.494500,-82.105300,apolloshield_df,camera,221.33315,10,5820000000,GMMM00MM08850001V64F,bluvec2.0-GMMM00MM08850001V64F,150,GREEN,NONE
1772111503000,A2D2-3A8C,FLT-3A8C-001,29.500000,-82.100000,150,14,0,Mavic Pro,false,drone_images/Mavic Pro.png,29.495000,-82.105000,29.494500,-82.105300,apolloshield_df,camera,221.33315,10,5820000000,GMMM00MM08850001V64F,bluvec2.0-GMMM00MM08850001V64F,150,GREEN,NONE
1772111503000,A2D2-3A8C,FLT-3A8C-001,29.500000,-82.100000,150,14,0,Mavic Pro,false,drone_images/Mavic Pro.png,29.495000,-82.105000,29.494500,-82.105300,apolloshield_df,camera,221.33315,10,5820000000,GMMM00MM08850001V64F,bluvec2.0-GMMM00MM08850001V64F,150,GREEN,NONE
1772111503000,A2D2-3A8C,FLT-3A8C-001,29.500000,-82.100000,150,14,0,Mavic Pro,false,drone_images/Mavic Pro.png,29.495000,-82.105000,29.494500,-82.105300,apolloshield_df,camera,221.33315,10,5820000000,GMMM00MM08850001V64F,bluvec2.0-GMMM00MM08850001V64F,150,GREEN,NONE
1772111503000,A2D2-3A8C,FLT-3A8C-001,29.500000,-82.100000,150,14,0,Mavic Pro,false,drone_images/Mavic Pro.png,29.495000,-82.105000,29.494500,-82.105300,apolloshield_df,camera,221.33315,10,5820000000,GMMM00MM08850001V64F,bluvec2.0-GMMM00MM08850001V64F,150,GREEN,NONE
1772111503000,A2D2-3A8C,FLT-3A8C-001,29.500000,-82.100000,150,14,0,Mavic Pro,false,drone_images/Mavic Pro.png,29.495000,-82.105000,29.494500,-82.105300,apolloshield_df,camera,221.33315,10,5820000000,GMMM00MM08850001V64F,bluvec2.0-GMMM00MM08850001V64F,150,GREEN,NONE
1772111503000,A2D2-3A8C,FLT-3A8C-001,29.500000,-82.100000,150,14,0,Mavic Pro,false,drone_images/Mavic Pro.png,29.495000,-82.105000,29.494500,-82.105300,apolloshield_df,camera,221.33315,10,5820000000,GMMM00MM08850001V64F,bluvec2.0-GMMM00MM08850001V64F,150,GREEN,NONE
1772111503000,A2D2-3A8C,FLT-3A8C-001,29.500000,-82.100000,150,14,0,Mavic Pro,false,drone_images/Mavic Pro.png,29.495000,-82.105000,29.494500,-82.105300,apolloshield_df,camera,221.33315,10,5820000000,GMMM00MM08850001V64F,bluvec2.0-GMMM00MM08850001V64F,150,GREEN,NONE
1772111503000,A2D2-3A8C,FLT-3A8C-001,29.500000,-82.100000,150,14,0,Mavic Pro,false,drone_images/Mavic Pro.png,29.495000,-82.105000,29.494500,-82.105300,apolloshield_df,camera,221.33315,10,5820000000,GMMM00MM08850001V64F,bluvec2.0-GMMM00MM08850001V64F,150,GREEN,NONE
1772111503000,A2D2-3A8C,FLT-3A8C-001,29.500000,-82.100000,150,14,0,Mavic Pro,false,drone_images/Mavic Pro.png,29.495000,-82.105000,29.494500,-82.105300,apolloshield_df,camera,221.33315,10,5820000000,GMMM00MM08850001V64F,bluvec2.0-GMMM00MM08850001V64F,150,GREEN,NONE
1772111503000,A2D2-3A8C,FLT-3A8C-001,29.500000,-82.100000,150,14,0,Mavic Pro,false,drone_images/Mavic Pro.png,29.495000,-82.105000,29.494500,-82.105300,apolloshield_df,camera,221.33315,10,5820000000,GMMM00MM08850001V64F,bluvec2.0-GMMM00MM08850001V64F,150,GREEN,NONE
1772111503000,A2D2-3A8C,FLT-3A8C-001,29.500000,-82.100000,150,14,0,Mavic Pro,false,drone_images/Mavic Pro.png,29.495000,-82.105000,29.494500,-82.105300,apolloshield_df,camera,221.33315,10,5820000000,GMMM00MM08850001V64F,bluvec2.0-GMMM00MM08850001V64F,150,GREEN,NONE
1772111503000,A2D2-3A8C,FLT-3A8C-001,29.500000,-82.100000,150,14,0,Mavic Pro,false,drone_images/Mavic Pro.png,29.495000,-82.105000,29.494500,-82.105300,apolloshield_df,camera,221.33315,10,5820000000,GMMM00MM08850001V64F,bluvec2.0-GMMM00MM08850001V64F,150,GREEN,NONE
1772111503000,A2D2-3A8C,FLT-3A8C-001,29.500000,-82.100000,150,14,0,Mavic Pro,false,drone_images/Mavic Pro.png,29.495000,-82.105000,29.494500,-82.105300,apolloshield_df,camera,221.33315,10,5820000000,GMMM00MM08850001V64F,bluvec2.0-GMMM00MM08850001V64F,150,GREEN,NONE
1772111503000,A2D2-3A8C,FLT-3A8C-001,29.500000,-82.100000,150,14,0,Mavic Pro,false,drone_images/Mavic Pro.png,29.495000,-82.105000,29.494500,-82.105300,apolloshield_df,camera,221.33315,10,5820000000,GMMM00MM08850001V64F,bluvec2.0-GMMM00MM08850001V64F,150,GREEN,NONE
1772111503000,A2D2-3A8C,FLT-3A8C-001,29.500000,-82.100000,150,14,0,Mavic Pro,false,drone_images/Mavic Pro.png,29.495000,-82.105000,29.494500,-82.105300,apolloshield_df,camera,221.33315,10,5820000000,GMMM00MM08850001V64F,bluvec2.0-GMMM00MM08850001V64F,150,GREEN,NONE
1772111503000,A2D2-3A8C,FLT-3A8C-001,29.500000,-82.100000,150,14,0,Mavic Pro,false,drone_images/Mavic Pro.png,29.495000,-82.105000,29.494500,-82.105300,apolloshield_df,camera,221.33315,10,5820000000,GMMM00MM08850001V64F,bluvec2.0-GMMM00MM08850001V64F,150,GREEN,NONE
1772111503000,A2D2-3A8C,FLT-3A8C-001,29.500000,-82.100000,150,14,0,Mavic Pro,false,drone_images/Mavic Pro.png,29.495000,-82.105000,29.494500,-82.105300,apolloshield_df,camera,221.33315,10,5820000000,GMMM00MM08850001V64F,bluvec2.0-GMMM00MM08850001V64F,150,GREEN,NONE
1772111503000,A2D2-3A8C,FLT-3A8C-001,29.500000,-82.100000,150,14,0,Mavic Pro,false,drone_images/Mavic Pro.png,29.495000,-82.105000,29.494500,-82.105300,apolloshield_df,camera,221.33315,10,5820000000,GMMM00MM08850001V64F,bluvec2.0-GMMM00MM08850001V64F,150,GREEN,NONE
1772111503000,A2D2-3A8C,FLT-3A8C-001,29.500000,-82.100000,150,14,0,Mavic Pro,false,drone_images/Mavic Pro.png,29.495000,-82.105000,29.494500,-82.105300,apolloshield_df,camera,221.33315,10,5820000000,GMMM00MM08850001V64F,bluvec2.0-GMMM00MM08850001V64F,150,GREEN,NONE
1772111503000,A2D2-3A8C,FLT-3A8C-001,29.500000,-82.100000,150,14,0,Mavic Pro,false,drone_images/Mavic Pro.png,29.495000,-82.105000,29.494500,-82.105300,apolloshield_df,camera,221.33315,10,5820000000,GMMM00MM08850001V64F,bluvec2.0-GMMM00MM08850001V64F,150,GREEN,NONE
1772111503000,A2D2-3A8C,FLT-3A8C-001,29.500000,-82.100000,150,14,0,Mavic Pro,false,drone_images/Mavic Pro.png,29.495000,-82.105000,29.494500,-82.105300,apolloshield_df,camera,221.33315,10,5820000000,GMMM00MM08850001V64F,bluvec2.0-GMMM00MM08850001V64F,150,GREEN,NONE
1772111503000,A2D2-3A8C,FLT-3A8C-001,29.500000,-82.100000,150,14,0,Mavic Pro,false,drone_images/Mavic Pro.png,29.495000,-82.105000,29.494500,-82.105300,apolloshield_df,camera,221.33315,10,5820000000,GMMM00MM08850001V64F,bluvec2.0-GMMM00MM08850001V64F,150,GREEN,NONE
1772111503000,A2D2-3A8C,FLT-3A8C-001,29.500000,-82.100000,150,14,0,Mavic Pro,false,drone_images/Mavic Pro.png,29.495000,-82.105000,29.494500,-82.105300,apolloshield_df,camera,214.79744,10,5820000000,GMMM00MM08850001V64F,bluvec2.0-GMMM00MM08850001V64F,150,GREEN,NONE
1772111503000,A2D2-3A8C,FLT-3A8C-001,29.500000,-82.100000,150,14,0,Mavic Pro,false,drone_images/Mavic Pro.png,29.495000,-82.105000,29.494500,-82.105300,apolloshield_df,camera,214.79744,10,5820000000,GMMM00MM08850001V64F,bluvec2.0-GMMM00MM08850001V64F,150,GREEN,NONE
1772111503000,A2D2-3A8C,FLT-3A8C-001,29.500000,-82.100000,150,14,0,Mavic Pro,false,drone_images/Mavic Pro.png,29.495000,-82.105000,29.494500,-82.105300,apolloshield_df,camera,214.79744,10,5820000000,GMMM00MM08850001V64F,bluvec2.0-GMMM00MM08850001V64F,150,GREEN,NONE
1772111503000,A2D2-3A8C,FLT-3A8C-001,29.500000,-82.100000,150,14,0,Mavic Pro,false,drone_images/Mavic Pro.png,29.495000,-82.105000,29.494500,-82.105300,apolloshield_df,camera,214.79744,10,5820000000,GMMM00MM08850001V64F,bluvec2.0-GMMM00MM08850001V64F,150,GREEN,NONE
1772111503000,A2D2-3A8C,FLT-3A8C-001,29.500000,-82.100000,150,14,0,Mavic Pro,false,drone_images/Mavic Pro.png,29.495000,-82.105000,29.494500,-82.105300,apolloshield_df,camera,219.72842,10,5820000000,GMMM00MM08850001V64F,bluvec2.0-GMMM00MM08850001V64F,150,GREEN,NONE
1772111503000,A2D2-3A8C,FLT-3A8C-001,29.500000,-82.100000,150,14,0,Mavic Pro,false,drone_images/Mavic Pro.png,29.495000,-82.105000,29.494500,-82.105300,apolloshield_df,camera,219.72842,10,5820000000,GMMM00MM08850001V64F,bluvec2.0-GMMM00MM08850001V64F,150,GREEN,NONE
1772111503000,A2D2-3A8C,FLT-3A8C-001,29.500000,-82.100000,150,14,0,Mavic Pro,false,drone_images/Mavic Pro.png,29.495000,-82.105000,29.494500,-82.105300,apolloshield_df,camera,219.72842,10,5820000000,GMMM00MM08850001V64F,bluvec2.0-GMMM00MM08850001V64F,150,GREEN,NONE
1772111503000,A2D2-3A8C,FLT-3A8C-001,29.500000,-82.100000,150,14,0,Mavic Pro,false,drone_images/Mavic Pro.png,29.495000,-82.105000,29.494500,-82.105300,apolloshield_df,camera,220.81554,10,5820000000,GMMM00MM08850001V64F,bluvec2.0-GMMM00MM08850001V64F,150,GREEN,NONE
1772111503000,A2D2-3A8C,FLT-3A8C-001,29.500000,-82.100000,150,14,0,Mavic Pro,false,drone_images/Mavic Pro.png,29.495000,-82.105000,29.494500,-82.105300,apolloshield_df,camera,220.92825,10,5820000000,GMMM00MM08850001V64F,bluvec2.0-GMMM00MM08850001V64F,150,GREEN,NONE
1772111503000,A2D2-3A8C,FLT-3A8C-001,29.500000,-82.100000,150,14,0,Mavic Pro,false,drone_images/Mavic Pro.png,29.495000,-82.105000,29.494500,-82.105300,apolloshield_df,camera,222.9335,10,5820000000,GMMM00MM08850001V64F,bluvec2.0-GMMM00MM08850001V64F,150,GREEN,NONE
1772111503000,A2D2-3A8C,FLT-3A8C-001,29.500000,-82.100000,150,14,0,Mavic Pro,false,drone_images/Mavic Pro.png,29.495000,-82.105000,29.494500,-82.105300,apolloshield_df,camera,224.74791,10,5820000000,GMMM00MM08850001V64F,bluvec2.0-GMMM00MM08850001V64F,150,GREEN,NONE
1772111503000,A2D2-3A8C,FLT-3A8C-001,29.500000,-82.100000,150,14,0,Mavic Pro,false,drone_images/Mavic Pro.png,29.495000,-82.105000,29.494500,-82.105300,apolloshield_df,camera,226.38966,10,5820000000,GMMM00MM08850001V64F,bluvec2.0-GMMM00MM08850001V64F,150,GREEN,NONE
1772111503000,A2D2-3A8C,FLT-3A8C-001,29.500000,-82.100000,150,14,0,Mavic Pro,false,drone_images/Mavic Pro.png,29.495000,-82.105000,29.494500,-82.105300,apolloshield_df,camera,227.87518,10,5820000000,GMMM00MM08850001V64F,bluvec2.0-GMMM00MM08850001V64F,150,GREEN,NONE
1772111503000,A2D2-3A8C,FLT-3A8C-001,29.500000,-82.100000,150,14,0,Mavic Pro,false,drone_images/Mavic Pro.png,29.495000,-82.105000,29.494500,-82.105300,apolloshield_df,camera,227.87518,10,5820000000,GMMM00MM08850001V64F,bluvec2.0-GMMM00MM08850001V64F,150,GREEN,NONE
1772111503000,A2D2-3A8C,FLT-3A8C-001,29.500000,-82.100000,150,14,0,Mavic Pro,false,drone_images/Mavic Pro.png,29.495000,-82.105000,29.494500,-82.105300,apolloshield_df,camera,227.87518,10,5820000000,GMMM00MM08850001V64F,bluvec2.0-GMMM00MM08850001V64F,150,GREEN,NONE
1772111503000,A2D2-3A8C,FLT-3A8C-001,29.500000,-82.100000,150,14,0,Mavic Pro,false,drone_images/Mavic Pro.png,29.495000,-82.105000,29.494500,-82.105300,apolloshield_df,camera,227.87518,10,5820000000,GMMM00MM08850001V64F,bluvec2.0-GMMM00MM08850001V64F,150,GREEN,NONE
1772111503000,A2D2-3A8C,FLT-3A8C-001,29.500000,-82.100000,150,14,0,Mavic Pro,false,drone_images/Mavic Pro.png,29.495000,-82.105000,29.494500,-82.105300,apolloshield_df,camera,230.43558,10,5820000000,GMMM00MM08850001V64F,bluvec2.0-GMMM00MM08850001V64F,150,GREEN,NONE
1772111503000,A2D2-3A8C,FLT-3A8C-001,29.500000,-82.100000,150,14,0,Mavic Pro,false,drone_images/Mavic Pro.png,29.495000,-82.105000,29.494500,-82.105300,apolloshield_df,camera,227.25377,10,5820000000,GMMM00MM08850001V64F,bluvec2.0-GMMM00MM08850001V64F,150,GREEN,NONE
1772111503000,A2D2-3A8C,FLT-3A8C-001,29.500000,-82.100000,150,14,0,Mavic Pro,false,drone_images/Mavic Pro.png,29.495000,-82.105000,29.494500,-82.105300,apolloshield_df,camera,224.37474,10,5820000000,GMMM00MM08850001V64F,bluvec2.0-GMMM00MM08850001V64F,150,GREEN,NONE
1772111503000,A2D2-3A8C,FLT-3A8C-001,29.500000,-82.100000,150,14,0,Mavic Pro,false,drone_images/Mavic Pro.png,29.495000,-82.105000,29.494500,-82.105300,apolloshield_df,camera,221.76968,10,5820000000,GMMM00MM08850001V64F,bluvec2.0-GMMM00MM08850001V64F,150,GREEN,NONE
1772111503000,A2D2-3A8C,FLT-3A8C-001,29.500000,-82.100000,150,14,0,Mavic Pro,false,drone_images/Mavic Pro.png,29.495000,-82.105000,29.494500,-82.105300,apolloshield_df,camera,223.69485,10,5820000000,GMMM00MM08850001V64F,bluvec2.0-GMMM00MM08850001V64F,150,GREEN,NONE
1772111503000,A2D2-3A8C,FLT-3A8C-001,29.500000,-82.100000,150,14,0,Mavic Pro,false,drone_images/Mavic Pro.png,29.495000,-82.105000,29.494500,-82.105300,apolloshield_df,camera,225.43683,10,5820000000,GMMM00MM08850001V64F,bluvec2.0-GMMM00MM08850001V64F,150,GREEN,NONE
1772111503000,A2D2-3A8C,FLT-3A8C-001,29.500000,-82.100000,150,14,0,Mavic Pro,false,drone_images/Mavic Pro.png,29.495000,-82.105000,29.494500,-82.105300,apolloshield_df,camera,225.43683,10,5820000000,GMMM00MM08850001V64F,bluvec2.0-GMMM00MM08850001V64F,150,GREEN,NONE
1772111503000,A2D2-3A8C,FLT-3A8C-001,29.500000,-82.100000,150,14,0,Mavic Pro,false,drone_images/Mavic Pro.png,29.495000,-82.105000,29.494500,-82.105300,apolloshield_df,camera,225.43683,10,5820000000,GMMM00MM08850001V64F,bluvec2.0-GMMM00MM08850001V64F,150,GREEN,NONE
1772111503000,A2D2-3A8C,FLT-3A8C-001,29.500000,-82.100000,150,14,0,Mavic Pro,false,drone_images/Mavic Pro.png,29.495000,-82.105000,29.494500,-82.105300,apolloshield_df,camera,225.43683,10,5820000000,GMMM00MM08850001V64F,bluvec2.0-GMMM00MM08850001V64F,150,GREEN,NONE
1772111503000,A2D2-3A8C,FLT-3A8C-001,29.500000,-82.100000,150,14,0,Mavic Pro,false,drone_images/Mavic Pro.png,29.495000,-82.105000,29.494500,-82.105300,apolloshield_df,camera,225.43683,10,5820000000,GMMM00MM08850001V64F,bluvec2.0-GMMM00MM08850001V64F,150,GREEN,NONE
1772111503000,A2D2-3A8C,FLT-3A8C-001,29.500000,-82.100000,150,14,0,Mavic Pro,false,drone_images/Mavic Pro.png,29.495000,-82.105000,29.494500,-82.105300,apolloshield_df,camera,222.7307,10,5820000000,GMMM00MM08850001V64F,bluvec2.0-GMMM00MM08850001V64F,150,GREEN,NONE
1772111503000,A2D2-3A8C,FLT-3A8C-001,29.500000,-82.100000,150,14,0,Mavic Pro,false,drone_images/Mavic Pro.png,29.495000,-82.105000,29.494500,-82.105300,apolloshield_df,camera,224.56442,10,5820000000,GMMM00MM08850001V64F,bluvec2.0-GMMM00MM08850001V64F,150,GREEN,NONE
1772111503000,A2D2-3A8C,FLT-3A8C-001,29.500000,-82.100000,150,14,0,Mavic Pro,false,drone_images/Mavic Pro.png,29.495000,-82.105000,29.494500,-82.105300,apolloshield_df,camera,224.56442,10,5820000000,GMMM00MM08850001V64F,bluvec2.0-GMMM00MM08850001V64F,150,GREEN,NONE
1772111503000,A2D2-3A8C,FLT-3A8C-001,29.500000,-82.100000,150,14,0,Mavic Pro,false,drone_images/Mavic Pro.png,29.495000,-82.105000,29.494500,-82.105300,apolloshield_df,camera,224.56442,10,5820000000,GMMM00MM08850001V64F,bluvec2.0-GMMM00MM08850001V64F,150,GREEN,NONE
1772111503000,A2D2-3A8C,FLT-3A8C-001,29.500000,-82.100000,150,14,0,Mavic Pro,false,drone_images/Mavic Pro.png,29.495000,-82.105000,29.494500,-82.105300,apolloshield_df,camera,224.56442,10,5820000000,GMMM00MM08850001V64F,bluvec2.0-GMMM00MM08850001V64F,150,GREEN,NONE
1772111503000,A2D2-3A8C,FLT-3A8C-001,29.500000,-82.100000,150,14,0,Mavic Pro,false,drone_images/Mavic Pro.png,29.495000,-82.105000,29.494500,-82.105300,apolloshield_df,camera,224.56442,10,5820000000,GMMM00MM08850001V64F,bluvec2.0-GMMM00MM08850001V64F,150,GREEN,NONE
1772111503000,A2D2-3A8C,FLT-3A8C-001,29.500000,-82.100000,150,14,0,Mavic Pro,false,drone_images/Mavic Pro.png,29.495000,-82.105000,29.494500,-82.105300,apolloshield_df,camera,224.56442,10,5820000000,GMMM00MM08850001V64F,bluvec2.0-GMMM00MM08850001V64F,150,GREEN,NONE
1772111503000,A2D2-3A8C,FLT-3A8C-001,29.500000,-82.100000,150,14,0,Mavic Pro,false,drone_images/Mavic Pro.png,29.495000,-82.105000,29.494500,-82.105300,apolloshield_df,camera,224.56442,10,5820000000,GMMM00MM08850001V64F,bluvec2.0-GMMM00MM08850001V64F,150,GREEN,NONE
1772111503000,A2D2-3A8C,FLT-3A8C-001,29.500000,-82.100000,150,14,0,Mavic Pro,false,drone_images/Mavic Pro.png,29.495000,-82.105000,29.494500,-82.105300,apolloshield_df,camera,224.56442,10,5820000000,GMMM00MM08850001V64F,bluvec2.0-GMMM00MM08850001V64F,150,GREEN,NONE
1772111503000,A2D2-3A8C,FLT-3A8C-001,29.500000,-82.100000,150,14,0,Mavic Pro,false,drone_images/Mavic Pro.png,29.495000,-82.105000,29.494500,-82.105300,apolloshield_df,camera,224.56442,10,5820000000,GMMM00MM08850001V64F,bluvec2.0-GMMM00MM08850001V64F,150,GREEN,NONE
1772111503000,A2D2-3A8C,FLT-3A8C-001,29.500000,-82.100000,150,14,0,Mavic Pro,false,drone_images/Mavic Pro.png,29.495000,-82.105000,29.494500,-82.105300,apolloshield_df,camera,224.56442,10,5820000000,GMMM00MM08850001V64F,bluvec2.0-GMMM00MM08850001V64F,150,GREEN,NONE
1772111503000,A2D2-3A8C,FLT-3A8C-001,29.500000,-82.100000,150,14,0,Mavic Pro,false,drone_images/Mavic Pro.png,29.495000,-82.105000,29.494500,-82.105300,apolloshield_df,camera,224.56442,10,5820000000,GMMM00MM08850001V64F,bluvec2.0-GMMM00MM08850001V64F,150,GREEN,NONE
1772111503000,A2D2-3A8C,FLT-3A8C-001,29.500000,-82.100000,150,14,0,Mavic Pro,false,drone_images/Mavic Pro.png,29.495000,-82.105000,29.494500,-82.105300,apolloshield_df,camera,224.56442,10,5820000000,GMMM00MM08850001V64F,bluvec2.0-GMMM00MM08850001V64F,150,GREEN,NONE
1772111503000,A2D2-3A8C,FLT-3A8C-001,29.500000,-82.100000,150,14,0,Mavic Pro,false,drone_images/Mavic Pro.png,29.495000,-82.105000,29.494500,-82.105300,apolloshield_df,camera,224.56442,10,5820000000,GMMM00MM08850001V64F,bluvec2.0-GMMM00MM08850001V64F,150,GREEN,NONE
1772111503000,A2D2-3A8C,FLT-3A8C-001,29.500000,-82.100000,150,14,0,Mavic Pro,false,drone_images/Mavic Pro.png,29.495000,-82.105000,29.494500,-82.105300,apolloshield_df,camera,224.56442,10,5820000000,GMMM00MM08850001V64F,bluvec2.0-GMMM00MM08850001V64F,150,GREEN,NONE
1772111503000,A2D2-3A8C,FLT-3A8C-001,29.500000,-82.100000,150,14,0,Mavic Pro,false,drone_images/Mavic Pro.png,29.495000,-82.105000,29.494500,-82.105300,apolloshield_df,camera,224.56442,10,5820000000,GMMM00MM08850001V64F,bluvec2.0-GMMM00MM08850001V64F,150,GREEN,NONE
1772111503000,A2D2-3A8C,FLT-3A8C-001,29.500000,-82.100000,150,14,0,Mavic Pro,false,drone_images/Mavic Pro.png,29.495000,-82.105000,29.494500,-82.105300,apolloshield_df,camera,224.56442,10,5820000000,GMMM00MM08850001V64F,bluvec2.0-GMMM00MM08850001V64F,150,GREEN,NONE
1772111503000,A2D2-3A8C,FLT-3A8C-001,29.500000,-82.100000,150,14,0,Mavic Pro,false,drone_images/Mavic Pro.png,29.495000,-82.105000,29.494500,-82.105300,apolloshield_df,camera,224.56442,10,5820000000,GMMM00MM08850001V64F,bluvec2.0-GMMM00MM08850001V64F,150,GREEN,NONE
1772111503000,A2D2-3A8C,FLT-3A8C-001,29.500000,-82.100000,150,14,0,Mavic Pro,false,drone_images/Mavic Pro.png,29.495000,-82.105000,29.494500,-82.105300,apolloshield_df,camera,224.56442,10,5820000000,GMMM00MM08850001V64F,bluvec2.0-GMMM00MM08850001V64F,150,GREEN,NONE
1772111503000,A2D2-3A8C,FLT-3A8C-001,29.500000,-82.100000,150,14,0,Mavic Pro,false,drone_images/Mavic Pro.png,29.495000,-82.105000,29.494500,-82.105300,apolloshield_df,camera,224.56442,10,5820000000,GMMM00MM08850001V64F,bluvec2.0-GMMM00MM08850001V64F,150,GREEN,NONE
1772111503000,A2D2-3A8C,FLT-3A8C-001,29.500000,-82.100000,150,14,0,Mavic Pro,false,drone_images/Mavic Pro.png,29.495000,-82.105000,29.494500,-82.105300,apolloshield_df,camera,224.56442,10,5820000000,GMMM00MM08850001V64F,bluvec2.0-GMMM00MM08850001V64F,150,GREEN,NONE
1772111503000,A2D2-3A8C,FLT-3A8C-001,29.500000,-82.100000,150,14,0,Mavic Pro,false,drone_images/Mavic Pro.png,29.495000,-82.105000,29.494500,-82.105300,apolloshield_df,camera,224.56442,10,5820000000,GMMM00MM08850001V64F,bluvec2.0-GMMM00MM08850001V64F,150,GREEN,NONE
1772111503000,A2D2-3A8C,FLT-3A8C-001,29.500000,-82.100000,150,14,0,Mavic Pro,false,drone_images/Mavic Pro.png,29.495000,-82.105000,29.494500,-82.105300,apolloshield_df,camera,224.56442,10,5820000000,GMMM00MM08850001V64F,bluvec2.0-GMMM00MM08850001V64F,150,GREEN,NONE
1772111503000,A2D2-3A8C,FLT-3A8C-001,29.500000,-82.100000,150,14,0,Mavic Pro,false,drone_images/Mavic Pro.png,29.495000,-82.105000,29.494500,-82.105300,apolloshield_df,camera,224.56442,10,5820000000,GMMM00MM08850001V64F,bluvec2.0-GMMM00MM08850001V64F,150,GREEN,NONE
1772111503000,A2D2-3A8C,FLT-3A8C-001,29.500000,-82.100000,150,14,0,Mavic Pro,false,drone_images/Mavic Pro.png,29.495000,-82.105000,29.494500,-82.105300,apolloshield_df,camera,224.56442,10,5820000000,GMMM00MM08850001V64F,bluvec2.0-GMMM00MM08850001V64F,150,GREEN,NONE
1772111503000,A2D2-3A8C,FLT-3A8C-001,29.500000,-82.100000,150,14,0,Mavic Pro,false,drone_images/Mavic Pro.png,29.495000,-82.105000,29.494500,-82.105300,apolloshield_df,camera,224.56442,10,5820000000,GMMM00MM08850001V64F,bluvec2.0-GMMM00MM08850001V64F,150,GREEN,NONE
1772111503000,A2D2-3A8C,FLT-3A8C-001,29.500000,-82.100000,150,14,0,Mavic Pro,false,drone_images/Mavic Pro.png,29.495000,-82.105000,29.494500,-82.105300,apolloshield_df,camera,224.56442,10,5820000000,GMMM00MM08850001V64F,bluvec2.0-GMMM00MM08850001V64F,150,GREEN,NONE
1772111503000,A2D2-3A8C,FLT-3A8C-001,29.500000,-82.100000,150,14,0,Mavic Pro,false,drone_images/Mavic Pro.png,29.495000,-82.105000,29.494500,-82.105300,apolloshield_df,camera,224.56442,10,5820000000,GMMM00MM08850001V64F,bluvec2.0-GMMM00MM08850001V64F,150,GREEN,NONE
1772111503000,A2D2-3A8C,FLT-3A8C-001,29.500000,-82.100000,150,14,0,Mavic Pro,false,drone_images/Mavic Pro.png,29.495000,-82.105000,29.494500,-82.105300,apolloshield_df,camera,224.56442,10,5820000000,GMMM00MM08850001V64F,bluvec2.0-GMMM00MM08850001V64F,150,GREEN,NONE
1772111503000,A2D2-3A8C,FLT-3A8C-001,29.500000,-82.100000,150,14,0,Mavic Pro,false,drone_images/Mavic Pro.png,29.495000,-82.105000,29.494500,-82.105300,apolloshield_df,camera,224.56442,10,5820000000,GMMM00MM08850001V64F,bluvec2.0-GMMM00MM08850001V64F,150,GREEN,NONE
1772111503000,A2D2-3A8C,FLT-3A8C-001,29.500000,-82.100000,150,14,0,Mavic Pro,false,drone_images/Mavic Pro.png,29.495000,-82.105000,29.494500,-82.105300,apolloshield_df,camera,216.4811,10,5820000000,GMMM00MM08850001V64F,bluvec2.0-GMMM00MM08850001V64F,150,GREEN,NONE
1772111503000,A2D2-3A8C,FLT-3A8C-001,29.500000,-82.100000,150,14,0,Mavic Pro,false,drone_images/Mavic Pro.png,29.495000,-82.105000,29.494500,-82.105300,apolloshield_df,camera,216.4811,10,5820000000,GMMM00MM08850001V64F,bluvec2.0-GMMM00MM08850001V64F,150,GREEN,NONE
1772111503000,A2D2-3A8C,FLT-3A8C-001,29.500000,-82.100000,150,14,0,Mavic Pro,false,drone_images/Mavic Pro.png,29.495000,-82.105000,29.494500,-82.105300,apolloshield_df,camera,214.62723,10,5820000000,GMMM00MM08850001V64F,bluvec2.0-GMMM00MM08850001V64F,150,GREEN,NONE
1772111503000,A2D2-3A8C,FLT-3A8C-001,29.500000,-82.100000,150,14,0,Mavic Pro,false,drone_images/Mavic Pro.png,29.495000,-82.105000,29.494500,-82.105300,apolloshield_df,camera,215.71426,10,5820000000,GMMM00MM08850001V64F,bluvec2.0-GMMM00MM08850001V64F,150,GREEN,NONE
1772111503000,A2D2-3A8C,FLT-3A8C-001,29.500000,-82.100000,150,14,0,Mavic Pro,false,drone_images/Mavic Pro.png,29.495000,-82.105000,29.494500,-82.105300,apolloshield_df,camera,215.71426,10,5820000000,GMMM00MM08850001V64F,bluvec2.0-GMMM00MM08850001V64F,150,GREEN,NONE
1772111503000,A2D2-3A8C,FLT-3A8C-001,29.500000,-82.100000,150,14,0,Mavic Pro,false,drone_images/Mavic Pro.png,29.495000,-82.105000,29.494500,-82.105300,apolloshield_df,camera,215.71426,10,5820000000,GMMM00MM08850001V64F,bluvec2.0-GMMM00MM08850001V64F,150,GREEN,NONE
1772111503000,A2D2-3A8C,FLT-3A8C-001,29.500000,-82.100000,150,14,0,Mavic Pro,false,drone_images/Mavic Pro.png,29.495000,-82.105000,29.494500,-82.105300,apolloshield_df,camera,215.71426,10,5820000000,GMMM00MM08850001V64F,bluvec2.0-GMMM00MM08850001V64F,150,GREEN,NONE
1772111503000,A2D2-3A8C,FLT-3A8C-001,29.500000,-82.100000,150,14,0,Mavic Pro,false,drone_images/Mavic Pro.png,29.495000,-82.105000,29.494500,-82.105300,apolloshield_df,camera,219.44579,10,5820000000,GMMM00MM08850001V64F,bluvec2.0-GMMM00MM08850001V64F,150,GREEN,NONE
1772111503000,A2D2-3A8C,FLT-3A8C-001,29.500000,-82.100000,150,14,0,Mavic Pro,false,drone_images/Mavic Pro.png,29.495000,-82.105000,29.494500,-82.105300,apolloshield_df,camera,219.44579,10,5820000000,GMMM00MM08850001V64F,bluvec2.0-GMMM00MM08850001V64F,150,GREEN,NONE
1772111503000,A2D2-3A8C,FLT-3A8C-001,29.500000,-82.100000,150,14,0,Mavic Pro,false,drone_images/Mavic Pro.png,29.495000,-82.105000,29.494500,-82.105300,apolloshield_df,camera,219.44579,10,5820000000,GMMM00MM08850001V64F,bluvec2.0-GMMM00MM08850001V64F,150,GREEN,NONE
1772111503000,A2D2-3A8C,FLT-3A8C-001,29.500000,-82.100000,150,14,0,Mavic Pro,false,drone_images/Mavic Pro.png,29.495000,-82.105000,29.494500,-82.105300,apolloshield_df,camera,219.44579,10,5820000000,GMMM00MM08850001V64F,bluvec2.0-GMMM00MM08850001V64F,150,GREEN,NONE
1772111503000,A2D2-3A8C,FLT-3A8C-001,29.500000,-82.100000,150,14,0,Mavic Pro,false,drone_images/Mavic Pro.png,29.495000,-82.105000,29.494500,-82.105300,apolloshield_df,camera,217.30978,10,5820000000,GMMM00MM08850001V64F,bluvec2.0-GMMM00MM08850001V64F,150,GREEN,NONE
1772111503000,A2D2-3A8C,FLT-3A8C-001,29.500000,-82.100000,150,14,0,Mavic Pro,false,drone_images/Mavic Pro.png,29.495000,-82.105000,29.494500,-82.105300,apolloshield_df,camera,217.30978,10,5820000000,GMMM00MM08850001V64F,bluvec2.0-GMMM00MM08850001V64F,150,GREEN,NONE
1772111503000,A2D2-3A8C,FLT-3A8C-001,29.500000,-82.100000,150,14,0,Mavic Pro,false,drone_images/Mavic Pro.png,29.495000,-82.105000,29.494500,-82.105300,apolloshield_df,camera,219.65936,10,5820000000,GMMM00MM08850001V64F,bluvec2.0-GMMM00MM08850001V64F,150,GREEN,NONE
1772111503000,A2D2-3A8C,FLT-3A8C-001,29.500000,-82.100000,150,14,0,Mavic Pro,false,drone_images/Mavic Pro.png,29.495000,-82.105000,29.494500,-82.105300,apolloshield_df,camera,219.65936,10,5820000000,GMMM00MM08850001V64F,bluvec2.0-GMMM00MM08850001V64F,150,GREEN,NONE
1772111503000,A2D2-3A8C,FLT-3A8C-001,29.500000,-82.100000,150,14,0,Mavic Pro,false,drone_images/Mavic Pro.png,29.495000,-82.105000,29.494500,-82.105300,apolloshield_df,camera,221.78535,10,5820000000,GMMM00MM08850001V64F,bluvec2.0-GMMM00MM08850001V64F,150,GREEN,NONE
1772111503000,A2D2-3A8C,FLT-3A8C-001,29.500000,-82.100000,150,14,0,Mavic Pro,false,drone_images/Mavic Pro.png,29.495000,-82.105000,29.494500,-82.105300,apolloshield_df,camera,223.70903,10,5820000000,GMMM00MM08850001V64F,bluvec2.0-GMMM00MM08850001V64F,150,GREEN,NONE
1772111503000,A2D2-3A8C,FLT-3A8C-001,29.500000,-82.100000,150,14,0,Mavic Pro,false,drone_images/Mavic Pro.png,29.495000,-82.105000,29.494500,-82.105300,apolloshield_df,camera,223.70903,10,5820000000,GMMM00MM08850001V64F,bluvec2.0-GMMM00MM08850001V64F,150,GREEN,NONE
1772111503000,A2D2-3A8C,FLT-3A8C-001,29.500000,-82.100000,150,14,0,Mavic Pro,false,drone_images/Mavic Pro.png,29.495000,-82.105000,29.494500,-82.105300,apolloshield_df,camera,223.92705,10,5820000000,GMMM00MM08850001V64F,bluvec2.0-GMMM00MM08850001V64F,150,GREEN,NONE
1772111503000,A2D2-3A8C,FLT-3A8C-001,29.500000,-82.100000,150,14,0,Mavic Pro,false,drone_images/Mavic Pro.png,29.495000,-82.105000,29.494500,-82.105300,apolloshield_df,camera,223.92705,10,5820000000,GMMM00MM08850001V64F,bluvec2.0-GMMM00MM08850001V64F,150,GREEN,NONE
1772111503000,A2D2-3A8C,FLT-3A8C-001,29.500000,-82.100000,150,14,0,Mavic Pro,false,drone_images/Mavic Pro.png,29.495000,-82.105000,29.494500,-82.105300,apolloshield_df,camera,223.92705,10,5820000000,GMMM00MM08850001V64F,bluvec2.0-GMMM00MM08850001V64F,150,GREEN,NONE
1772111503000,A2D2-3A8C,FLT-3A8C-001,29.500000,-82.100000,150,14,0,Mavic Pro,false,drone_images/Mavic Pro.png,29.495000,-82.105000,29.494500,-82.105300,apolloshield_df,camera,223.92705,10,5820000000,GMMM00MM08850001V64F,bluvec2.0-GMMM00MM08850001V64F,150,GREEN,NONE
1772111503000,A2D2-3A8C,FLT-3A8C-001,29.500000,-82.100000,150,14,0,Mavic Pro,false,drone_images/Mavic Pro.png,29.495000,-82.105000,29.494500,-82.105300,apolloshield_df,camera,223.92705,10,5820000000,GMMM00MM08850001V64F,bluvec2.0-GMMM00MM08850001V64F,150,GREEN,NONE
1772111503000,A2D2-3A8C,FLT-3A8C-001,29.500000,-82.100000,150,14,0,Mavic Pro,false,drone_images/Mavic Pro.png,29.495000,-82.105000,29.494500,-82.105300,apolloshield_df,camera,223.92705,10,5820000000,GMMM00MM08850001V64F,bluvec2.0-GMMM00MM08850001V64F,150,GREEN,NONE
1772111503000,A2D2-3A8C,FLT-3A8C-001,29.500000,-82.100000,150,14,0,Mavic Pro,false,drone_images/Mavic Pro.png,29.495000,-82.105000,29.494500,-82.105300,apolloshield_df,camera,223.92705,10,5820000000,GMMM00MM08850001V64F,bluvec2.0-GMMM00MM08850001V64F,150,GREEN,NONE
1772111503000,A2D2-3A8C,FLT-3A8C-001,29.500000,-82.100000,150,14,0,Mavic Pro,false,drone_images/Mavic Pro.png,29.495000,-82.105000,29.494500,-82.105300,apolloshield_df,camera,223.92705,10,5820000000,GMMM00MM08850001V64F,bluvec2.0-GMMM00MM08850001V64F,150,GREEN,NONE
1772111503000,A2D2-3A8C,FLT-3A8C-001,29.500000,-82.100000,150,14,0,Mavic Pro,false,drone_images/Mavic Pro.png,29.495000,-82.105000,29.494500,-82.105300,apolloshield_df,camera,223.92705,10,5820000000,GMMM00MM08850001V64F,bluvec2.0-GMMM00MM08850001V64F,150,GREEN,NONE
1772111503000,A2D2-3A8C,FLT-3A8C-001,29.500000,-82.100000,150,14,0,Mavic Pro,false,drone_images/Mavic Pro.png,29.495000,-82.105000,29.494500,-82.105300,apolloshield_df,camera,226.9908,10,5820000000,GMMM00MM08850001V64F,bluvec2.0-GMMM00MM08850001V64F,150,GREEN,NONE
1772111503000,A2D2-3A8C,FLT-3A8C-001,29.500000,-82.100000,150,14,0,Mavic Pro,false,drone_images/Mavic Pro.png,29.495000,-82.105000,29.494500,-82.105300,apolloshield_df,camera,226.9908,10,5820000000,GMMM00MM08850001V64F,bluvec2.0-GMMM00MM08850001V64F,150,GREEN,NONE
1772111503000,A2D2-3A8C,FLT-3A8C-001,29.500000,-82.100000,150,14,0,Mavic Pro,false,drone_images/Mavic Pro.png,29.495000,-82.105000,29.494500,-82.105300,apolloshield_df,camera,227.27716,10,5820000000,GMMM00MM08850001V64F,bluvec2.0-GMMM00MM08850001V64F,150,GREEN,NONE
1772111503000,A2D2-3A8C,FLT-3A8C-001,29.500000,-82.100000,150,14,0,Mavic Pro,false,drone_images/Mavic Pro.png,29.495000,-82.105000,29.494500,-82.105300,apolloshield_df,camera,227.27716,10,5820000000,GMMM00MM08850001V64F,bluvec2.0-GMMM00MM08850001V64F,150,GREEN,NONE
1772111503000,A2D2-3A8C,FLT-3A8C-001,29.500000,-82.100000,150,14,0,Mavic Pro,false,drone_images/Mavic Pro.png,29.495000,-82.105000,29.494500,-82.105300,apolloshield_df,camera,224.3959,10,5820000000,GMMM00MM08850001V64F,bluvec2.0-GMMM00MM08850001V64F,150,GREEN,NONE
1772111503000,A2D2-3A8C,FLT-3A8C-001,29.500000,-82.100000,150,14,0,Mavic Pro,false,drone_images/Mavic Pro.png,29.495000,-82.105000,29.494500,-82.105300,apolloshield_df,camera,224.3959,10,5820000000,GMMM00MM08850001V64F,bluvec2.0-GMMM00MM08850001V64F,150,GREEN,NONE
1772111503000,A2D2-3A8C,FLT-3A8C-001,29.500000,-82.100000,150,14,0,Mavic Pro,false,drone_images/Mavic Pro.png,29.495000,-82.105000,29.494500,-82.105300,apolloshield_df,camera,224.3959,10,5820000000,GMMM00MM08850001V64F,bluvec2.0-GMMM00MM08850001V64F,150,GREEN,NONE
1772111503000,A2D2-3A8C,FLT-3A8C-001,29.500000,-82.100000,150,14,0,Mavic Pro,false,drone_images/Mavic Pro.png,29.495000,-82.105000,29.494500,-82.105300,apolloshield_df,camera,224.3959,10,5820000000,GMMM00MM08850001V64F,bluvec2.0-GMMM00MM08850001V64F,150,GREEN,NONE
1772111503000,A2D2-3A8C,FLT-3A8C-001,29.500000,-82.100000,150,14,0,Mavic Pro,false,drone_images/Mavic Pro.png,29.495000,-82.105000,29.494500,-82.105300,apolloshield_df,camera,225.48677,10,5820000000,GMMM00MM08850001V64F,bluvec2.0-GMMM00MM08850001V64F,150,GREEN,NONE
1772111503000,A2D2-3A8C,FLT-3A8C-001,29.500000,-82.100000,150,14,0,Mavic Pro,false,drone_images/Mavic Pro.png,29.495000,-82.105000,29.494500,-82.105300,apolloshield_df,camera,225.48677,10,5820000000,GMMM00MM08850001V64F,bluvec2.0-GMMM00MM08850001V64F,150,GREEN,NONE
1772111503000,A2D2-3A8C,FLT-3A8C-001,29.500000,-82.100000,150,14,0,Mavic Pro,false,drone_images/Mavic Pro.png,29.495000,-82.105000,29.494500,-82.105300,apolloshield_df,camera,225.48677,10,5820000000,GMMM00MM08850001V64F,bluvec2.0-GMMM00MM08850001V64F,150,GREEN,NONE
1772111503000,A2D2-3A8C,FLT-3A8C-001,29.500000,-82.100000,150,14,0,Mavic Pro,false,drone_images/Mavic Pro.png,29.495000,-82.105000,29.494500,-82.105300,apolloshield_df,camera,225.48677,10,5820000000,GMMM00MM08850001V64F,bluvec2.0-GMMM00MM08850001V64F,150,GREEN,NONE
1772111503000,A2D2-3A8C,FLT-3A8C-001,29.500000,-82.100000,150,14,0,Mavic Pro,false,drone_images/Mavic Pro.png,29.495000,-82.105000,29.494500,-82.105300,apolloshield_df,camera,225.48677,10,5820000000,GMMM00MM08850001V64F,bluvec2.0-GMMM00MM08850001V64F,150,GREEN,NONE
1772111503000,A2D2-3A8C,FLT-3A8C-001,29.500000,-82.100000,150,14,0,Mavic Pro,false,drone_images/Mavic Pro.png,29.495000,-82.105000,29.494500,-82.105300,apolloshield_df,camera,225.48677,10,5820000000,GMMM00MM08850001V64F,bluvec2.0-GMMM00MM08850001V64F,150,GREEN,NONE
1772111503000,A2D2-3A8C,FLT-3A8C-001,29.500000,-82.100000,150,14,0,Mavic Pro,false,drone_images/Mavic Pro.png,29.495000,-82.105000,29.494500,-82.105300,apolloshield_df,camera,225.48677,10,5820000000,GMMM00MM08850001V64F,bluvec2.0-GMMM00MM08850001V64F,150,GREEN,NONE
1772111503000,A2D2-3A8C,FLT-3A8C-001,29.500000,-82.100000,150,14,0,Mavic Pro,false,drone_images/Mavic Pro.png,29.495000,-82.105000,29.494500,-82.105300,apolloshield_df,camera,225.48677,10,5820000000,GMMM00MM08850001V64F,bluvec2.0-GMMM00MM08850001V64F,150,GREEN,NONE
1772111503000,A2D2-3A8C,FLT-3A8C-001,29.500000,-82.100000,150,14,0,Mavic Pro,false,drone_images/Mavic Pro.png,29.495000,-82.105000,29.494500,-82.105300,apolloshield_df,camera,225.48677,10,5820000000,GMMM00MM08850001V64F,bluvec2.0-GMMM00MM08850001V64F,150,GREEN,NONE
1772111503000,A2D2-3A8C,FLT-3A8C-001,29.500000,-82.100000,150,14,0,Mavic Pro,false,drone_images/Mavic Pro.png,29.495000,-82.105000,29.494500,-82.105300,apolloshield_df,camera,225.48677,10,5820000000,GMMM00MM08850001V64F,bluvec2.0-GMMM00MM08850001V64F,150,GREEN,NONE
1772111503000,A2D2-3A8C,FLT-3A8C-001,29.500000,-82.100000,150,14,0,Mavic Pro,false,drone_images/Mavic Pro.png,29.495000,-82.105000,29.494500,-82.105300,apolloshield_df,camera,225.48677,10,5820000000,GMMM00MM08850001V64F,bluvec2.0-GMMM00MM08850001V64F,150,GREEN,NONE
1772111503000,A2D2-3A8C,FLT-3A8C-001,29.500000,-82.100000,150,14,0,Mavic Pro,false,drone_images/Mavic Pro.png,29.495000,-82.105000,29.494500,-82.105300,apolloshield_df,camera,225.48677,10,5820000000,GMMM00MM08850001V64F,bluvec2.0-GMMM00MM08850001V64F,150,GREEN,NONE
1772111503000,A2D2-3A8C,FLT-3A8C-001,29.500000,-82.100000,150,14,0,Mavic Pro,false,drone_images/Mavic Pro.png,29.495000,-82.105000,29.494500,-82.105300,apolloshield_df,camera,225.48677,10,5820000000,GMMM00MM08850001V64F,bluvec2.0-GMMM00MM08850001V64F,150,GREEN,NONE
1772111503000,A2D2-3A8C,FLT-3A8C-001,29.500000,-82.100000,150,14,0,Mavic Pro,false,drone_images/Mavic Pro.png,29.495000,-82.105000,29.494500,-82.105300,apolloshield_df,camera,225.48677,10,5820000000,GMMM00MM08850001V64F,bluvec2.0-GMMM00MM08850001V64F,150,GREEN,NONE
1772111503000,A2D2-3A8C,FLT-3A8C-001,29.500000,-82.100000,150,14,0,Mavic Pro,false,drone_images/Mavic Pro.png,29.495000,-82.105000,29.494500,-82.105300,apolloshield_df,camera,225.48677,10,5820000000,GMMM00MM08850001V64F,bluvec2.0-GMMM00MM08850001V64F,150,GREEN,NONE
1772111503000,A2D2-3A8C,FLT-3A8C-001,29.500000,-82.100000,150,14,0,Mavic Pro,false,drone_images/Mavic Pro.png,29.495000,-82.105000,29.494500,-82.105300,apolloshield_df,camera,225.48677,10,5820000000,GMMM00MM08850001V64F,bluvec2.0-GMMM00MM08850001V64F,150,GREEN,NONE
1772111503000,A2D2-3A8C,FLT-3A8C-001,29.500000,-82.100000,150,14,0,Mavic Pro,false,drone_images/Mavic Pro.png,29.495000,-82.105000,29.494500,-82.105300,apolloshield_df,camera,225.48677,10,5820000000,GMMM00MM08850001V64F,bluvec2.0-GMMM00MM08850001V64F,150,GREEN,NONE
1772111503000,A2D2-3A8C,FLT-3A8C-001,29.500000,-82.100000,150,14,0,Mavic Pro,false,drone_images/Mavic Pro.png,29.495000,-82.105000,29.494500,-82.105300,apolloshield_df,camera,225.48677,10,5820000000,GMMM00MM08850001V64F,bluvec2.0-GMMM00MM08850001V64F,150,GREEN,NONE
1772111503000,A2D2-3A8C,FLT-3A8C-001,29.500000,-82.100000,150,14,0,Mavic Pro,false,drone_images/Mavic Pro.png,29.495000,-82.105000,29.494500,-82.105300,apolloshield_df,camera,225.48677,10,5820000000,GMMM00MM08850001V64F,bluvec2.0-GMMM00MM08850001V64F,150,GREEN,NONE
1772111503000,A2D2-3A8C,FLT-3A8C-001,29.500000,-82.100000,150,14,0,Mavic Pro,false,drone_images/Mavic Pro.png,29.495000,-82.105000,29.494500,-82.105300,apolloshield_df,camera,225.48677,10,5820000000,GMMM00MM08850001V64F,bluvec2.0-GMMM00MM08850001V64F,150,GREEN,NONE
1772111503000,A2D2-3A8C,FLT-3A8C-001,29.500000,-82.100000,150,14,0,Mavic Pro,false,drone_images/Mavic Pro.png,29.495000,-82.105000,29.494500,-82.105300,apolloshield_df,camera,225.48677,10,5820000000,GMMM00MM08850001V64F,bluvec2.0-GMMM00MM08850001V64F,150,GREEN,NONE
1772111503000,A2D2-3A8C,FLT-3A8C-001,29.500000,-82.100000,150,14,0,Mavic Pro,false,drone_images/Mavic Pro.png,29.495000,-82.105000,29.494500,-82.105300,apolloshield_df,camera,225.48677,10,5820000000,GMMM00MM08850001V64F,bluvec2.0-GMMM00MM08850001V64F,150,GREEN,NONE
1772111503000,A2D2-3A8C,FLT-3A8C-001,29.500000,-82.100000,150,14,0,Mavic Pro,false,drone_images/Mavic Pro.png,29.495000,-82.105000,29.494500,-82.105300,apolloshield_df,camera,225.48677,10,5820000000,GMMM00MM08850001V64F,bluvec2.0-GMMM00MM08850001V64F,150,GREEN,NONE
1772111503000,A2D2-3A8C,FLT-3A8C-001,29.500000,-82.100000,150,14,0,Mavic Pro,false,drone_images/Mavic Pro.png,29.495000,-82.105000,29.494500,-82.105300,apolloshield_df,camera,225.48677,10,5820000000,GMMM00MM08850001V64F,bluvec2.0-GMMM00MM08850001V64F,150,GREEN,NONE
1772111503000,A2D2-3A8C,FLT-3A8C-001,29.500000,-82.100000,150,14,0,Mavic Pro,false,drone_images/Mavic Pro.png,29.495000,-82.105000,29.494500,-82.105300,apolloshield_df,camera,225.48677,10,5820000000,GMMM00MM08850001V64F,bluvec2.0-GMMM00MM08850001V64F,150,GREEN,NONE
1772111503000,A2D2-3A8C,FLT-3A8C-001,29.500000,-82.100000,150,14,0,Mavic Pro,false,drone_images/Mavic Pro.png,29.495000,-82.105000,29.494500,-82.105300,apolloshield_df,camera,225.48677,10,5820000000,GMMM00MM08850001V64F,bluvec2.0-GMMM00MM08850001V64F,150,GREEN,NONE
1772111503000,A2D2-3A8C,FLT-3A8C-001,29.500000,-82.100000,150,14,0,Mavic Pro,false,drone_images/Mavic Pro.png,29.495000,-82.105000,29.494500,-82.105300,apolloshield_df,camera,225.48677,10,5820000000,GMMM00MM08850001V64F,bluvec2.0-GMMM00MM08850001V64F,150,GREEN,NONE
1772111503000,A2D2-3A8C,FLT-3A8C-001,29.500000,-82.100000,150,14,0,Mavic Pro,false,drone_images/Mavic Pro.png,29.495000,-82.105000,29.494500,-82.105300,apolloshield_df,camera,225.48677,10,5820000000,GMMM00MM08850001V64F,bluvec2.0-GMMM00MM08850001V64F,150,GREEN,NONE
1772111503000,A2D2-3A8C,FLT-3A8C-001,29.500000,-82.100000,150,14,0,Mavic Pro,false,drone_images/Mavic Pro.png,29.495000,-82.105000,29.494500,-82.105300,apolloshield_df,camera,225.48677,10,5820000000,GMMM00MM08850001V64F,bluvec2.0-GMMM00MM08850001V64F,150,GREEN,NONE
1772111503000,A2D2-3A8C,FLT-3A8C-001,29.500000,-82.100000,150,14,0,Mavic Pro,false,drone_images/Mavic Pro.png,29.495000,-82.105000,29.494500,-82.105300,apolloshield_df,camera,225.48677,10,5820000000,GMMM00MM08850001V64F,bluvec2.0-GMMM00MM08850001V64F,150,GREEN,NONE
1772111503000,A2D2-3A8C,FLT-3A8C-001,29.500000,-82.100000,150,14,0,Mavic Pro,false,drone_images/Mavic Pro.png,29.495000,-82.105000,29.494500,-82.105300,apolloshield_df,camera,225.48677,10,5820000000,GMMM00MM08850001V64F,bluvec2.0-GMMM00MM08850001V64F,150,GREEN,NONE
1772111503000,A2D2-3A8C,FLT-3A8C-001,29.500000,-82.100000,150,14,0,Mavic Pro,false,drone_images/Mavic Pro.png,29.495000,-82.105000,29.494500,-82.105300,apolloshield_df,camera,225.48677,10,5820000000,GMMM00MM08850001V64F,bluvec2.0-GMMM00MM08850001V64F,150,GREEN,NONE
1772111503000,A2D2-3A8C,FLT-3A8C-001,29.500000,-82.100000,150,14,0,Mavic Pro,false,drone_images/Mavic Pro.png,29.495000,-82.105000,29.494500,-82.105300,apolloshield_df,camera,225.48677,10,5820000000,GMMM00MM08850001V64F,bluvec2.0-GMMM00MM08850001V64F,150,GREEN,NONE
1772111503000,A2D2-3A8C,FLT-3A8C-001,29.500000,-82.100000,150,14,0,Mavic Pro,false,drone_images/Mavic Pro.png,29.495000,-82.105000,29.494500,-82.105300,apolloshield_df,camera,225.48677,10,5820000000,GMMM00MM08850001V64F,bluvec2.0-GMMM00MM08850001V64F,150,GREEN,NONE
1772111503000,A2D2-3A8C,FLT-3A8C-001,29.500000,-82.100000,150,14,0,Mavic Pro,false,drone_images/Mavic Pro.png,29.495000,-82.105000,29.494500,-82.105300,apolloshield_df,camera,225.48677,10,5820000000,GMMM00MM08850001V64F,bluvec2.0-GMMM00MM08850001V64F,150,GREEN,NONE
1772111503000,A2D2-3A8C,FLT-3A8C-001,29.500000,-82.100000,150,14,0,Mavic Pro,false,drone_images/Mavic Pro.png,29.495000,-82.105000,29.494500,-82.105300,apolloshield_df,camera,225.48677,10,5820000000,GMMM00MM08850001V64F,bluvec2.0-GMMM00MM08850001V64F,150,GREEN,NONE
1772111503000,A2D2-3A8C,FLT-3A8C-001,29.500000,-82.100000,150,14,0,Mavic Pro,false,drone_images/Mavic Pro.png,29.495000,-82.105000,29.494500,-82.105300,apolloshield_df,camera,225.48677,10,5820000000,GMMM00MM08850001V64F,bluvec2.0-GMMM00MM08850001V64F,150,GREEN,NONE
1772111503000,A2D2-3A8C,FLT-3A8C-001,29.500000,-82.100000,150,14,0,Mavic Pro,false,drone_images/Mavic Pro.png,29.495000,-82.105000,29.494500,-82.105300,apolloshield_df,camera,225.48677,10,5820000000,GMMM00MM08850001V64F,bluvec2.0-GMMM00MM08850001V64F,150,GREEN,NONE
1772111503000,A2D2-3A8C,FLT-3A8C-001,29.500000,-82.100000,150,14,0,Mavic Pro,false,drone_images/Mavic Pro.png,29.495000,-82.105000,29.494500,-82.105300,apolloshield_df,camera,225.48677,10,5820000000,GMMM00MM08850001V64F,bluvec2.0-GMMM00MM08850001V64F,150,GREEN,NONE
1772111503000,A2D2-3A8C,FLT-3A8C-001,29.500000,-82.100000,150,14,0,Mavic Pro,false,drone_images/Mavic Pro.png,29.495000,-82.105000,29.494500,-82.105300,apolloshield_df,camera,225.48677,10,5820000000,GMMM00MM08850001V64F,bluvec2.0-GMMM00MM08850001V64F,150,GREEN,NONE
1772111503000,A2D2-3A8C,FLT-3A8C-001,29.500000,-82.100000,150,14,0,Mavic Pro,false,drone_images/Mavic Pro.png,29.495000,-82.105000,29.494500,-82.105300,apolloshield_df,camera,225.48677,10,5820000000,GMMM00MM08850001V64F,bluvec2.0-GMMM00MM08850001V64F,150,GREEN,NONE
1772111503000,A2D2-3A8C,FLT-3A8C-001,29.500000,-82.100000,150,14,0,Mavic Pro,false,drone_images/Mavic Pro.png,29.495000,-82.105000,29.494500,-82.105300,apolloshield_df,camera,225.48677,10,5820000000,GMMM00MM08850001V64F,bluvec2.0-GMMM00MM08850001V64F,150,GREEN,NONE
1772111503000,A2D2-3A8C,FLT-3A8C-001,29.500000,-82.100000,150,14,0,Mavic Pro,false,drone_images/Mavic Pro.png,29.495000,-82.105000,29.494500,-82.105300,apolloshield_df,camera,225.48677,10,5820000000,GMMM00MM08850001V64F,bluvec2.0-GMMM00MM08850001V64F,150,GREEN,NONE
1772111503000,A2D2-3A8C,FLT-3A8C-001,29.500000,-82.100000,150,14,0,Mavic Pro,false,drone_images/Mavic Pro.png,29.495000,-82.105000,29.494500,-82.105300,apolloshield_df,camera,225.48677,10,5820000000,GMMM00MM08850001V64F,bluvec2.0-GMMM00MM08850001V64F,150,GREEN,NONE
1772111503000,A2D2-3A8C,FLT-3A8C-001,29.500000,-82.100000,150,14,0,Mavic Pro,false,drone_images/Mavic Pro.png,29.495000,-82.105000,29.494500,-82.105300,apolloshield_df,camera,225.48677,10,5820000000,GMMM00MM08850001V64F,bluvec2.0-GMMM00MM08850001V64F,150,GREEN,NONE
1772111503000,A2D2-3A8C,FLT-3A8C-001,29.500000,-82.100000,150,14,0,Mavic Pro,false,drone_images/Mavic Pro.png,29.495000,-82.105000,29.494500,-82.105300,apolloshield_df,camera,225.48677,10,5820000000,GMMM00MM08850001V64F,bluvec2.0-GMMM00MM08850001V64F,150,GREEN,NONE
1772111503000,A2D2-3A8C,FLT-3A8C-001,29.500000,-82.100000,150,14,0,Mavic Pro,false,drone_images/Mavic Pro.png,29.495000,-82.105000,29.494500,-82.105300,apolloshield_df,camera,225.48677,10,5820000000,GMMM00MM08850001V64F,bluvec2.0-GMMM00MM08850001V64F,150,GREEN,NONE
1772111503000,A2D2-3A8C,FLT-3A8C-001,29.500000,-82.100000,150,14,0,Mavic Pro,false,drone_images/Mavic Pro.png,29.495000,-82.105000,29.494500,-82.105300,apolloshield_df,camera,225.48677,10,5820000000,GMMM00MM08850001V64F,bluvec2.0-GMMM00MM08850001V64F,150,GREEN,NONE
1772111503000,A2D2-3A8C,FLT-3A8C-001,29.500000,-82.100000,150,14,0,Mavic Pro,false,drone_images/Mavic Pro.png,29.495000,-82.105000,29.494500,-82.105300,apolloshield_df,camera,225.48677,10,5820000000,GMMM00MM08850001V64F,bluvec2.0-GMMM00MM08850001V64F,150,GREEN,NONE
1772111503000,A2D2-3A8C,FLT-3A8C-001,29.500000,-82.100000,150,14,0,Mavic Pro,false,drone_images/Mavic Pro.png,29.495000,-82.105000,29.494500,-82.105300,apolloshield_df,camera,225.48677,10,5820000000,GMMM00MM08850001V64F,bluvec2.0-GMMM00MM08850001V64F,150,GREEN,NONE
1772111503000,A2D2-3A8C,FLT-3A8C-001,29.500000,-82.100000,150,14,0,Mavic Pro,false,drone_images/Mavic Pro.png,29.495000,-82.105000,29.494500,-82.105300,apolloshield_df,camera,225.48677,10,5820000000,GMMM00MM08850001V64F,bluvec2.0-GMMM00MM08850001V64F,150,GREEN,NONE
1772111503000,A2D2-3A8C,FLT-3A8C-001,29.500000,-82.100000,150,14,0,Mavic Pro,false,drone_images/Mavic Pro.png,29.495000,-82.105000,29.494500,-82.105300,apolloshield_df,camera,225.48677,10,5820000000,GMMM00MM08850001V64F,bluvec2.0-GMMM00MM08850001V64F,150,GREEN,NONE
1772111503000,A2D2-3A8C,FLT-3A8C-001,29.500000,-82.100000,150,14,0,Mavic Pro,false,drone_images/Mavic Pro.png,29.495000,-82.105000,29.494500,-82.105300,apolloshield_df,camera,225.48677,10,5820000000,GMMM00MM08850001V64F,bluvec2.0-GMMM00MM08850001V64F,150,GREEN,NONE
1772111503000,A2D2-3A8C,FLT-3A8C-001,29.500000,-82.100000,150,14,0,Mavic Pro,false,drone_images/Mavic Pro.png,29.495000,-82.105000,29.494500,-82.105300,apolloshield_df,camera,225.48677,10,5820000000,GMMM00MM08850001V64F,bluvec2.0-GMMM00MM08850001V64F,150,GREEN,NONE
1772111503000,A2D2-3A8C,FLT-3A8C-001,29.500000,-82.100000,150,14,0,Mavic Pro,false,drone_images/Mavic Pro.png,29.495000,-82.105000,29.494500,-82.105300,apolloshield_df,camera,225.48677,10,5820000000,GMMM00MM08850001V64F,bluvec2.0-GMMM00MM08850001V64F,150,GREEN,NONE
1772111503000,A2D2-3A8C,FLT-3A8C-001,29.500000,-82.100000,150,14,0,Mavic Pro,false,drone_images/Mavic Pro.png,29.495000,-82.105000,29.494500,-82.105300,apolloshield_df,camera,225.48677,10,5820000000,GMMM00MM08850001V64F,bluvec2.0-GMMM00MM08850001V64F,150,GREEN,NONE
1772111503000,A2D2-3A8C,FLT-3A8C-001,29.500000,-82.100000,150,14,0,Mavic Pro,false,drone_images/Mavic Pro.png,29.495000,-82.105000,29.494500,-82.105300,apolloshield_df,camera,225.48677,10,5820000000,GMMM00MM08850001V64F,bluvec2.0-GMMM00MM08850001V64F,150,GREEN,NONE
1772111503000,A2D2-3A8C,FLT-3A8C-001,29.500000,-82.100000,150,14,0,Mavic Pro,false,drone_images/Mavic Pro.png,29.495000,-82.105000,29.494500,-82.105300,apolloshield_df,camera,225.48677,10,5820000000,GMMM00MM08850001V64F,bluvec2.0-GMMM00MM08850001V64F,150,GREEN,NONE
1772111503000,A2D2-3A8C,FLT-3A8C-001,29.500000,-82.100000,150,14,0,Mavic Pro,false,drone_images/Mavic Pro.png,29.495000,-82.105000,29.494500,-82.105300,apolloshield_df,camera,225.48677,10,5820000000,GMMM00MM08850001V64F,bluvec2.0-GMMM00MM08850001V64F,150,GREEN,NONE
1772111503000,A2D2-3A8C,FLT-3A8C-001,29.500000,-82.100000,150,14,0,Mavic Pro,false,drone_images/Mavic Pro.png,29.495000,-82.105000,29.494500,-82.105300,apolloshield_df,camera,225.48677,10,5820000000,GMMM00MM08850001V64F,bluvec2.0-GMMM00MM08850001V64F,150,GREEN,NONE
1772111503000,A2D2-3A8C,FLT-3A8C-001,29.500000,-82.100000,150,14,0,Mavic Pro,false,drone_images/Mavic Pro.png,29.495000,-82.105000,29.494500,-82.105300,apolloshield_df,camera,225.48677,10,5820000000,GMMM00MM08850001V64F,bluvec2.0-GMMM00MM08850001V64F,150,GREEN,NONE
1772111503000,A2D2-3A8C,FLT-3A8C-001,29.500000,-82.100000,150,14,0,Mavic Pro,false,drone_images/Mavic Pro.png,29.495000,-82.105000,29.494500,-82.105300,apolloshield_df,camera,225.48677,10,5820000000,GMMM00MM08850001V64F,bluvec2.0-GMMM00MM08850001V64F,150,GREEN,NONE
1772111503000,A2D2-3A8C,FLT-3A8C-001,29.500000,-82.100000,150,14,0,Mavic Pro,false,drone_images/Mavic Pro.png,29.495000,-82.105000,29.494500,-82.105300,apolloshield_df,camera,225.48677,10,5820000000,GMMM00MM08850001V64F,bluvec2.0-GMMM00MM08850001V64F,150,GREEN,NONE
1772111503000,A2D2-3A8C,FLT-3A8C-001,29.500000,-82.100000,150,14,0,Mavic Pro,false,drone_images/Mavic Pro.png,29.495000,-82.105000,29.494500,-82.105300,apolloshield_df,camera,225.48677,10,5820000000,GMMM00MM08850001V64F,bluvec2.0-GMMM00MM08850001V64F,150,GREEN,NONE
1772111503000,A2D2-3A8C,FLT-3A8C-001,29.500000,-82.100000,150,14,0,Mavic Pro,false,drone_images/Mavic Pro.png,29.495000,-82.105000,29.494500,-82.105300,apolloshield_df,camera,225.48677,10,5820000000,GMMM00MM08850001V64F,bluvec2.0-GMMM00MM08850001V64F,150,GREEN,NONE
1772111503000,A2D2-3A8C,FLT-3A8C-001,29.500000,-82.100000,150,14,0,Mavic Pro,false,drone_images/Mavic Pro.png,29.495000,-82.105000,29.494500,-82.105300,apolloshield_df,camera,225.48677,10,5820000000,GMMM00MM08850001V64F,bluvec2.0-GMMM00MM08850001V64F,150,GREEN,NONE
1772111503000,A2D2-3A8C,FLT-3A8C-001,29.500000,-82.100000,150,14,0,Mavic Pro,false,drone_images/Mavic Pro.png,29.495000,-82.105000,29.494500,-82.105300,apolloshield_df,camera,225.48677,10,5820000000,GMMM00MM08850001V64F,bluvec2.0-GMMM00MM08850001V64F,150,GREEN,NONE
1772111503000,A2D2-3A8C,FLT-3A8C-001,29.500000,-82.100000,150,14,0,Mavic Pro,false,drone_images/Mavic Pro.png,29.495000,-82.105000,29.494500,-82.105300,apolloshield_df,camera,225.48677,10,5820000000,GMMM00MM08850001V64F,bluvec2.0-GMMM00MM08850001V64F,150,GREEN,NONE
1772111503000,A2D2-3A8C,FLT-3A8C-001,29.500000,-82.100000,150,14,0,Mavic Pro,false,drone_images/Mavic Pro.png,29.495000,-82.105000,29.494500,-82.105300,apolloshield_df,camera,225.48677,10,5820000000,GMMM00MM08850001V64F,bluvec2.0-GMMM00MM08850001V64F,150,GREEN,NONE
1772111503000,A2D2-3A8C,FLT-3A8C-001,29.500000,-82.100000,150,14,0,Mavic Pro,false,drone_images/Mavic Pro.png,29.495000,-82.105000,29.494500,-82.105300,apolloshield_df,camera,225.48677,10,5820000000,GMMM00MM08850001V64F,bluvec2.0-GMMM00MM08850001V64F,150,GREEN,NONE
1772111503000,A2D2-3A8C,FLT-3A8C-001,29.500000,-82.100000,150,14,0,Mavic Pro,false,drone_images/Mavic Pro.png,29.495000,-82.105000,29.494500,-82.105300,apolloshield_df,camera,225.48677,10,5820000000,GMMM00MM08850001V64F,bluvec2.0-GMMM00MM08850001V64F,150,GREEN,NONE
1772111503000,A2D2-3A8C,FLT-3A8C-001,29.500000,-82.100000,150,14,0,Mavic Pro,false,drone_images/Mavic Pro.png,29.495000,-82.105000,29.494500,-82.105300,apolloshield_df,camera,225.48677,10,5820000000,GMMM00MM08850001V64F,bluvec2.0-GMMM00MM08850001V64F,150,GREEN,NONE
1772111503000,A2D2-3A8C,FLT-3A8C-001,29.500000,-82.100000,150,14,0,Mavic Pro,false,drone_images/Mavic Pro.png,29.495000,-82.105000,29.494500,-82.105300,apolloshield_df,camera,225.48677,10,5820000000,GMMM00MM08850001V64F,bluvec2.0-GMMM00MM08850001V64F,150,GREEN,NONE
1772111503000,A2D2-3A8C,FLT-3A8C-001,29.500000,-82.100000,150,14,0,Mavic Pro,false,drone_images/Mavic Pro.png,29.495000,-82.105000,29.494500,-82.105300,apolloshield_df,camera,225.48677,10,5820000000,GMMM00MM08850001V64F,bluvec2.0-GMMM00MM08850001V64F,150,GREEN,NONE
1772111503000,A2D2-3A8C,FLT-3A8C-001,29.500000,-82.100000,150,14,0,Mavic Pro,false,drone_images/Mavic Pro.png,29.495000,-82.105000,29.494500,-82.105300,apolloshield_df,camera,225.48677,10,5820000000,GMMM00MM08850001V64F,bluvec2.0-GMMM00MM08850001V64F,150,GREEN,NONE
1772111503000,A2D2-3A8C,FLT-3A8C-001,29.500000,-82.100000,150,14,0,Mavic Pro,false,drone_images/Mavic Pro.png,29.495000,-82.105000,29.494500,-82.105300,apolloshield_df,camera,225.48677,10,5820000000,GMMM00MM08850001V64F,bluvec2.0-GMMM00MM08850001V64F,150,GREEN,NONE
1772111503000,A2D2-3A8C,FLT-3A8C-001,29.500000,-82.100000,150,14,0,Mavic Pro,false,drone_images/Mavic Pro.png,29.495000,-82.105000,29.494500,-82.105300,apolloshield_df,camera,225.48677,10,5820000000,GMMM00MM08850001V64F,bluvec2.0-GMMM00MM08850001V64F,150,GREEN,NONE
1772111503000,A2D2-3A8C,FLT-3A8C-001,29.500000,-82.100000,150,14,0,Mavic Pro,false,drone_images/Mavic Pro.png,29.495000,-82.105000,29.494500,-82.105300,apolloshield_df,camera,225.48677,10,5820000000,GMMM00MM08850001V64F,bluvec2.0-GMMM00MM08850001V64F,150,GREEN,NONE
1772111503000,A2D2-3A8C,FLT-3A8C-001,29.500000,-82.100000,150,14,0,Mavic Pro,false,drone_images/Mavic Pro.png,29.495000,-82.105000,29.494500,-82.105300,apolloshield_df,camera,225.48677,10,5820000000,GMMM00MM08850001V64F,bluvec2.0-GMMM00MM08850001V64F,150,GREEN,NONE
1772111503000,A2D2-3A8C,FLT-3A8C-001,29.500000,-82.100000,150,14,0,Mavic Pro,false,drone_images/Mavic Pro.png,29.495000,-82.105000,29.494500,-82.105300,apolloshield_df,camera,225.48677,10,5820000000,GMMM00MM08850001V64F,bluvec2.0-GMMM00MM08850001V64F,150,GREEN,NONE
1772111503000,A2D2-3A8C,FLT-3A8C-001,29.500000,-82.100000,150,14,0,Mavic Pro,false,drone_images/Mavic Pro.png,29.495000,-82.105000,29.494500,-82.105300,apolloshield_df,camera,225.48677,10,5820000000,GMMM00MM08850001V64F,bluvec2.0-GMMM00MM08850001V64F,150,GREEN,NONE
1772111503000,A2D2-3A8C,FLT-3A8C-001,29.500000,-82.100000,150,14,0,Mavic Pro,false,drone_images/Mavic Pro.png,29.495000,-82.105000,29.494500,-82.105300,apolloshield_df,camera,225.48677,10,5820000000,GMMM00MM08850001V64F,bluvec2.0-GMMM00MM08850001V64F,150,GREEN,NONE
1772111503000,A2D2-3A8C,FLT-3A8C-001,29.500000,-82.100000,150,14,0,Mavic Pro,false,drone_images/Mavic Pro.png,29.495000,-82.105000,29.494500,-82.105300,apolloshield_df,camera,225.48677,10,5820000000,GMMM00MM08850001V64F,bluvec2.0-GMMM00MM08850001V64F,150,GREEN,NONE
1772111503000,A2D2-3A8C,FLT-3A8C-001,29.500000,-82.100000,150,14,0,Mavic Pro,false,drone_images/Mavic Pro.png,29.495000,-82.105000,29.494500,-82.105300,apolloshield_df,camera,225.48677,10,5820000000,GMMM00MM08850001V64F,bluvec2.0-GMMM00MM08850001V64F,150,GREEN,NONE
1772111503000,A2D2-3A8C,FLT-3A8C-001,29.500000,-82.100000,150,14,0,Mavic Pro,false,drone_images/Mavic Pro.png,29.495000,-82.105000,29.494500,-82.105300,apolloshield_df,camera,225.48677,10,5820000000,GMMM00MM08850001V64F,bluvec2.0-GMMM00MM08850001V64F,150,GREEN,NONE
1772111503000,A2D2-3A8C,FLT-3A8C-001,29.500000,-82.100000,150,14,0,Mavic Pro,false,drone_images/Mavic Pro.png,29.495000,-82.105000,29.494500,-82.105300,apolloshield_df,camera,225.48677,10,5820000000,GMMM00MM08850001V64F,bluvec2.0-GMMM00MM08850001V64F,150,GREEN,NONE
1772111503000,A2D2-3A8C,FLT-3A8C-001,29.500000,-82.100000,150,14,0,Mavic Pro,false,drone_images/Mavic Pro.png,29.495000,-82.105000,29.494500,-82.105300,apolloshield_df,camera,225.48677,10,5820000000,GMMM00MM08850001V64F,bluvec2.0-GMMM00MM08850001V64F,150,GREEN,NONE
1772111503000,A2D2-3A8C,FLT-3A8C-001,29.500000,-82.100000,150,14,0,Mavic Pro,false,drone_images/Mavic Pro.png,29.495000,-82.105000,29.494500,-82.105300,apolloshield_df,camera,225.48677,10,5820000000,GMMM00MM08850001V64F,bluvec2.0-GMMM00MM08850001V64F,150,GREEN,NONE
1772111503000,A2D2-3A8C,FLT-3A8C-001,29.500000,-82.100000,150,14,0,Mavic Pro,false,drone_images/Mavic Pro.png,29.495000,-82.105000,29.494500,-82.105300,apolloshield_df,camera,225.48677,10,5820000000,GMMM00MM08850001V64F,bluvec2.0-GMMM00MM08850001V64F,150,GREEN,NONE
1772111503000,A2D2-3A8C,FLT-3A8C-001,29.500000,-82.100000,150,14,0,Mavic Pro,false,drone_images/Mavic Pro.png,29.495000,-82.105000,29.494500,-82.105300,apolloshield_df,camera,225.48677,10,5820000000,GMMM00MM08850001V64F,bluvec2.0-GMMM00MM08850001V64F,150,GREEN,NONE
1772111503000,A2D2-3A8C,FLT-3A8C-001,29.500000,-82.100000,150,14,0,Mavic Pro,false,drone_images/Mavic Pro.png,29.495000,-82.105000,29.494500,-82.105300,apolloshield_df,camera,225.48677,10,5820000000,GMMM00MM08850001V64F,bluvec2.0-GMMM00MM08850001V64F,150,GREEN,NONE
1772111503000,A2D2-3A8C,FLT-3A8C-001,29.500000,-82.100000,150,14,0,Mavic Pro,false,drone_images/Mavic Pro.png,29.495000,-82.105000,29.494500,-82.105300,apolloshield_df,camera,225.48677,10,5820000000,GMMM00MM08850001V64F,bluvec2.0-GMMM00MM08850001V64F,150,GREEN,NONE
1772111503000,A2D2-3A8C,FLT-3A8C-001,29.500000,-82.100000,150,14,0,Mavic Pro,false,drone_images/Mavic Pro.png,29.495000,-82.105000,29.494500,-82.105300,apolloshield_df,camera,225.48677,10,5820000000,GMMM00MM08850001V64F,bluvec2.0-GMMM00MM08850001V64F,150,GREEN,NONE
1772111503000,A2D2-3A8C,FLT-3A8C-001,29.500000,-82.100000,150,14,0,Mavic Pro,false,drone_images/Mavic Pro.png,29.495000,-82.105000,29.494500,-82.105300,apolloshield_df,camera,225.48677,10,5820000000,GMMM00MM08850001V64F,bluvec2.0-GMMM00MM08850001V64F,150,GREEN,NONE
1772111503000,A2D2-3A8C,FLT-3A8C-001,29.500000,-82.100000,150,14,0,Mavic Pro,false,drone_images/Mavic Pro.png,29.495000,-82.105000,29.494500,-82.105300,apolloshield_df,camera,225.48677,10,5820000000,GMMM00MM08850001V64F,bluvec2.0-GMMM00MM08850001V64F,150,GREEN,NONE
1772111503000,A2D2-3A8C,FLT-3A8C-001,29.500000,-82.100000,150,14,0,Mavic Pro,false,drone_images/Mavic Pro.png,29.495000,-82.105000,29.494500,-82.105300,apolloshield_df,camera,225.48677,10,5820000000,GMMM00MM08850001V64F,bluvec2.0-GMMM00MM08850001V64F,150,GREEN,NONE
1772111503000,A2D2-3A8C,FLT-3A8C-001,29.500000,-82.100000,150,14,0,Mavic Pro,false,drone_images/Mavic Pro.png,29.495000,-82.105000,29.494500,-82.105300,apolloshield_df,camera,225.48677,10,5820000000,GMMM00MM08850001V64F,bluvec2.0-GMMM00MM08850001V64F,150,GREEN,NONE
1772111503000,A2D2-3A8C,FLT-3A8C-001,29.500000,-82.100000,150,14,0,Mavic Pro,false,drone_images/Mavic Pro.png,29.495000,-82.105000,29.494500,-82.105300,apolloshield_df,camera,225.48677,10,5820000000,GMMM00MM08850001V64F,bluvec2.0-GMMM00MM08850001V64F,150,GREEN,NONE
1772111503000,A2D2-3A8C,FLT-3A8C-001,29.500000,-82.100000,150,14,0,Mavic Pro,false,drone_images/Mavic Pro.png,29.495000,-82.105000,29.494500,-82.105300,apolloshield_df,camera,225.48677,10,5820000000,GMMM00MM08850001V64F,bluvec2.0-GMMM00MM08850001V64F,150,GREEN,NONE
1772111503000,A2D2-3A8C,FLT-3A8C-001,29.500000,-82.100000,150,14,0,Mavic Pro,false,drone_images/Mavic Pro.png,29.495000,-82.105000,29.494500,-82.105300,apolloshield_df,camera,225.48677,10,5820000000,GMMM00MM08850001V64F,bluvec2.0-GMMM00MM08850001V64F,150,GREEN,NONE
1772111503000,A2D2-3A8C,FLT-3A8C-001,29.500000,-82.100000,150,14,0,Mavic Pro,false,drone_images/Mavic Pro.png,29.495000,-82.105000,29.494500,-82.105300,apolloshield_df,camera,225.48677,10,5820000000,GMMM00MM08850001V64F,bluvec2.0-GMMM00MM08850001V64F,150,GREEN,NONE
1772111503000,A2D2-3A8C,FLT-3A8C-001,29.500000,-82.100000,150,14,0,Mavic Pro,false,drone_images/Mavic Pro.png,29.495000,-82.105000,29.494500,-82.105300,apolloshield_df,camera,225.48677,10,5820000000,GMMM00MM08850001V64F,bluvec2.0-GMMM00MM08850001V64F,150,GREEN,NONE
1772111503000,A2D2-3A8C,FLT-3A8C-001,29.500000,-82.100000,150,14,0,Mavic Pro,false,drone_images/Mavic Pro.png,29.495000,-82.105000,29.494500,-82.105300,apolloshield_df,camera,225.48677,10,5820000000,GMMM00MM08850001V64F,bluvec2.0-GMMM00MM08850001V64F,150,GREEN,NONE
1772111503000,A2D2-3A8C,FLT-3A8C-001,29.500000,-82.100000,150,14,0,Mavic Pro,false,drone_images/Mavic Pro.png,29.495000,-82.105000,29.494500,-82.105300,apolloshield_df,camera,225.48677,10,5820000000,GMMM00MM08850001V64F,bluvec2.0-GMMM00MM08850001V64F,150,GREEN,NONE
1772111503000,A2D2-3A8C,FLT-3A8C-001,29.500000,-82.100000,150,14,0,Mavic Pro,false,drone_images/Mavic Pro.png,29.495000,-82.105000,29.494500,-82.105300,apolloshield_df,camera,225.48677,10,5820000000,GMMM00MM08850001V64F,bluvec2.0-GMMM00MM08850001V64F,150,GREEN,NONE
1772111503000,A2D2-3A8C,FLT-3A8C-001,29.500000,-82.100000,150,14,0,Mavic Pro,false,drone_images/Mavic Pro.png,29.495000,-82.105000,29.494500,-82.105300,apolloshield_df,camera,225.48677,10,5820000000,GMMM00MM08850001V64F,bluvec2.0-GMMM00MM08850001V64F,150,GREEN,NONE
1772111503000,A2D2-3A8C,FLT-3A8C-001,29.500000,-82.100000,150,14,0,Mavic Pro,false,drone_images/Mavic Pro.png,29.495000,-82.105000,29.494500,-82.105300,apolloshield_df,camera,225.48677,10,5820000000,GMMM00MM08850001V64F,bluvec2.0-GMMM00MM08850001V64F,150,GREEN,NONE
1772111503000,A2D2-3A8C,FLT-3A8C-001,29.500000,-82.100000,150,14,0,Mavic Pro,false,drone_images/Mavic Pro.png,29.495000,-82.105000,29.494500,-82.105300,apolloshield_df,camera,225.48677,10,5820000000,GMMM00MM08850001V64F,bluvec2.0-GMMM00MM08850001V64F,150,GREEN,NONE
1772111503000,A2D2-3A8C,FLT-3A8C-001,29.500000,-82.100000,150,14,0,Mavic Pro,false,drone_images/Mavic Pro.png,29.495000,-82.105000,29.494500,-82.105300,apolloshield_df,camera,225.48677,10,5820000000,GMMM00MM08850001V64F,bluvec2.0-GMMM00MM08850001V64F,150,GREEN,NONE
1772111503000,A2D2-3A8C,FLT-3A8C-001,29.500000,-82.100000,150,14,0,Mavic Pro,false,drone_images/Mavic Pro.png,29.495000,-82.105000,29.494500,-82.105300,apolloshield_df,camera,225.48677,10,5820000000,GMMM00MM08850001V64F,bluvec2.0-GMMM00MM08850001V64F,150,GREEN,NONE
1772111503000,A2D2-3A8C,FLT-3A8C-001,29.500000,-82.100000,150,14,0,Mavic Pro,false,drone_images/Mavic Pro.png,29.495000,-82.105000,29.494500,-82.105300,apolloshield_df,camera,225.48677,10,5820000000,GMMM00MM08850001V64F,bluvec2.0-GMMM00MM08850001V64F,150,GREEN,NONE
1772111503000,A2D2-3A8C,FLT-3A8C-001,29.500000,-82.100000,150,14,0,Mavic Pro,false,drone_images/Mavic Pro.png,29.495000,-82.105000,29.494500,-82.105300,apolloshield_df,camera,225.48677,10,5820000000,GMMM00MM08850001V64F,bluvec2.0-GMMM00MM08850001V64F,150,GREEN,NONE
1772111503000,A2D2-3A8C,FLT-3A8C-001,29.500000,-82.100000,150,14,0,Mavic Pro,false,drone_images/Mavic Pro.png,29.495000,-82.105000,29.494500,-82.105300,apolloshield_df,camera,225.48677,10,5820000000,GMMM00MM08850001V64F,bluvec2.0-GMMM00MM08850001V64F,150,GREEN,NONE
1772111503000,A2D2-3A8C,FLT-3A8C-001,29.500000,-82.100000,150,14,0,Mavic Pro,false,drone_images/Mavic Pro.png,29.495000,-82.105000,29.494500,-82.105300,apolloshield_df,camera,225.48677,10,5820000000,GMMM00MM08850001V64F,bluvec2.0-GMMM00MM08850001V64F,150,GREEN,NONE
1772111503000,A2D2-3A8C,FLT-3A8C-001,29.500000,-82.100000,150,14,0,Mavic Pro,false,drone_images/Mavic Pro.png,29.495000,-82.105000,29.494500,-82.105300,apolloshield_df,camera,225.48677,10,5820000000,GMMM00MM08850001V64F,bluvec2.0-GMMM00MM08850001V64F,150,GREEN,NONE
1772111503000,A2D2-3A8C,FLT-3A8C-001,29.500000,-82.100000,150,14,0,Mavic Pro,false,drone_images/Mavic Pro.png,29.495000,-82.105000,29.494500,-82.105300,apolloshield_df,camera,225.48677,10,5820000000,GMMM00MM08850001V64F,bluvec2.0-GMMM00MM08850001V64F,150,GREEN,NONE
1772111503000,A2D2-3A8C,FLT-3A8C-001,29.500000,-82.100000,150,14,0,Mavic Pro,false,drone_images/Mavic Pro.png,29.495000,-82.105000,29.494500,-82.105300,apolloshield_df,camera,225.48677,10,5820000000,GMMM00MM08850001V64F,bluvec2.0-GMMM00MM08850001V64F,150,GREEN,NONE
1772111503000,A2D2-3A8C,FLT-3A8C-001,29.500000,-82.100000,150,14,0,Mavic Pro,false,drone_images/Mavic Pro.png,29.495000,-82.105000,29.494500,-82.105300,apolloshield_df,camera,225.48677,10,5820000000,GMMM00MM08850001V64F,bluvec2.0-GMMM00MM08850001V64F,150,GREEN,NONE
1772111503000,A2D2-3A8C,FLT-3A8C-001,29.500000,-82.100000,150,14,0,Mavic Pro,false,drone_images/Mavic Pro.png,29.495000,-82.105000,29.494500,-82.105300,apolloshield_df,camera,225.48677,10,5820000000,GMMM00MM08850001V64F,bluvec2.0-GMMM00MM08850001V64F,150,GREEN,NONE
1772111503000,A2D2-3A8C,FLT-3A8C-001,29.500000,-82.100000,150,14,0,Mavic Pro,false,drone_images/Mavic Pro.png,29.495000,-82.105000,29.494500,-82.105300,apolloshield_df,camera,225.48677,10,5820000000,GMMM00MM08850001V64F,bluvec2.0-GMMM00MM08850001V64F,150,GREEN,NONE
1772111503000,A2D2-3A8C,FLT-3A8C-001,29.500000,-82.100000,150,14,0,Mavic Pro,false,drone_images/Mavic Pro.png,29.495000,-82.105000,29.494500,-82.105300,apolloshield_df,camera,225.48677,10,5820000000,GMMM00MM08850001V64F,bluvec2.0-GMMM00MM08850001V64F,150,GREEN,NONE
1772111503000,A2D2-3A8C,FLT-3A8C-001,29.500000,-82.100000,150,14,0,Mavic Pro,false,drone_images/Mavic Pro.png,29.495000,-82.105000,29.494500,-82.105300,apolloshield_df,camera,225.48677,10,5820000000,GMMM00MM08850001V64F,bluvec2.0-GMMM00MM08850001V64F,150,GREEN,NONE
1772111503000,A2D2-3A8C,FLT-3A8C-001,29.500000,-82.100000,150,14,0,Mavic Pro,false,drone_images/Mavic Pro.png,29.495000,-82.105000,29.494500,-82.105300,apolloshield_df,camera,225.48677,10,5820000000,GMMM00MM08850001V64F,bluvec2.0-GMMM00MM08850001V64F,150,GREEN,NONE
1772111503000,A2D2-3A8C,FLT-3A8C-001,29.500000,-82.100000,150,14,0,Mavic Pro,false,drone_images/Mavic Pro.png,29.495000,-82.105000,29.494500,-82.105300,apolloshield_df,camera,225.48677,10,5820000000,GMMM00MM08850001V64F,bluvec2.0-GMMM00MM08850001V64F,150,GREEN,NONE
1772111503000,A2D2-3A8C,FLT-3A8C-001,29.500000,-82.100000,150,14,0,Mavic Pro,false,drone_images/Mavic Pro.png,29.495000,-82.105000,29.494500,-82.105300,apolloshield_df,camera,225.48677,10,5820000000,GMMM00MM08850001V64F,bluvec2.0-GMMM00MM08850001V64F,150,GREEN,NONE
1772111503000,A2D2-3A8C,FLT-3A8C-001,29.500000,-82.100000,150,14,0,Mavic Pro,false,drone_images/Mavic Pro.png,29.495000,-82.105000,29.494500,-82.105300,apolloshield_df,camera,225.48677,10,5820000000,GMMM00MM08850001V64F,bluvec2.0-GMMM00MM08850001V64F,150,GREEN,NONE
1772111503000,A2D2-3A8C,FLT-3A8C-001,29.500000,-82.100000,150,14,0,Mavic Pro,false,drone_images/Mavic Pro.png,29.495000,-82.105000,29.494500,-82.105300,apolloshield_df,camera,225.48677,10,5820000000,GMMM00MM08850001V64F,bluvec2.0-GMMM00MM08850001V64F,150,GREEN,NONE
1772111503000,A2D2-3A8C,FLT-3A8C-001,29.500000,-82.100000,150,14,0,Mavic Pro,false,drone_images/Mavic Pro.png,29.495000,-82.105000,29.494500,-82.105300,apolloshield_df,camera,225.48677,10,5820000000,GMMM00MM08850001V64F,bluvec2.0-GMMM00MM08850001V64F,150,GREEN,NONE
1772111503000,A2D2-3A8C,FLT-3A8C-001,29.500000,-82.100000,150,14,0,Mavic Pro,false,drone_images/Mavic Pro.png,29.495000,-82.105000,29.494500,-82.105300,apolloshield_df,camera,225.48677,10,5820000000,GMMM00MM08850001V64F,bluvec2.0-GMMM00MM08850001V64F,150,GREEN,NONE
1772111503000,A2D2-3A8C,FLT-3A8C-001,29.500000,-82.100000,150,14,0,Mavic Pro,false,drone_images/Mavic Pro.png,29.495000,-82.105000,29.494500,-82.105300,apolloshield_df,camera,225.48677,10,5820000000,GMMM00MM08850001V64F,bluvec2.0-GMMM00MM08850001V64F,150,GREEN,NONE
1772111503000,A2D2-3A8C,FLT-3A8C-001,29.500000,-82.100000,150,14,0,Mavic Pro,false,drone_images/Mavic Pro.png,29.495000,-82.105000,29.494500,-82.105300,apolloshield_df,camera,225.48677,10,5820000000,GMMM00MM08850001V64F,bluvec2.0-GMMM00MM08850001V64F,150,GREEN,NONE
1772111503000,A2D2-3A8C,FLT-3A8C-001,29.500000,-82.100000,150,14,0,Mavic Pro,false,drone_images/Mavic Pro.png,29.495000,-82.105000,29.494500,-82.105300,apolloshield_df,camera,225.48677,10,5820000000,GMMM00MM08850001V64F,bluvec2.0-GMMM00MM08850001V64F,150,GREEN,NONE
1772111503000,A2D2-3A8C,FLT-3A8C-001,29.500000,-82.100000,150,14,0,Mavic Pro,false,drone_images/Mavic Pro.png,29.495000,-82.105000,29.494500,-82.105300,apolloshield_df,camera,225.48677,10,5820000000,GMMM00MM08850001V64F,bluvec2.0-GMMM00MM08850001V64F,150,GREEN,NONE
1772111503000,A2D2-3A8C,FLT-3A8C-001,29.500000,-82.100000,150,14,0,Mavic Pro,false,drone_images/Mavic Pro.png,29.495000,-82.105000,29.494500,-82.105300,apolloshield_df,camera,225.48677,10,5820000000,GMMM00MM08850001V64F,bluvec2.0-GMMM00MM08850001V64F,150,GREEN,NONE
1772111503000,A2D2-3A8C,FLT-3A8C-001,29.500000,-82.100000,150,14,0,Mavic Pro,false,drone_images/Mavic Pro.png,29.495000,-82.105000,29.494500,-82.105300,apolloshield_df,camera,225.48677,10,5820000000,GMMM00MM08850001V64F,bluvec2.0-GMMM00MM08850001V64F,150,GREEN,NONE
1772111503000,A2D2-3A8C,FLT-3A8C-001,29.500000,-82.100000,150,14,0,Mavic Pro,false,drone_images/Mavic Pro.png,29.495000,-82.105000,29.494500,-82.105300,apolloshield_df,camera,225.48677,10,5820000000,GMMM00MM08850001V64F,bluvec2.0-GMMM00MM08850001V64F,150,GREEN,NONE
1772111503000,A2D2-3A8C,FLT-3A8C-001,29.500000,-82.100000,150,14,0,Mavic Pro,false,drone_images/Mavic Pro.png,29.495000,-82.105000,29.494500,-82.105300,apolloshield_df,camera,225.48677,10,5820000000,GMMM00MM08850001V64F,bluvec2.0-GMMM00MM08850001V64F,150,GREEN,NONE
1772111503000,A2D2-3A8C,FLT-3A8C-001,29.500000,-82.100000,150,14,0,Mavic Pro,false,drone_images/Mavic Pro.png,29.495000,-82.105000,29.494500,-82.105300,apolloshield_df,camera,225.48677,10,5820000000,GMMM00MM08850001V64F,bluvec2.0-GMMM00MM08850001V64F,150,GREEN,NONE
1772111503000,A2D2-3A8C,FLT-3A8C-001,29.500000,-82.100000,150,14,0,Mavic Pro,false,drone_images/Mavic Pro.png,29.495000,-82.105000,29.494500,-82.105300,apolloshield_df,camera,225.48677,10,5820000000,GMMM00MM08850001V64F,bluvec2.0-GMMM00MM08850001V64F,150,GREEN,NONE
1772111503000,A2D2-3A8C,FLT-3A8C-001,29.500000,-82.100000,150,14,0,Mavic Pro,false,drone_images/Mavic Pro.png,29.495000,-82.105000,29.494500,-82.105300,apolloshield_df,camera,225.48677,10,5820000000,GMMM00MM08850001V64F,bluvec2.0-GMMM00MM08850001V64F,150,GREEN,NONE
1772111503000,A2D2-3A8C,FLT-3A8C-001,29.500000,-82.100000,150,14,0,Mavic Pro,false,drone_images/Mavic Pro.png,29.495000,-82.105000,29.494500,-82.105300,apolloshield_df,camera,225.48677,10,5820000000,GMMM00MM08850001V64F,bluvec2.0-GMMM00MM08850001V64F,150,GREEN,NONE
1772111503000,A2D2-3A8C,FLT-3A8C-001,29.500000,-82.100000,150,14,0,Mavic Pro,false,drone_images/Mavic Pro.png,29.495000,-82.105000,29.494500,-82.105300,apolloshield_df,camera,225.48677,10,5820000000,GMMM00MM08850001V64F,bluvec2.0-GMMM00MM08850001V64F,150,GREEN,NONE
1772111503000,A2D2-3A8C,FLT-3A8C-001,29.500000,-82.100000,150,14,0,Mavic Pro,false,drone_images/Mavic Pro.png,29.495000,-82.105000,29.494500,-82.105300,apolloshield_df,camera,225.48677,10,5820000000,GMMM00MM08850001V64F,bluvec2.0-GMMM00MM08850001V64F,150,GREEN,NONE
1772111503000,A2D2-3A8C,FLT-3A8C-001,29.500000,-82.100000,150,14,0,Mavic Pro,false,drone_images/Mavic Pro.png,29.495000,-82.105000,29.494500,-82.105300,apolloshield_df,camera,225.48677,10,5820000000,GMMM00MM08850001V64F,bluvec2.0-GMMM00MM08850001V64F,150,GREEN,NONE
1772111503000,A2D2-3A8C,FLT-3A8C-001,29.500000,-82.100000,150,14,0,Mavic Pro,false,drone_images/Mavic Pro.png,29.495000,-82.105000,29.494500,-82.105300,apolloshield_df,camera,225.48677,10,5820000000,GMMM00MM08850001V64F,bluvec2.0-GMMM00MM08850001V64F,150,GREEN,NONE
1772111503000,A2D2-3A8C,FLT-3A8C-001,29.500000,-82.100000,150,14,0,Mavic Pro,false,drone_images/Mavic Pro.png,29.495000,-82.105000,29.494500,-82.105300,apolloshield_df,camera,225.48677,10,5820000000,GMMM00MM08850001V64F,bluvec2.0-GMMM00MM08850001V64F,150,GREEN,NONE
1772111503000,A2D2-3A8C,FLT-3A8C-001,29.500000,-82.100000,150,14,0,Mavic Pro,false,drone_images/Mavic Pro.png,29.495000,-82.105000,29.494500,-82.105300,apolloshield_df,camera,225.48677,10,5820000000,GMMM00MM08850001V64F,bluvec2.0-GMMM00MM08850001V64F,150,GREEN,NONE
1772111503000,A2D2-3A8C,FLT-3A8C-001,29.500000,-82.100000,150,14,0,Mavic Pro,false,drone_images/Mavic Pro.png,29.495000,-82.105000,29.494500,-82.105300,apolloshield_df,camera,225.48677,10,5820000000,GMMM00MM08850001V64F,bluvec2.0-GMMM00MM08850001V64F,150,GREEN,NONE
1772111503000,A2D2-3A8C,FLT-3A8C-001,29.500000,-82.100000,150,14,0,Mavic Pro,false,drone_images/Mavic Pro.png,29.495000,-82.105000,29.494500,-82.105300,apolloshield_df,camera,225.48677,10,5820000000,GMMM00MM08850001V64F,bluvec2.0-GMMM00MM08850001V64F,150,GREEN,NONE
1772111503000,A2D2-3A8C,FLT-3A8C-001,29.500000,-82.100000,150,14,0,Mavic Pro,false,drone_images/Mavic Pro.png,29.495000,-82.105000,29.494500,-82.105300,apolloshield_df,camera,217.50815,10,5820000000,GMMM00MM08850001V64F,bluvec2.0-GMMM00MM08850001V64F,150,GREEN,NONE
1772111503000,A2D2-3A8C,FLT-3A8C-001,29.500000,-82.100000,150,14,0,Mavic Pro,false,drone_images/Mavic Pro.png,29.495000,-82.105000,29.494500,-82.105300,apolloshield_df,camera,217.50815,10,5820000000,GMMM00MM08850001V64F,bluvec2.0-GMMM00MM08850001V64F,150,GREEN,NONE
1772111503000,A2D2-3A8C,FLT-3A8C-001,29.500000,-82.100000,150,14,0,Mavic Pro,false,drone_images/Mavic Pro.png,29.495000,-82.105000,29.494500,-82.105300,apolloshield_df,camera,217.50815,10,5820000000,GMMM00MM08850001V64F,bluvec2.0-GMMM00MM08850001V64F,150,GREEN,NONE
1772111503000,A2D2-3A8C,FLT-3A8C-001,29.500000,-82.100000,150,14,0,Mavic Pro,false,drone_images/Mavic Pro.png,29.495000,-82.105000,29.494500,-82.105300,apolloshield_df,camera,215.55655,10,5820000000,GMMM00MM08850001V64F,bluvec2.0-GMMM00MM08850001V64F,150,GREEN,NONE
1772111503000,A2D2-3A8C,FLT-3A8C-001,29.500000,-82.100000,150,14,0,Mavic Pro,false,drone_images/Mavic Pro.png,29.495000,-82.105000,29.494500,-82.105300,apolloshield_df,camera,215.55655,10,5820000000,GMMM00MM08850001V64F,bluvec2.0-GMMM00MM08850001V64F,150,GREEN,NONE
1772111503000,A2D2-3A8C,FLT-3A8C-001,29.500000,-82.100000,150,14,0,Mavic Pro,false,drone_images/Mavic Pro.png,29.495000,-82.105000,29.494500,-82.105300,apolloshield_df,camera,215.55655,10,5820000000,GMMM00MM08850001V64F,bluvec2.0-GMMM00MM08850001V64F,150,GREEN,NONE
1772111503000,A2D2-3A8C,FLT-3A8C-001,29.500000,-82.100000,150,14,0,Mavic Pro,false,drone_images/Mavic Pro.png,29.495000,-82.105000,29.494500,-82.105300,apolloshield_df,camera,215.55655,10,5820000000,GMMM00MM08850001V64F,bluvec2.0-GMMM00MM08850001V64F,150,GREEN,NONE
1772111503000,A2D2-3A8C,FLT-3A8C-001,29.500000,-82.100000,150,14,0,Mavic Pro,false,drone_images/Mavic Pro.png,29.495000,-82.105000,29.494500,-82.105300,apolloshield_df,camera,215.55655,10,5820000000,GMMM00MM08850001V64F,bluvec2.0-GMMM00MM08850001V64F,150,GREEN,NONE
1772111503000,A2D2-3A8C,FLT-3A8C-001,29.500000,-82.100000,150,14,0,Mavic Pro,false,drone_images/Mavic Pro.png,29.495000,-82.105000,29.494500,-82.105300,apolloshield_df,camera,215.55655,10,5820000000,GMMM00MM08850001V64F,bluvec2.0-GMMM00MM08850001V64F,150,GREEN,NONE
1772111503000,A2D2-3A8C,FLT-3A8C-001,29.500000,-82.100000,150,14,0,Mavic Pro,false,drone_images/Mavic Pro.png,29.495000,-82.105000,29.494500,-82.105300,apolloshield_df,camera,215.55655,10,5820000000,GMMM00MM08850001V64F,bluvec2.0-GMMM00MM08850001V64F,150,GREEN,NONE
1772111503000,A2D2-3A8C,FLT-3A8C-001,29.500000,-82.100000,150,14,0,Mavic Pro,false,drone_images/Mavic Pro.png,29.495000,-82.105000,29.494500,-82.105300,apolloshield_df,camera,215.55655,10,5820000000,GMMM00MM08850001V64F,bluvec2.0-GMMM00MM08850001V64F,150,GREEN,NONE
1772111503000,A2D2-3A8C,FLT-3A8C-001,29.500000,-82.100000,150,14,0,Mavic Pro,false,drone_images/Mavic Pro.png,29.495000,-82.105000,29.494500,-82.105300,apolloshield_df,camera,215.55655,10,5820000000,GMMM00MM08850001V64F,bluvec2.0-GMMM00MM08850001V64F,150,GREEN,NONE
1772111503000,A2D2-3A8C,FLT-3A8C-001,29.500000,-82.100000,150,14,0,Mavic Pro,false,drone_images/Mavic Pro.png,29.495000,-82.105000,29.494500,-82.105300,apolloshield_df,camera,215.55655,10,5820000000,GMMM00MM08850001V64F,bluvec2.0-GMMM00MM08850001V64F,150,GREEN,NONE
1772111503000,A2D2-3A8C,FLT-3A8C-001,29.500000,-82.100000,150,14,0,Mavic Pro,false,drone_images/Mavic Pro.png,29.495000,-82.105000,29.494500,-82.105300,apolloshield_df,camera,215.55655,10,5820000000,GMMM00MM08850001V64F,bluvec2.0-GMMM00MM08850001V64F,150,GREEN,NONE
1772111503000,A2D2-3A8C,FLT-3A8C-001,29.500000,-82.100000,150,14,0,Mavic Pro,false,drone_images/Mavic Pro.png,29.495000,-82.105000,29.494500,-82.105300,apolloshield_df,camera,215.55655,10,5820000000,GMMM00MM08850001V64F,bluvec2.0-GMMM00MM08850001V64F,150,GREEN,NONE
1772111503000,A2D2-3A8C,FLT-3A8C-001,29.500000,-82.100000,150,14,0,Mavic Pro,false,drone_images/Mavic Pro.png,29.495000,-82.105000,29.494500,-82.105300,apolloshield_df,camera,215.55655,10,5820000000,GMMM00MM08850001V64F,bluvec2.0-GMMM00MM08850001V64F,150,GREEN,NONE
1772111503000,A2D2-3A8C,FLT-3A8C-001,29.500000,-82.100000,150,14,0,Mavic Pro,false,drone_images/Mavic Pro.png,29.495000,-82.105000,29.494500,-82.105300,apolloshield_df,camera,215.55655,10,5820000000,GMMM00MM08850001V64F,bluvec2.0-GMMM00MM08850001V64F,150,GREEN,NONE
1772111503000,A2D2-3A8C,FLT-3A8C-001,29.500000,-82.100000,150,14,0,Mavic Pro,false,drone_images/Mavic Pro.png,29.495000,-82.105000,29.494500,-82.105300,apolloshield_df,camera,215.55655,10,5820000000,GMMM00MM08850001V64F,bluvec2.0-GMMM00MM08850001V64F,150,GREEN,NONE
1772111503000,A2D2-3A8C,FLT-3A8C-001,29.500000,-82.100000,150,14,0,Mavic Pro,false,drone_images/Mavic Pro.png,29.495000,-82.105000,29.494500,-82.105300,apolloshield_df,camera,215.55655,10,5820000000,GMMM00MM08850001V64F,bluvec2.0-GMMM00MM08850001V64F,150,GREEN,NONE
1772111503000,A2D2-3A8C,FLT-3A8C-001,29.500000,-82.100000,150,14,0,Mavic Pro,false,drone_images/Mavic Pro.png,29.495000,-82.105000,29.494500,-82.105300,apolloshield_df,camera,215.55655,10,5820000000,GMMM00MM08850001V64F,bluvec2.0-GMMM00MM08850001V64F,150,GREEN,NONE
1772111503000,A2D2-3A8C,FLT-3A8C-001,29.500000,-82.100000,150,14,0,Mavic Pro,false,drone_images/Mavic Pro.png,29.495000,-82.105000,29.494500,-82.105300,apolloshield_df,camera,215.55655,10,5820000000,GMMM00MM08850001V64F,bluvec2.0-GMMM00MM08850001V64F,150,GREEN,NONE
1772111503000,A2D2-3A8C,FLT-3A8C-001,29.500000,-82.100000,150,14,0,Mavic Pro,false,drone_images/Mavic Pro.png,29.495000,-82.105000,29.494500,-82.105300,apolloshield_df,camera,215.55655,10,5820000000,GMMM00MM08850001V64F,bluvec2.0-GMMM00MM08850001V64F,150,GREEN,NONE
1772111503000,A2D2-3A8C,FLT-3A8C-001,29.500000,-82.100000,150,14,0,Mavic Pro,false,drone_images/Mavic Pro.png,29.495000,-82.105000,29.494500,-82.105300,apolloshield_df,camera,215.55655,10,5820000000,GMMM00MM08850001V64F,bluvec2.0-GMMM00MM08850001V64F,150,GREEN,NONE
1772111503000,A2D2-3A8C,FLT-3A8C-001,29.500000,-82.100000,150,14,0,Mavic Pro,false,drone_images/Mavic Pro.png,29.495000,-82.105000,29.494500,-82.105300,apolloshield_df,camera,215.55655,10,5820000000,GMMM00MM08850001V64F,bluvec2.0-GMMM00MM08850001V64F,150,GREEN,NONE
1772111503000,A2D2-3A8C,FLT-3A8C-001,29.500000,-82.100000,150,14,0,Mavic Pro,false,drone_images/Mavic Pro.png,29.495000,-82.105000,29.494500,-82.105300,apolloshield_df,camera,215.55655,10,5820000000,GMMM00MM08850001V64F,bluvec2.0-GMMM00MM08850001V64F,150,GREEN,NONE
1772111503000,A2D2-3A8C,FLT-3A8C-001,29.500000,-82.100000,150,14,0,Mavic Pro,false,drone_images/Mavic Pro.png,29.495000,-82.105000,29.494500,-82.105300,apolloshield_df,camera,215.55655,10,5820000000,GMMM00MM08850001V64F,bluvec2.0-GMMM00MM08850001V64F,150,GREEN,NONE
1772111503000,A2D2-3A8C,FLT-3A8C-001,29.500000,-82.100000,150,14,0,Mavic Pro,false,drone_images/Mavic Pro.png,29.495000,-82.105000,29.494500,-82.105300,apolloshield_df,camera,215.55655,10,5820000000,GMMM00MM08850001V64F,bluvec2.0-GMMM00MM08850001V64F,150,GREEN,NONE
1772111503000,A2D2-3A8C,FLT-3A8C-001,29.500000,-82.100000,150,14,0,Mavic Pro,false,drone_images/Mavic Pro.png,29.495000,-82.105000,29.494500,-82.105300,apolloshield_df,camera,215.55655,10,5820000000,GMMM00MM08850001V64F,bluvec2.0-GMMM00MM08850001V64F,150,GREEN,NONE
1772111503000,A2D2-3A8C,FLT-3A8C-001,29.500000,-82.100000,150,14,0,Mavic Pro,false,drone_images/Mavic Pro.png,29.495000,-82.105000,29.494500,-82.105300,apolloshield_df,camera,215.55655,10,5820000000,GMMM00MM08850001V64F,bluvec2.0-GMMM00MM08850001V64F,150,GREEN,NONE
1772111503000,A2D2-3A8C,FLT-3A8C-001,29.500000,-82.100000,150,14,0,Mavic Pro,false,drone_images/Mavic Pro.png,29.495000,-82.105000,29.494500,-82.105300,apolloshield_df,camera,215.55655,10,5820000000,GMMM00MM08850001V64F,bluvec2.0-GMMM00MM08850001V64F,150,GREEN,NONE
1772111503000,A2D2-3A8C,FLT-3A8C-001,29.500000,-82.100000,150,14,0,Mavic Pro,false,drone_images/Mavic Pro.png,29.495000,-82.105000,29.494500,-82.105300,apolloshield_df,camera,215.55655,10,5820000000,GMMM00MM08850001V64F,bluvec2.0-GMMM00MM08850001V64F,150,GREEN,NONE
1772111503000,A2D2-3A8C,FLT-3A8C-001,29.500000,-82.100000,150,14,0,Mavic Pro,false,drone_images/Mavic Pro.png,29.495000,-82.105000,29.494500,-82.105300,apolloshield_df,camera,215.55655,10,5820000000,GMMM00MM08850001V64F,bluvec2.0-GMMM00MM08850001V64F,150,GREEN,NONE
1772111503000,A2D2-3A8C,FLT-3A8C-001,29.500000,-82.100000,150,14,0,Mavic Pro,false,drone_images/Mavic Pro.png,29.495000,-82.105000,29.494500,-82.105300,apolloshield_df,camera,215.55655,10,5820000000,GMMM00MM08850001V64F,bluvec2.0-GMMM00MM08850001V64F,150,GREEN,NONE
1772111503000,A2D2-3A8C,FLT-3A8C-001,29.500000,-82.100000,150,14,0,Mavic Pro,false,drone_images/Mavic Pro.png,29.495000,-82.105000,29.494500,-82.105300,apolloshield_df,camera,215.55655,10,5820000000,GMMM00MM08850001V64F,bluvec2.0-GMMM00MM08850001V64F,150,GREEN,NONE
1772111503000,A2D2-3A8C,FLT-3A8C-001,29.500000,-82.100000,150,14,0,Mavic Pro,false,drone_images/Mavic Pro.png,29.495000,-82.105000,29.494500,-82.105300,apolloshield_df,camera,215.55655,10,5820000000,GMMM00MM08850001V64F,bluvec2.0-GMMM00MM08850001V64F,150,GREEN,NONE
1772111503000,A2D2-3A8C,FLT-3A8C-001,29.500000,-82.100000,150,14,0,Mavic Pro,false,drone_images/Mavic Pro.png,29.495000,-82.105000,29.494500,-82.105300,apolloshield_df,camera,215.55655,10,5820000000,GMMM00MM08850001V64F,bluvec2.0-GMMM00MM08850001V64F,150,GREEN,NONE
1772111503000,A2D2-3A8C,FLT-3A8C-001,29.500000,-82.100000,150,14,0,Mavic Pro,false,drone_images/Mavic Pro.png,29.495000,-82.105000,29.494500,-82.105300,apolloshield_df,camera,215.55655,10,5820000000,GMMM00MM08850001V64F,bluvec2.0-GMMM00MM08850001V64F,150,GREEN,NONE
1772111503000,A2D2-3A8C,FLT-3A8C-001,29.500000,-82.100000,150,14,0,Mavic Pro,false,drone_images/Mavic Pro.png,29.495000,-82.105000,29.494500,-82.105300,apolloshield_df,camera,215.55655,10,5820000000,GMMM00MM08850001V64F,bluvec2.0-GMMM00MM08850001V64F,150,GREEN,NONE
1772111503000,A2D2-3A8C,FLT-3A8C-001,29.500000,-82.100000,150,14,0,Mavic Pro,false,drone_images/Mavic Pro.png,29.495000,-82.105000,29.494500,-82.105300,apolloshield_df,camera,215.55655,10,5820000000,GMMM00MM08850001V64F,bluvec2.0-GMMM00MM08850001V64F,150,GREEN,NONE
1772111503000,A2D2-3A8C,FLT-3A8C-001,29.500000,-82.100000,150,14,0,Mavic Pro,false,drone_images/Mavic Pro.png,29.495000,-82.105000,29.494500,-82.105300,apolloshield_df,camera,215.55655,10,5820000000,GMMM00MM08850001V64F,bluvec2.0-GMMM00MM08850001V64F,150,GREEN,NONE
1772111503000,A2D2-3A8C,FLT-3A8C-001,29.500000,-82.100000,150,14,0,Mavic Pro,false,drone_images/Mavic Pro.png,29.495000,-82.105000,29.494500,-82.105300,apolloshield_df,camera,215.55655,10,5820000000,GMMM00MM08850001V64F,bluvec2.0-GMMM00MM08850001V64F,150,GREEN,NONE
1772111503000,A2D2-3A8C,FLT-3A8C-001,29.500000,-82.100000,150,14,0,Mavic Pro,false,drone_images/Mavic Pro.png,29.495000,-82.105000,29.494500,-82.105300,apolloshield_df,camera,215.55655,10,5820000000,GMMM00MM08850001V64F,bluvec2.0-GMMM00MM08850001V64F,150,GREEN,NONE
1772111503000,A2D2-3A8C,FLT-3A8C-001,29.500000,-82.100000,150,14,0,Mavic Pro,false,drone_images/Mavic Pro.png,29.495000,-82.105000,29.494500,-82.105300,apolloshield_df,camera,215.55655,10,5820000000,GMMM00MM08850001V64F,bluvec2.0-GMMM00MM08850001V64F,150,GREEN,NONE
1772111503000,A2D2-3A8C,FLT-3A8C-001,29.500000,-82.100000,150,14,0,Mavic Pro,false,drone_images/Mavic Pro.png,29.495000,-82.105000,29.494500,-82.105300,apolloshield_df,camera,215.55655,10,5820000000,GMMM00MM08850001V64F,bluvec2.0-GMMM00MM08850001V64F,150,GREEN,NONE
1772111503000,A2D2-3A8C,FLT-3A8C-001,29.500000,-82.100000,150,14,0,Mavic Pro,false,drone_images/Mavic Pro.png,29.495000,-82.105000,29.494500,-82.105300,apolloshield_df,camera,215.55655,10,5820000000,GMMM00MM08850001V64F,bluvec2.0-GMMM00MM08850001V64F,150,GREEN,NONE
1772111503000,A2D2-3A8C,FLT-3A8C-001,29.500000,-82.100000,150,14,0,Mavic Pro,false,drone_images/Mavic Pro.png,29.495000,-82.105000,29.494500,-82.105300,apolloshield_df,camera,215.55655,10,5820000000,GMMM00MM08850001V64F,bluvec2.0-GMMM00MM08850001V64F,150,GREEN,NONE
1772111503000,A2D2-3A8C,FLT-3A8C-001,29.500000,-82.100000,150,14,0,Mavic Pro,false,drone_images/Mavic Pro.png,29.495000,-82.105000,29.494500,-82.105300,apolloshield_df,camera,215.55655,10,5820000000,GMMM00MM08850001V64F,bluvec2.0-GMMM00MM08850001V64F,150,GREEN,NONE
1772111503000,A2D2-3A8C,FLT-3A8C-001,29.500000,-82.100000,150,14,0,Mavic Pro,false,drone_images/Mavic Pro.png,29.495000,-82.105000,29.494500,-82.105300,apolloshield_df,camera,215.55655,10,5820000000,GMMM00MM08850001V64F,bluvec2.0-GMMM00MM08850001V64F,150,GREEN,NONE
1772111503000,A2D2-3A8C,FLT-3A8C-001,29.500000,-82.100000,150,14,0,Mavic Pro,false,drone_images/Mavic Pro.png,29.495000,-82.105000,29.494500,-82.105300,apolloshield_df,camera,228.94084,10,5820000000,GMMM00MM08850001V64F,bluvec2.0-GMMM00MM08850001V64F,150,GREEN,NONE
1772111503000,A2D2-3A8C,FLT-3A8C-001,29.500000,-82.100000,150,14,0,Mavic Pro,false,drone_images/Mavic Pro.png,29.495000,-82.105000,29.494500,-82.105300,apolloshield_df,camera,228.94084,10,5820000000,GMMM00MM08850001V64F,bluvec2.0-GMMM00MM08850001V64F,150,GREEN,NONE
1772111503000,A2D2-3A8C,FLT-3A8C-001,29.500000,-82.100000,150,14,0,Mavic Pro,false,drone_images/Mavic Pro.png,29.495000,-82.105000,29.494500,-82.105300,apolloshield_df,camera,226.09158,10,5820000000,GMMM00MM08850001V64F,bluvec2.0-GMMM00MM08850001V64F,150,GREEN,NONE
1772111503000,A2D2-3A8C,FLT-3A8C-001,29.500000,-82.100000,150,14,0,Mavic Pro,false,drone_images/Mavic Pro.png,29.495000,-82.105000,29.494500,-82.105300,apolloshield_df,camera,226.09158,10,5820000000,GMMM00MM08850001V64F,bluvec2.0-GMMM00MM08850001V64F,150,GREEN,NONE
1772111503000,A2D2-3A8C,FLT-3A8C-001,29.500000,-82.100000,150,14,0,Mavic Pro,false,drone_images/Mavic Pro.png,29.495000,-82.105000,29.494500,-82.105300,apolloshield_df,camera,226.09158,10,5820000000,GMMM00MM08850001V64F,bluvec2.0-GMMM00MM08850001V64F,150,GREEN,NONE
1772111503000,A2D2-3A8C,FLT-3A8C-001,29.500000,-82.100000,150,14,0,Mavic Pro,false,drone_images/Mavic Pro.png,29.495000,-82.105000,29.494500,-82.105300,apolloshield_df,camera,226.09158,10,5820000000,GMMM00MM08850001V64F,bluvec2.0-GMMM00MM08850001V64F,150,GREEN,NONE
1772111503000,A2D2-3A8C,FLT-3A8C-001,29.500000,-82.100000,150,14,0,Mavic Pro,false,drone_images/Mavic Pro.png,29.495000,-82.105000,29.494500,-82.105300,apolloshield_df,camera,216.82944,10,5820000000,GMMM00MM08850001V64F,bluvec2.0-GMMM00MM08850001V64F,150,GREEN,NONE
1772111503000,A2D2-3A8C,FLT-3A8C-001,29.500000,-82.100000,150,14,0,Mavic Pro,false,drone_images/Mavic Pro.png,29.495000,-82.105000,29.494500,-82.105300,apolloshield_df,camera,214.84726,10,5820000000,GMMM00MM08850001V64F,bluvec2.0-GMMM00MM08850001V64F,150,GREEN,NONE
1772111503000,A2D2-3A8C,FLT-3A8C-001,29.500000,-82.100000,150,14,0,Mavic Pro,false,drone_images/Mavic Pro.png,29.495000,-82.105000,29.494500,-82.105300,apolloshield_df,camera,216.43852,10,5820000000,GMMM00MM08850001V64F,bluvec2.0-GMMM00MM08850001V64F,150,GREEN,NONE
1772111503000,A2D2-3A8C,FLT-3A8C-001,29.500000,-82.100000,150,14,0,Mavic Pro,false,drone_images/Mavic Pro.png,29.495000,-82.105000,29.494500,-82.105300,apolloshield_df,camera,214.5887,10,5820000000,GMMM00MM08850001V64F,bluvec2.0-GMMM00MM08850001V64F,150,GREEN,NONE
1772111503000,A2D2-3A8C,FLT-3A8C-001,29.500000,-82.100000,150,14,0,Mavic Pro,false,drone_images/Mavic Pro.png,29.495000,-82.105000,29.494500,-82.105300,apolloshield_df,camera,214.5887,10,5820000000,GMMM00MM08850001V64F,bluvec2.0-GMMM00MM08850001V64F,150,GREEN,NONE
1772111503000,A2D2-3A8C,FLT-3A8C-001,29.500000,-82.100000,150,14,0,Mavic Pro,false,drone_images/Mavic Pro.png,29.495000,-82.105000,29.494500,-82.105300,apolloshield_df,camera,214.5887,10,5820000000,GMMM00MM08850001V64F,bluvec2.0-GMMM00MM08850001V64F,150,GREEN,NONE
1772111503000,A2D2-3A8C,FLT-3A8C-001,29.500000,-82.100000,150,14,0,Mavic Pro,false,drone_images/Mavic Pro.png,29.495000,-82.105000,29.494500,-82.105300,apolloshield_df,camera,221.69322,10,5820000000,GMMM00MM08850001V64F,bluvec2.0-GMMM00MM08850001V64F,150,GREEN,NONE
1772111503000,A2D2-3A8C,FLT-3A8C-001,29.500000,-82.100000,150,14,0,Mavic Pro,false,drone_images/Mavic Pro.png,29.495000,-82.105000,29.494500,-82.105300,apolloshield_df,camera,221.69322,10,5820000000,GMMM00MM08850001V64F,bluvec2.0-GMMM00MM08850001V64F,150,GREEN,NONE
1772111503000,A2D2-3A8C,FLT-3A8C-001,29.500000,-82.100000,150,14,0,Mavic Pro,false,drone_images/Mavic Pro.png,29.495000,-82.105000,29.494500,-82.105300,apolloshield_df,camera,223.62566,10,5820000000,GMMM00MM08850001V64F,bluvec2.0-GMMM00MM08850001V64F,150,GREEN,NONE
1772111503000,A2D2-3A8C,FLT-3A8C-001,29.500000,-82.100000,150,14,0,Mavic Pro,false,drone_images/Mavic Pro.png,29.495000,-82.105000,29.494500,-82.105300,apolloshield_df,camera,223.62566,10,5820000000,GMMM00MM08850001V64F,bluvec2.0-GMMM00MM08850001V64F,150,GREEN,NONE
1772111503000,A2D2-3A8C,FLT-3A8C-001,29.500000,-82.100000,150,14,0,Mavic Pro,false,drone_images/Mavic Pro.png,29.495000,-82.105000,29.494500,-82.105300,apolloshield_df,camera,223.62566,10,5820000000,GMMM00MM08850001V64F,bluvec2.0-GMMM00MM08850001V64F,150,GREEN,NONE
1772111503000,A2D2-3A8C,FLT-3A8C-001,29.500000,-82.100000,150,14,0,Mavic Pro,false,drone_images/Mavic Pro.png,29.495000,-82.105000,29.494500,-82.105300,apolloshield_df,camera,223.62566,10,5820000000,GMMM00MM08850001V64F,bluvec2.0-GMMM00MM08850001V64F,150,GREEN,NONE
1772111503000,A2D2-3A8C,FLT-3A8C-001,29.500000,-82.100000,150,14,0,Mavic Pro,false,drone_images/Mavic Pro.png,29.495000,-82.105000,29.494500,-82.105300,apolloshield_df,camera,223.62566,10,5820000000,GMMM00MM08850001V64F,bluvec2.0-GMMM00MM08850001V64F,150,GREEN,NONE
1772111503000,A2D2-3A8C,FLT-3A8C-001,29.500000,-82.100000,150,14,0,Mavic Pro,false,drone_images/Mavic Pro.png,29.495000,-82.105000,29.494500,-82.105300,apolloshield_df,camera,223.62566,10,5820000000,GMMM00MM08850001V64F,bluvec2.0-GMMM00MM08850001V64F,150,GREEN,NONE
1772111503000,A2D2-3A8C,FLT-3A8C-001,29.500000,-82.100000,150,14,0,Mavic Pro,false,drone_images/Mavic Pro.png,29.495000,-82.105000,29.494500,-82.105300,apolloshield_df,camera,223.62566,10,5820000000,GMMM00MM08850001V64F,bluvec2.0-GMMM00MM08850001V64F,150,GREEN,NONE
1772111503000,A2D2-3A8C,FLT-3A8C-001,29.500000,-82.100000,150,14,0,Mavic Pro,false,drone_images/Mavic Pro.png,29.495000,-82.105000,29.494500,-82.105300,apolloshield_df,camera,223.62566,10,5820000000,GMMM00MM08850001V64F,bluvec2.0-GMMM00MM08850001V64F,150,GREEN,NONE
1772111503000,A2D2-3A8C,FLT-3A8C-001,29.500000,-82.100000,150,14,0,Mavic Pro,false,drone_images/Mavic Pro.png,29.495000,-82.105000,29.494500,-82.105300,apolloshield_df,camera,223.62566,10,5820000000,GMMM00MM08850001V64F,bluvec2.0-GMMM00MM08850001V64F,150,GREEN,NONE
1772111503000,A2D2-3A8C,FLT-3A8C-001,29.500000,-82.100000,150,14,0,Mavic Pro,false,drone_images/Mavic Pro.png,29.495000,-82.105000,29.494500,-82.105300,apolloshield_df,camera,223.62566,10,5820000000,GMMM00MM08850001V64F,bluvec2.0-GMMM00MM08850001V64F,150,GREEN,NONE
1772111503000,A2D2-3A8C,FLT-3A8C-001,29.500000,-82.100000,150,14,0,Mavic Pro,false,drone_images/Mavic Pro.png,29.495000,-82.105000,29.494500,-82.105300,apolloshield_df,camera,223.62566,10,5820000000,GMMM00MM08850001V64F,bluvec2.0-GMMM00MM08850001V64F,150,GREEN,NONE
1772111503000,A2D2-3A8C,FLT-3A8C-001,29.500000,-82.100000,150,14,0,Mavic Pro,false,drone_images/Mavic Pro.png,29.495000,-82.105000,29.494500,-82.105300,apolloshield_df,camera,223.62566,10,5820000000,GMMM00MM08850001V64F,bluvec2.0-GMMM00MM08850001V64F,150,GREEN,NONE
1772111503000,A2D2-3A8C,FLT-3A8C-001,29.500000,-82.100000,150,14,0,Mavic Pro,false,drone_images/Mavic Pro.png,29.495000,-82.105000,29.494500,-82.105300,apolloshield_df,camera,223.62566,10,5820000000,GMMM00MM08850001V64F,bluvec2.0-GMMM00MM08850001V64F,150,GREEN,NONE
1772111503000,A2D2-3A8C,FLT-3A8C-001,29.500000,-82.100000,150,14,0,Mavic Pro,false,drone_images/Mavic Pro.png,29.495000,-82.105000,29.494500,-82.105300,apolloshield_df,camera,223.62566,10,5820000000,GMMM00MM08850001V64F,bluvec2.0-GMMM00MM08850001V64F,150,GREEN,NONE
1772111503000,A2D2-3A8C,FLT-3A8C-001,29.500000,-82.100000,150,14,0,Mavic Pro,false,drone_images/Mavic Pro.png,29.495000,-82.105000,29.494500,-82.105300,apolloshield_df,camera,223.62566,10,5820000000,GMMM00MM08850001V64F,bluvec2.0-GMMM00MM08850001V64F,150,GREEN,NONE
1772111503000,A2D2-3A8C,FLT-3A8C-001,29.500000,-82.100000,150,14,0,Mavic Pro,false,drone_images/Mavic Pro.png,29.495000,-82.105000,29.494500,-82.105300,apolloshield_df,camera,223.62566,10,5820000000,GMMM00MM08850001V64F,bluvec2.0-GMMM00MM08850001V64F,150,GREEN,NONE
1772111503000,A2D2-3A8C,FLT-3A8C-001,29.500000,-82.100000,150,14,0,Mavic Pro,false,drone_images/Mavic Pro.png,29.495000,-82.105000,29.494500,-82.105300,apolloshield_df,camera,223.62566,10,5820000000,GMMM00MM08850001V64F,bluvec2.0-GMMM00MM08850001V64F,150,GREEN,NONE
1772111503000,A2D2-3A8C,FLT-3A8C-001,29.500000,-82.100000,150,14,0,Mavic Pro,false,drone_images/Mavic Pro.png,29.495000,-82.105000,29.494500,-82.105300,apolloshield_df,camera,223.62566,10,5820000000,GMMM00MM08850001V64F,bluvec2.0-GMMM00MM08850001V64F,150,GREEN,NONE
1772111503000,A2D2-3A8C,FLT-3A8C-001,29.500000,-82.100000,150,14,0,Mavic Pro,false,drone_images/Mavic Pro.png,29.495000,-82.105000,29.494500,-82.105300,apolloshield_df,camera,223.62566,10,5820000000,GMMM00MM08850001V64F,bluvec2.0-GMMM00MM08850001V64F,150,GREEN,NONE
1772111503000,A2D2-3A8C,FLT-3A8C-001,29.500000,-82.100000,150,14,0,Mavic Pro,false,drone_images/Mavic Pro.png,29.495000,-82.105000,29.494500,-82.105300,apolloshield_df,camera,223.62566,10,5820000000,GMMM00MM08850001V64F,bluvec2.0-GMMM00MM08850001V64F,150,GREEN,NONE
1772111503000,A2D2-3A8C,FLT-3A8C-001,29.500000,-82.100000,150,14,0,Mavic Pro,false,drone_images/Mavic Pro.png,29.495000,-82.105000,29.494500,-82.105300,apolloshield_df,camera,223.62566,10,5820000000,GMMM00MM08850001V64F,bluvec2.0-GMMM00MM08850001V64F,150,GREEN,NONE
1772111503000,A2D2-3A8C,FLT-3A8C-001,29.500000,-82.100000,150,14,0,Mavic Pro,false,drone_images/Mavic Pro.png,29.495000,-82.105000,29.494500,-82.105300,apolloshield_df,camera,223.62566,10,5820000000,GMMM00MM08850001V64F,bluvec2.0-GMMM00MM08850001V64F,150,GREEN,NONE
1772111503000,A2D2-3A8C,FLT-3A8C-001,29.500000,-82.100000,150,14,0,Mavic Pro,false,drone_images/Mavic Pro.png,29.495000,-82.105000,29.494500,-82.105300,apolloshield_df,camera,223.62566,10,5820000000,GMMM00MM08850001V64F,bluvec2.0-GMMM00MM08850001V64F,150,GREEN,NONE
1772111503000,A2D2-3A8C,FLT-3A8C-001,29.500000,-82.100000,150,14,0,Mavic Pro,false,drone_images/Mavic Pro.png,29.495000,-82.105000,29.494500,-82.105300,apolloshield_df,camera,223.62566,10,5820000000,GMMM00MM08850001V64F,bluvec2.0-GMMM00MM08850001V64F,150,GREEN,NONE
1772111503000,A2D2-3A8C,FLT-3A8C-001,29.500000,-82.100000,150,14,0,Mavic Pro,false,drone_images/Mavic Pro.png,29.495000,-82.105000,29.494500,-82.105300,apolloshield_df,camera,223.62566,10,5820000000,GMMM00MM08850001V64F,bluvec2.0-GMMM00MM08850001V64F,150,GREEN,NONE
1772111503000,A2D2-3A8C,FLT-3A8C-001,29.500000,-82.100000,150,14,0,Mavic Pro,false,drone_images/Mavic Pro.png,29.495000,-82.105000,29.494500,-82.105300,apolloshield_df,camera,223.62566,10,5820000000,GMMM00MM08850001V64F,bluvec2.0-GMMM00MM08850001V64F,150,GREEN,NONE
1772111503000,A2D2-3A8C,FLT-3A8C-001,29.500000,-82.100000,150,14,0,Mavic Pro,false,drone_images/Mavic Pro.png,29.495000,-82.105000,29.494500,-82.105300,apolloshield_df,camera,223.62566,10,5820000000,GMMM00MM08850001V64F,bluvec2.0-GMMM00MM08850001V64F,150,GREEN,NONE
1772111503000,A2D2-3A8C,FLT-3A8C-001,29.500000,-82.100000,150,14,0,Mavic Pro,false,drone_images/Mavic Pro.png,29.495000,-82.105000,29.494500,-82.105300,apolloshield_df,camera,216.61438,10,5820000000,GMMM00MM08850001V64F,bluvec2.0-GMMM00MM08850001V64F,150,GREEN,NONE
1772111503000,A2D2-3A8C,FLT-3A8C-001,29.500000,-82.100000,150,14,0,Mavic Pro,false,drone_images/Mavic Pro.png,29.495000,-82.105000,29.494500,-82.105300,apolloshield_df,camera,216.61438,10,5820000000,GMMM00MM08850001V64F,bluvec2.0-GMMM00MM08850001V64F,150,GREEN,NONE
1772111503000,A2D2-3A8C,FLT-3A8C-001,29.500000,-82.100000,150,14,0,Mavic Pro,false,drone_images/Mavic Pro.png,29.495000,-82.105000,29.494500,-82.105300,apolloshield_df,camera,214.74783,10,5820000000,GMMM00MM08850001V64F,bluvec2.0-GMMM00MM08850001V64F,150,GREEN,NONE
1772111503000,A2D2-3A8C,FLT-3A8C-001,29.500000,-82.100000,150,14,0,Mavic Pro,false,drone_images/Mavic Pro.png,29.495000,-82.105000,29.494500,-82.105300,apolloshield_df,camera,214.74783,10,5820000000,GMMM00MM08850001V64F,bluvec2.0-GMMM00MM08850001V64F,150,GREEN,NONE
1772111503000,A2D2-3A8C,FLT-3A8C-001,29.500000,-82.100000,150,14,0,Mavic Pro,false,drone_images/Mavic Pro.png,29.495000,-82.105000,29.494500,-82.105300,apolloshield_df,camera,214.74783,10,5820000000,GMMM00MM08850001V64F,bluvec2.0-GMMM00MM08850001V64F,150,GREEN,NONE
1772111503000,A2D2-3A8C,FLT-3A8C-001,29.500000,-82.100000,150,14,0,Mavic Pro,false,drone_images/Mavic Pro.png,29.495000,-82.105000,29.494500,-82.105300,apolloshield_df,camera,213.0589,10,5820000000,GMMM00MM08850001V64F,bluvec2.0-GMMM00MM08850001V64F,150,GREEN,NONE
1772111503000,A2D2-3A8C,FLT-3A8C-001,29.500000,-82.100000,150,14,0,Mavic Pro,false,drone_images/Mavic Pro.png,29.495000,-82.105000,29.494500,-82.105300,apolloshield_df,camera,216.21146,10,5820000000,GMMM00MM08850001V64F,bluvec2.0-GMMM00MM08850001V64F,150,GREEN,NONE
1772111503000,A2D2-3A8C,FLT-3A8C-001,29.500000,-82.100000,150,14,0,Mavic Pro,false,drone_images/Mavic Pro.png,29.495000,-82.105000,29.494500,-82.105300,apolloshield_df,camera,216.66714,10,5820000000,GMMM00MM08850001V64F,bluvec2.0-GMMM00MM08850001V64F,150,GREEN,NONE
1772111503000,A2D2-3A8C,FLT-3A8C-001,29.500000,-82.100000,150,14,0,Mavic Pro,false,drone_images/Mavic Pro.png,29.495000,-82.105000,29.494500,-82.105300,apolloshield_df,camera,216.66714,10,5820000000,GMMM00MM08850001V64F,bluvec2.0-GMMM00MM08850001V64F,150,GREEN,NONE
1772111503000,A2D2-3A8C,FLT-3A8C-001,29.500000,-82.100000,150,14,0,Mavic Pro,false,drone_images/Mavic Pro.png,29.495000,-82.105000,29.494500,-82.105300,apolloshield_df,camera,214.79556,10,5820000000,GMMM00MM08850001V64F,bluvec2.0-GMMM00MM08850001V64F,150,GREEN,NONE
1772111503000,A2D2-3A8C,FLT-3A8C-001,29.500000,-82.100000,150,14,0,Mavic Pro,false,drone_images/Mavic Pro.png,29.495000,-82.105000,29.494500,-82.105300,apolloshield_df,camera,214.79556,10,5820000000,GMMM00MM08850001V64F,bluvec2.0-GMMM00MM08850001V64F,150,GREEN,NONE
1772111503000,A2D2-3A8C,FLT-3A8C-001,29.500000,-82.100000,150,14,0,Mavic Pro,false,drone_images/Mavic Pro.png,29.495000,-82.105000,29.494500,-82.105300,apolloshield_df,camera,213.1021,10,5820000000,GMMM00MM08850001V64F,bluvec2.0-GMMM00MM08850001V64F,150,GREEN,NONE
1772111503000,A2D2-3A8C,FLT-3A8C-001,29.500000,-82.100000,150,14,0,Mavic Pro,false,drone_images/Mavic Pro.png,29.495000,-82.105000,29.494500,-82.105300,apolloshield_df,camera,215.8521,10,5820000000,GMMM00MM08850001V64F,bluvec2.0-GMMM00MM08850001V64F,150,GREEN,NONE
1772111503000,A2D2-3A8C,FLT-3A8C-001,29.500000,-82.100000,150,14,0,Mavic Pro,false,drone_images/Mavic Pro.png,29.495000,-82.105000,29.494500,-82.105300,apolloshield_df,camera,216.8178,10,5820000000,GMMM00MM08850001V64F,bluvec2.0-GMMM00MM08850001V64F,150,GREEN,NONE
1772111503000,A2D2-3A8C,FLT-3A8C-001,29.500000,-82.100000,150,14,0,Mavic Pro,false,drone_images/Mavic Pro.png,29.495000,-82.105000,29.494500,-82.105300,apolloshield_df,camera,215.31253,10,5820000000,GMMM00MM08850001V64F,bluvec2.0-GMMM00MM08850001V64F,150,GREEN,NONE
1772111503000,A2D2-3A8C,FLT-3A8C-001,29.500000,-82.100000,150,14,0,Mavic Pro,false,drone_images/Mavic Pro.png,29.495000,-82.105000,29.494500,-82.105300,apolloshield_df,camera,215.31253,10,5820000000,GMMM00MM08850001V64F,bluvec2.0-GMMM00MM08850001V64F,150,GREEN,NONE
1772111503000,A2D2-3A8C,FLT-3A8C-001,29.500000,-82.100000,150,14,0,Mavic Pro,false,drone_images/Mavic Pro.png,29.495000,-82.105000,29.494500,-82.105300,apolloshield_df,camera,215.31253,10,5820000000,GMMM00MM08850001V64F,bluvec2.0-GMMM00MM08850001V64F,150,GREEN,NONE
1772111503000,A2D2-3A8C,FLT-3A8C-001,29.500000,-82.100000,150,14,0,Mavic Pro,false,drone_images/Mavic Pro.png,29.495000,-82.105000,29.494500,-82.105300,apolloshield_df,camera,215.31253,10,5820000000,GMMM00MM08850001V64F,bluvec2.0-GMMM00MM08850001V64F,150,GREEN,NONE
1772111503000,A2D2-3A8C,FLT-3A8C-001,29.500000,-82.100000,150,14,0,Mavic Pro,false,drone_images/Mavic Pro.png,29.495000,-82.105000,29.494500,-82.105300,apolloshield_df,camera,215.31253,10,5820000000,GMMM00MM08850001V64F,bluvec2.0-GMMM00MM08850001V64F,150,GREEN,NONE
1772111503000,A2D2-3A8C,FLT-3A8C-001,29.500000,-82.100000,150,14,0,Mavic Pro,false,drone_images/Mavic Pro.png,29.495000,-82.105000,29.494500,-82.105300,apolloshield_df,camera,215.31253,10,5820000000,GMMM00MM08850001V64F,bluvec2.0-GMMM00MM08850001V64F,150,GREEN,NONE
1772111503000,A2D2-3A8C,FLT-3A8C-001,29.500000,-82.100000,150,14,0,Mavic Pro,false,drone_images/Mavic Pro.png,29.495000,-82.105000,29.494500,-82.105300,apolloshield_df,camera,215.31253,10,5820000000,GMMM00MM08850001V64F,bluvec2.0-GMMM00MM08850001V64F,150,GREEN,NONE
1772111503000,A2D2-3A8C,FLT-3A8C-001,29.500000,-82.100000,150,14,0,Mavic Pro,false,drone_images/Mavic Pro.png,29.495000,-82.105000,29.494500,-82.105300,apolloshield_df,camera,215.31253,10,5820000000,GMMM00MM08850001V64F,bluvec2.0-GMMM00MM08850001V64F,150,GREEN,NONE
1772111503000,A2D2-3A8C,FLT-3A8C-001,29.500000,-82.100000,150,14,0,Mavic Pro,false,drone_images/Mavic Pro.png,29.495000,-82.105000,29.494500,-82.105300,apolloshield_df,camera,215.31253,10,5820000000,GMMM00MM08850001V64F,bluvec2.0-GMMM00MM08850001V64F,150,GREEN,NONE
1772111503000,A2D2-3A8C,FLT-3A8C-001,29.500000,-82.100000,150,14,0,Mavic Pro,false,drone_images/Mavic Pro.png,29.495000,-82.105000,29.494500,-82.105300,apolloshield_df,camera,215.31253,10,5820000000,GMMM00MM08850001V64F,bluvec2.0-GMMM00MM08850001V64F,150,GREEN,NONE
1772111503000,A2D2-3A8C,FLT-3A8C-001,29.500000,-82.100000,150,14,0,Mavic Pro,false,drone_images/Mavic Pro.png,29.495000,-82.105000,29.494500,-82.105300,apolloshield_df,camera,215.31253,10,5820000000,GMMM00MM08850001V64F,bluvec2.0-GMMM00MM08850001V64F,150,GREEN,NONE
1772111503000,A2D2-3A8C,FLT-3A8C-001,29.500000,-82.100000,150,14,0,Mavic Pro,false,drone_images/Mavic Pro.png,29.495000,-82.105000,29.494500,-82.105300,apolloshield_df,camera,215.31253,10,5820000000,GMMM00MM08850001V64F,bluvec2.0-GMMM00MM08850001V64F,150,GREEN,NONE
1772111503000,A2D2-3A8C,FLT-3A8C-001,29.500000,-82.100000,150,14,0,Mavic Pro,false,drone_images/Mavic Pro.png,29.495000,-82.105000,29.494500,-82.105300,apolloshield_df,camera,215.31253,10,5820000000,GMMM00MM08850001V64F,bluvec2.0-GMMM00MM08850001V64F,150,GREEN,NONE
1772111503000,A2D2-3A8C,FLT-3A8C-001,29.500000,-82.100000,150,14,0,Mavic Pro,false,drone_images/Mavic Pro.png,29.495000,-82.105000,29.494500,-82.105300,apolloshield_df,camera,215.31253,10,5820000000,GMMM00MM08850001V64F,bluvec2.0-GMMM00MM08850001V64F,150,GREEN,NONE
1772111503000,A2D2-3A8C,FLT-3A8C-001,29.500000,-82.100000,150,14,0,Mavic Pro,false,drone_images/Mavic Pro.png,29.495000,-82.105000,29.494500,-82.105300,apolloshield_df,camera,215.31253,10,5820000000,GMMM00MM08850001V64F,bluvec2.0-GMMM00MM08850001V64F,150,GREEN,NONE
1772111503000,A2D2-3A8C,FLT-3A8C-001,29.500000,-82.100000,150,14,0,Mavic Pro,false,drone_images/Mavic Pro.png,29.495000,-82.105000,29.494500,-82.105300,apolloshield_df,camera,215.31253,10,5820000000,GMMM00MM08850001V64F,bluvec2.0-GMMM00MM08850001V64F,150,GREEN,NONE
1772111503000,A2D2-3A8C,FLT-3A8C-001,29.500000,-82.100000,150,14,0,Mavic Pro,false,drone_images/Mavic Pro.png,29.495000,-82.105000,29.494500,-82.105300,apolloshield_df,camera,215.31253,10,5820000000,GMMM00MM08850001V64F,bluvec2.0-GMMM00MM08850001V64F,150,GREEN,NONE
1772111503000,A2D2-3A8C,FLT-3A8C-001,29.500000,-82.100000,150,14,0,Mavic Pro,false,drone_images/Mavic Pro.png,29.495000,-82.105000,29.494500,-82.105300,apolloshield_df,camera,215.31253,10,5820000000,GMMM00MM08850001V64F,bluvec2.0-GMMM00MM08850001V64F,150,GREEN,NONE
1772111503000,A2D2-3A8C,FLT-3A8C-001,29.500000,-82.100000,150,14,0,Mavic Pro,false,drone_images/Mavic Pro.png,29.495000,-82.105000,29.494500,-82.105300,apolloshield_df,camera,215.31253,10,5820000000,GMMM00MM08850001V64F,bluvec2.0-GMMM00MM08850001V64F,150,GREEN,NONE
1772111503000,A2D2-3A8C,FLT-3A8C-001,29.500000,-82.100000,150,14,0,Mavic Pro,false,drone_images/Mavic Pro.png,29.495000,-82.105000,29.494500,-82.105300,apolloshield_df,camera,215.31253,10,5820000000,GMMM00MM08850001V64F,bluvec2.0-GMMM00MM08850001V64F,150,GREEN,NONE
1772111503000,A2D2-3A8C,FLT-3A8C-001,29.500000,-82.100000,150,14,0,Mavic Pro,false,drone_images/Mavic Pro.png,29.495000,-82.105000,29.494500,-82.105300,apolloshield_df,camera,215.31253,10,5820000000,GMMM00MM08850001V64F,bluvec2.0-GMMM00MM08850001V64F,150,GREEN,NONE
1772111503000,A2D2-3A8C,FLT-3A8C-001,29.500000,-82.100000,150,14,0,Mavic Pro,false,drone_images/Mavic Pro.png,29.495000,-82.105000,29.494500,-82.105300,apolloshield_df,camera,215.31253,10,5820000000,GMMM00MM08850001V64F,bluvec2.0-GMMM00MM08850001V64F,150,GREEN,NONE
1772111503000,A2D2-3A8C,FLT-3A8C-001,29.500000,-82.100000,150,14,0,Mavic Pro,false,drone_images/Mavic Pro.png,29.495000,-82.105000,29.494500,-82.105300,apolloshield_df,camera,215.31253,10,5820000000,GMMM00MM08850001V64F,bluvec2.0-GMMM00MM08850001V64F,150,GREEN,NONE
1772111503000,A2D2-3A8C,FLT-3A8C-001,29.500000,-82.100000,150,14,0,Mavic Pro,false,drone_images/Mavic Pro.png,29.495000,-82.105000,29.494500,-82.105300,apolloshield_df,camera,215.31253,10,5820000000,GMMM00MM08850001V64F,bluvec2.0-GMMM00MM08850001V64F,150,GREEN,NONE
1772111503000,A2D2-3A8C,FLT-3A8C-001,29.500000,-82.100000,150,14,0,Mavic Pro,false,drone_images/Mavic Pro.png,29.495000,-82.105000,29.494500,-82.105300,apolloshield_df,camera,215.31253,10,5820000000,GMMM00MM08850001V64F,bluvec2.0-GMMM00MM08850001V64F,150,GREEN,NONE
1772111503000,A2D2-3A8C,FLT-3A8C-001,29.500000,-82.100000,150,14,0,Mavic Pro,false,drone_images/Mavic Pro.png,29.495000,-82.105000,29.494500,-82.105300,apolloshield_df,camera,215.31253,10,5820000000,GMMM00MM08850001V64F,bluvec2.0-GMMM00MM08850001V64F,150,GREEN,NONE
1772111503000,A2D2-3A8C,FLT-3A8C-001,29.500000,-82.100000,150,14,0,Mavic Pro,false,drone_images/Mavic Pro.png,29.495000,-82.105000,29.494500,-82.105300,apolloshield_df,camera,215.31253,10,5820000000,GMMM00MM08850001V64F,bluvec2.0-GMMM00MM08850001V64F,150,GREEN,NONE
1772111503000,A2D2-3A8C,FLT-3A8C-001,29.500000,-82.100000,150,14,0,Mavic Pro,false,drone_images/Mavic Pro.png,29.495000,-82.105000,29.494500,-82.105300,apolloshield_df,camera,215.31253,10,5820000000,GMMM00MM08850001V64F,bluvec2.0-GMMM00MM08850001V64F,150,GREEN,NONE
1772111503000,A2D2-3A8C,FLT-3A8C-001,29.500000,-82.100000,150,14,0,Mavic Pro,false,drone_images/Mavic Pro.png,29.495000,-82.105000,29.494500,-82.105300,apolloshield_df,camera,215.31253,10,5820000000,GMMM00MM08850001V64F,bluvec2.0-GMMM00MM08850001V64F,150,GREEN,NONE
1772111503000,A2D2-3A8C,FLT-3A8C-001,29.500000,-82.100000,150,14,0,Mavic Pro,false,drone_images/Mavic Pro.png,29.495000,-82.105000,29.494500,-82.105300,apolloshield_df,camera,215.31253,10,5820000000,GMMM00MM08850001V64F,bluvec2.0-GMMM00MM08850001V64F,150,GREEN,NONE
1772111503000,A2D2-3A8C,FLT-3A8C-001,29.500000,-82.100000,150,14,0,Mavic Pro,false,drone_images/Mavic Pro.png,29.495000,-82.105000,29.494500,-82.105300,apolloshield_df,camera,215.31253,10,5820000000,GMMM00MM08850001V64F,bluvec2.0-GMMM00MM08850001V64F,150,GREEN,NONE
1772111503000,A2D2-3A8C,FLT-3A8C-001,29.500000,-82.100000,150,14,0,Mavic Pro,false,drone_images/Mavic Pro.png,29.495000,-82.105000,29.494500,-82.105300,apolloshield_df,camera,215.31253,10,5820000000,GMMM00MM08850001V64F,bluvec2.0-GMMM00MM08850001V64F,150,GREEN,NONE
1772111503000,A2D2-3A8C,FLT-3A8C-001,29.500000,-82.100000,150,14,0,Mavic Pro,false,drone_images/Mavic Pro.png,29.495000,-82.105000,29.494500,-82.105300,apolloshield_df,camera,215.31253,10,5820000000,GMMM00MM08850001V64F,bluvec2.0-GMMM00MM08850001V64F,150,GREEN,NONE
1772111503000,A2D2-3A8C,FLT-3A8C-001,29.500000,-82.100000,150,14,0,Mavic Pro,false,drone_images/Mavic Pro.png,29.495000,-82.105000,29.494500,-82.105300,apolloshield_df,camera,215.31253,10,5820000000,GMMM00MM08850001V64F,bluvec2.0-GMMM00MM08850001V64F,150,GREEN,NONE
1772111503000,A2D2-3A8C,FLT-3A8C-001,29.500000,-82.100000,150,14,0,Mavic Pro,false,drone_images/Mavic Pro.png,29.495000,-82.105000,29.494500,-82.105300,apolloshield_df,camera,211.6678,10,5820000000,GMMM00MM08850001V64F,bluvec2.0-GMMM00MM08850001V64F,150,GREEN,NONE
1772111503000,A2D2-3A8C,FLT-3A8C-001,29.500000,-82.100000,150,14,0,Mavic Pro,false,drone_images/Mavic Pro.png,29.495000,-82.105000,29.494500,-82.105300,apolloshield_df,camera,211.6678,10,5820000000,GMMM00MM08850001V64F,bluvec2.0-GMMM00MM08850001V64F,150,GREEN,NONE
1772111503000,A2D2-3A8C,FLT-3A8C-001,29.500000,-82.100000,150,14,0,Mavic Pro,false,drone_images/Mavic Pro.png,29.495000,-82.105000,29.494500,-82.105300,apolloshield_df,camera,211.6678,10,5820000000,GMMM00MM08850001V64F,bluvec2.0-GMMM00MM08850001V64F,150,GREEN,NONE
1772111503000,A2D2-3A8C,FLT-3A8C-001,29.500000,-82.100000,150,14,0,Mavic Pro,false,drone_images/Mavic Pro.png,29.495000,-82.105000,29.494500,-82.105300,apolloshield_df,camera,217.16609,10,5820000000,GMMM00MM08850001V64F,bluvec2.0-GMMM00MM08850001V64F,150,GREEN,NONE
1772111503000,A2D2-3A8C,FLT-3A8C-001,29.500000,-82.100000,150,14,0,Mavic Pro,false,drone_images/Mavic Pro.png,29.495000,-82.105000,29.494500,-82.105300,apolloshield_df,camera,217.16609,10,5820000000,GMMM00MM08850001V64F,bluvec2.0-GMMM00MM08850001V64F,150,GREEN,NONE
1772111503000,A2D2-3A8C,FLT-3A8C-001,29.500000,-82.100000,150,14,0,Mavic Pro,false,drone_images/Mavic Pro.png,29.495000,-82.105000,29.494500,-82.105300,apolloshield_df,camera,219.52936,10,5820000000,GMMM00MM08850001V64F,bluvec2.0-GMMM00MM08850001V64F,150,GREEN,NONE
1772111503000,A2D2-3A8C,FLT-3A8C-001,29.500000,-82.100000,150,14,0,Mavic Pro,false,drone_images/Mavic Pro.png,29.495000,-82.105000,29.494500,-82.105300,apolloshield_df,camera,221.47853,10,5820000000,GMMM00MM08850001V64F,bluvec2.0-GMMM00MM08850001V64F,150,GREEN,NONE
1772111503000,A2D2-3A8C,FLT-3A8C-001,29.500000,-82.100000,150,14,0,Mavic Pro,false,drone_images/Mavic Pro.png,29.495000,-82.105000,29.494500,-82.105300,apolloshield_df,camera,221.05235,10,5820000000,GMMM00MM08850001V64F,bluvec2.0-GMMM00MM08850001V64F,150,GREEN,NONE
1772111503000,A2D2-3A8C,FLT-3A8C-001,29.500000,-82.100000,150,14,0,Mavic Pro,false,drone_images/Mavic Pro.png,29.495000,-82.105000,29.494500,-82.105300,apolloshield_df,camera,221.05235,10,5820000000,GMMM00MM08850001V64F,bluvec2.0-GMMM00MM08850001V64F,150,GREEN,NONE
1772111503000,A2D2-3A8C,FLT-3A8C-001,29.500000,-82.100000,150,14,0,Mavic Pro,false,drone_images/Mavic Pro.png,29.495000,-82.105000,29.494500,-82.105300,apolloshield_df,camera,221.05235,10,5820000000,GMMM00MM08850001V64F,bluvec2.0-GMMM00MM08850001V64F,150,GREEN,NONE
1772111503000,A2D2-3A8C,FLT-3A8C-001,29.500000,-82.100000,150,14,0,Mavic Pro,false,drone_images/Mavic Pro.png,29.495000,-82.105000,29.494500,-82.105300,apolloshield_df,camera,218.76346,10,5820000000,GMMM00MM08850001V64F,bluvec2.0-GMMM00MM08850001V64F,150,GREEN,NONE
1772111503000,A2D2-3A8C,FLT-3A8C-001,29.500000,-82.100000,150,14,0,Mavic Pro,false,drone_images/Mavic Pro.png,29.495000,-82.105000,29.494500,-82.105300,apolloshield_df,camera,218.76346,10,5820000000,GMMM00MM08850001V64F,bluvec2.0-GMMM00MM08850001V64F,150,GREEN,NONE
1772111503000,A2D2-3A8C,FLT-3A8C-001,29.500000,-82.100000,150,14,0,Mavic Pro,false,drone_images/Mavic Pro.png,29.495000,-82.105000,29.494500,-82.105300,apolloshield_df,camera,218.76346,10,5820000000,GMMM00MM08850001V64F,bluvec2.0-GMMM00MM08850001V64F,150,GREEN,NONE
1772111503000,A2D2-3A8C,FLT-3A8C-001,29.500000,-82.100000,150,14,0,Mavic Pro,false,drone_images/Mavic Pro.png,29.495000,-82.105000,29.494500,-82.105300,apolloshield_df,camera,218.76346,10,5820000000,GMMM00MM08850001V64F,bluvec2.0-GMMM00MM08850001V64F,150,GREEN,NONE
1772111503000,A2D2-3A8C,FLT-3A8C-001,29.500000,-82.100000,150,14,0,Mavic Pro,false,drone_images/Mavic Pro.png,29.495000,-82.105000,29.494500,-82.105300,apolloshield_df,camera,227.02682,10,5820000000,GMMM00MM08850001V64F,bluvec2.0-GMMM00MM08850001V64F,150,GREEN,NONE
1772111503000,A2D2-3A8C,FLT-3A8C-001,29.500000,-82.100000,150,14,0,Mavic Pro,false,drone_images/Mavic Pro.png,29.495000,-82.105000,29.494500,-82.105300,apolloshield_df,camera,227.02682,10,5820000000,GMMM00MM08850001V64F,bluvec2.0-GMMM00MM08850001V64F,150,GREEN,NONE
1772111503000,A2D2-3A8C,FLT-3A8C-001,29.500000,-82.100000,150,14,0,Mavic Pro,false,drone_images/Mavic Pro.png,29.495000,-82.105000,29.494500,-82.105300,apolloshield_df,camera,227.02682,10,5820000000,GMMM00MM08850001V64F,bluvec2.0-GMMM00MM08850001V64F,150,GREEN,NONE
1772111503000,A2D2-3A8C,FLT-3A8C-001,29.500000,-82.100000,150,14,0,Mavic Pro,false,drone_images/Mavic Pro.png,29.495000,-82.105000,29.494500,-82.105300,apolloshield_df,camera,227.02682,10,5820000000,GMMM00MM08850001V64F,bluvec2.0-GMMM00MM08850001V64F,150,GREEN,NONE
1772111503000,A2D2-3A8C,FLT-3A8C-001,29.500000,-82.100000,150,14,0,Mavic Pro,false,drone_images/Mavic Pro.png,29.495000,-82.105000,29.494500,-82.105300,apolloshield_df,camera,227.02682,10,5820000000,GMMM00MM08850001V64F,bluvec2.0-GMMM00MM08850001V64F,150,GREEN,NONE
1772111503000,A2D2-3A8C,FLT-3A8C-001,29.500000,-82.100000,150,14,0,Mavic Pro,false,drone_images/Mavic Pro.png,29.495000,-82.105000,29.494500,-82.105300,apolloshield_df,camera,227.02682,10,5820000000,GMMM00MM08850001V64F,bluvec2.0-GMMM00MM08850001V64F,150,GREEN,NONE
1772111503000,A2D2-3A8C,FLT-3A8C-001,29.500000,-82.100000,150,14,0,Mavic Pro,false,drone_images/Mavic Pro.png,29.495000,-82.105000,29.494500,-82.105300,apolloshield_df,camera,227.02682,10,5820000000,GMMM00MM08850001V64F,bluvec2.0-GMMM00MM08850001V64F,150,GREEN,NONE
1772111503000,A2D2-3A8C,FLT-3A8C-001,29.500000,-82.100000,150,14,0,Mavic Pro,false,drone_images/Mavic Pro.png,29.495000,-82.105000,29.494500,-82.105300,apolloshield_df,camera,217.96527,10,5820000000,GMMM00MM08850001V64F,bluvec2.0-GMMM00MM08850001V64F,150,GREEN,NONE
1772111503000,A2D2-3A8C,FLT-3A8C-001,29.500000,-82.100000,150,14,0,Mavic Pro,false,drone_images/Mavic Pro.png,29.495000,-82.105000,29.494500,-82.105300,apolloshield_df,camera,217.96527,10,5820000000,GMMM00MM08850001V64F,bluvec2.0-GMMM00MM08850001V64F,150,GREEN,NONE
1772111503000,A2D2-3A8C,FLT-3A8C-001,29.500000,-82.100000,150,14,0,Mavic Pro,false,drone_images/Mavic Pro.png,29.495000,-82.105000,29.494500,-82.105300,apolloshield_df,camera,216.54114,10,5820000000,GMMM00MM08850001V64F,bluvec2.0-GMMM00MM08850001V64F,150,GREEN,NONE
1772111503000,A2D2-3A8C,FLT-3A8C-001,29.500000,-82.100000,150,14,0,Mavic Pro,false,drone_images/Mavic Pro.png,29.495000,-82.105000,29.494500,-82.105300,apolloshield_df,camera,218.1074,10,5820000000,GMMM00MM08850001V64F,bluvec2.0-GMMM00MM08850001V64F,150,GREEN,NONE
1772111503000,A2D2-3A8C,FLT-3A8C-001,29.500000,-82.100000,150,14,0,Mavic Pro,false,drone_images/Mavic Pro.png,29.495000,-82.105000,29.494500,-82.105300,apolloshield_df,camera,222.41568,10,5820000000,GMMM00MM08850001V64F,bluvec2.0-GMMM00MM08850001V64F,150,GREEN,NONE
1772111503000,A2D2-3A8C,FLT-3A8C-001,29.500000,-82.100000,150,14,0,Mavic Pro,false,drone_images/Mavic Pro.png,29.495000,-82.105000,29.494500,-82.105300,apolloshield_df,camera,222.41568,10,5820000000,GMMM00MM08850001V64F,bluvec2.0-GMMM00MM08850001V64F,150,GREEN,NONE
1772111503000,A2D2-3A8C,FLT-3A8C-001,29.500000,-82.100000,150,14,0,Mavic Pro,false,drone_images/Mavic Pro.png,29.495000,-82.105000,29.494500,-82.105300,apolloshield_df,camera,222.41568,10,5820000000,GMMM00MM08850001V64F,bluvec2.0-GMMM00MM08850001V64F,150,GREEN,NONE
1772111503000,A2D2-3A8C,FLT-3A8C-001,29.500000,-82.100000,150,14,0,Mavic Pro,false,drone_images/Mavic Pro.png,29.495000,-82.105000,29.494500,-82.105300,apolloshield_df,camera,222.41568,10,5820000000,GMMM00MM08850001V64F,bluvec2.0-GMMM00MM08850001V64F,150,GREEN,NONE
1772111503000,A2D2-3A8C,FLT-3A8C-001,29.500000,-82.100000,150,14,0,Mavic Pro,false,drone_images/Mavic Pro.png,29.495000,-82.105000,29.494500,-82.105300,apolloshield_df,camera,222.41568,10,5820000000,GMMM00MM08850001V64F,bluvec2.0-GMMM00MM08850001V64F,150,GREEN,NONE
1772111503000,A2D2-3A8C,FLT-3A8C-001,29.500000,-82.100000,150,14,0,Mavic Pro,false,drone_images/Mavic Pro.png,29.495000,-82.105000,29.494500,-82.105300,apolloshield_df,camera,222.41568,10,5820000000,GMMM00MM08850001V64F,bluvec2.0-GMMM00MM08850001V64F,150,GREEN,NONE
1772111503000,A2D2-3A8C,FLT-3A8C-001,29.500000,-82.100000,150,14,0,Mavic Pro,false,drone_images/Mavic Pro.png,29.495000,-82.105000,29.494500,-82.105300,apolloshield_df,camera,222.41568,10,5820000000,GMMM00MM08850001V64F,bluvec2.0-GMMM00MM08850001V64F,150,GREEN,NONE
1772111503000,A2D2-3A8C,FLT-3A8C-001,29.500000,-82.100000,150,14,0,Mavic Pro,false,drone_images/Mavic Pro.png,29.495000,-82.105000,29.494500,-82.105300,apolloshield_df,camera,222.41568,10,5820000000,GMMM00MM08850001V64F,bluvec2.0-GMMM00MM08850001V64F,150,GREEN,NONE
1772111503000,A2D2-3A8C,FLT-3A8C-001,29.500000,-82.100000,150,14,0,Mavic Pro,false,drone_images/Mavic Pro.png,29.495000,-82.105000,29.494500,-82.105300,apolloshield_df,camera,222.41568,10,5820000000,GMMM00MM08850001V64F,bluvec2.0-GMMM00MM08850001V64F,150,GREEN,NONE
1772111503000,A2D2-3A8C,FLT-3A8C-001,29.500000,-82.100000,150,14,0,Mavic Pro,false,drone_images/Mavic Pro.png,29.495000,-82.105000,29.494500,-82.105300,apolloshield_df,camera,222.41568,10,5820000000,GMMM00MM08850001V64F,bluvec2.0-GMMM00MM08850001V64F,150,GREEN,NONE
1772111503000,A2D2-3A8C,FLT-3A8C-001,29.500000,-82.100000,150,14,0,Mavic Pro,false,drone_images/Mavic Pro.png,29.495000,-82.105000,29.494500,-82.105300,apolloshield_df,camera,222.41568,10,5820000000,GMMM00MM08850001V64F,bluvec2.0-GMMM00MM08850001V64F,150,GREEN,NONE
1772111503000,A2D2-3A8C,FLT-3A8C-001,29.500000,-82.100000,150,14,0,Mavic Pro,false,drone_images/Mavic Pro.png,29.495000,-82.105000,29.494500,-82.105300,apolloshield_df,camera,222.41568,10,5820000000,GMMM00MM08850001V64F,bluvec2.0-GMMM00MM08850001V64F,150,GREEN,NONE
1772111503000,A2D2-3A8C,FLT-3A8C-001,29.500000,-82.100000,150,14,0,Mavic Pro,false,drone_images/Mavic Pro.png,29.495000,-82.105000,29.494500,-82.105300,apolloshield_df,camera,222.41568,10,5820000000,GMMM00MM08850001V64F,bluvec2.0-GMMM00MM08850001V64F,150,GREEN,NONE
1772111503000,A2D2-3A8C,FLT-3A8C-001,29.500000,-82.100000,150,14,0,Mavic Pro,false,drone_images/Mavic Pro.png,29.495000,-82.105000,29.494500,-82.105300,apolloshield_df,camera,222.41568,10,5820000000,GMMM00MM08850001V64F,bluvec2.0-GMMM00MM08850001V64F,150,GREEN,NONE
1772111503000,A2D2-3A8C,FLT-3A8C-001,29.500000,-82.100000,150,14,0,Mavic Pro,false,drone_images/Mavic Pro.png,29.495000,-82.105000,29.494500,-82.105300,apolloshield_df,camera,222.41568,10,5820000000,GMMM00MM08850001V64F,bluvec2.0-GMMM00MM08850001V64F,150,GREEN,NONE
1772111503000,A2D2-3A8C,FLT-3A8C-001,29.500000,-82.100000,150,14,0,Mavic Pro,false,drone_images/Mavic Pro.png,29.495000,-82.105000,29.494500,-82.105300,apolloshield_df,camera,222.41568,10,5820000000,GMMM00MM08850001V64F,bluvec2.0-GMMM00MM08850001V64F,150,GREEN,NONE
1772111503000,A2D2-3A8C,FLT-3A8C-001,29.500000,-82.100000,150,14,0,Mavic Pro,false,drone_images/Mavic Pro.png,29.495000,-82.105000,29.494500,-82.105300,apolloshield_df,camera,222.41568,10,5820000000,GMMM00MM08850001V64F,bluvec2.0-GMMM00MM08850001V64F,150,GREEN,NONE
1772111503000,A2D2-3A8C,FLT-3A8C-001,29.500000,-82.100000,150,14,0,Mavic Pro,false,drone_images/Mavic Pro.png,29.495000,-82.105000,29.494500,-82.105300,apolloshield_df,camera,222.41568,10,5820000000,GMMM00MM08850001V64F,bluvec2.0-GMMM00MM08850001V64F,150,GREEN,NONE
1772111503000,A2D2-3A8C,FLT-3A8C-001,29.500000,-82.100000,150,14,0,Mavic Pro,false,drone_images/Mavic Pro.png,29.495000,-82.105000,29.494500,-82.105300,apolloshield_df,camera,222.41568,10,5820000000,GMMM00MM08850001V64F,bluvec2.0-GMMM00MM08850001V64F,150,GREEN,NONE
1772111503000,A2D2-3A8C,FLT-3A8C-001,29.500000,-82.100000,150,14,0,Mavic Pro,false,drone_images/Mavic Pro.png,29.495000,-82.105000,29.494500,-82.105300,apolloshield_df,camera,222.41568,10,5820000000,GMMM00MM08850001V64F,bluvec2.0-GMMM00MM08850001V64F,150,GREEN,NONE
1772111503000,A2D2-3A8C,FLT-3A8C-001,29.500000,-82.100000,150,14,0,Mavic Pro,false,drone_images/Mavic Pro.png,29.495000,-82.105000,29.494500,-82.105300,apolloshield_df,camera,222.41568,10,5820000000,GMMM00MM08850001V64F,bluvec2.0-GMMM00MM08850001V64F,150,GREEN,NONE
1772111503000,A2D2-3A8C,FLT-3A8C-001,29.500000,-82.100000,150,14,0,Mavic Pro,false,drone_images/Mavic Pro.png,29.495000,-82.105000,29.494500,-82.105300,apolloshield_df,camera,219.90929,10,5820000000,GMMM00MM08850001V64F,bluvec2.0-GMMM00MM08850001V64F,150,GREEN,NONE
1772111503000,A2D2-3A8C,FLT-3A8C-001,29.500000,-82.100000,150,14,0,Mavic Pro,false,drone_images/Mavic Pro.png,29.495000,-82.105000,29.494500,-82.105300,apolloshield_df,camera,219.90929,10,5820000000,GMMM00MM08850001V64F,bluvec2.0-GMMM00MM08850001V64F,150,GREEN,NONE
1772111503000,A2D2-3A8C,FLT-3A8C-001,29.500000,-82.100000,150,14,0,Mavic Pro,false,drone_images/Mavic Pro.png,29.495000,-82.105000,29.494500,-82.105300,apolloshield_df,camera,217.72917,10,5820000000,GMMM00MM08850001V64F,bluvec2.0-GMMM00MM08850001V64F,150,GREEN,NONE
1772111503000,A2D2-3A8C,FLT-3A8C-001,29.500000,-82.100000,150,14,0,Mavic Pro,false,drone_images/Mavic Pro.png,29.495000,-82.105000,29.494500,-82.105300,apolloshield_df,camera,217.72917,10,5820000000,GMMM00MM08850001V64F,bluvec2.0-GMMM00MM08850001V64F,150,GREEN,NONE
1772111503000,A2D2-3A8C,FLT-3A8C-001,29.500000,-82.100000,150,14,0,Mavic Pro,false,drone_images/Mavic Pro.png,29.495000,-82.105000,29.494500,-82.105300,apolloshield_df,camera,217.72917,10,5820000000,GMMM00MM08850001V64F,bluvec2.0-GMMM00MM08850001V64F,150,GREEN,NONE
1772111503000,A2D2-3A8C,FLT-3A8C-001,29.500000,-82.100000,150,14,0,Mavic Pro,false,drone_images/Mavic Pro.png,29.495000,-82.105000,29.494500,-82.105300,apolloshield_df,camera,217.72917,10,5820000000,GMMM00MM08850001V64F,bluvec2.0-GMMM00MM08850001V64F,150,GREEN,NONE
1772111503000,A2D2-3A8C,FLT-3A8C-001,29.500000,-82.100000,150,14,0,Mavic Pro,false,drone_images/Mavic Pro.png,29.495000,-82.105000,29.494500,-82.105300,apolloshield_df,camera,217.72917,10,5820000000,GMMM00MM08850001V64F,bluvec2.0-GMMM00MM08850001V64F,150,GREEN,NONE
1772111503000,A2D2-3A8C,FLT-3A8C-001,29.500000,-82.100000,150,14,0,Mavic Pro,false,drone_images/Mavic Pro.png,29.495000,-82.105000,29.494500,-82.105300,apolloshield_df,camera,217.72917,10,5820000000,GMMM00MM08850001V64F,bluvec2.0-GMMM00MM08850001V64F,150,GREEN,NONE
1772111503000,A2D2-3A8C,FLT-3A8C-001,29.500000,-82.100000,150,14,0,Mavic Pro,false,drone_images/Mavic Pro.png,29.495000,-82.105000,29.494500,-82.105300,apolloshield_df,camera,221.76128,10,5820000000,GMMM00MM08850001V64F,bluvec2.0-GMMM00MM08850001V64F,150,GREEN,NONE
1772111503000,A2D2-3A8C,FLT-3A8C-001,29.500000,-82.100000,150,14,0,Mavic Pro,false,drone_images/Mavic Pro.png,29.495000,-82.105000,29.494500,-82.105300,apolloshield_df,camera,221.55513,10,5820000000,GMMM00MM08850001V64F,bluvec2.0-GMMM00MM08850001V64F,150,GREEN,NONE
1772111503000,A2D2-3A8C,FLT-3A8C-001,29.500000,-82.100000,150,14,0,Mavic Pro,false,drone_images/Mavic Pro.png,29.495000,-82.105000,29.494500,-82.105300,apolloshield_df,camera,221.55513,10,5820000000,GMMM00MM08850001V64F,bluvec2.0-GMMM00MM08850001V64F,150,GREEN,NONE
1772111503000,A2D2-3A8C,FLT-3A8C-001,29.500000,-82.100000,150,14,0,Mavic Pro,false,drone_images/Mavic Pro.png,29.495000,-82.105000,29.494500,-82.105300,apolloshield_df,camera,221.55513,10,5820000000,GMMM00MM08850001V64F,bluvec2.0-GMMM00MM08850001V64F,150,GREEN,NONE
1772111503000,A2D2-3A8C,FLT-3A8C-001,29.500000,-82.100000,150,14,0,Mavic Pro,false,drone_images/Mavic Pro.png,29.495000,-82.105000,29.494500,-82.105300,apolloshield_df,camera,221.55513,10,5820000000,GMMM00MM08850001V64F,bluvec2.0-GMMM00MM08850001V64F,150,GREEN,NONE
1772111503000,A2D2-3A8C,FLT-3A8C-001,29.500000,-82.100000,150,14,0,Mavic Pro,false,drone_images/Mavic Pro.png,29.495000,-82.105000,29.494500,-82.105300,apolloshield_df,camera,221.55513,10,5820000000,GMMM00MM08850001V64F,bluvec2.0-GMMM00MM08850001V64F,150,GREEN,NONE
1772111503000,A2D2-3A8C,FLT-3A8C-001,29.500000,-82.100000,150,14,0,Mavic Pro,false,drone_images/Mavic Pro.png,29.495000,-82.105000,29.494500,-82.105300,apolloshield_df,camera,221.55513,10,5820000000,GMMM00MM08850001V64F,bluvec2.0-GMMM00MM08850001V64F,150,GREEN,NONE
1772111503000,A2D2-3A8C,FLT-3A8C-001,29.500000,-82.100000,150,14,0,Mavic Pro,false,drone_images/Mavic Pro.png,29.495000,-82.105000,29.494500,-82.105300,apolloshield_df,camera,221.55513,10,5820000000,GMMM00MM08850001V64F,bluvec2.0-GMMM00MM08850001V64F,150,GREEN,NONE
1772111503000,A2D2-3A8C,FLT-3A8C-001,29.500000,-82.100000,150,14,0,Mavic Pro,false,drone_images/Mavic Pro.png,29.495000,-82.105000,29.494500,-82.105300,apolloshield_df,camera,221.55513,10,5820000000,GMMM00MM08850001V64F,bluvec2.0-GMMM00MM08850001V64F,150,GREEN,NONE
1772111503000,A2D2-3A8C,FLT-3A8C-001,29.500000,-82.100000,150,14,0,Mavic Pro,false,drone_images/Mavic Pro.png,29.495000,-82.105000,29.494500,-82.105300,apolloshield_df,camera,221.55513,10,5820000000,GMMM00MM08850001V64F,bluvec2.0-GMMM00MM08850001V64F,150,GREEN,NONE
1772111503000,A2D2-3A8C,FLT-3A8C-001,29.500000,-82.100000,150,14,0,Mavic Pro,false,drone_images/Mavic Pro.png,29.495000,-82.105000,29.494500,-82.105300,apolloshield_df,camera,221.55513,10,5820000000,GMMM00MM08850001V64F,bluvec2.0-GMMM00MM08850001V64F,150,GREEN,NONE
1772111503000,A2D2-3A8C,FLT-3A8C-001,29.500000,-82.100000,150,14,0,Mavic Pro,false,drone_images/Mavic Pro.png,29.495000,-82.105000,29.494500,-82.105300,apolloshield_df,camera,221.55513,10,5820000000,GMMM00MM08850001V64F,bluvec2.0-GMMM00MM08850001V64F,150,GREEN,NONE
1772111503000,A2D2-3A8C,FLT-3A8C-001,29.500000,-82.100000,150,14,0,Mavic Pro,false,drone_images/Mavic Pro.png,29.495000,-82.105000,29.494500,-82.105300,apolloshield_df,camera,221.55513,10,5820000000,GMMM00MM08850001V64F,bluvec2.0-GMMM00MM08850001V64F,150,GREEN,NONE
1772111503000,A2D2-3A8C,FLT-3A8C-001,29.500000,-82.100000,150,14,0,Mavic Pro,false,drone_images/Mavic Pro.png,29.495000,-82.105000,29.494500,-82.105300,apolloshield_df,camera,221.55513,10,5820000000,GMMM00MM08850001V64F,bluvec2.0-GMMM00MM08850001V64F,150,GREEN,NONE
1772111503000,A2D2-3A8C,FLT-3A8C-001,29.500000,-82.100000,150,14,0,Mavic Pro,false,drone_images/Mavic Pro.png,29.495000,-82.105000,29.494500,-82.105300,apolloshield_df,camera,221.55513,10,5820000000,GMMM00MM08850001V64F,bluvec2.0-GMMM00MM08850001V64F,150,GREEN,NONE
1772111503000,A2D2-3A8C,FLT-3A8C-001,29.500000,-82.100000,150,14,0,Mavic Pro,false,drone_images/Mavic Pro.png,29.495000,-82.105000,29.494500,-82.105300,apolloshield_df,camera,221.55513,10,5820000000,GMMM00MM08850001V64F,bluvec2.0-GMMM00MM08850001V64F,150,GREEN,NONE
1772111503000,A2D2-3A8C,FLT-3A8C-001,29.500000,-82.100000,150,14,0,Mavic Pro,false,drone_images/Mavic Pro.png,29.495000,-82.105000,29.494500,-82.105300,apolloshield_df,camera,221.55513,10,5820000000,GMMM00MM08850001V64F,bluvec2.0-GMMM00MM08850001V64F,150,GREEN,NONE
1772111503000,A2D2-3A8C,FLT-3A8C-001,29.500000,-82.100000,150,14,0,Mavic Pro,false,drone_images/Mavic Pro.png,29.495000,-82.105000,29.494500,-82.105300,apolloshield_df,camera,221.55513,10,5820000000,GMMM00MM08850001V64F,bluvec2.0-GMMM00MM08850001V64F,150,GREEN,NONE
1772111503000,A2D2-3A8C,FLT-3A8C-001,29.500000,-82.100000,150,14,0,Mavic Pro,false,drone_images/Mavic Pro.png,29.495000,-82.105000,29.494500,-82.105300,apolloshield_df,camera,221.55513,10,5820000000,GMMM00MM08850001V64F,bluvec2.0-GMMM00MM08850001V64F,150,GREEN,NONE
1772111503000,A2D2-3A8C,FLT-3A8C-001,29.500000,-82.100000,150,14,0,Mavic Pro,false,drone_images/Mavic Pro.png,29.495000,-82.105000,29.494500,-82.105300,apolloshield_df,camera,221.55513,10,5820000000,GMMM00MM08850001V64F,bluvec2.0-GMMM00MM08850001V64F,150,GREEN,NONE
1772111503000,A2D2-3A8C,FLT-3A8C-001,29.500000,-82.100000,150,14,0,Mavic Pro,false,drone_images/Mavic Pro.png,29.495000,-82.105000,29.494500,-82.105300,apolloshield_df,camera,221.55513,10,5820000000,GMMM00MM08850001V64F,bluvec2.0-GMMM00MM08850001V64F,150,GREEN,NONE
1772111503000,A2D2-3A8C,FLT-3A8C-001,29.500000,-82.100000,150,14,0,Mavic Pro,false,drone_images/Mavic Pro.png,29.495000,-82.105000,29.494500,-82.105300,apolloshield_df,camera,221.55513,10,5820000000,GMMM00MM08850001V64F,bluvec2.0-GMMM00MM08850001V64F,150,GREEN,NONE
1772111503000,A2D2-3A8C,FLT-3A8C-001,29.500000,-82.100000,150,14,0,Mavic Pro,false,drone_images/Mavic Pro.png,29.495000,-82.105000,29.494500,-82.105300,apolloshield_df,camera,221.55513,10,5820000000,GMMM00MM08850001V64F,bluvec2.0-GMMM00MM08850001V64F,150,GREEN,NONE
1772111503000,A2D2-3A8C,FLT-3A8C-001,29.500000,-82.100000,150,14,0,Mavic Pro,false,drone_images/Mavic Pro.png,29.495000,-82.105000,29.494500,-82.105300,apolloshield_df,camera,221.55513,10,5820000000,GMMM00MM08850001V64F,bluvec2.0-GMMM00MM08850001V64F,150,GREEN,NONE
1772111503000,A2D2-3A8C,FLT-3A8C-001,29.500000,-82.100000,150,14,0,Mavic Pro,false,drone_images/Mavic Pro.png,29.495000,-82.105000,29.494500,-82.105300,apolloshield_df,camera,221.55513,10,5820000000,GMMM00MM08850001V64F,bluvec2.0-GMMM00MM08850001V64F,150,GREEN,NONE
1772111503000,A2D2-3A8C,FLT-3A8C-001,29.500000,-82.100000,150,14,0,Mavic Pro,false,drone_images/Mavic Pro.png,29.495000,-82.105000,29.494500,-82.105300,apolloshield_df,camera,221.55513,10,5820000000,GMMM00MM08850001V64F,bluvec2.0-GMMM00MM08850001V64F,150,GREEN,NONE
1772111503000,A2D2-3A8C,FLT-3A8C-001,29.500000,-82.100000,150,14,0,Mavic Pro,false,drone_images/Mavic Pro.png,29.495000,-82.105000,29.494500,-82.105300,apolloshield_df,camera,221.55513,10,5820000000,GMMM00MM08850001V64F,bluvec2.0-GMMM00MM08850001V64F,150,GREEN,NONE
1772111503000,A2D2-3A8C,FLT-3A8C-001,29.500000,-82.100000,150,14,0,Mavic Pro,false,drone_images/Mavic Pro.png,29.495000,-82.105000,29.494500,-82.105300,apolloshield_df,camera,221.55513,10,5820000000,GMMM00MM08850001V64F,bluvec2.0-GMMM00MM08850001V64F,150,GREEN,NONE
1772111503000,A2D2-3A8C,FLT-3A8C-001,29.500000,-82.100000,150,14,0,Mavic Pro,false,drone_images/Mavic Pro.png,29.495000,-82.105000,29.494500,-82.105300,apolloshield_df,camera,221.55513,10,5820000000,GMMM00MM08850001V64F,bluvec2.0-GMMM00MM08850001V64F,150,GREEN,NONE
1772111503000,A2D2-3A8C,FLT-3A8C-001,29.500000,-82.100000,150,14,0,Mavic Pro,false,drone_images/Mavic Pro.png,29.495000,-82.105000,29.494500,-82.105300,apolloshield_df,camera,221.55513,10,5820000000,GMMM00MM08850001V64F,bluvec2.0-GMMM00MM08850001V64F,150,GREEN,NONE
1772111503000,A2D2-3A8C,FLT-3A8C-001,29.500000,-82.100000,150,14,0,Mavic Pro,false,drone_images/Mavic Pro.png,29.495000,-82.105000,29.494500,-82.105300,apolloshield_df,camera,221.55513,10,5820000000,GMMM00MM08850001V64F,bluvec2.0-GMMM00MM08850001V64F,150,GREEN,NONE
1772111503000,A2D2-3A8C,FLT-3A8C-001,29.500000,-82.100000,150,14,0,Mavic Pro,false,drone_images/Mavic Pro.png,29.495000,-82.105000,29.494500,-82.105300,apolloshield_df,camera,221.55513,10,5820000000,GMMM00MM08850001V64F,bluvec2.0-GMMM00MM08850001V64F,150,GREEN,NONE
1772111503000,A2D2-3A8C,FLT-3A8C-001,29.500000,-82.100000,150,14,0,Mavic Pro,false,drone_images/Mavic Pro.png,29.495000,-82.105000,29.494500,-82.105300,apolloshield_df,camera,221.55513,10,5820000000,GMMM00MM08850001V64F,bluvec2.0-GMMM00MM08850001V64F,150,GREEN,NONE
1772111503000,A2D2-3A8C,FLT-3A8C-001,29.500000,-82.100000,150,14,0,Mavic Pro,false,drone_images/Mavic Pro.png,29.495000,-82.105000,29.494500,-82.105300,apolloshield_df,camera,221.55513,10,5820000000,GMMM00MM08850001V64F,bluvec2.0-GMMM00MM08850001V64F,150,GREEN,NONE
1772111503000,A2D2-3A8C,FLT-3A8C-001,29.500000,-82.100000,150,14,0,Mavic Pro,false,drone_images/Mavic Pro.png,29.495000,-82.105000,29.494500,-82.105300,apolloshield_df,camera,216.15698,10,5820000000,GMMM00MM08850001V64F,bluvec2.0-GMMM00MM08850001V64F,150,GREEN,NONE
1772111503000,A2D2-3A8C,FLT-3A8C-001,29.500000,-82.100000,150,14,0,Mavic Pro,false,drone_images/Mavic Pro.png,29.495000,-82.105000,29.494500,-82.105300,apolloshield_df,camera,216.15698,10,5820000000,GMMM00MM08850001V64F,bluvec2.0-GMMM00MM08850001V64F,150,GREEN,NONE
1772111503000,A2D2-3A8C,FLT-3A8C-001,29.500000,-82.100000,150,14,0,Mavic Pro,false,drone_images/Mavic Pro.png,29.495000,-82.105000,29.494500,-82.105300,apolloshield_df,camera,216.15698,10,5820000000,GMMM00MM08850001V64F,bluvec2.0-GMMM00MM08850001V64F,150,GREEN,NONE
1772111503000,A2D2-3A8C,FLT-3A8C-001,29.500000,-82.100000,150,14,0,Mavic Pro,false,drone_images/Mavic Pro.png,29.495000,-82.105000,29.494500,-82.105300,apolloshield_df,camera,216.15698,10,5820000000,GMMM00MM08850001V64F,bluvec2.0-GMMM00MM08850001V64F,150,GREEN,NONE
1772111503000,A2D2-3A8C,FLT-3A8C-001,29.500000,-82.100000,150,14,0,Mavic Pro,false,drone_images/Mavic Pro.png,29.495000,-82.105000,29.494500,-82.105300,apolloshield_df,camera,216.15698,10,5820000000,GMMM00MM08850001V64F,bluvec2.0-GMMM00MM08850001V64F,150,GREEN,NONE
1772111503000,A2D2-3A8C,FLT-3A8C-001,29.500000,-82.100000,150,14,0,Mavic Pro,false,drone_images/Mavic Pro.png,29.495000,-82.105000,29.494500,-82.105300,apolloshield_df,camera,216.15698,10,5820000000,GMMM00MM08850001V64F,bluvec2.0-GMMM00MM08850001V64F,150,GREEN,NONE
1772111503000,A2D2-3A8C,FLT-3A8C-001,29.500000,-82.100000,150,14,0,Mavic Pro,false,drone_images/Mavic Pro.png,29.495000,-82.105000,29.494500,-82.105300,apolloshield_df,camera,216.15698,10,5820000000,GMMM00MM08850001V64F,bluvec2.0-GMMM00MM08850001V64F,150,GREEN,NONE
1772111503000,A2D2-3A8C,FLT-3A8C-001,29.500000,-82.100000,150,14,0,Mavic Pro,false,drone_images/Mavic Pro.png,29.495000,-82.105000,29.494500,-82.105300,apolloshield_df,camera,216.15698,10,5820000000,GMMM00MM08850001V64F,bluvec2.0-GMMM00MM08850001V64F,150,GREEN,NONE
1772111503000,A2D2-3A8C,FLT-3A8C-001,29.500000,-82.100000,150,14,0,Mavic Pro,false,drone_images/Mavic Pro.png,29.495000,-82.105000,29.494500,-82.105300,apolloshield_df,camera,216.15698,10,5820000000,GMMM00MM08850001V64F,bluvec2.0-GMMM00MM08850001V64F,150,GREEN,NONE
1772111503000,A2D2-3A8C,FLT-3A8C-001,29.500000,-82.100000,150,14,0,Mavic Pro,false,drone_images/Mavic Pro.png,29.495000,-82.105000,29.494500,-82.105300,apolloshield_df,camera,216.15698,10,5820000000,GMMM00MM08850001V64F,bluvec2.0-GMMM00MM08850001V64F,150,GREEN,NONE
1772111503000,A2D2-3A8C,FLT-3A8C-001,29.500000,-82.100000,150,14,0,Mavic Pro,false,drone_images/Mavic Pro.png,29.495000,-82.105000,29.494500,-82.105300,apolloshield_df,camera,216.15698,10,5820000000,GMMM00MM08850001V64F,bluvec2.0-GMMM00MM08850001V64F,150,GREEN,NONE
1772111503000,A2D2-3A8C,FLT-3A8C-001,29.500000,-82.100000,150,14,0,Mavic Pro,false,drone_images/Mavic Pro.png,29.495000,-82.105000,29.494500,-82.105300,apolloshield_df,camera,216.15698,10,5820000000,GMMM00MM08850001V64F,bluvec2.0-GMMM00MM08850001V64F,150,GREEN,NONE
1772111503000,A2D2-3A8C,FLT-3A8C-001,29.500000,-82.100000,150,14,0,Mavic Pro,false,drone_images/Mavic Pro.png,29.495000,-82.105000,29.494500,-82.105300,apolloshield_df,camera,216.15698,10,5820000000,GMMM00MM08850001V64F,bluvec2.0-GMMM00MM08850001V64F,150,GREEN,NONE
1772111503000,A2D2-3A8C,FLT-3A8C-001,29.500000,-82.100000,150,14,0,Mavic Pro,false,drone_images/Mavic Pro.png,29.495000,-82.105000,29.494500,-82.105300,apolloshield_df,camera,216.15698,10,5820000000,GMMM00MM08850001V64F,bluvec2.0-GMMM00MM08850001V64F,150,GREEN,NONE
1772111503000,A2D2-3A8C,FLT-3A8C-001,29.500000,-82.100000,150,14,0,Mavic Pro,false,drone_images/Mavic Pro.png,29.495000,-82.105000,29.494500,-82.105300,apolloshield_df,camera,216.15698,10,5820000000,GMMM00MM08850001V64F,bluvec2.0-GMMM00MM08850001V64F,150,GREEN,NONE
1772111503000,A2D2-3A8C,FLT-3A8C-001,29.500000,-82.100000,150,14,0,Mavic Pro,false,drone_images/Mavic Pro.png,29.495000,-82.105000,29.494500,-82.105300,apolloshield_df,camera,216.15698,10,5820000000,GMMM00MM08850001V64F,bluvec2.0-GMMM00MM08850001V64F,150,GREEN,NONE
1772111503000,A2D2-3A8C,FLT-3A8C-001,29.500000,-82.100000,150,14,0,Mavic Pro,false,drone_images/Mavic Pro.png,29.495000,-82.105000,29.494500,-82.105300,apolloshield_df,camera,216.15698,10,5820000000,GMMM00MM08850001V64F,bluvec2.0-GMMM00MM08850001V64F,150,GREEN,NONE
1772111503000,A2D2-3A8C,FLT-3A8C-001,29.500000,-82.100000,150,14,0,Mavic Pro,false,drone_images/Mavic Pro.png,29.495000,-82.105000,29.494500,-82.105300,apolloshield_df,camera,216.15698,10,5820000000,GMMM00MM08850001V64F,bluvec2.0-GMMM00MM08850001V64F,150,GREEN,NONE
1772111503000,A2D2-3A8C,FLT-3A8C-001,29.500000,-82.100000,150,14,0,Mavic Pro,false,drone_images/Mavic Pro.png,29.495000,-82.105000,29.494500,-82.105300,apolloshield_df,camera,216.15698,10,5820000000,GMMM00MM08850001V64F,bluvec2.0-GMMM00MM08850001V64F,150,GREEN,NONE
1772111503000,A2D2-3A8C,FLT-3A8C-001,29.500000,-82.100000,150,14,0,Mavic Pro,false,drone_images/Mavic Pro.png,29.495000,-82.105000,29.494500,-82.105300,apolloshield_df,camera,216.15698,10,5820000000,GMMM00MM08850001V64F,bluvec2.0-GMMM00MM08850001V64F,150,GREEN,NONE
1772111503000,A2D2-3A8C,FLT-3A8C-001,29.500000,-82.100000,150,14,0,Mavic Pro,false,drone_images/Mavic Pro.png,29.495000,-82.105000,29.494500,-82.105300,apolloshield_df,camera,216.15698,10,5820000000,GMMM00MM08850001V64F,bluvec2.0-GMMM00MM08850001V64F,150,GREEN,NONE
1772111503000,A2D2-3A8C,FLT-3A8C-001,29.500000,-82.100000,150,14,0,Mavic Pro,false,drone_images/Mavic Pro.png,29.495000,-82.105000,29.494500,-82.105300,apolloshield_df,camera,216.15698,10,5820000000,GMMM00MM08850001V64F,bluvec2.0-GMMM00MM08850001V64F,150,GREEN,NONE
1772111503000,A2D2-3A8C,FLT-3A8C-001,29.500000,-82.100000,150,14,0,Mavic Pro,false,drone_images/Mavic Pro.png,29.495000,-82.105000,29.494500,-82.105300,apolloshield_df,camera,216.15698,10,5820000000,GMMM00MM08850001V64F,bluvec2.0-GMMM00MM08850001V64F,150,GREEN,NONE
1772111503000,A2D2-3A8C,FLT-3A8C-001,29.500000,-82.100000,150,14,0,Mavic Pro,false,drone_images/Mavic Pro.png,29.495000,-82.105000,29.494500,-82.105300,apolloshield_df,camera,216.15698,10,5820000000,GMMM00MM08850001V64F,bluvec2.0-GMMM00MM08850001V64F,150,GREEN,NONE
1772111503000,A2D2-3A8C,FLT-3A8C-001,29.500000,-82.100000,150,14,0,Mavic Pro,false,drone_images/Mavic Pro.png,29.495000,-82.105000,29.494500,-82.105300,apolloshield_df,camera,216.15698,10,5820000000,GMMM00MM08850001V64F,bluvec2.0-GMMM00MM08850001V64F,150,GREEN,NONE
1772111503000,A2D2-3A8C,FLT-3A8C-001,29.500000,-82.100000,150,14,0,Mavic Pro,false,drone_images/Mavic Pro.png,29.495000,-82.105000,29.494500,-82.105300,apolloshield_df,camera,216.15698,10,5820000000,GMMM00MM08850001V64F,bluvec2.0-GMMM00MM08850001V64F,150,GREEN,NONE
1772111503000,A2D2-3A8C,FLT-3A8C-001,29.500000,-82.100000,150,14,0,Mavic Pro,false,drone_images/Mavic Pro.png,29.495000,-82.105000,29.494500,-82.105300,apolloshield_df,camera,216.15698,10,5820000000,GMMM00MM08850001V64F,bluvec2.0-GMMM00MM08850001V64F,150,GREEN,NONE
1772111503000,A2D2-3A8C,FLT-3A8C-001,29.500000,-82.100000,150,14,0,Mavic Pro,false,drone_images/Mavic Pro.png,29.495000,-82.105000,29.494500,-82.105300,apolloshield_df,camera,216.15698,10,5820000000,GMMM00MM08850001V64F,bluvec2.0-GMMM00MM08850001V64F,150,GREEN,NONE
1772111503000,A2D2-3A8C,FLT-3A8C-001,29.500000,-82.100000,150,14,0,Mavic Pro,false,drone_images/Mavic Pro.png,29.495000,-82.105000,29.494500,-82.105300,apolloshield_df,camera,216.15698,10,5820000000,GMMM00MM08850001V64F,bluvec2.0-GMMM00MM08850001V64F,150,GREEN,NONE
1772111503000,A2D2-3A8C,FLT-3A8C-001,29.500000,-82.100000,150,14,0,Mavic Pro,false,drone_images/Mavic Pro.png,29.495000,-82.105000,29.494500,-82.105300,apolloshield_df,camera,216.15698,10,5820000000,GMMM00MM08850001V64F,bluvec2.0-GMMM00MM08850001V64F,150,GREEN,NONE
1772111503000,A2D2-3A8C,FLT-3A8C-001,29.500000,-82.100000,150,14,0,Mavic Pro,false,drone_images/Mavic Pro.png,29.495000,-82.105000,29.494500,-82.105300,apolloshield_df,camera,216.15698,10,5820000000,GMMM00MM08850001V64F,bluvec2.0-GMMM00MM08850001V64F,150,GREEN,NONE
1772111503000,A2D2-3A8C,FLT-3A8C-001,29.500000,-82.100000,150,14,0,Mavic Pro,false,drone_images/Mavic Pro.png,29.495000,-82.105000,29.494500,-82.105300,apolloshield_df,camera,216.15698,10,5820000000,GMMM00MM08850001V64F,bluvec2.0-GMMM00MM08850001V64F,150,GREEN,NONE
1772111503000,A2D2-3A8C,FLT-3A8C-001,29.500000,-82.100000,150,14,0,Mavic Pro,false,drone_images/Mavic Pro.png,29.495000,-82.105000,29.494500,-82.105300,apolloshield_df,camera,216.15698,10,5820000000,GMMM00MM08850001V64F,bluvec2.0-GMMM00MM08850001V64F,150,GREEN,NONE
1772111503000,A2D2-3A8C,FLT-3A8C-001,29.500000,-82.100000,150,14,0,Mavic Pro,false,drone_images/Mavic Pro.png,29.495000,-82.105000,29.494500,-82.105300,apolloshield_df,camera,216.15698,10,5820000000,GMMM00MM08850001V64F,bluvec2.0-GMMM00MM08850001V64F,150,GREEN,NONE
1772111503000,A2D2-3A8C,FLT-3A8C-001,29.500000,-82.100000,150,14,0,Mavic Pro,false,drone_images/Mavic Pro.png,29.495000,-82.105000,29.494500,-82.105300,apolloshield_df,camera,216.15698,10,5820000000,GMMM00MM08850001V64F,bluvec2.0-GMMM00MM08850001V64F,150,GREEN,NONE
1772111503000,A2D2-3A8C,FLT-3A8C-001,29.500000,-82.100000,150,14,0,Mavic Pro,false,drone_images/Mavic Pro.png,29.495000,-82.105000,29.494500,-82.105300,apolloshield_df,camera,216.15698,10,5820000000,GMMM00MM08850001V64F,bluvec2.0-GMMM00MM08850001V64F,150,GREEN,NONE
1772111503000,A2D2-3A8C,FLT-3A8C-001,29.500000,-82.100000,150,14,0,Mavic Pro,false,drone_images/Mavic Pro.png,29.495000,-82.105000,29.494500,-82.105300,apolloshield_df,camera,216.15698,10,5820000000,GMMM00MM08850001V64F,bluvec2.0-GMMM00MM08850001V64F,150,GREEN,NONE
1772111503000,A2D2-3A8C,FLT-3A8C-001,29.500000,-82.100000,150,14,0,Mavic Pro,false,drone_images/Mavic Pro.png,29.495000,-82.105000,29.494500,-82.105300,apolloshield_df,camera,216.15698,10,5820000000,GMMM00MM08850001V64F,bluvec2.0-GMMM00MM08850001V64F,150,GREEN,NONE
1772111503000,A2D2-3A8C,FLT-3A8C-001,29.500000,-82.100000,150,14,0,Mavic Pro,false,drone_images/Mavic Pro.png,29.495000,-82.105000,29.494500,-82.105300,apolloshield_df,camera,216.15698,10,5820000000,GMMM00MM08850001V64F,bluvec2.0-GMMM00MM08850001V64F,150,GREEN,NONE
1772111503000,A2D2-3A8C,FLT-3A8C-001,29.500000,-82.100000,150,14,0,Mavic Pro,false,drone_images/Mavic Pro.png,29.495000,-82.105000,29.494500,-82.105300,apolloshield_df,camera,216.15698,10,5820000000,GMMM00MM08850001V64F,bluvec2.0-GMMM00MM08850001V64F,150,GREEN,NONE
1772111503000,A2D2-3A8C,FLT-3A8C-001,29.500000,-82.100000,150,14,0,Mavic Pro,false,drone_images/Mavic Pro.png,29.495000,-82.105000,29.494500,-82.105300,apolloshield_df,camera,216.15698,10,5820000000,GMMM00MM08850001V64F,bluvec2.0-GMMM00MM08850001V64F,150,GREEN,NONE
1772111503000,A2D2-3A8C,FLT-3A8C-001,29.500000,-82.100000,150,14,0,Mavic Pro,false,drone_images/Mavic Pro.png,29.495000,-82.105000,29.494500,-82.105300,apolloshield_df,camera,216.15698,10,5820000000,GMMM00MM08850001V64F,bluvec2.0-GMMM00MM08850001V64F,150,GREEN,NONE
1772111503000,A2D2-3A8C,FLT-3A8C-001,29.500000,-82.100000,150,14,0,Mavic Pro,false,drone_images/Mavic Pro.png,29.495000,-82.105000,29.494500,-82.105300,apolloshield_df,camera,216.15698,10,5820000000,GMMM00MM08850001V64F,bluvec2.0-GMMM00MM08850001V64F,150,GREEN,NONE
1772111503000,A2D2-3A8C,FLT-3A8C-001,29.500000,-82.100000,150,14,0,Mavic Pro,false,drone_images/Mavic Pro.png,29.495000,-82.105000,29.494500,-82.105300,apolloshield_df,camera,216.15698,10,5820000000,GMMM00MM08850001V64F,bluvec2.0-GMMM00MM08850001V64F,150,GREEN,NONE
1772111503000,A2D2-3A8C,FLT-3A8C-001,29.500000,-82.100000,150,14,0,Mavic Pro,false,drone_images/Mavic Pro.png,29.495000,-82.105000,29.494500,-82.105300,apolloshield_df,camera,216.15698,10,5820000000,GMMM00MM08850001V64F,bluvec2.0-GMMM00MM08850001V64F,150,GREEN,NONE
1772111503000,A2D2-3A8C,FLT-3A8C-001,29.500000,-82.100000,150,14,0,Mavic Pro,false,drone_images/Mavic Pro.png,29.495000,-82.105000,29.494500,-82.105300,apolloshield_df,camera,216.15698,10,5820000000,GMMM00MM08850001V64F,bluvec2.0-GMMM00MM08850001V64F,150,GREEN,NONE
1772111503000,A2D2-3A8C,FLT-3A8C-001,29.500000,-82.100000,150,14,0,Mavic Pro,false,drone_images/Mavic Pro.png,29.495000,-82.105000,29.494500,-82.105300,apolloshield_df,camera,216.15698,10,5820000000,GMMM00MM08850001V64F,bluvec2.0-GMMM00MM08850001V64F,150,GREEN,NONE
1772111503000,A2D2-3A8C,FLT-3A8C-001,29.500000,-82.100000,150,14,0,Mavic Pro,false,drone_images/Mavic Pro.png,29.495000,-82.105000,29.494500,-82.105300,apolloshield_df,camera,216.15698,10,5820000000,GMMM00MM08850001V64F,bluvec2.0-GMMM00MM08850001V64F,150,GREEN,NONE
1772111503000,A2D2-3A8C,FLT-3A8C-001,29.500000,-82.100000,150,14,0,Mavic Pro,false,drone_images/Mavic Pro.png,29.495000,-82.105000,29.494500,-82.105300,apolloshield_df,camera,216.15698,10,5820000000,GMMM00MM08850001V64F,bluvec2.0-GMMM00MM08850001V64F,150,GREEN,NONE
1772111503000,A2D2-3A8C,FLT-3A8C-001,29.500000,-82.100000,150,14,0,Mavic Pro,false,drone_images/Mavic Pro.png,29.495000,-82.105000,29.494500,-82.105300,apolloshield_df,camera,216.15698,10,5820000000,GMMM00MM08850001V64F,bluvec2.0-GMMM00MM08850001V64F,150,GREEN,NONE
1772111503000,A2D2-3A8C,FLT-3A8C-001,29.500000,-82.100000,150,14,0,Mavic Pro,false,drone_images/Mavic Pro.png,29.495000,-82.105000,29.494500,-82.105300,apolloshield_df,camera,216.15698,10,5820000000,GMMM00MM08850001V64F,bluvec2.0-GMMM00MM08850001V64F,150,GREEN,NONE
1772111503000,A2D2-3A8C,FLT-3A8C-001,29.500000,-82.100000,150,14,0,Mavic Pro,false,drone_images/Mavic Pro.png,29.495000,-82.105000,29.494500,-82.105300,apolloshield_df,camera,216.15698,10,5820000000,GMMM00MM08850001V64F,bluvec2.0-GMMM00MM08850001V64F,150,GREEN,NONE
1772111503000,A2D2-3A8C,FLT-3A8C-001,29.500000,-82.100000,150,14,0,Mavic Pro,false,drone_images/Mavic Pro.png,29.495000,-82.105000,29.494500,-82.105300,apolloshield_df,camera,216.15698,10,5820000000,GMMM00MM08850001V64F,bluvec2.0-GMMM00MM08850001V64F,150,GREEN,NONE
1772111503000,A2D2-3A8C,FLT-3A8C-001,29.500000,-82.100000,150,14,0,Mavic Pro,false,drone_images/Mavic Pro.png,29.495000,-82.105000,29.494500,-82.105300,apolloshield_df,camera,216.15698,10,5820000000,GMMM00MM08850001V64F,bluvec2.0-GMMM00MM08850001V64F,150,GREEN,NONE
1772111503000,A2D2-3A8C,FLT-3A8C-001,29.500000,-82.100000,150,14,0,Mavic Pro,false,drone_images/Mavic Pro.png,29.495000,-82.105000,29.494500,-82.105300,apolloshield_df,camera,216.15698,10,5820000000,GMMM00MM08850001V64F,bluvec2.0-GMMM00MM08850001V64F,150,GREEN,NONE
1772111503000,A2D2-3A8C,FLT-3A8C-001,29.500000,-82.100000,150,14,0,Mavic Pro,false,drone_images/Mavic Pro.png,29.495000,-82.105000,29.494500,-82.105300,apolloshield_df,camera,216.15698,10,5820000000,GMMM00MM08850001V64F,bluvec2.0-GMMM00MM08850001V64F,150,GREEN,NONE
1772111503000,A2D2-3A8C,FLT-3A8C-001,29.500000,-82.100000,150,14,0,Mavic Pro,false,drone_images/Mavic Pro.png,29.495000,-82.105000,29.494500,-82.105300,apolloshield_df,camera,216.15698,10,5820000000,GMMM00MM08850001V64F,bluvec2.0-GMMM00MM08850001V64F,150,GREEN,NONE
1772111503000,A2D2-3A8C,FLT-3A8C-001,29.500000,-82.100000,150,14,0,Mavic Pro,false,drone_images/Mavic Pro.png,29.495000,-82.105000,29.494500,-82.105300,apolloshield_df,camera,216.15698,10,5820000000,GMMM00MM08850001V64F,bluvec2.0-GMMM00MM08850001V64F,150,GREEN,NONE
1772111503000,A2D2-3A8C,FLT-3A8C-001,29.500000,-82.100000,150,14,0,Mavic Pro,false,drone_images/Mavic Pro.png,29.495000,-82.105000,29.494500,-82.105300,apolloshield_df,camera,216.15698,10,5820000000,GMMM00MM08850001V64F,bluvec2.0-GMMM00MM08850001V64F,150,GREEN,NONE
1772111503000,A2D2-3A8C,FLT-3A8C-001,29.500000,-82.100000,150,14,0,Mavic Pro,false,drone_images/Mavic Pro.png,29.495000,-82.105000,29.494500,-82.105300,apolloshield_df,camera,216.15698,10,5820000000,GMMM00MM08850001V64F,bluvec2.0-GMMM00MM08850001V64F,150,GREEN,NONE
1772111503000,A2D2-3A8C,FLT-3A8C-001,29.500000,-82.100000,150,14,0,Mavic Pro,false,drone_images/Mavic Pro.png,29.495000,-82.105000,29.494500,-82.105300,apolloshield_df,camera,216.15698,10,5820000000,GMMM00MM08850001V64F,bluvec2.0-GMMM00MM08850001V64F,150,GREEN,NONE
1772111503000,A2D2-3A8C,FLT-3A8C-001,29.500000,-82.100000,150,14,0,Mavic Pro,false,drone_images/Mavic Pro.png,29.495000,-82.105000,29.494500,-82.105300,apolloshield_df,camera,216.15698,10,5820000000,GMMM00MM08850001V64F,bluvec2.0-GMMM00MM08850001V64F,150,GREEN,NONE
1772111503000,A2D2-3A8C,FLT-3A8C-001,29.500000,-82.100000,150,14,0,Mavic Pro,false,drone_images/Mavic Pro.png,29.495000,-82.105000,29.494500,-82.105300,apolloshield_df,camera,216.15698,10,5820000000,GMMM00MM08850001V64F,bluvec2.0-GMMM00MM08850001V64F,150,GREEN,NONE
1772111503000,A2D2-3A8C,FLT-3A8C-001,29.500000,-82.100000,150,14,0,Mavic Pro,false,drone_images/Mavic Pro.png,29.495000,-82.105000,29.494500,-82.105300,apolloshield_df,camera,216.15698,10,5820000000,GMMM00MM08850001V64F,bluvec2.0-GMMM00MM08850001V64F,150,GREEN,NONE
1772111503000,A2D2-3A8C,FLT-3A8C-001,29.500000,-82.100000,150,14,0,Mavic Pro,false,drone_images/Mavic Pro.png,29.495000,-82.105000,29.494500,-82.105300,apolloshield_df,camera,216.15698,10,5820000000,GMMM00MM08850001V64F,bluvec2.0-GMMM00MM08850001V64F,150,GREEN,NONE
1772111503000,A2D2-3A8C,FLT-3A8C-001,29.500000,-82.100000,150,14,0,Mavic Pro,false,drone_images/Mavic Pro.png,29.495000,-82.105000,29.494500,-82.105300,apolloshield_df,camera,216.15698,10,5820000000,GMMM00MM08850001V64F,bluvec2.0-GMMM00MM08850001V64F,150,GREEN,NONE
1772111503000,A2D2-3A8C,FLT-3A8C-001,29.500000,-82.100000,150,14,0,Mavic Pro,false,drone_images/Mavic Pro.png,29.495000,-82.105000,29.494500,-82.105300,apolloshield_df,camera,216.15698,10,5820000000,GMMM00MM08850001V64F,bluvec2.0-GMMM00MM08850001V64F,150,GREEN,NONE
1772111503000,A2D2-3A8C,FLT-3A8C-001,29.500000,-82.100000,150,14,0,Mavic Pro,false,drone_images/Mavic Pro.png,29.495000,-82.105000,29.494500,-82.105300,apolloshield_df,camera,216.15698,10,5820000000,GMMM00MM08850001V64F,bluvec2.0-GMMM00MM08850001V64F,150,GREEN,NONE
1772111503000,A2D2-3A8C,FLT-3A8C-001,29.500000,-82.100000,150,14,0,Mavic Pro,false,drone_images/Mavic Pro.png,29.495000,-82.105000,29.494500,-82.105300,apolloshield_df,camera,216.15698,10,5820000000,GMMM00MM08850001V64F,bluvec2.0-GMMM00MM08850001V64F,150,GREEN,NONE
1772111503000,A2D2-3A8C,FLT-3A8C-001,29.500000,-82.100000,150,14,0,Mavic Pro,false,drone_images/Mavic Pro.png,29.495000,-82.105000,29.494500,-82.105300,apolloshield_df,camera,216.15698,10,5820000000,GMMM00MM08850001V64F,bluvec2.0-GMMM00MM08850001V64F,150,GREEN,NONE
1772111503000,A2D2-3A8C,FLT-3A8C-001,29.500000,-82.100000,150,14,0,Mavic Pro,false,drone_images/Mavic Pro.png,29.495000,-82.105000,29.494500,-82.105300,apolloshield_df,camera,216.15698,10,5820000000,GMMM00MM08850001V64F,bluvec2.0-GMMM00MM08850001V64F,150,GREEN,NONE
1772111503000,A2D2-3A8C,FLT-3A8C-001,29.500000,-82.100000,150,14,0,Mavic Pro,false,drone_images/Mavic Pro.png,29.495000,-82.105000,29.494500,-82.105300,apolloshield_df,camera,216.15698,10,5820000000,GMMM00MM08850001V64F,bluvec2.0-GMMM00MM08850001V64F,150,GREEN,NONE
1772111503000,A2D2-3A8C,FLT-3A8C-001,29.500000,-82.100000,150,14,0,Mavic Pro,false,drone_images/Mavic Pro.png,29.495000,-82.105000,29.494500,-82.105300,apolloshield_df,camera,216.15698,10,5820000000,GMMM00MM08850001V64F,bluvec2.0-GMMM00MM08850001V64F,150,GREEN,NONE
1772111503000,A2D2-3A8C,FLT-3A8C-001,29.500000,-82.100000,150,14,0,Mavic Pro,false,drone_images/Mavic Pro.png,29.495000,-82.105000,29.494500,-82.105300,apolloshield_df,camera,216.15698,10,5820000000,GMMM00MM08850001V64F,bluvec2.0-GMMM00MM08850001V64F,150,GREEN,NONE
1772111503000,A2D2-3A8C,FLT-3A8C-001,29.500000,-82.100000,150,14,0,Mavic Pro,false,drone_images/Mavic Pro.png,29.495000,-82.105000,29.494500,-82.105300,apolloshield_df,camera,216.15698,10,5820000000,GMMM00MM08850001V64F,bluvec2.0-GMMM00MM08850001V64F,150,GREEN,NONE
1772111503000,A2D2-3A8C,FLT-3A8C-001,29.500000,-82.100000,150,14,0,Mavic Pro,false,drone_images/Mavic Pro.png,29.495000,-82.105000,29.494500,-82.105300,apolloshield_df,camera,216.15698,10,5820000000,GMMM00MM08850001V64F,bluvec2.0-GMMM00MM08850001V64F,150,GREEN,NONE
1772111503000,A2D2-3A8C,FLT-3A8C-001,29.500000,-82.100000,150,14,0,Mavic Pro,false,drone_images/Mavic Pro.png,29.495000,-82.105000,29.494500,-82.105300,apolloshield_df,camera,216.15698,10,5820000000,GMMM00MM08850001V64F,bluvec2.0-GMMM00MM08850001V64F,150,GREEN,NONE
1772111503000,A2D2-3A8C,FLT-3A8C-001,29.500000,-82.100000,150,14,0,Mavic Pro,false,drone_images/Mavic Pro.png,29.495000,-82.105000,29.494500,-82.105300,apolloshield_df,camera,216.15698,10,5820000000,GMMM00MM08850001V64F,bluvec2.0-GMMM00MM08850001V64F,150,GREEN,NONE
1772111503000,A2D2-3A8C,FLT-3A8C-001,29.500000,-82.100000,150,14,0,Mavic Pro,false,drone_images/Mavic Pro.png,29.495000,-82.105000,29.494500,-82.105300,apolloshield_df,camera,216.15698,10,5820000000,GMMM00MM08850001V64F,bluvec2.0-GMMM00MM08850001V64F,150,GREEN,NONE
1772111503000,A2D2-3A8C,FLT-3A8C-001,29.500000,-82.100000,150,14,0,Mavic Pro,false,drone_images/Mavic Pro.png,29.495000,-82.105000,29.494500,-82.105300,apolloshield_df,camera,216.15698,10,5820000000,GMMM00MM08850001V64F,bluvec2.0-GMMM00MM08850001V64F,150,GREEN,NONE
1772111503000,A2D2-3A8C,FLT-3A8C-001,29.500000,-82.100000,150,14,0,Mavic Pro,false,drone_images/Mavic Pro.png,29.495000,-82.105000,29.494500,-82.105300,apolloshield_df,camera,216.15698,10,5820000000,GMMM00MM08850001V64F,bluvec2.0-GMMM00MM08850001V64F,150,GREEN,NONE
1772111503000,A2D2-3A8C,FLT-3A8C-001,29.500000,-82.100000,150,14,0,Mavic Pro,false,drone_images/Mavic Pro.png,29.495000,-82.105000,29.494500,-82.105300,apolloshield_df,camera,216.15698,10,5820000000,GMMM00MM08850001V64F,bluvec2.0-GMMM00MM08850001V64F,150,GREEN,NONE
1772111503000,A2D2-3A8C,FLT-3A8C-001,29.500000,-82.100000,150,14,0,Mavic Pro,false,drone_images/Mavic Pro.png,29.495000,-82.105000,29.494500,-82.105300,apolloshield_df,camera,216.15698,10,5820000000,GMMM00MM08850001V64F,bluvec2.0-GMMM00MM08850001V64F,150,GREEN,NONE
1772111503000,A2D2-3A8C,FLT-3A8C-001,29.500000,-82.100000,150,14,0,Mavic Pro,false,drone_images/Mavic Pro.png,29.495000,-82.105000,29.494500,-82.105300,apolloshield_df,camera,216.15698,10,5820000000,GMMM00MM08850001V64F,bluvec2.0-GMMM00MM08850001V64F,150,GREEN,NONE
1772111503000,A2D2-3A8C,FLT-3A8C-001,29.500000,-82.100000,150,14,0,Mavic Pro,false,drone_images/Mavic Pro.png,29.495000,-82.105000,29.494500,-82.105300,apolloshield_df,camera,216.15698,10,5820000000,GMMM00MM08850001V64F,bluvec2.0-GMMM00MM08850001V64F,150,GREEN,NONE
1772111503000,A2D2-3A8C,FLT-3A8C-001,29.500000,-82.100000,150,14,0,Mavic Pro,false,drone_images/Mavic Pro.png,29.495000,-82.105000,29.494500,-82.105300,apolloshield_df,camera,216.15698,10,5820000000,GMMM00MM08850001V64F,bluvec2.0-GMMM00MM08850001V64F,150,GREEN,NONE
1772111503000,A2D2-3A8C,FLT-3A8C-001,29.500000,-82.100000,150,14,0,Mavic Pro,false,drone_images/Mavic Pro.png,29.495000,-82.105000,29.494500,-82.105300,apolloshield_df,camera,216.15698,10,5820000000,GMMM00MM08850001V64F,bluvec2.0-GMMM00MM08850001V64F,150,GREEN,NONE
1772111503000,A2D2-3A8C,FLT-3A8C-001,29.500000,-82.100000,150,14,0,Mavic Pro,false,drone_images/Mavic Pro.png,29.495000,-82.105000,29.494500,-82.105300,apolloshield_df,camera,216.15698,10,5820000000,GMMM00MM08850001V64F,bluvec2.0-GMMM00MM08850001V64F,150,GREEN,NONE
1772111503000,A2D2-3A8C,FLT-3A8C-001,29.500000,-82.100000,150,14,0,Mavic Pro,false,drone_images/Mavic Pro.png,29.495000,-82.105000,29.494500,-82.105300,apolloshield_df,camera,216.15698,10,5820000000,GMMM00MM08850001V64F,bluvec2.0-GMMM00MM08850001V64F,150,GREEN,NONE
1772111503000,A2D2-3A8C,FLT-3A8C-001,29.500000,-82.100000,150,14,0,Mavic Pro,false,drone_images/Mavic Pro.png,29.495000,-82.105000,29.494500,-82.105300,apolloshield_df,camera,216.15698,10,5820000000,GMMM00MM08850001V64F,bluvec2.0-GMMM00MM08850001V64F,150,GREEN,NONE
1772111503000,A2D2-3A8C,FLT-3A8C-001,29.500000,-82.100000,150,14,0,Mavic Pro,false,drone_images/Mavic Pro.png,29.495000,-82.105000,29.494500,-82.105300,apolloshield_df,camera,216.15698,10,5820000000,GMMM00MM08850001V64F,bluvec2.0-GMMM00MM08850001V64F,150,GREEN,NONE
1772111503000,A2D2-3A8C,FLT-3A8C-001,29.500000,-82.100000,150,14,0,Mavic Pro,false,drone_images/Mavic Pro.png,29.495000,-82.105000,29.494500,-82.105300,apolloshield_df,camera,216.15698,10,5820000000,GMMM00MM08850001V64F,bluvec2.0-GMMM00MM08850001V64F,150,GREEN,NONE
1772111503000,A2D2-3A8C,FLT-3A8C-001,29.500000,-82.100000,150,14,0,Mavic Pro,false,drone_images/Mavic Pro.png,29.495000,-82.105000,29.494500,-82.105300,apolloshield_df,camera,216.15698,10,5820000000,GMMM00MM08850001V64F,bluvec2.0-GMMM00MM08850001V64F,150,GREEN,NONE
1772111503000,A2D2-3A8C,FLT-3A8C-001,29.500000,-82.100000,150,14,0,Mavic Pro,false,drone_images/Mavic Pro.png,29.495000,-82.105000,29.494500,-82.105300,apolloshield_df,camera,216.15698,10,5820000000,GMMM00MM08850001V64F,bluvec2.0-GMMM00MM08850001V64F,150,GREEN,NONE
1772111503000,A2D2-3A8C,FLT-3A8C-001,29.500000,-82.100000,150,14,0,Mavic Pro,false,drone_images/Mavic Pro.png,29.495000,-82.105000,29.494500,-82.105300,apolloshield_df,camera,216.15698,10,5820000000,GMMM00MM08850001V64F,bluvec2.0-GMMM00MM08850001V64F,150,GREEN,NONE
1772111503000,A2D2-3A8C,FLT-3A8C-001,29.500000,-82.100000,150,14,0,Mavic Pro,false,drone_images/Mavic Pro.png,29.495000,-82.105000,29.494500,-82.105300,apolloshield_df,camera,216.15698,10,5820000000,GMMM00MM08850001V64F,bluvec2.0-GMMM00MM08850001V64F,150,GREEN,NONE
1772111503000,A2D2-3A8C,FLT-3A8C-001,29.500000,-82.100000,150,14,0,Mavic Pro,false,drone_images/Mavic Pro.png,29.495000,-82.105000,29.494500,-82.105300,apolloshield_df,camera,216.15698,10,5820000000,GMMM00MM08850001V64F,bluvec2.0-GMMM00MM08850001V64F,150,GREEN,NONE
1772111503000,A2D2-3A8C,FLT-3A8C-001,29.500000,-82.100000,150,14,0,Mavic Pro,false,drone_images/Mavic Pro.png,29.495000,-82.105000,29.494500,-82.105300,apolloshield_df,camera,218.1929,10,5820000000,GMMM00MM08850001V64F,bluvec2.0-GMMM00MM08850001V64F,150,GREEN,NONE
1772111503000,A2D2-3A8C,FLT-3A8C-001,29.500000,-82.100000,150,14,0,Mavic Pro,false,drone_images/Mavic Pro.png,29.495000,-82.105000,29.494500,-82.105300,apolloshield_df,camera,218.1929,10,5820000000,GMMM00MM08850001V64F,bluvec2.0-GMMM00MM08850001V64F,150,GREEN,NONE
1772111503000,A2D2-3A8C,FLT-3A8C-001,29.500000,-82.100000,150,14,0,Mavic Pro,false,drone_images/Mavic Pro.png,29.495000,-82.105000,29.494500,-82.105300,apolloshield_df,camera,218.1929,10,5820000000,GMMM00MM08850001V64F,bluvec2.0-GMMM00MM08850001V64F,150,GREEN,NONE
1772111503000,A2D2-3A8C,FLT-3A8C-001,29.500000,-82.100000,150,14,0,Mavic Pro,false,drone_images/Mavic Pro.png,29.495000,-82.105000,29.494500,-82.105300,apolloshield_df,camera,218.1929,10,5820000000,GMMM00MM08850001V64F,bluvec2.0-GMMM00MM08850001V64F,150,GREEN,NONE
1772111503000,A2D2-3A8C,FLT-3A8C-001,29.500000,-82.100000,150,14,0,Mavic Pro,false,drone_images/Mavic Pro.png,29.495000,-82.105000,29.494500,-82.105300,apolloshield_df,camera,218.1929,10,5820000000,GMMM00MM08850001V64F,bluvec2.0-GMMM00MM08850001V64F,150,GREEN,NONE
1772111503000,A2D2-3A8C,FLT-3A8C-001,29.500000,-82.100000,150,14,0,Mavic Pro,false,drone_images/Mavic Pro.png,29.495000,-82.105000,29.494500,-82.105300,apolloshield_df,camera,218.1929,10,5820000000,GMMM00MM08850001V64F,bluvec2.0-GMMM00MM08850001V64F,150,GREEN,NONE
1772111503000,A2D2-3A8C,FLT-3A8C-001,29.500000,-82.100000,150,14,0,Mavic Pro,false,drone_images/Mavic Pro.png,29.495000,-82.105000,29.494500,-82.105300,apolloshield_df,camera,218.1929,10,5820000000,GMMM00MM08850001V64F,bluvec2.0-GMMM00MM08850001V64F,150,GREEN,NONE
1772111503000,A2D2-3A8C,FLT-3A8C-001,29.500000,-82.100000,150,14,0,Mavic Pro,false,drone_images/Mavic Pro.png,29.495000,-82.105000,29.494500,-82.105300,apolloshield_df,camera,218.1929,10,5820000000,GMMM00MM08850001V64F,bluvec2.0-GMMM00MM08850001V64F,150,GREEN,NONE
1772111503000,A2D2-3A8C,FLT-3A8C-001,29.500000,-82.100000,150,14,0,Mavic Pro,false,drone_images/Mavic Pro.png,29.495000,-82.105000,29.494500,-82.105300,apolloshield_df,camera,218.1929,10,5820000000,GMMM00MM08850001V64F,bluvec2.0-GMMM00MM08850001V64F,150,GREEN,NONE
1772111503000,A2D2-3A8C,FLT-3A8C-001,29.500000,-82.100000,150,14,0,Mavic Pro,false,drone_images/Mavic Pro.png,29.495000,-82.105000,29.494500,-82.105300,apolloshield_df,camera,218.1929,10,5820000000,GMMM00MM08850001V64F,bluvec2.0-GMMM00MM08850001V64F,150,GREEN,NONE
1772111503000,A2D2-3A8C,FLT-3A8C-001,29.500000,-82.100000,150,14,0,Mavic Pro,false,drone_images/Mavic Pro.png,29.495000,-82.105000,29.494500,-82.105300,apolloshield_df,camera,218.1929,10,5820000000,GMMM00MM08850001V64F,bluvec2.0-GMMM00MM08850001V64F,150,GREEN,NONE
1772111503000,A2D2-3A8C,FLT-3A8C-001,29.500000,-82.100000,150,14,0,Mavic Pro,false,drone_images/Mavic Pro.png,29.495000,-82.105000,29.494500,-82.105300,apolloshield_df,camera,218.1929,10,5820000000,GMMM00MM08850001V64F,bluvec2.0-GMMM00MM08850001V64F,150,GREEN,NONE
1772111503000,A2D2-3A8C,FLT-3A8C-001,29.500000,-82.100000,150,14,0,Mavic Pro,false,drone_images/Mavic Pro.png,29.495000,-82.105000,29.494500,-82.105300,apolloshield_df,camera,218.1929,10,5820000000,GMMM00MM08850001V64F,bluvec2.0-GMMM00MM08850001V64F,150,GREEN,NONE
1772111503000,A2D2-3A8C,FLT-3A8C-001,29.500000,-82.100000,150,14,0,Mavic Pro,false,drone_images/Mavic Pro.png,29.495000,-82.105000,29.494500,-82.105300,apolloshield_df,camera,218.1929,10,5820000000,GMMM00MM08850001V64F,bluvec2.0-GMMM00MM08850001V64F,150,GREEN,NONE
1772111503000,A2D2-3A8C,FLT-3A8C-001,29.500000,-82.100000,150,14,0,Mavic Pro,false,drone_images/Mavic Pro.png,29.495000,-82.105000,29.494500,-82.105300,apolloshield_df,camera,218.1929,10,5820000000,GMMM00MM08850001V64F,bluvec2.0-GMMM00MM08850001V64F,150,GREEN,NONE
1772111503000,A2D2-3A8C,FLT-3A8C-001,29.500000,-82.100000,150,14,0,Mavic Pro,false,drone_images/Mavic Pro.png,29.495000,-82.105000,29.494500,-82.105300,apolloshield_df,camera,218.1929,10,5820000000,GMMM00MM08850001V64F,bluvec2.0-GMMM00MM08850001V64F,150,GREEN,NONE
1772111503000,A2D2-3A8C,FLT-3A8C-001,29.500000,-82.100000,150,14,0,Mavic Pro,false,drone_images/Mavic Pro.png,29.495000,-82.105000,29.494500,-82.105300,apolloshield_df,camera,218.1929,10,5820000000,GMMM00MM08850001V64F,bluvec2.0-GMMM00MM08850001V64F,150,GREEN,NONE
1772111503000,A2D2-3A8C,FLT-3A8C-001,29.500000,-82.100000,150,14,0,Mavic Pro,false,drone_images/Mavic Pro.png,29.495000,-82.105000,29.494500,-82.105300,apolloshield_df,camera,218.1929,10,5820000000,GMMM00MM08850001V64F,bluvec2.0-GMMM00MM08850001V64F,150,GREEN,NONE
1772111503000,A2D2-3A8C,FLT-3A8C-001,29.500000,-82.100000,150,14,0,Mavic Pro,false,drone_images/Mavic Pro.png,29.495000,-82.105000,29.494500,-82.105300,apolloshield_df,camera,218.1929,10,5820000000,GMMM00MM08850001V64F,bluvec2.0-GMMM00MM08850001V64F,150,GREEN,NONE
1772111503000,A2D2-3A8C,FLT-3A8C-001,29.500000,-82.100000,150,14,0,Mavic Pro,false,drone_images/Mavic Pro.png,29.495000,-82.105000,29.494500,-82.105300,apolloshield_df,camera,224.75447,10,5820000000,GMMM00MM08850001V64F,bluvec2.0-GMMM00MM08850001V64F,150,GREEN,NONE
1772111503000,A2D2-3A8C,FLT-3A8C-001,29.500000,-82.100000,150,14,0,Mavic Pro,false,drone_images/Mavic Pro.png,29.495000,-82.105000,29.494500,-82.105300,apolloshield_df,camera,224.75447,10,5820000000,GMMM00MM08850001V64F,bluvec2.0-GMMM00MM08850001V64F,150,GREEN,NONE
1772111503000,A2D2-3A8C,FLT-3A8C-001,29.500000,-82.100000,150,14,0,Mavic Pro,false,drone_images/Mavic Pro.png,29.495000,-82.105000,29.494500,-82.105300,apolloshield_df,camera,224.75447,10,5820000000,GMMM00MM08850001V64F,bluvec2.0-GMMM00MM08850001V64F,150,GREEN,NONE
1772111503000,A2D2-3A8C,FLT-3A8C-001,29.500000,-82.100000,150,14,0,Mavic Pro,false,drone_images/Mavic Pro.png,29.495000,-82.105000,29.494500,-82.105300,apolloshield_df,camera,219.72345,10,5820000000,GMMM00MM08850001V64F,bluvec2.0-GMMM00MM08850001V64F,150,GREEN,NONE
1772111503000,A2D2-3A8C,FLT-3A8C-001,29.500000,-82.100000,150,14,0,Mavic Pro,false,drone_images/Mavic Pro.png,29.495000,-82.105000,29.494500,-82.105300,apolloshield_df,camera,219.72345,10,5820000000,GMMM00MM08850001V64F,bluvec2.0-GMMM00MM08850001V64F,150,GREEN,NONE
1772111503000,A2D2-3A8C,FLT-3A8C-001,29.500000,-82.100000,150,14,0,Mavic Pro,false,drone_images/Mavic Pro.png,29.495000,-82.105000,29.494500,-82.105300,apolloshield_df,camera,216.74634,10,5820000000,GMMM00MM08850001V64F,bluvec2.0-GMMM00MM08850001V64F,150,GREEN,NONE
1772111503000,A2D2-3A8C,FLT-3A8C-001,29.500000,-82.100000,150,14,0,Mavic Pro,false,drone_images/Mavic Pro.png,29.495000,-82.105000,29.494500,-82.105300,apolloshield_df,camera,216.74634,10,5820000000,GMMM00MM08850001V64F,bluvec2.0-GMMM00MM08850001V64F,150,GREEN,NONE
1772111503000,A2D2-3A8C,FLT-3A8C-001,29.500000,-82.100000,150,14,0,Mavic Pro,false,drone_images/Mavic Pro.png,29.495000,-82.105000,29.494500,-82.105300,apolloshield_df,camera,216.74634,10,5820000000,GMMM00MM08850001V64F,bluvec2.0-GMMM00MM08850001V64F,150,GREEN,NONE
1772111503000,A2D2-3A8C,FLT-3A8C-001,29.500000,-82.100000,150,14,0,Mavic Pro,false,drone_images/Mavic Pro.png,29.495000,-82.105000,29.494500,-82.105300,apolloshield_df,camera,216.74634,10,5820000000,GMMM00MM08850001V64F,bluvec2.0-GMMM00MM08850001V64F,150,GREEN,NONE
1772111503000,A2D2-3A8C,FLT-3A8C-001,29.500000,-82.100000,150,14,0,Mavic Pro,false,drone_images/Mavic Pro.png,29.495000,-82.105000,29.494500,-82.105300,apolloshield_df,camera,219.14954,10,5820000000,GMMM00MM08850001V64F,bluvec2.0-GMMM00MM08850001V64F,150,GREEN,NONE
1772111503000,A2D2-3A8C,FLT-3A8C-001,29.500000,-82.100000,150,14,0,Mavic Pro,false,drone_images/Mavic Pro.png,29.495000,-82.105000,29.494500,-82.105300,apolloshield_df,camera,219.14954,10,5820000000,GMMM00MM08850001V64F,bluvec2.0-GMMM00MM08850001V64F,150,GREEN,NONE
1772111503000,A2D2-3A8C,FLT-3A8C-001,29.500000,-82.100000,150,14,0,Mavic Pro,false,drone_images/Mavic Pro.png,29.495000,-82.105000,29.494500,-82.105300,apolloshield_df,camera,219.14954,10,5820000000,GMMM00MM08850001V64F,bluvec2.0-GMMM00MM08850001V64F,150,GREEN,NONE
1772111503000,A2D2-3A8C,FLT-3A8C-001,29.500000,-82.100000,150,14,0,Mavic Pro,false,drone_images/Mavic Pro.png,29.495000,-82.105000,29.494500,-82.105300,apolloshield_df,camera,215.1345,10,5820000000,GMMM00MM08850001V64F,bluvec2.0-GMMM00MM08850001V64F,150,GREEN,NONE
1772111503000,A2D2-3A8C,FLT-3A8C-001,29.500000,-82.100000,150,14,0,Mavic Pro,false,drone_images/Mavic Pro.png,29.495000,-82.105000,29.494500,-82.105300,apolloshield_df,camera,215.1345,10,5820000000,GMMM00MM08850001V64F,bluvec2.0-GMMM00MM08850001V64F,150,GREEN,NONE
1772111503000,A2D2-3A8C,FLT-3A8C-001,29.500000,-82.100000,150,14,0,Mavic Pro,false,drone_images/Mavic Pro.png,29.495000,-82.105000,29.494500,-82.105300,apolloshield_df,camera,215.4072,10,5820000000,GMMM00MM08850001V64F,bluvec2.0-GMMM00MM08850001V64F,150,GREEN,NONE
1772111503000,A2D2-3A8C,FLT-3A8C-001,29.500000,-82.100000,150,14,0,Mavic Pro,false,drone_images/Mavic Pro.png,29.495000,-82.105000,29.494500,-82.105300,apolloshield_df,camera,213.65552,10,5820000000,GMMM00MM08850001V64F,bluvec2.0-GMMM00MM08850001V64F,150,GREEN,NONE
1772111503000,A2D2-3A8C,FLT-3A8C-001,29.500000,-82.100000,150,14,0,Mavic Pro,false,drone_images/Mavic Pro.png,29.495000,-82.105000,29.494500,-82.105300,apolloshield_df,camera,211.75577,10,5820000000,GMMM00MM08850001V64F,bluvec2.0-GMMM00MM08850001V64F,150,GREEN,NONE
1772111503000,A2D2-3A8C,FLT-3A8C-001,29.500000,-82.100000,150,14,0,Mavic Pro,false,drone_images/Mavic Pro.png,29.495000,-82.105000,29.494500,-82.105300,apolloshield_df,camera,211.75577,10,5820000000,GMMM00MM08850001V64F,bluvec2.0-GMMM00MM08850001V64F,150,GREEN,NONE
1772111503000,A2D2-3A8C,FLT-3A8C-001,29.500000,-82.100000,150,14,0,Mavic Pro,false,drone_images/Mavic Pro.png,29.495000,-82.105000,29.494500,-82.105300,apolloshield_df,camera,211.75577,10,5820000000,GMMM00MM08850001V64F,bluvec2.0-GMMM00MM08850001V64F,150,GREEN,NONE
1772111503000,A2D2-3A8C,FLT-3A8C-001,29.500000,-82.100000,150,14,0,Mavic Pro,false,drone_images/Mavic Pro.png,29.495000,-82.105000,29.494500,-82.105300,apolloshield_df,camera,212.8258,10,5820000000,GMMM00MM08850001V64F,bluvec2.0-GMMM00MM08850001V64F,150,GREEN,NONE
1772111503000,A2D2-3A8C,FLT-3A8C-001,29.500000,-82.100000,150,14,0,Mavic Pro,false,drone_images/Mavic Pro.png,29.495000,-82.105000,29.494500,-82.105300,apolloshield_df,camera,209.95708,10,5820000000,GMMM00MM08850001V64F,bluvec2.0-GMMM00MM08850001V64F,150,GREEN,NONE
1772111503000,A2D2-3A8C,FLT-3A8C-001,29.500000,-82.100000,150,14,0,Mavic Pro,false,drone_images/Mavic Pro.png,29.495000,-82.105000,29.494500,-82.105300,apolloshield_df,camera,209.95708,10,5820000000,GMMM00MM08850001V64F,bluvec2.0-GMMM00MM08850001V64F,150,GREEN,NONE
1772111503000,A2D2-3A8C,FLT-3A8C-001,29.500000,-82.100000,150,14,0,Mavic Pro,false,drone_images/Mavic Pro.png,29.495000,-82.105000,29.494500,-82.105300,apolloshield_df,camera,209.95708,10,5820000000,GMMM00MM08850001V64F,bluvec2.0-GMMM00MM08850001V64F,150,GREEN,NONE
1772111503000,A2D2-3A8C,FLT-3A8C-001,29.500000,-82.100000,150,14,0,Mavic Pro,false,drone_images/Mavic Pro.png,29.495000,-82.105000,29.494500,-82.105300,apolloshield_df,camera,209.95708,10,5820000000,GMMM00MM08850001V64F,bluvec2.0-GMMM00MM08850001V64F,150,GREEN,NONE
1772111503000,A2D2-3A8C,FLT-3A8C-001,29.500000,-82.100000,150,14,0,Mavic Pro,false,drone_images/Mavic Pro.png,29.495000,-82.105000,29.494500,-82.105300,apolloshield_df,camera,214.1477,10,5820000000,GMMM00MM08850001V64F,bluvec2.0-GMMM00MM08850001V64F,150,GREEN,NONE
1772111503000,A2D2-3A8C,FLT-3A8C-001,29.500000,-82.100000,150,14,0,Mavic Pro,false,drone_images/Mavic Pro.png,29.495000,-82.105000,29.494500,-82.105300,apolloshield_df,camera,214.1477,10,5820000000,GMMM00MM08850001V64F,bluvec2.0-GMMM00MM08850001V64F,150,GREEN,NONE
1772111503000,A2D2-3A8C,FLT-3A8C-001,29.500000,-82.100000,150,14,0,Mavic Pro,false,drone_images/Mavic Pro.png,29.495000,-82.105000,29.494500,-82.105300,apolloshield_df,camera,214.1477,10,5820000000,GMMM00MM08850001V64F,bluvec2.0-GMMM00MM08850001V64F,150,GREEN,NONE
1772111503000,A2D2-3A8C,FLT-3A8C-001,29.500000,-82.100000,150,14,0,Mavic Pro,false,drone_images/Mavic Pro.png,29.495000,-82.105000,29.494500,-82.105300,apolloshield_df,camera,214.1477,10,5820000000,GMMM00MM08850001V64F,bluvec2.0-GMMM00MM08850001V64F,150,GREEN,NONE
1772111503000,A2D2-3A8C,FLT-3A8C-001,29.500000,-82.100000,150,14,0,Mavic Pro,false,drone_images/Mavic Pro.png,29.495000,-82.105000,29.494500,-82.105300,apolloshield_df,camera,214.1477,10,5820000000,GMMM00MM08850001V64F,bluvec2.0-GMMM00MM08850001V64F,150,GREEN,NONE
1772111503000,A2D2-3A8C,FLT-3A8C-001,29.500000,-82.100000,150,14,0,Mavic Pro,false,drone_images/Mavic Pro.png,29.495000,-82.105000,29.494500,-82.105300,apolloshield_df,camera,214.1477,10,5820000000,GMMM00MM08850001V64F,bluvec2.0-GMMM00MM08850001V64F,150,GREEN,NONE
1772111503000,A2D2-3A8C,FLT-3A8C-001,29.500000,-82.100000,150,14,0,Mavic Pro,false,drone_images/Mavic Pro.png,29.495000,-82.105000,29.494500,-82.105300,apolloshield_df,camera,214.1477,10,5820000000,GMMM00MM08850001V64F,bluvec2.0-GMMM00MM08850001V64F,150,GREEN,NONE
1772111503000,A2D2-3A8C,FLT-3A8C-001,29.500000,-82.100000,150,14,0,Mavic Pro,false,drone_images/Mavic Pro.png,29.495000,-82.105000,29.494500,-82.105300,apolloshield_df,camera,222.2362,10,5820000000,GMMM00MM08850001V64F,bluvec2.0-GMMM00MM08850001V64F,150,GREEN,NONE
1772111503000,A2D2-3A8C,FLT-3A8C-001,29.500000,-82.100000,150,14,0,Mavic Pro,false,drone_images/Mavic Pro.png,29.495000,-82.105000,29.494500,-82.105300,apolloshield_df,camera,222.2362,10,5820000000,GMMM00MM08850001V64F,bluvec2.0-GMMM00MM08850001V64F,150,GREEN,NONE
1772111503000,A2D2-3A8C,FLT-3A8C-001,29.500000,-82.100000,150,14,0,Mavic Pro,false,drone_images/Mavic Pro.png,29.495000,-82.105000,29.494500,-82.105300,apolloshield_df,camera,222.2362,10,5820000000,GMMM00MM08850001V64F,bluvec2.0-GMMM00MM08850001V64F,150,GREEN,NONE
1772111503000,A2D2-3A8C,FLT-3A8C-001,29.500000,-82.100000,150,14,0,Mavic Pro,false,drone_images/Mavic Pro.png,29.495000,-82.105000,29.494500,-82.105300,apolloshield_df,camera,222.2362,10,5820000000,GMMM00MM08850001V64F,bluvec2.0-GMMM00MM08850001V64F,150,GREEN,NONE
1772111503000,A2D2-3A8C,FLT-3A8C-001,29.500000,-82.100000,150,14,0,Mavic Pro,false,drone_images/Mavic Pro.png,29.495000,-82.105000,29.494500,-82.105300,apolloshield_df,camera,222.2362,10,5820000000,GMMM00MM08850001V64F,bluvec2.0-GMMM00MM08850001V64F,150,GREEN,NONE
1772111503000,A2D2-3A8C,FLT-3A8C-001,29.500000,-82.100000,150,14,0,Mavic Pro,false,drone_images/Mavic Pro.png,29.495000,-82.105000,29.494500,-82.105300,apolloshield_df,camera,222.2362,10,5820000000,GMMM00MM08850001V64F,bluvec2.0-GMMM00MM08850001V64F,150,GREEN,NONE
1772111503000,A2D2-3A8C,FLT-3A8C-001,29.500000,-82.100000,150,14,0,Mavic Pro,false,drone_images/Mavic Pro.png,29.495000,-82.105000,29.494500,-82.105300,apolloshield_df,camera,222.2362,10,5820000000,GMMM00MM08850001V64F,bluvec2.0-GMMM00MM08850001V64F,150,GREEN,NONE
1772111503000,A2D2-3A8C,FLT-3A8C-001,29.500000,-82.100000,150,14,0,Mavic Pro,false,drone_images/Mavic Pro.png,29.495000,-82.105000,29.494500,-82.105300,apolloshield_df,camera,222.2362,10,5820000000,GMMM00MM08850001V64F,bluvec2.0-GMMM00MM08850001V64F,150,GREEN,NONE
1772111503000,A2D2-3A8C,FLT-3A8C-001,29.500000,-82.100000,150,14,0,Mavic Pro,false,drone_images/Mavic Pro.png,29.495000,-82.105000,29.494500,-82.105300,apolloshield_df,camera,222.2362,10,5820000000,GMMM00MM08850001V64F,bluvec2.0-GMMM00MM08850001V64F,150,GREEN,NONE
1772111503000,A2D2-3A8C,FLT-3A8C-001,29.500000,-82.100000,150,14,0,Mavic Pro,false,drone_images/Mavic Pro.png,29.495000,-82.105000,29.494500,-82.105300,apolloshield_df,camera,222.2362,10,5820000000,GMMM00MM08850001V64F,bluvec2.0-GMMM00MM08850001V64F,150,GREEN,NONE
1772111503000,A2D2-3A8C,FLT-3A8C-001,29.500000,-82.100000,150,14,0,Mavic Pro,false,drone_images/Mavic Pro.png,29.495000,-82.105000,29.494500,-82.105300,apolloshield_df,camera,222.2362,10,5820000000,GMMM00MM08850001V64F,bluvec2.0-GMMM00MM08850001V64F,150,GREEN,NONE
1772111503000,A2D2-3A8C,FLT-3A8C-001,29.500000,-82.100000,150,14,0,Mavic Pro,false,drone_images/Mavic Pro.png,29.495000,-82.105000,29.494500,-82.105300,apolloshield_df,camera,222.2362,10,5820000000,GMMM00MM08850001V64F,bluvec2.0-GMMM00MM08850001V64F,150,GREEN,NONE
1772111503000,A2D2-3A8C,FLT-3A8C-001,29.500000,-82.100000,150,14,0,Mavic Pro,false,drone_images/Mavic Pro.png,29.495000,-82.105000,29.494500,-82.105300,apolloshield_df,camera,222.2362,10,5820000000,GMMM00MM08850001V64F,bluvec2.0-GMMM00MM08850001V64F,150,GREEN,NONE
1772111503000,A2D2-3A8C,FLT-3A8C-001,29.500000,-82.100000,150,14,0,Mavic Pro,false,drone_images/Mavic Pro.png,29.495000,-82.105000,29.494500,-82.105300,apolloshield_df,camera,222.2362,10,5820000000,GMMM00MM08850001V64F,bluvec2.0-GMMM00MM08850001V64F,150,GREEN,NONE
1772111503000,A2D2-3A8C,FLT-3A8C-001,29.500000,-82.100000,150,14,0,Mavic Pro,false,drone_images/Mavic Pro.png,29.495000,-82.105000,29.494500,-82.105300,apolloshield_df,camera,222.2362,10,5820000000,GMMM00MM08850001V64F,bluvec2.0-GMMM00MM08850001V64F,150,GREEN,NONE
1772111503000,A2D2-3A8C,FLT-3A8C-001,29.500000,-82.100000,150,14,0,Mavic Pro,false,drone_images/Mavic Pro.png,29.495000,-82.105000,29.494500,-82.105300,apolloshield_df,camera,222.2362,10,5820000000,GMMM00MM08850001V64F,bluvec2.0-GMMM00MM08850001V64F,150,GREEN,NONE
1772111503000,A2D2-3A8C,FLT-3A8C-001,29.500000,-82.100000,150,14,0,Mavic Pro,false,drone_images/Mavic Pro.png,29.495000,-82.105000,29.494500,-82.105300,apolloshield_df,camera,222.2362,10,5820000000,GMMM00MM08850001V64F,bluvec2.0-GMMM00MM08850001V64F,150,GREEN,NONE
1772111503000,A2D2-3A8C,FLT-3A8C-001,29.500000,-82.100000,150,14,0,Mavic Pro,false,drone_images/Mavic Pro.png,29.495000,-82.105000,29.494500,-82.105300,apolloshield_df,camera,222.2362,10,5820000000,GMMM00MM08850001V64F,bluvec2.0-GMMM00MM08850001V64F,150,GREEN,NONE
1772111503000,A2D2-3A8C,FLT-3A8C-001,29.500000,-82.100000,150,14,0,Mavic Pro,false,drone_images/Mavic Pro.png,29.495000,-82.105000,29.494500,-82.105300,apolloshield_df,camera,222.2362,10,5820000000,GMMM00MM08850001V64F,bluvec2.0-GMMM00MM08850001V64F,150,GREEN,NONE
1772111503000,A2D2-3A8C,FLT-3A8C-001,29.500000,-82.100000,150,14,0,Mavic Pro,false,drone_images/Mavic Pro.png,29.495000,-82.105000,29.494500,-82.105300,apolloshield_df,camera,222.2362,10,5820000000,GMMM00MM08850001V64F,bluvec2.0-GMMM00MM08850001V64F,150,GREEN,NONE
1772111503000,A2D2-3A8C,FLT-3A8C-001,29.500000,-82.100000,150,14,0,Mavic Pro,false,drone_images/Mavic Pro.png,29.495000,-82.105000,29.494500,-82.105300,apolloshield_df,camera,222.2362,10,5820000000,GMMM00MM08850001V64F,bluvec2.0-GMMM00MM08850001V64F,150,GREEN,NONE
1772111503000,A2D2-3A8C,FLT-3A8C-001,29.500000,-82.100000,150,14,0,Mavic Pro,false,drone_images/Mavic Pro.png,29.495000,-82.105000,29.494500,-82.105300,apolloshield_df,camera,222.2362,10,5820000000,GMMM00MM08850001V64F,bluvec2.0-GMMM00MM08850001V64F,150,GREEN,NONE
1772111503000,A2D2-3A8C,FLT-3A8C-001,29.500000,-82.100000,150,14,0,Mavic Pro,false,drone_images/Mavic Pro.png,29.495000,-82.105000,29.494500,-82.105300,apolloshield_df,camera,222.2362,10,5820000000,GMMM00MM08850001V64F,bluvec2.0-GMMM00MM08850001V64F,150,GREEN,NONE
1772111503000,A2D2-3A8C,FLT-3A8C-001,29.500000,-82.100000,150,14,0,Mavic Pro,false,drone_images/Mavic Pro.png,29.495000,-82.105000,29.494500,-82.105300,apolloshield_df,camera,222.2362,10,5820000000,GMMM00MM08850001V64F,bluvec2.0-GMMM00MM08850001V64F,150,GREEN,NONE
1772111503000,A2D2-3A8C,FLT-3A8C-001,29.500000,-82.100000,150,14,0,Mavic Pro,false,drone_images/Mavic Pro.png,29.495000,-82.105000,29.494500,-82.105300,apolloshield_df,camera,217.49217,10,5820000000,GMMM00MM08850001V64F,bluvec2.0-GMMM00MM08850001V64F,150,GREEN,NONE
1772111503000,A2D2-3A8C,FLT-3A8C-001,29.500000,-82.100000,150,14,0,Mavic Pro,false,drone_images/Mavic Pro.png,29.495000,-82.105000,29.494500,-82.105300,apolloshield_df,camera,217.49217,10,5820000000,GMMM00MM08850001V64F,bluvec2.0-GMMM00MM08850001V64F,150,GREEN,NONE
1772111503000,A2D2-3A8C,FLT-3A8C-001,29.500000,-82.100000,150,14,0,Mavic Pro,false,drone_images/Mavic Pro.png,29.495000,-82.105000,29.494500,-82.105300,apolloshield_df,camera,217.49217,10,5820000000,GMMM00MM08850001V64F,bluvec2.0-GMMM00MM08850001V64F,150,GREEN,NONE
1772111503000,A2D2-3A8C,FLT-3A8C-001,29.500000,-82.100000,150,14,0,Mavic Pro,false,drone_images/Mavic Pro.png,29.495000,-82.105000,29.494500,-82.105300,apolloshield_df,camera,217.49217,10,5820000000,GMMM00MM08850001V64F,bluvec2.0-GMMM00MM08850001V64F,150,GREEN,NONE
1772111503000,A2D2-3A8C,FLT-3A8C-001,29.500000,-82.100000,150,14,0,Mavic Pro,false,drone_images/Mavic Pro.png,29.495000,-82.105000,29.494500,-82.105300,apolloshield_df,camera,220.45677,10,5820000000,GMMM00MM08850001V64F,bluvec2.0-GMMM00MM08850001V64F,150,GREEN,NONE
1772111503000,A2D2-3A8C,FLT-3A8C-001,29.500000,-82.100000,150,14,0,Mavic Pro,false,drone_images/Mavic Pro.png,29.495000,-82.105000,29.494500,-82.105300,apolloshield_df,camera,220.45677,10,5820000000,GMMM00MM08850001V64F,bluvec2.0-GMMM00MM08850001V64F,150,GREEN,NONE
1772111503000,A2D2-3A8C,FLT-3A8C-001,29.500000,-82.100000,150,14,0,Mavic Pro,false,drone_images/Mavic Pro.png,29.495000,-82.105000,29.494500,-82.105300,apolloshield_df,camera,226.00818,10,5820000000,GMMM00MM08850001V64F,bluvec2.0-GMMM00MM08850001V64F,150,GREEN,NONE
1772111503000,A2D2-3A8C,FLT-3A8C-001,29.500000,-82.100000,150,14,0,Mavic Pro,false,drone_images/Mavic Pro.png,29.495000,-82.105000,29.494500,-82.105300,apolloshield_df,camera,226.00818,10,5820000000,GMMM00MM08850001V64F,bluvec2.0-GMMM00MM08850001V64F,150,GREEN,NONE
1772111503000,A2D2-3A8C,FLT-3A8C-001,29.500000,-82.100000,150,14,0,Mavic Pro,false,drone_images/Mavic Pro.png,29.495000,-82.105000,29.494500,-82.105300,apolloshield_df,camera,226.00818,10,5820000000,GMMM00MM08850001V64F,bluvec2.0-GMMM00MM08850001V64F,150,GREEN,NONE
1772111503000,A2D2-3A8C,FLT-3A8C-001,29.500000,-82.100000,150,14,0,Mavic Pro,false,drone_images/Mavic Pro.png,29.495000,-82.105000,29.494500,-82.105300,apolloshield_df,camera,226.00818,10,5820000000,GMMM00MM08850001V64F,bluvec2.0-GMMM00MM08850001V64F,150,GREEN,NONE
1772111503000,A2D2-3A8C,FLT-3A8C-001,29.500000,-82.100000,150,14,0,Mavic Pro,false,drone_images/Mavic Pro.png,29.495000,-82.105000,29.494500,-82.105300,apolloshield_df,camera,226.00818,10,5820000000,GMMM00MM08850001V64F,bluvec2.0-GMMM00MM08850001V64F,150,GREEN,NONE
1772111503000,A2D2-3A8C,FLT-3A8C-001,29.500000,-82.100000,150,14,0,Mavic Pro,false,drone_images/Mavic Pro.png,29.495000,-82.105000,29.494500,-82.105300,apolloshield_df,camera,226.00818,10,5820000000,GMMM00MM08850001V64F,bluvec2.0-GMMM00MM08850001V64F,150,GREEN,NONE
1772111503000,A2D2-3A8C,FLT-3A8C-001,29.500000,-82.100000,150,14,0,Mavic Pro,false,drone_images/Mavic Pro.png,29.495000,-82.105000,29.494500,-82.105300,apolloshield_df,camera,226.00818,10,5820000000,GMMM00MM08850001V64F,bluvec2.0-GMMM00MM08850001V64F,150,GREEN,NONE
1772111503000,A2D2-3A8C,FLT-3A8C-001,29.500000,-82.100000,150,14,0,Mavic Pro,false,drone_images/Mavic Pro.png,29.495000,-82.105000,29.494500,-82.105300,apolloshield_df,camera,226.00818,10,5820000000,GMMM00MM08850001V64F,bluvec2.0-GMMM00MM08850001V64F,150,GREEN,NONE
1772111503000,A2D2-3A8C,FLT-3A8C-001,29.500000,-82.100000,150,14,0,Mavic Pro,false,drone_images/Mavic Pro.png,29.495000,-82.105000,29.494500,-82.105300,apolloshield_df,camera,226.00818,10,5820000000,GMMM00MM08850001V64F,bluvec2.0-GMMM00MM08850001V64F,150,GREEN,NONE
1772111503000,A2D2-3A8C,FLT-3A8C-001,29.500000,-82.100000,150,14,0,Mavic Pro,false,drone_images/Mavic Pro.png,29.495000,-82.105000,29.494500,-82.105300,apolloshield_df,camera,226.00818,10,5820000000,GMMM00MM08850001V64F,bluvec2.0-GMMM00MM08850001V64F,150,GREEN,NONE
1772111503000,A2D2-3A8C,FLT-3A8C-001,29.500000,-82.100000,150,14,0,Mavic Pro,false,drone_images/Mavic Pro.png,29.495000,-82.105000,29.494500,-82.105300,apolloshield_df,camera,226.00818,10,5820000000,GMMM00MM08850001V64F,bluvec2.0-GMMM00MM08850001V64F,150,GREEN,NONE
1772111503000,A2D2-3A8C,FLT-3A8C-001,29.500000,-82.100000,150,14,0,Mavic Pro,false,drone_images/Mavic Pro.png,29.495000,-82.105000,29.494500,-82.105300,apolloshield_df,camera,226.00818,10,5820000000,GMMM00MM08850001V64F,bluvec2.0-GMMM00MM08850001V64F,150,GREEN,NONE
1772111503000,A2D2-3A8C,FLT-3A8C-001,29.500000,-82.100000,150,14,0,Mavic Pro,false,drone_images/Mavic Pro.png,29.495000,-82.105000,29.494500,-82.105300,apolloshield_df,camera,226.00818,10,5820000000,GMMM00MM08850001V64F,bluvec2.0-GMMM00MM08850001V64F,150,GREEN,NONE
1772111503000,A2D2-3A8C,FLT-3A8C-001,29.500000,-82.100000,150,14,0,Mavic Pro,false,drone_images/Mavic Pro.png,29.495000,-82.105000,29.494500,-82.105300,apolloshield_df,camera,226.00818,10,5820000000,GMMM00MM08850001V64F,bluvec2.0-GMMM00MM08850001V64F,150,GREEN,NONE
1772111503000,A2D2-3A8C,FLT-3A8C-001,29.500000,-82.100000,150,14,0,Mavic Pro,false,drone_images/Mavic Pro.png,29.495000,-82.105000,29.494500,-82.105300,apolloshield_df,camera,226.00818,10,5820000000,GMMM00MM08850001V64F,bluvec2.0-GMMM00MM08850001V64F,150,GREEN,NONE
1772111503000,A2D2-3A8C,FLT-3A8C-001,29.500000,-82.100000,150,14,0,Mavic Pro,false,drone_images/Mavic Pro.png,29.495000,-82.105000,29.494500,-82.105300,apolloshield_df,camera,226.00818,10,5820000000,GMMM00MM08850001V64F,bluvec2.0-GMMM00MM08850001V64F,150,GREEN,NONE
1772111503000,A2D2-3A8C,FLT-3A8C-001,29.500000,-82.100000,150,14,0,Mavic Pro,false,drone_images/Mavic Pro.png,29.495000,-82.105000,29.494500,-82.105300,apolloshield_df,camera,226.00818,10,5820000000,GMMM00MM08850001V64F,bluvec2.0-GMMM00MM08850001V64F,150,GREEN,NONE
1772111503000,A2D2-3A8C,FLT-3A8C-001,29.500000,-82.100000,150,14,0,Mavic Pro,false,drone_images/Mavic Pro.png,29.495000,-82.105000,29.494500,-82.105300,apolloshield_df,camera,226.00818,10,5820000000,GMMM00MM08850001V64F,bluvec2.0-GMMM00MM08850001V64F,150,GREEN,NONE
1772111503000,A2D2-3A8C,FLT-3A8C-001,29.500000,-82.100000,150,14,0,Mavic Pro,false,drone_images/Mavic Pro.png,29.495000,-82.105000,29.494500,-82.105300,apolloshield_df,camera,226.00818,10,5820000000,GMMM00MM08850001V64F,bluvec2.0-GMMM00MM08850001V64F,150,GREEN,NONE
1772111503000,A2D2-3A8C,FLT-3A8C-001,29.500000,-82.100000,150,14,0,Mavic Pro,false,drone_images/Mavic Pro.png,29.495000,-82.105000,29.494500,-82.105300,apolloshield_df,camera,226.00818,10,5820000000,GMMM00MM08850001V64F,bluvec2.0-GMMM00MM08850001V64F,150,GREEN,NONE
1772111503000,A2D2-3A8C,FLT-3A8C-001,29.500000,-82.100000,150,14,0,Mavic Pro,false,drone_images/Mavic Pro.png,29.495000,-82.105000,29.494500,-82.105300,apolloshield_df,camera,226.00818,10,5820000000,GMMM00MM08850001V64F,bluvec2.0-GMMM00MM08850001V64F,150,GREEN,NONE
1772111503000,A2D2-3A8C,FLT-3A8C-001,29.500000,-82.100000,150,14,0,Mavic Pro,false,drone_images/Mavic Pro.png,29.495000,-82.105000,29.494500,-82.105300,apolloshield_df,camera,226.00818,10,5820000000,GMMM00MM08850001V64F,bluvec2.0-GMMM00MM08850001V64F,150,GREEN,NONE
1772111503000,A2D2-3A8C,FLT-3A8C-001,29.500000,-82.100000,150,14,0,Mavic Pro,false,drone_images/Mavic Pro.png,29.495000,-82.105000,29.494500,-82.105300,apolloshield_df,camera,213.88171,10,5820000000,GMMM00MM08850001V64F,bluvec2.0-GMMM00MM08850001V64F,150,GREEN,NONE
1772111503000,A2D2-3A8C,FLT-3A8C-001,29.500000,-82.100000,150,14,0,Mavic Pro,false,drone_images/Mavic Pro.png,29.495000,-82.105000,29.494500,-82.105300,apolloshield_df,camera,212.2752,10,5820000000,GMMM00MM08850001V64F,bluvec2.0-GMMM00MM08850001V64F,150,GREEN,NONE
1772111503000,A2D2-3A8C,FLT-3A8C-001,29.500000,-82.100000,150,14,0,Mavic Pro,false,drone_images/Mavic Pro.png,29.495000,-82.105000,29.494500,-82.105300,apolloshield_df,camera,213.20065,10,5820000000,GMMM00MM08850001V64F,bluvec2.0-GMMM00MM08850001V64F,150,GREEN,NONE
1772111503000,A2D2-3A8C,FLT-3A8C-001,29.500000,-82.100000,150,14,0,Mavic Pro,false,drone_images/Mavic Pro.png,29.495000,-82.105000,29.494500,-82.105300,apolloshield_df,camera,211.65895,10,5820000000,GMMM00MM08850001V64F,bluvec2.0-GMMM00MM08850001V64F,150,GREEN,NONE
1772111503000,A2D2-3A8C,FLT-3A8C-001,29.500000,-82.100000,150,14,0,Mavic Pro,false,drone_images/Mavic Pro.png,29.495000,-82.105000,29.494500,-82.105300,apolloshield_df,camera,212.54787,10,5820000000,GMMM00MM08850001V64F,bluvec2.0-GMMM00MM08850001V64F,150,GREEN,NONE
1772111503000,A2D2-3A8C,FLT-3A8C-001,29.500000,-82.100000,150,14,0,Mavic Pro,false,drone_images/Mavic Pro.png,29.495000,-82.105000,29.494500,-82.105300,apolloshield_df,camera,214.01834,10,5820000000,GMMM00MM08850001V64F,bluvec2.0-GMMM00MM08850001V64F,150,GREEN,NONE
1772111503000,A2D2-3A8C,FLT-3A8C-001,29.500000,-82.100000,150,14,0,Mavic Pro,false,drone_images/Mavic Pro.png,29.495000,-82.105000,29.494500,-82.105300,apolloshield_df,camera,210.93343,10,5820000000,GMMM00MM08850001V64F,bluvec2.0-GMMM00MM08850001V64F,150,GREEN,NONE
1772111503000,A2D2-3A8C,FLT-3A8C-001,29.500000,-82.100000,150,14,0,Mavic Pro,false,drone_images/Mavic Pro.png,29.495000,-82.105000,29.494500,-82.105300,apolloshield_df,camera,212.84302,10,5820000000,GMMM00MM08850001V64F,bluvec2.0-GMMM00MM08850001V64F,150,GREEN,NONE
1772111503000,A2D2-3A8C,FLT-3A8C-001,29.500000,-82.100000,150,14,0,Mavic Pro,false,drone_images/Mavic Pro.png,29.495000,-82.105000,29.494500,-82.105300,apolloshield_df,camera,215.61768,10,5820000000,GMMM00MM08850001V64F,bluvec2.0-GMMM00MM08850001V64F,150,GREEN,NONE
1772111503000,A2D2-3A8C,FLT-3A8C-001,29.500000,-82.100000,150,14,0,Mavic Pro,false,drone_images/Mavic Pro.png,29.495000,-82.105000,29.494500,-82.105300,apolloshield_df,camera,218.86372,10,5820000000,GMMM00MM08850001V64F,bluvec2.0-GMMM00MM08850001V64F,150,GREEN,NONE
1772111503000,A2D2-3A8C,FLT-3A8C-001,29.500000,-82.100000,150,14,0,Mavic Pro,false,drone_images/Mavic Pro.png,29.495000,-82.105000,29.494500,-82.105300,apolloshield_df,camera,222.77835,10,5820000000,GMMM00MM08850001V64F,bluvec2.0-GMMM00MM08850001V64F,150,GREEN,NONE
1772111503000,A2D2-3A8C,FLT-3A8C-001,29.500000,-82.100000,150,14,0,Mavic Pro,false,drone_images/Mavic Pro.png,29.495000,-82.105000,29.494500,-82.105300,apolloshield_df,camera,222.77835,10,5820000000,GMMM00MM08850001V64F,bluvec2.0-GMMM00MM08850001V64F,150,GREEN,NONE
1772111503000,A2D2-3A8C,FLT-3A8C-001,29.500000,-82.100000,150,14,0,Mavic Pro,false,drone_images/Mavic Pro.png,29.495000,-82.105000,29.494500,-82.105300,apolloshield_df,camera,222.77835,10,5820000000,GMMM00MM08850001V64F,bluvec2.0-GMMM00MM08850001V64F,150,GREEN,NONE
1772111503000,A2D2-3A8C,FLT-3A8C-001,29.500000,-82.100000,150,14,0,Mavic Pro,false,drone_images/Mavic Pro.png,29.495000,-82.105000,29.494500,-82.105300,apolloshield_df,camera,222.77835,10,5820000000,GMMM00MM08850001V64F,bluvec2.0-GMMM00MM08850001V64F,150,GREEN,NONE
1772111503000,A2D2-3A8C,FLT-3A8C-001,29.500000,-82.100000,150,14,0,Mavic Pro,false,drone_images/Mavic Pro.png,29.495000,-82.105000,29.494500,-82.105300,apolloshield_df,camera,222.77835,10,5820000000,GMMM00MM08850001V64F,bluvec2.0-GMMM00MM08850001V64F,150,GREEN,NONE
1772111503000,A2D2-3A8C,FLT-3A8C-001,29.500000,-82.100000,150,14,0,Mavic Pro,false,drone_images/Mavic Pro.png,29.495000,-82.105000,29.494500,-82.105300,apolloshield_df,camera,222.77835,10,5820000000,GMMM00MM08850001V64F,bluvec2.0-GMMM00MM08850001V64F,150,GREEN,NONE
1772111503000,A2D2-3A8C,FLT-3A8C-001,29.500000,-82.100000,150,14,0,Mavic Pro,false,drone_images/Mavic Pro.png,29.495000,-82.105000,29.494500,-82.105300,apolloshield_df,camera,222.77835,10,5820000000,GMMM00MM08850001V64F,bluvec2.0-GMMM00MM08850001V64F,150,GREEN,NONE
1772111503000,A2D2-3A8C,FLT-3A8C-001,29.500000,-82.100000,150,14,0,Mavic Pro,false,drone_images/Mavic Pro.png,29.495000,-82.105000,29.494500,-82.105300,apolloshield_df,camera,222.77835,10,5820000000,GMMM00MM08850001V64F,bluvec2.0-GMMM00MM08850001V64F,150,GREEN,NONE
1772111503000,A2D2-3A8C,FLT-3A8C-001,29.500000,-82.100000,150,14,0,Mavic Pro,false,drone_images/Mavic Pro.png,29.495000,-82.105000,29.494500,-82.105300,apolloshield_df,camera,222.77835,10,5820000000,GMMM00MM08850001V64F,bluvec2.0-GMMM00MM08850001V64F,150,GREEN,NONE
1772111503000,A2D2-3A8C,FLT-3A8C-001,29.500000,-82.100000,150,14,0,Mavic Pro,false,drone_images/Mavic Pro.png,29.495000,-82.105000,29.494500,-82.105300,apolloshield_df,camera,222.77835,10,5820000000,GMMM00MM08850001V64F,bluvec2.0-GMMM00MM08850001V64F,150,GREEN,NONE
1772111503000,A2D2-3A8C,FLT-3A8C-001,29.500000,-82.100000,150,14,0,Mavic Pro,false,drone_images/Mavic Pro.png,29.495000,-82.105000,29.494500,-82.105300,apolloshield_df,camera,222.77835,10,5820000000,GMMM00MM08850001V64F,bluvec2.0-GMMM00MM08850001V64F,150,GREEN,NONE
1772111503000,A2D2-3A8C,FLT-3A8C-001,29.500000,-82.100000,150,14,0,Mavic Pro,false,drone_images/Mavic Pro.png,29.495000,-82.105000,29.494500,-82.105300,apolloshield_df,camera,222.77835,10,5820000000,GMMM00MM08850001V64F,bluvec2.0-GMMM00MM08850001V64F,150,GREEN,NONE
1772111503000,A2D2-3A8C,FLT-3A8C-001,29.500000,-82.100000,150,14,0,Mavic Pro,false,drone_images/Mavic Pro.png,29.495000,-82.105000,29.494500,-82.105300,apolloshield_df,camera,222.77835,10,5820000000,GMMM00MM08850001V64F,bluvec2.0-GMMM00MM08850001V64F,150,GREEN,NONE
1772111503000,A2D2-3A8C,FLT-3A8C-001,29.500000,-82.100000,150,14,0,Mavic Pro,false,drone_images/Mavic Pro.png,29.495000,-82.105000,29.494500,-82.105300,apolloshield_df,camera,222.77835,10,5820000000,GMMM00MM08850001V64F,bluvec2.0-GMMM00MM08850001V64F,150,GREEN,NONE
1772111503000,A2D2-3A8C,FLT-3A8C-001,29.500000,-82.100000,150,14,0,Mavic Pro,false,drone_images/Mavic Pro.png,29.495000,-82.105000,29.494500,-82.105300,apolloshield_df,camera,222.77835,10,5820000000,GMMM00MM08850001V64F,bluvec2.0-GMMM00MM08850001V64F,150,GREEN,NONE
1772111503000,A2D2-3A8C,FLT-3A8C-001,29.500000,-82.100000,150,14,0,Mavic Pro,false,drone_images/Mavic Pro.png,29.495000,-82.105000,29.494500,-82.105300,apolloshield_df,camera,222.77835,10,5820000000,GMMM00MM08850001V64F,bluvec2.0-GMMM00MM08850001V64F,150,GREEN,NONE
1772111503000,A2D2-3A8C,FLT-3A8C-001,29.500000,-82.100000,150,14,0,Mavic Pro,false,drone_images/Mavic Pro.png,29.495000,-82.105000,29.494500,-82.105300,apolloshield_df,camera,222.77835,10,5820000000,GMMM00MM08850001V64F,bluvec2.0-GMMM00MM08850001V64F,150,GREEN,NONE
1772111503000,A2D2-3A8C,FLT-3A8C-001,29.500000,-82.100000,150,14,0,Mavic Pro,false,drone_images/Mavic Pro.png,29.495000,-82.105000,29.494500,-82.105300,apolloshield_df,camera,222.77835,10,5820000000,GMMM00MM08850001V64F,bluvec2.0-GMMM00MM08850001V64F,150,GREEN,NONE
1772111503000,A2D2-3A8C,FLT-3A8C-001,29.500000,-82.100000,150,14,0,Mavic Pro,false,drone_images/Mavic Pro.png,29.495000,-82.105000,29.494500,-82.105300,apolloshield_df,camera,222.77835,10,5820000000,GMMM00MM08850001V64F,bluvec2.0-GMMM00MM08850001V64F,150,GREEN,NONE
1772111503000,A2D2-3A8C,FLT-3A8C-001,29.500000,-82.100000,150,14,0,Mavic Pro,false,drone_images/Mavic Pro.png,29.495000,-82.105000,29.494500,-82.105300,apolloshield_df,camera,222.77835,10,5820000000,GMMM00MM08850001V64F,bluvec2.0-GMMM00MM08850001V64F,150,GREEN,NONE
1772111503000,A2D2-3A8C,FLT-3A8C-001,29.500000,-82.100000,150,14,0,Mavic Pro,false,drone_images/Mavic Pro.png,29.495000,-82.105000,29.494500,-82.105300,apolloshield_df,camera,222.77835,10,5820000000,GMMM00MM08850001V64F,bluvec2.0-GMMM00MM08850001V64F,150,GREEN,NONE
1772111503000,A2D2-3A8C,FLT-3A8C-001,29.500000,-82.100000,150,14,0,Mavic Pro,false,drone_images/Mavic Pro.png,29.495000,-82.105000,29.494500,-82.105300,apolloshield_df,camera,222.77835,10,5820000000,GMMM00MM08850001V64F,bluvec2.0-GMMM00MM08850001V64F,150,GREEN,NONE
1772111503000,A2D2-3A8C,FLT-3A8C-001,29.500000,-82.100000,150,14,0,Mavic Pro,false,drone_images/Mavic Pro.png,29.495000,-82.105000,29.494500,-82.105300,apolloshield_df,camera,222.77835,10,5820000000,GMMM00MM08850001V64F,bluvec2.0-GMMM00MM08850001V64F,150,GREEN,NONE
1772111503000,A2D2-3A8C,FLT-3A8C-001,29.500000,-82.100000,150,14,0,Mavic Pro,false,drone_images/Mavic Pro.png,29.495000,-82.105000,29.494500,-82.105300,apolloshield_df,camera,222.77835,10,5820000000,GMMM00MM08850001V64F,bluvec2.0-GMMM00MM08850001V64F,150,GREEN,NONE
1772111503000,A2D2-3A8C,FLT-3A8C-001,29.500000,-82.100000,150,14,0,Mavic Pro,false,drone_images/Mavic Pro.png,29.495000,-82.105000,29.494500,-82.105300,apolloshield_df,camera,222.77835,10,5820000000,GMMM00MM08850001V64F,bluvec2.0-GMMM00MM08850001V64F,150,GREEN,NONE
1772111503000,A2D2-3A8C,FLT-3A8C-001,29.500000,-82.100000,150,14,0,Mavic Pro,false,drone_images/Mavic Pro.png,29.495000,-82.105000,29.494500,-82.105300,apolloshield_df,camera,222.77835,10,5820000000,GMMM00MM08850001V64F,bluvec2.0-GMMM00MM08850001V64F,150,GREEN,NONE
1772111503000,A2D2-3A8C,FLT-3A8C-001,29.500000,-82.100000,150,14,0,Mavic Pro,false,drone_images/Mavic Pro.png,29.495000,-82.105000,29.494500,-82.105300,apolloshield_df,camera,222.77835,10,5820000000,GMMM00MM08850001V64F,bluvec2.0-GMMM00MM08850001V64F,150,GREEN,NONE
1772111503000,A2D2-3A8C,FLT-3A8C-001,29.500000,-82.100000,150,14,0,Mavic Pro,false,drone_images/Mavic Pro.png,29.495000,-82.105000,29.494500,-82.105300,apolloshield_df,camera,222.77835,10,5820000000,GMMM00MM08850001V64F,bluvec2.0-GMMM00MM08850001V64F,150,GREEN,NONE
1772111503000,A2D2-3A8C,FLT-3A8C-001,29.500000,-82.100000,150,14,0,Mavic Pro,false,drone_images/Mavic Pro.png,29.495000,-82.105000,29.494500,-82.105300,apolloshield_df,camera,222.77835,10,5820000000,GMMM00MM08850001V64F,bluvec2.0-GMMM00MM08850001V64F,150,GREEN,NONE
1772111503000,A2D2-3A8C,FLT-3A8C-001,29.500000,-82.100000,150,14,0,Mavic Pro,false,drone_images/Mavic Pro.png,29.495000,-82.105000,29.494500,-82.105300,apolloshield_df,camera,215.05714,10,5820000000,GMMM00MM08850001V64F,bluvec2.0-GMMM00MM08850001V64F,150,GREEN,NONE
1772111503000,A2D2-3A8C,FLT-3A8C-001,29.500000,-82.100000,150,14,0,Mavic Pro,false,drone_images/Mavic Pro.png,29.495000,-82.105000,29.494500,-82.105300,apolloshield_df,camera,213.33878,10,5820000000,GMMM00MM08850001V64F,bluvec2.0-GMMM00MM08850001V64F,150,GREEN,NONE
1772111503000,A2D2-3A8C,FLT-3A8C-001,29.500000,-82.100000,150,14,0,Mavic Pro,false,drone_images/Mavic Pro.png,29.495000,-82.105000,29.494500,-82.105300,apolloshield_df,camera,213.33878,10,5820000000,GMMM00MM08850001V64F,bluvec2.0-GMMM00MM08850001V64F,150,GREEN,NONE
1772111503000,A2D2-3A8C,FLT-3A8C-001,29.500000,-82.100000,150,14,0,Mavic Pro,false,drone_images/Mavic Pro.png,29.495000,-82.105000,29.494500,-82.105300,apolloshield_df,camera,213.33878,10,5820000000,GMMM00MM08850001V64F,bluvec2.0-GMMM00MM08850001V64F,150,GREEN,NONE
1772111503000,A2D2-3A8C,FLT-3A8C-001,29.500000,-82.100000,150,14,0,Mavic Pro,false,drone_images/Mavic Pro.png,29.495000,-82.105000,29.494500,-82.105300,apolloshield_df,camera,213.33878,10,5820000000,GMMM00MM08850001V64F,bluvec2.0-GMMM00MM08850001V64F,150,GREEN,NONE
1772111503000,A2D2-3A8C,FLT-3A8C-001,29.500000,-82.100000,150,14,0,Mavic Pro,false,drone_images/Mavic Pro.png,29.495000,-82.105000,29.494500,-82.105300,apolloshield_df,camera,213.33878,10,5820000000,GMMM00MM08850001V64F,bluvec2.0-GMMM00MM08850001V64F,150,GREEN,NONE
1772111503000,A2D2-3A8C,FLT-3A8C-001,29.500000,-82.100000,150,14,0,Mavic Pro,false,drone_images/Mavic Pro.png,29.495000,-82.105000,29.494500,-82.105300,apolloshield_df,camera,213.33878,10,5820000000,GMMM00MM08850001V64F,bluvec2.0-GMMM00MM08850001V64F,150,GREEN,NONE
1772111503000,A2D2-3A8C,FLT-3A8C-001,29.500000,-82.100000,150,14,0,Mavic Pro,false,drone_images/Mavic Pro.png,29.495000,-82.105000,29.494500,-82.105300,apolloshield_df,camera,213.33878,10,5820000000,GMMM00MM08850001V64F,bluvec2.0-GMMM00MM08850001V64F,150,GREEN,NONE
1772111503000,A2D2-3A8C,FLT-3A8C-001,29.500000,-82.100000,150,14,0,Mavic Pro,false,drone_images/Mavic Pro.png,29.495000,-82.105000,29.494500,-82.105300,apolloshield_df,camera,213.33878,10,5820000000,GMMM00MM08850001V64F,bluvec2.0-GMMM00MM08850001V64F,150,GREEN,NONE
1772111503000,A2D2-3A8C,FLT-3A8C-001,29.500000,-82.100000,150,14,0,Mavic Pro,false,drone_images/Mavic Pro.png,29.495000,-82.105000,29.494500,-82.105300,apolloshield_df,camera,213.33878,10,5820000000,GMMM00MM08850001V64F,bluvec2.0-GMMM00MM08850001V64F,150,GREEN,NONE
1772111503000,A2D2-3A8C,FLT-3A8C-001,29.500000,-82.100000,150,14,0,Mavic Pro,false,drone_images/Mavic Pro.png,29.495000,-82.105000,29.494500,-82.105300,apolloshield_df,camera,213.33878,10,5820000000,GMMM00MM08850001V64F,bluvec2.0-GMMM00MM08850001V64F,150,GREEN,NONE
1772111503000,A2D2-3A8C,FLT-3A8C-001,29.500000,-82.100000,150,14,0,Mavic Pro,false,drone_images/Mavic Pro.png,29.495000,-82.105000,29.494500,-82.105300,apolloshield_df,camera,213.33878,10,5820000000,GMMM00MM08850001V64F,bluvec2.0-GMMM00MM08850001V64F,150,GREEN,NONE
1772111503000,A2D2-3A8C,FLT-3A8C-001,29.500000,-82.100000,150,14,0,Mavic Pro,false,drone_images/Mavic Pro.png,29.495000,-82.105000,29.494500,-82.105300,apolloshield_df,camera,213.33878,10,5820000000,GMMM00MM08850001V64F,bluvec2.0-GMMM00MM08850001V64F,150,GREEN,NONE
1772111503000,A2D2-3A8C,FLT-3A8C-001,29.500000,-82.100000,150,14,0,Mavic Pro,false,drone_images/Mavic Pro.png,29.495000,-82.105000,29.494500,-82.105300,apolloshield_df,camera,213.33878,10,5820000000,GMMM00MM08850001V64F,bluvec2.0-GMMM00MM08850001V64F,150,GREEN,NONE
1772111503000,A2D2-3A8C,FLT-3A8C-001,29.500000,-82.100000,150,14,0,Mavic Pro,false,drone_images/Mavic Pro.png,29.495000,-82.105000,29.494500,-82.105300,apolloshield_df,camera,213.33878,10,5820000000,GMMM00MM08850001V64F,bluvec2.0-GMMM00MM08850001V64F,150,GREEN,NONE
1772111503000,A2D2-3A8C,FLT-3A8C-001,29.500000,-82.100000,150,14,0,Mavic Pro,false,drone_images/Mavic Pro.png,29.495000,-82.105000,29.494500,-82.105300,apolloshield_df,camera,223.1503,10,5820000000,GMMM00MM08850001V64F,bluvec2.0-GMMM00MM08850001V64F,150,GREEN,NONE
1772111503000,A2D2-3A8C,FLT-3A8C-001,29.500000,-82.100000,150,14,0,Mavic Pro,false,drone_images/Mavic Pro.png,29.495000,-82.105000,29.494500,-82.105300,apolloshield_df,camera,223.1503,10,5820000000,GMMM00MM08850001V64F,bluvec2.0-GMMM00MM08850001V64F,150,GREEN,NONE
1772111503000,A2D2-3A8C,FLT-3A8C-001,29.500000,-82.100000,150,14,0,Mavic Pro,false,drone_images/Mavic Pro.png,29.495000,-82.105000,29.494500,-82.105300,apolloshield_df,camera,222.28485,10,5820000000,GMMM00MM08850001V64F,bluvec2.0-GMMM00MM08850001V64F,150,GREEN,NONE
1772111503000,A2D2-3A8C,FLT-3A8C-001,29.500000,-82.100000,150,14,0,Mavic Pro,false,drone_images/Mavic Pro.png,29.495000,-82.105000,29.494500,-82.105300,apolloshield_df,camera,224.161,10,5820000000,GMMM00MM08850001V64F,bluvec2.0-GMMM00MM08850001V64F,150,GREEN,NONE
1772111503000,A2D2-3A8C,FLT-3A8C-001,29.500000,-82.100000,150,14,0,Mavic Pro,false,drone_images/Mavic Pro.png,29.495000,-82.105000,29.494500,-82.105300,apolloshield_df,camera,224.161,10,5820000000,GMMM00MM08850001V64F,bluvec2.0-GMMM00MM08850001V64F,150,GREEN,NONE
1772111503000,A2D2-3A8C,FLT-3A8C-001,29.500000,-82.100000,150,14,0,Mavic Pro,false,drone_images/Mavic Pro.png,29.495000,-82.105000,29.494500,-82.105300,apolloshield_df,camera,224.161,10,5820000000,GMMM00MM08850001V64F,bluvec2.0-GMMM00MM08850001V64F,150,GREEN,NONE
1772111503000,A2D2-3A8C,FLT-3A8C-001,29.500000,-82.100000,150,14,0,Mavic Pro,false,drone_images/Mavic Pro.png,29.495000,-82.105000,29.494500,-82.105300,apolloshield_df,camera,225.85861,10,5820000000,GMMM00MM08850001V64F,bluvec2.0-GMMM00MM08850001V64F,150,GREEN,NONE
1772111503000,A2D2-3A8C,FLT-3A8C-001,29.500000,-82.100000,150,14,0,Mavic Pro,false,drone_images/Mavic Pro.png,29.495000,-82.105000,29.494500,-82.105300,apolloshield_df,camera,227.39467,10,5820000000,GMMM00MM08850001V64F,bluvec2.0-GMMM00MM08850001V64F,150,GREEN,NONE
1772111503000,A2D2-3A8C,FLT-3A8C-001,29.500000,-82.100000,150,14,0,Mavic Pro,false,drone_images/Mavic Pro.png,29.495000,-82.105000,29.494500,-82.105300,apolloshield_df,camera,227.39467,10,5820000000,GMMM00MM08850001V64F,bluvec2.0-GMMM00MM08850001V64F,150,GREEN,NONE
1772111503000,A2D2-3A8C,FLT-3A8C-001,29.500000,-82.100000,150,14,0,Mavic Pro,false,drone_images/Mavic Pro.png,29.495000,-82.105000,29.494500,-82.105300,apolloshield_df,camera,229.97878,10,5820000000,GMMM00MM08850001V64F,bluvec2.0-GMMM00MM08850001V64F,150,GREEN,NONE
1772111503000,A2D2-3A8C,FLT-3A8C-001,29.500000,-82.100000,150,14,0,Mavic Pro,false,drone_images/Mavic Pro.png,29.495000,-82.105000,29.494500,-82.105300,apolloshield_df,camera,229.97878,10,5820000000,GMMM00MM08850001V64F,bluvec2.0-GMMM00MM08850001V64F,150,GREEN,NONE
1772111503000,A2D2-3A8C,FLT-3A8C-001,29.500000,-82.100000,150,14,0,Mavic Pro,false,drone_images/Mavic Pro.png,29.495000,-82.105000,29.494500,-82.105300,apolloshield_df,camera,229.97878,10,5820000000,GMMM00MM08850001V64F,bluvec2.0-GMMM00MM08850001V64F,150,GREEN,NONE
1772111503000,A2D2-3A8C,FLT-3A8C-001,29.500000,-82.100000,150,14,0,Mavic Pro,false,drone_images/Mavic Pro.png,29.495000,-82.105000,29.494500,-82.105300,apolloshield_df,camera,227.87553,10,5820000000,GMMM00MM08850001V64F,bluvec2.0-GMMM00MM08850001V64F,150,GREEN,NONE
1772111503000,A2D2-3A8C,FLT-3A8C-001,29.500000,-82.100000,150,14,0,Mavic Pro,false,drone_images/Mavic Pro.png,29.495000,-82.105000,29.494500,-82.105300,apolloshield_df,camera,227.87553,10,5820000000,GMMM00MM08850001V64F,bluvec2.0-GMMM00MM08850001V64F,150,GREEN,NONE
1772111503000,A2D2-3A8C,FLT-3A8C-001,29.500000,-82.100000,150,14,0,Mavic Pro,false,drone_images/Mavic Pro.png,29.495000,-82.105000,29.494500,-82.105300,apolloshield_df,camera,227.87553,10,5820000000,GMMM00MM08850001V64F,bluvec2.0-GMMM00MM08850001V64F,150,GREEN,NONE
1772111503000,A2D2-3A8C,FLT-3A8C-001,29.500000,-82.100000,150,14,0,Mavic Pro,false,drone_images/Mavic Pro.png,29.495000,-82.105000,29.494500,-82.105300,apolloshield_df,camera,227.87553,10,5820000000,GMMM00MM08850001V64F,bluvec2.0-GMMM00MM08850001V64F,150,GREEN,NONE
1772111503000,A2D2-3A8C,FLT-3A8C-001,29.500000,-82.100000,150,14,0,Mavic Pro,false,drone_images/Mavic Pro.png,29.495000,-82.105000,29.494500,-82.105300,apolloshield_df,camera,227.87553,10,5820000000,GMMM00MM08850001V64F,bluvec2.0-GMMM00MM08850001V64F,150,GREEN,NONE
1772111503000,A2D2-3A8C,FLT-3A8C-001,29.500000,-82.100000,150,14,0,Mavic Pro,false,drone_images/Mavic Pro.png,29.495000,-82.105000,29.494500,-82.105300,apolloshield_df,camera,227.87553,10,5820000000,GMMM00MM08850001V64F,bluvec2.0-GMMM00MM08850001V64F,150,GREEN,NONE
1772111503000,A2D2-3A8C,FLT-3A8C-001,29.500000,-82.100000,150,14,0,Mavic Pro,false,drone_images/Mavic Pro.png,29.495000,-82.105000,29.494500,-82.105300,apolloshield_df,camera,227.87553,10,5820000000,GMMM00MM08850001V64F,bluvec2.0-GMMM00MM08850001V64F,150,GREEN,NONE
1772111503000,A2D2-3A8C,FLT-3A8C-001,29.500000,-82.100000,150,14,0,Mavic Pro,false,drone_images/Mavic Pro.png,29.495000,-82.105000,29.494500,-82.105300,apolloshield_df,camera,227.87553,10,5820000000,GMMM00MM08850001V64F,bluvec2.0-GMMM00MM08850001V64F,150,GREEN,NONE
1772111503000,A2D2-3A8C,FLT-3A8C-001,29.500000,-82.100000,150,14,0,Mavic Pro,false,drone_images/Mavic Pro.png,29.495000,-82.105000,29.494500,-82.105300,apolloshield_df,camera,227.87553,10,5820000000,GMMM00MM08850001V64F,bluvec2.0-GMMM00MM08850001V64F,150,GREEN,NONE
1772111503000,A2D2-3A8C,FLT-3A8C-001,29.500000,-82.100000,150,14,0,Mavic Pro,false,drone_images/Mavic Pro.png,29.495000,-82.105000,29.494500,-82.105300,apolloshield_df,camera,227.87553,10,5820000000,GMMM00MM08850001V64F,bluvec2.0-GMMM00MM08850001V64F,150,GREEN,NONE
1772111503000,A2D2-3A8C,FLT-3A8C-001,29.500000,-82.100000,150,14,0,Mavic Pro,false,drone_images/Mavic Pro.png,29.495000,-82.105000,29.494500,-82.105300,apolloshield_df,camera,227.87553,10,5820000000,GMMM00MM08850001V64F,bluvec2.0-GMMM00MM08850001V64F,150,GREEN,NONE
1772111503000,A2D2-3A8C,FLT-3A8C-001,29.500000,-82.100000,150,14,0,Mavic Pro,false,drone_images/Mavic Pro.png,29.495000,-82.105000,29.494500,-82.105300,apolloshield_df,camera,227.87553,10,5820000000,GMMM00MM08850001V64F,bluvec2.0-GMMM00MM08850001V64F,150,GREEN,NONE
1772111503000,A2D2-3A8C,FLT-3A8C-001,29.500000,-82.100000,150,14,0,Mavic Pro,false,drone_images/Mavic Pro.png,29.495000,-82.105000,29.494500,-82.105300,apolloshield_df,camera,227.87553,10,5820000000,GMMM00MM08850001V64F,bluvec2.0-GMMM00MM08850001V64F,150,GREEN,NONE
1772111503000,A2D2-3A8C,FLT-3A8C-001,29.500000,-82.100000,150,14,0,Mavic Pro,false,drone_images/Mavic Pro.png,29.495000,-82.105000,29.494500,-82.105300,apolloshield_df,camera,227.87553,10,5820000000,GMMM00MM08850001V64F,bluvec2.0-GMMM00MM08850001V64F,150,GREEN,NONE
1772111503000,A2D2-3A8C,FLT-3A8C-001,29.500000,-82.100000,150,14,0,Mavic Pro,false,drone_images/Mavic Pro.png,29.495000,-82.105000,29.494500,-82.105300,apolloshield_df,camera,227.87553,10,5820000000,GMMM00MM08850001V64F,bluvec2.0-GMMM00MM08850001V64F,150,GREEN,NONE
1772111503000,A2D2-3A8C,FLT-3A8C-001,29.500000,-82.100000,150,14,0,Mavic Pro,false,drone_images/Mavic Pro.png,29.495000,-82.105000,29.494500,-82.105300,apolloshield_df,camera,227.87553,10,5820000000,GMMM00MM08850001V64F,bluvec2.0-GMMM00MM08850001V64F,150,GREEN,NONE
1772111503000,A2D2-3A8C,FLT-3A8C-001,29.500000,-82.100000,150,14,0,Mavic Pro,false,drone_images/Mavic Pro.png,29.495000,-82.105000,29.494500,-82.105300,apolloshield_df,camera,227.87553,10,5820000000,GMMM00MM08850001V64F,bluvec2.0-GMMM00MM08850001V64F,150,GREEN,NONE
1772111503000,A2D2-3A8C,FLT-3A8C-001,29.500000,-82.100000,150,14,0,Mavic Pro,false,drone_images/Mavic Pro.png,29.495000,-82.105000,29.494500,-82.105300,apolloshield_df,camera,227.87553,10,5820000000,GMMM00MM08850001V64F,bluvec2.0-GMMM00MM08850001V64F,150,GREEN,NONE
1772111503000,A2D2-3A8C,FLT-3A8C-001,29.500000,-82.100000,150,14,0,Mavic Pro,false,drone_images/Mavic Pro.png,29.495000,-82.105000,29.494500,-82.105300,apolloshield_df,camera,227.87553,10,5820000000,GMMM00MM08850001V64F,bluvec2.0-GMMM00MM08850001V64F,150,GREEN,NONE
1772111503000,A2D2-3A8C,FLT-3A8C-001,29.500000,-82.100000,150,14,0,Mavic Pro,false,drone_images/Mavic Pro.png,29.495000,-82.105000,29.494500,-82.105300,apolloshield_df,camera,227.87553,10,5820000000,GMMM00MM08850001V64F,bluvec2.0-GMMM00MM08850001V64F,150,GREEN,NONE
1772111503000,A2D2-3A8C,FLT-3A8C-001,29.500000,-82.100000,150,14,0,Mavic Pro,false,drone_images/Mavic Pro.png,29.495000,-82.105000,29.494500,-82.105300,apolloshield_df,camera,227.87553,10,5820000000,GMMM00MM08850001V64F,bluvec2.0-GMMM00MM08850001V64F,150,GREEN,NONE
1772111503000,A2D2-3A8C,FLT-3A8C-001,29.500000,-82.100000,150,14,0,Mavic Pro,false,drone_images/Mavic Pro.png,29.495000,-82.105000,29.494500,-82.105300,apolloshield_df,camera,227.87553,10,5820000000,GMMM00MM08850001V64F,bluvec2.0-GMMM00MM08850001V64F,150,GREEN,NONE
1772111503000,A2D2-3A8C,FLT-3A8C-001,29.500000,-82.100000,150,14,0,Mavic Pro,false,drone_images/Mavic Pro.png,29.495000,-82.105000,29.494500,-82.105300,apolloshield_df,camera,227.87553,10,5820000000,GMMM00MM08850001V64F,bluvec2.0-GMMM00MM08850001V64F,150,GREEN,NONE
1772111503000,A2D2-3A8C,FLT-3A8C-001,29.500000,-82.100000,150,14,0,Mavic Pro,false,drone_images/Mavic Pro.png,29.495000,-82.105000,29.494500,-82.105300,apolloshield_df,camera,213.36586,10,5820000000,GMMM00MM08850001V64F,bluvec2.0-GMMM00MM08850001V64F,150,GREEN,NONE
1772111503000,A2D2-3A8C,FLT-3A8C-001,29.500000,-82.100000,150,14,0,Mavic Pro,false,drone_images/Mavic Pro.png,29.495000,-82.105000,29.494500,-82.105300,apolloshield_df,camera,211.80844,10,5820000000,GMMM00MM08850001V64F,bluvec2.0-GMMM00MM08850001V64F,150,GREEN,NONE
1772111503000,A2D2-3A8C,FLT-3A8C-001,29.500000,-82.100000,150,14,0,Mavic Pro,false,drone_images/Mavic Pro.png,29.495000,-82.105000,29.494500,-82.105300,apolloshield_df,camera,211.80844,10,5820000000,GMMM00MM08850001V64F,bluvec2.0-GMMM00MM08850001V64F,150,GREEN,NONE
1772111503000,A2D2-3A8C,FLT-3A8C-001,29.500000,-82.100000,150,14,0,Mavic Pro,false,drone_images/Mavic Pro.png,29.495000,-82.105000,29.494500,-82.105300,apolloshield_df,camera,210.39923,10,5820000000,GMMM00MM08850001V64F,bluvec2.0-GMMM00MM08850001V64F,150,GREEN,NONE
1772111503000,A2D2-3A8C,FLT-3A8C-001,29.500000,-82.100000,150,14,0,Mavic Pro,false,drone_images/Mavic Pro.png,29.495000,-82.105000,29.494500,-82.105300,apolloshield_df,camera,212.25269,10,5820000000,GMMM00MM08850001V64F,bluvec2.0-GMMM00MM08850001V64F,150,GREEN,NONE
1772111503000,A2D2-3A8C,FLT-3A8C-001,29.500000,-82.100000,150,14,0,Mavic Pro,false,drone_images/Mavic Pro.png,29.495000,-82.105000,29.494500,-82.105300,apolloshield_df,camera,212.25269,10,5820000000,GMMM00MM08850001V64F,bluvec2.0-GMMM00MM08850001V64F,150,GREEN,NONE
1772111503000,A2D2-3A8C,FLT-3A8C-001,29.500000,-82.100000,150,14,0,Mavic Pro,false,drone_images/Mavic Pro.png,29.495000,-82.105000,29.494500,-82.105300,apolloshield_df,camera,215.08351,10,5820000000,GMMM00MM08850001V64F,bluvec2.0-GMMM00MM08850001V64F,150,GREEN,NONE
1772111503000,A2D2-3A8C,FLT-3A8C-001,29.500000,-82.100000,150,14,0,Mavic Pro,false,drone_images/Mavic Pro.png,29.495000,-82.105000,29.494500,-82.105300,apolloshield_df,camera,217.64496,10,5820000000,GMMM00MM08850001V64F,bluvec2.0-GMMM00MM08850001V64F,150,GREEN,NONE
1772111503000,A2D2-3A8C,FLT-3A8C-001,29.500000,-82.100000,150,14,0,Mavic Pro,false,drone_images/Mavic Pro.png,29.495000,-82.105000,29.494500,-82.105300,apolloshield_df,camera,217.77745,10,5820000000,GMMM00MM08850001V64F,bluvec2.0-GMMM00MM08850001V64F,150,GREEN,NONE
1772111503000,A2D2-3A8C,FLT-3A8C-001,29.500000,-82.100000,150,14,0,Mavic Pro,false,drone_images/Mavic Pro.png,29.495000,-82.105000,29.494500,-82.105300,apolloshield_df,camera,217.79863,10,5820000000,GMMM00MM08850001V64F,bluvec2.0-GMMM00MM08850001V64F,150,GREEN,NONE
1772111503000,A2D2-3A8C,FLT-3A8C-001,29.500000,-82.100000,150,14,0,Mavic Pro,false,drone_images/Mavic Pro.png,29.495000,-82.105000,29.494500,-82.105300,apolloshield_df,camera,217.79863,10,5820000000,GMMM00MM08850001V64F,bluvec2.0-GMMM00MM08850001V64F,150,GREEN,NONE
1772111503000,A2D2-3A8C,FLT-3A8C-001,29.500000,-82.100000,150,14,0,Mavic Pro,false,drone_images/Mavic Pro.png,29.495000,-82.105000,29.494500,-82.105300,apolloshield_df,camera,217.79863,10,5820000000,GMMM00MM08850001V64F,bluvec2.0-GMMM00MM08850001V64F,150,GREEN,NONE
1772111503000,A2D2-3A8C,FLT-3A8C-001,29.500000,-82.100000,150,14,0,Mavic Pro,false,drone_images/Mavic Pro.png,29.495000,-82.105000,29.494500,-82.105300,apolloshield_df,camera,217.79863,10,5820000000,GMMM00MM08850001V64F,bluvec2.0-GMMM00MM08850001V64F,150,GREEN,NONE
1772111503000,A2D2-3A8C,FLT-3A8C-001,29.500000,-82.100000,150,14,0,Mavic Pro,false,drone_images/Mavic Pro.png,29.495000,-82.105000,29.494500,-82.105300,apolloshield_df,camera,217.8178,10,5820000000,GMMM00MM08850001V64F,bluvec2.0-GMMM00MM08850001V64F,150,GREEN,NONE
1772111503000,A2D2-3A8C,FLT-3A8C-001,29.500000,-82.100000,150,14,0,Mavic Pro,false,drone_images/Mavic Pro.png,29.495000,-82.105000,29.494500,-82.105300,apolloshield_df,camera,220.11903,10,5820000000,GMMM00MM08850001V64F,bluvec2.0-GMMM00MM08850001V64F,150,GREEN,NONE
1772111503000,A2D2-3A8C,FLT-3A8C-001,29.500000,-82.100000,150,14,0,Mavic Pro,false,drone_images/Mavic Pro.png,29.495000,-82.105000,29.494500,-82.105300,apolloshield_df,camera,217.91898,10,5820000000,GMMM00MM08850001V64F,bluvec2.0-GMMM00MM08850001V64F,150,GREEN,NONE
1772111503000,A2D2-3A8C,FLT-3A8C-001,29.500000,-82.100000,150,14,0,Mavic Pro,false,drone_images/Mavic Pro.png,29.495000,-82.105000,29.494500,-82.105300,apolloshield_df,camera,217.91898,10,5820000000,GMMM00MM08850001V64F,bluvec2.0-GMMM00MM08850001V64F,150,GREEN,NONE
1772111503000,A2D2-3A8C,FLT-3A8C-001,29.500000,-82.100000,150,14,0,Mavic Pro,false,drone_images/Mavic Pro.png,29.495000,-82.105000,29.494500,-82.105300,apolloshield_df,camera,217.91898,10,5820000000,GMMM00MM08850001V64F,bluvec2.0-GMMM00MM08850001V64F,150,GREEN,NONE
1772111503000,A2D2-3A8C,FLT-3A8C-001,29.500000,-82.100000,150,14,0,Mavic Pro,false,drone_images/Mavic Pro.png,29.495000,-82.105000,29.494500,-82.105300,apolloshield_df,camera,217.91898,10,5820000000,GMMM00MM08850001V64F,bluvec2.0-GMMM00MM08850001V64F,150,GREEN,NONE
1772111503000,A2D2-3A8C,FLT-3A8C-001,29.500000,-82.100000,150,14,0,Mavic Pro,false,drone_images/Mavic Pro.png,29.495000,-82.105000,29.494500,-82.105300,apolloshield_df,camera,217.91898,10,5820000000,GMMM00MM08850001V64F,bluvec2.0-GMMM00MM08850001V64F,150,GREEN,NONE
1772111503000,A2D2-3A8C,FLT-3A8C-001,29.500000,-82.100000,150,14,0,Mavic Pro,false,drone_images/Mavic Pro.png,29.495000,-82.105000,29.494500,-82.105300,apolloshield_df,camera,217.91898,10,5820000000,GMMM00MM08850001V64F,bluvec2.0-GMMM00MM08850001V64F,150,GREEN,NONE
1772111503000,A2D2-3A8C,FLT-3A8C-001,29.500000,-82.100000,150,14,0,Mavic Pro,false,drone_images/Mavic Pro.png,29.495000,-82.105000,29.494500,-82.105300,apolloshield_df,camera,217.91898,10,5820000000,GMMM00MM08850001V64F,bluvec2.0-GMMM00MM08850001V64F,150,GREEN,NONE
1772111503000,A2D2-3A8C,FLT-3A8C-001,29.500000,-82.100000,150,14,0,Mavic Pro,false,drone_images/Mavic Pro.png,29.495000,-82.105000,29.494500,-82.105300,apolloshield_df,camera,217.91898,10,5820000000,GMMM00MM08850001V64F,bluvec2.0-GMMM00MM08850001V64F,150,GREEN,NONE
1772111503000,A2D2-3A8C,FLT-3A8C-001,29.500000,-82.100000,150,14,0,Mavic Pro,false,drone_images/Mavic Pro.png,29.495000,-82.105000,29.494500,-82.105300,apolloshield_df,camera,217.91898,10,5820000000,GMMM00MM08850001V64F,bluvec2.0-GMMM00MM08850001V64F,150,GREEN,NONE
1772111503000,A2D2-3A8C,FLT-3A8C-001,29.500000,-82.100000,150,14,0,Mavic Pro,false,drone_images/Mavic Pro.png,29.495000,-82.105000,29.494500,-82.105300,apolloshield_df,camera,217.91898,10,5820000000,GMMM00MM08850001V64F,bluvec2.0-GMMM00MM08850001V64F,150,GREEN,NONE
1772111503000,A2D2-3A8C,FLT-3A8C-001,29.500000,-82.100000,150,14,0,Mavic Pro,false,drone_images/Mavic Pro.png,29.495000,-82.105000,29.494500,-82.105300,apolloshield_df,camera,217.91898,10,5820000000,GMMM00MM08850001V64F,bluvec2.0-GMMM00MM08850001V64F,150,GREEN,NONE
1772111503000,A2D2-3A8C,FLT-3A8C-001,29.500000,-82.100000,150,14,0,Mavic Pro,false,drone_images/Mavic Pro.png,29.495000,-82.105000,29.494500,-82.105300,apolloshield_df,camera,217.91898,10,5820000000,GMMM00MM08850001V64F,bluvec2.0-GMMM00MM08850001V64F,150,GREEN,NONE
1772111503000,A2D2-3A8C,FLT-3A8C-001,29.500000,-82.100000,150,14,0,Mavic Pro,false,drone_images/Mavic Pro.png,29.495000,-82.105000,29.494500,-82.105300,apolloshield_df,camera,217.91898,10,5820000000,GMMM00MM08850001V64F,bluvec2.0-GMMM00MM08850001V64F,150,GREEN,NONE
1772111503000,A2D2-3A8C,FLT-3A8C-001,29.500000,-82.100000,150,14,0,Mavic Pro,false,drone_images/Mavic Pro.png,29.495000,-82.105000,29.494500,-82.105300,apolloshield_df,camera,217.91898,10,5820000000,GMMM00MM08850001V64F,bluvec2.0-GMMM00MM08850001V64F,150,GREEN,NONE
1772111503000,A2D2-3A8C,FLT-3A8C-001,29.500000,-82.100000,150,14,0,Mavic Pro,false,drone_images/Mavic Pro.png,29.495000,-82.105000,29.494500,-82.105300,apolloshield_df,camera,217.91898,10,5820000000,GMMM00MM08850001V64F,bluvec2.0-GMMM00MM08850001V64F,150,GREEN,NONE
1772111503000,A2D2-3A8C,FLT-3A8C-001,29.500000,-82.100000,150,14,0,Mavic Pro,false,drone_images/Mavic Pro.png,29.495000,-82.105000,29.494500,-82.105300,apolloshield_df,camera,217.91898,10,5820000000,GMMM00MM08850001V64F,bluvec2.0-GMMM00MM08850001V64F,150,GREEN,NONE
1772111503000,A2D2-3A8C,FLT-3A8C-001,29.500000,-82.100000,150,14,0,Mavic Pro,false,drone_images/Mavic Pro.png,29.495000,-82.105000,29.494500,-82.105300,apolloshield_df,camera,217.91898,10,5820000000,GMMM00MM08850001V64F,bluvec2.0-GMMM00MM08850001V64F,150,GREEN,NONE
1772111503000,A2D2-3A8C,FLT-3A8C-001,29.500000,-82.100000,150,14,0,Mavic Pro,false,drone_images/Mavic Pro.png,29.495000,-82.105000,29.494500,-82.105300,apolloshield_df,camera,217.91898,10,5820000000,GMMM00MM08850001V64F,bluvec2.0-GMMM00MM08850001V64F,150,GREEN,NONE
1772111503000,A2D2-3A8C,FLT-3A8C-001,29.500000,-82.100000,150,14,0,Mavic Pro,false,drone_images/Mavic Pro.png,29.495000,-82.105000,29.494500,-82.105300,apolloshield_df,camera,217.91898,10,5820000000,GMMM00MM08850001V64F,bluvec2.0-GMMM00MM08850001V64F,150,GREEN,NONE
1772111503000,A2D2-3A8C,FLT-3A8C-001,29.500000,-82.100000,150,14,0,Mavic Pro,false,drone_images/Mavic Pro.png,29.495000,-82.105000,29.494500,-82.105300,apolloshield_df,camera,217.91898,10,5820000000,GMMM00MM08850001V64F,bluvec2.0-GMMM00MM08850001V64F,150,GREEN,NONE
1772111503000,A2D2-3A8C,FLT-3A8C-001,29.500000,-82.100000,150,14,0,Mavic Pro,false,drone_images/Mavic Pro.png,29.495000,-82.105000,29.494500,-82.105300,apolloshield_df,camera,217.91898,10,5820000000,GMMM00MM08850001V64F,bluvec2.0-GMMM00MM08850001V64F,150,GREEN,NONE
1772111503000,A2D2-3A8C,FLT-3A8C-001,29.500000,-82.100000,150,14,0,Mavic Pro,false,drone_images/Mavic Pro.png,29.495000,-82.105000,29.494500,-82.105300,apolloshield_df,camera,217.91898,10,5820000000,GMMM00MM08850001V64F,bluvec2.0-GMMM00MM08850001V64F,150,GREEN,NONE
1772111503000,A2D2-3A8C,FLT-3A8C-001,29.500000,-82.100000,150,14,0,Mavic Pro,false,drone_images/Mavic Pro.png,29.495000,-82.105000,29.494500,-82.105300,apolloshield_df,camera,217.91898,10,5820000000,GMMM00MM08850001V64F,bluvec2.0-GMMM00MM08850001V64F,150,GREEN,NONE
1772111503000,A2D2-3A8C,FLT-3A8C-001,29.500000,-82.100000,150,14,0,Mavic Pro,false,drone_images/Mavic Pro.png,29.495000,-82.105000,29.494500,-82.105300,apolloshield_df,camera,217.91898,10,5820000000,GMMM00MM08850001V64F,bluvec2.0-GMMM00MM08850001V64F,150,GREEN,NONE
1772111503000,A2D2-3A8C,FLT-3A8C-001,29.500000,-82.100000,150,14,0,Mavic Pro,false,drone_images/Mavic Pro.png,29.495000,-82.105000,29.494500,-82.105300,apolloshield_df,camera,217.91898,10,5820000000,GMMM00MM08850001V64F,bluvec2.0-GMMM00MM08850001V64F,150,GREEN,NONE
1772111503000,A2D2-3A8C,FLT-3A8C-001,29.500000,-82.100000,150,14,0,Mavic Pro,false,drone_images/Mavic Pro.png,29.495000,-82.105000,29.494500,-82.105300,apolloshield_df,camera,217.91898,10,5820000000,GMMM00MM08850001V64F,bluvec2.0-GMMM00MM08850001V64F,150,GREEN,NONE
1772111503000,A2D2-3A8C,FLT-3A8C-001,29.500000,-82.100000,150,14,0,Mavic Pro,false,drone_images/Mavic Pro.png,29.495000,-82.105000,29.494500,-82.105300,apolloshield_df,camera,217.91898,10,5820000000,GMMM00MM08850001V64F,bluvec2.0-GMMM00MM08850001V64F,150,GREEN,NONE
1772111503000,A2D2-3A8C,FLT-3A8C-001,29.500000,-82.100000,150,14,0,Mavic Pro,false,drone_images/Mavic Pro.png,29.495000,-82.105000,29.494500,-82.105300,apolloshield_df,camera,217.91898,10,5820000000,GMMM00MM08850001V64F,bluvec2.0-GMMM00MM08850001V64F,150,GREEN,NONE
1772111503000,A2D2-3A8C,FLT-3A8C-001,29.500000,-82.100000,150,14,0,Mavic Pro,false,drone_images/Mavic Pro.png,29.495000,-82.105000,29.494500,-82.105300,apolloshield_df,camera,217.91898,10,5820000000,GMMM00MM08850001V64F,bluvec2.0-GMMM00MM08850001V64F,150,GREEN,NONE
1772111503000,A2D2-3A8C,FLT-3A8C-001,29.500000,-82.100000,150,14,0,Mavic Pro,false,drone_images/Mavic Pro.png,29.495000,-82.105000,29.494500,-82.105300,apolloshield_df,camera,217.91898,10,5820000000,GMMM00MM08850001V64F,bluvec2.0-GMMM00MM08850001V64F,150,GREEN,NONE
1772111503000,A2D2-3A8C,FLT-3A8C-001,29.500000,-82.100000,150,14,0,Mavic Pro,false,drone_images/Mavic Pro.png,29.495000,-82.105000,29.494500,-82.105300,apolloshield_df,camera,217.91898,10,5820000000,GMMM00MM08850001V64F,bluvec2.0-GMMM00MM08850001V64F,150,GREEN,NONE
1772111503000,A2D2-3A8C,FLT-3A8C-001,29.500000,-82.100000,150,14,0,Mavic Pro,false,drone_images/Mavic Pro.png,29.495000,-82.105000,29.494500,-82.105300,apolloshield_df,camera,224.3591,10,5820000000,GMMM00MM08850001V64F,bluvec2.0-GMMM00MM08850001V64F,150,GREEN,NONE
1772111503000,A2D2-3A8C,FLT-3A8C-001,29.500000,-82.100000,150,14,0,Mavic Pro,false,drone_images/Mavic Pro.png,29.495000,-82.105000,29.494500,-82.105300,apolloshield_df,camera,224.3591,10,5820000000,GMMM00MM08850001V64F,bluvec2.0-GMMM00MM08850001V64F,150,GREEN,NONE
1772111503000,A2D2-3A8C,FLT-3A8C-001,29.500000,-82.100000,150,14,0,Mavic Pro,false,drone_images/Mavic Pro.png,29.495000,-82.105000,29.494500,-82.105300,apolloshield_df,camera,226.03786,10,5820000000,GMMM00MM08850001V64F,bluvec2.0-GMMM00MM08850001V64F,150,GREEN,NONE
1772111503000,A2D2-3A8C,FLT-3A8C-001,29.500000,-82.100000,150,14,0,Mavic Pro,false,drone_images/Mavic Pro.png,29.495000,-82.105000,29.494500,-82.105300,apolloshield_df,camera,226.03786,10,5820000000,GMMM00MM08850001V64F,bluvec2.0-GMMM00MM08850001V64F,150,GREEN,NONE
1772111503000,A2D2-3A8C,FLT-3A8C-001,29.500000,-82.100000,150,14,0,Mavic Pro,false,drone_images/Mavic Pro.png,29.495000,-82.105000,29.494500,-82.105300,apolloshield_df,camera,226.03786,10,5820000000,GMMM00MM08850001V64F,bluvec2.0-GMMM00MM08850001V64F,150,GREEN,NONE
1772111503000,A2D2-3A8C,FLT-3A8C-001,29.500000,-82.100000,150,14,0,Mavic Pro,false,drone_images/Mavic Pro.png,29.495000,-82.105000,29.494500,-82.105300,apolloshield_df,camera,218.10081,10,5820000000,GMMM00MM08850001V64F,bluvec2.0-GMMM00MM08850001V64F,150,GREEN,NONE
1772111503000,A2D2-3A8C,FLT-3A8C-001,29.500000,-82.100000,150,14,0,Mavic Pro,false,drone_images/Mavic Pro.png,29.495000,-82.105000,29.494500,-82.105300,apolloshield_df,camera,218.10081,10,5820000000,GMMM00MM08850001V64F,bluvec2.0-GMMM00MM08850001V64F,150,GREEN,NONE
1772111503000,A2D2-3A8C,FLT-3A8C-001,29.500000,-82.100000,150,14,0,Mavic Pro,false,drone_images/Mavic Pro.png,29.495000,-82.105000,29.494500,-82.105300,apolloshield_df,camera,216.09282,10,5820000000,GMMM00MM08850001V64F,bluvec2.0-GMMM00MM08850001V64F,150,GREEN,NONE
1772111503000,A2D2-3A8C,FLT-3A8C-001,29.500000,-82.100000,150,14,0,Mavic Pro,false,drone_images/Mavic Pro.png,29.495000,-82.105000,29.494500,-82.105300,apolloshield_df,camera,216.65527,10,5820000000,GMMM00MM08850001V64F,bluvec2.0-GMMM00MM08850001V64F,150,GREEN,NONE
1772111503000,A2D2-3A8C,FLT-3A8C-001,29.500000,-82.100000,150,14,0,Mavic Pro,false,drone_images/Mavic Pro.png,29.495000,-82.105000,29.494500,-82.105300,apolloshield_df,camera,216.65527,10,5820000000,GMMM00MM08850001V64F,bluvec2.0-GMMM00MM08850001V64F,150,GREEN,NONE
1772111503000,A2D2-3A8C,FLT-3A8C-001,29.500000,-82.100000,150,14,0,Mavic Pro,false,drone_images/Mavic Pro.png,29.495000,-82.105000,29.494500,-82.105300,apolloshield_df,camera,216.65527,10,5820000000,GMMM00MM08850001V64F,bluvec2.0-GMMM00MM08850001V64F,150,GREEN,NONE
1772111503000,A2D2-3A8C,FLT-3A8C-001,29.500000,-82.100000,150,14,0,Mavic Pro,false,drone_images/Mavic Pro.png,29.495000,-82.105000,29.494500,-82.105300,apolloshield_df,camera,216.65527,10,5820000000,GMMM00MM08850001V64F,bluvec2.0-GMMM00MM08850001V64F,150,GREEN,NONE
1772111503000,A2D2-3A8C,FLT-3A8C-001,29.500000,-82.100000,150,14,0,Mavic Pro,false,drone_images/Mavic Pro.png,29.495000,-82.105000,29.494500,-82.105300,apolloshield_df,camera,213.21948,10,5820000000,GMMM00MM08850001V64F,bluvec2.0-GMMM00MM08850001V64F,150,GREEN,NONE
1772111503000,A2D2-3A8C,FLT-3A8C-001,29.500000,-82.100000,150,14,0,Mavic Pro,false,drone_images/Mavic Pro.png,29.495000,-82.105000,29.494500,-82.105300,apolloshield_df,camera,213.21948,10,5820000000,GMMM00MM08850001V64F,bluvec2.0-GMMM00MM08850001V64F,150,GREEN,NONE
1772111503000,A2D2-3A8C,FLT-3A8C-001,29.500000,-82.100000,150,14,0,Mavic Pro,false,drone_images/Mavic Pro.png,29.495000,-82.105000,29.494500,-82.105300,apolloshield_df,camera,213.21948,10,5820000000,GMMM00MM08850001V64F,bluvec2.0-GMMM00MM08850001V64F,150,GREEN,NONE
1772111503000,A2D2-3A8C,FLT-3A8C-001,29.500000,-82.100000,150,14,0,Mavic Pro,false,drone_images/Mavic Pro.png,29.495000,-82.105000,29.494500,-82.105300,apolloshield_df,camera,213.21948,10,5820000000,GMMM00MM08850001V64F,bluvec2.0-GMMM00MM08850001V64F,150,GREEN,NONE
1772111503000,A2D2-3A8C,FLT-3A8C-001,29.500000,-82.100000,150,14,0,Mavic Pro,false,drone_images/Mavic Pro.png,29.495000,-82.105000,29.494500,-82.105300,apolloshield_df,camera,213.21948,10,5820000000,GMMM00MM08850001V64F,bluvec2.0-GMMM00MM08850001V64F,150,GREEN,NONE
1772111503000,A2D2-3A8C,FLT-3A8C-001,29.500000,-82.100000,150,14,0,Mavic Pro,false,drone_images/Mavic Pro.png,29.495000,-82.105000,29.494500,-82.105300,apolloshield_df,camera,213.21948,10,5820000000,GMMM00MM08850001V64F,bluvec2.0-GMMM00MM08850001V64F,150,GREEN,NONE
1772111503000,A2D2-3A8C,FLT-3A8C-001,29.500000,-82.100000,150,14,0,Mavic Pro,false,drone_images/Mavic Pro.png,29.495000,-82.105000,29.494500,-82.105300,apolloshield_df,camera,213.21948,10,5820000000,GMMM00MM08850001V64F,bluvec2.0-GMMM00MM08850001V64F,150,GREEN,NONE
1772111503000,A2D2-3A8C,FLT-3A8C-001,29.500000,-82.100000,150,14,0,Mavic Pro,false,drone_images/Mavic Pro.png,29.495000,-82.105000,29.494500,-82.105300,apolloshield_df,camera,213.21948,10,5820000000,GMMM00MM08850001V64F,bluvec2.0-GMMM00MM08850001V64F,150,GREEN,NONE
1772111503000,A2D2-3A8C,FLT-3A8C-001,29.500000,-82.100000,150,14,0,Mavic Pro,false,drone_images/Mavic Pro.png,29.495000,-82.105000,29.494500,-82.105300,apolloshield_df,camera,213.21948,10,5820000000,GMMM00MM08850001V64F,bluvec2.0-GMMM00MM08850001V64F,150,GREEN,NONE
1772111503000,A2D2-3A8C,FLT-3A8C-001,29.500000,-82.100000,150,14,0,Mavic Pro,false,drone_images/Mavic Pro.png,29.495000,-82.105000,29.494500,-82.105300,apolloshield_df,camera,213.21948,10,5820000000,GMMM00MM08850001V64F,bluvec2.0-GMMM00MM08850001V64F,150,GREEN,NONE
1772111503000,A2D2-3A8C,FLT-3A8C-001,29.500000,-82.100000,150,14,0,Mavic Pro,false,drone_images/Mavic Pro.png,29.495000,-82.105000,29.494500,-82.105300,apolloshield_df,camera,213.21948,10,5820000000,GMMM00MM08850001V64F,bluvec2.0-GMMM00MM08850001V64F,150,GREEN,NONE
1772111503000,A2D2-3A8C,FLT-3A8C-001,29.500000,-82.100000,150,14,0,Mavic Pro,false,drone_images/Mavic Pro.png,29.495000,-82.105000,29.494500,-82.105300,apolloshield_df,camera,210.9959,10,5820000000,GMMM00MM08850001V64F,bluvec2.0-GMMM00MM08850001V64F,150,GREEN,NONE
1772111503000,A2D2-3A8C,FLT-3A8C-001,29.500000,-82.100000,150,14,0,Mavic Pro,false,drone_images/Mavic Pro.png,29.495000,-82.105000,29.494500,-82.105300,apolloshield_df,camera,210.9959,10,5820000000,GMMM00MM08850001V64F,bluvec2.0-GMMM00MM08850001V64F,150,GREEN,NONE
1772111503000,A2D2-3A8C,FLT-3A8C-001,29.500000,-82.100000,150,14,0,Mavic Pro,false,drone_images/Mavic Pro.png,29.495000,-82.105000,29.494500,-82.105300,apolloshield_df,camera,213.94632,10,5820000000,GMMM00MM08850001V64F,bluvec2.0-GMMM00MM08850001V64F,150,GREEN,NONE
1772111503000,A2D2-3A8C,FLT-3A8C-001,29.500000,-82.100000,150,14,0,Mavic Pro,false,drone_images/Mavic Pro.png,29.495000,-82.105000,29.494500,-82.105300,apolloshield_df,camera,213.94632,10,5820000000,GMMM00MM08850001V64F,bluvec2.0-GMMM00MM08850001V64F,150,GREEN,NONE
1772111503000,A2D2-3A8C,FLT-3A8C-001,29.500000,-82.100000,150,14,0,Mavic Pro,false,drone_images/Mavic Pro.png,29.495000,-82.105000,29.494500,-82.105300,apolloshield_df,camera,213.94632,10,5820000000,GMMM00MM08850001V64F,bluvec2.0-GMMM00MM08850001V64F,150,GREEN,NONE
1772111503000,A2D2-3A8C,FLT-3A8C-001,29.500000,-82.100000,150,14,0,Mavic Pro,false,drone_images/Mavic Pro.png,29.495000,-82.105000,29.494500,-82.105300,apolloshield_df,camera,213.94632,10,5820000000,GMMM00MM08850001V64F,bluvec2.0-GMMM00MM08850001V64F,150,GREEN,NONE
1772111503000,A2D2-3A8C,FLT-3A8C-001,29.500000,-82.100000,150,14,0,Mavic Pro,false,drone_images/Mavic Pro.png,29.495000,-82.105000,29.494500,-82.105300,apolloshield_df,camera,213.94632,10,5820000000,GMMM00MM08850001V64F,bluvec2.0-GMMM00MM08850001V64F,150,GREEN,NONE
1772111503000,A2D2-3A8C,FLT-3A8C-001,29.500000,-82.100000,150,14,0,Mavic Pro,false,drone_images/Mavic Pro.png,29.495000,-82.105000,29.494500,-82.105300,apolloshield_df,camera,213.94632,10,5820000000,GMMM00MM08850001V64F,bluvec2.0-GMMM00MM08850001V64F,150,GREEN,NONE
1772111503000,A2D2-3A8C,FLT-3A8C-001,29.500000,-82.100000,150,14,0,Mavic Pro,false,drone_images/Mavic Pro.png,29.495000,-82.105000,29.494500,-82.105300,apolloshield_df,camera,213.94632,10,5820000000,GMMM00MM08850001V64F,bluvec2.0-GMMM00MM08850001V64F,150,GREEN,NONE
1772111503000,A2D2-3A8C,FLT-3A8C-001,29.500000,-82.100000,150,14,0,Mavic Pro,false,drone_images/Mavic Pro.png,29.495000,-82.105000,29.494500,-82.105300,apolloshield_df,camera,213.94632,10,5820000000,GMMM00MM08850001V64F,bluvec2.0-GMMM00MM08850001V64F,150,GREEN,NONE
1772111503000,A2D2-3A8C,FLT-3A8C-001,29.500000,-82.100000,150,14,0,Mavic Pro,false,drone_images/Mavic Pro.png,29.495000,-82.105000,29.494500,-82.105300,apolloshield_df,camera,213.94632,10,5820000000,GMMM00MM08850001V64F,bluvec2.0-GMMM00MM08850001V64F,150,GREEN,NONE
1772111503000,A2D2-3A8C,FLT-3A8C-001,29.500000,-82.100000,150,14,0,Mavic Pro,false,drone_images/Mavic Pro.png,29.495000,-82.105000,29.494500,-82.105300,apolloshield_df,camera,213.94632,10,5820000000,GMMM00MM08850001V64F,bluvec2.0-GMMM00MM08850001V64F,150,GREEN,NONE
1772111503000,A2D2-3A8C,FLT-3A8C-001,29.500000,-82.100000,150,14,0,Mavic Pro,false,drone_images/Mavic Pro.png,29.495000,-82.105000,29.494500,-82.105300,apolloshield_df,camera,213.94632,10,5820000000,GMMM00MM08850001V64F,bluvec2.0-GMMM00MM08850001V64F,150,GREEN,NONE
1772111503000,A2D2-3A8C,FLT-3A8C-001,29.500000,-82.100000,150,14,0,Mavic Pro,false,drone_images/Mavic Pro.png,29.495000,-82.105000,29.494500,-82.105300,apolloshield_df,camera,213.94632,10,5820000000,GMMM00MM08850001V64F,bluvec2.0-GMMM00MM08850001V64F,150,GREEN,NONE
1772111503000,A2D2-3A8C,FLT-3A8C-001,29.500000,-82.100000,150,14,0,Mavic Pro,false,drone_images/Mavic Pro.png,29.495000,-82.105000,29.494500,-82.105300,apolloshield_df,camera,213.94632,10,5820000000,GMMM00MM08850001V64F,bluvec2.0-GMMM00MM08850001V64F,150,GREEN,NONE
1772111503000,A2D2-3A8C,FLT-3A8C-001,29.500000,-82.100000,150,14,0,Mavic Pro,false,drone_images/Mavic Pro.png,29.495000,-82.105000,29.494500,-82.105300,apolloshield_df,camera,213.94632,10,5820000000,GMMM00MM08850001V64F,bluvec2.0-GMMM00MM08850001V64F,150,GREEN,NONE
1772111503000,A2D2-3A8C,FLT-3A8C-001,29.500000,-82.100000,150,14,0,Mavic Pro,false,drone_images/Mavic Pro.png,29.495000,-82.105000,29.494500,-82.105300,apolloshield_df,camera,213.94632,10,5820000000,GMMM00MM08850001V64F,bluvec2.0-GMMM00MM08850001V64F,150,GREEN,NONE
1772111503000,A2D2-3A8C,FLT-3A8C-001,29.500000,-82.100000,150,14,0,Mavic Pro,false,drone_images/Mavic Pro.png,29.495000,-82.105000,29.494500,-82.105300,apolloshield_df,camera,213.94632,10,5820000000,GMMM00MM08850001V64F,bluvec2.0-GMMM00MM08850001V64F,150,GREEN,NONE
1772111503000,A2D2-3A8C,FLT-3A8C-001,29.500000,-82.100000,150,14,0,Mavic Pro,false,drone_images/Mavic Pro.png,29.495000,-82.105000,29.494500,-82.105300,apolloshield_df,camera,213.94632,10,5820000000,GMMM00MM08850001V64F,bluvec2.0-GMMM00MM08850001V64F,150,GREEN,NONE
1772111503000,A2D2-3A8C,FLT-3A8C-001,29.500000,-82.100000,150,14,0,Mavic Pro,false,drone_images/Mavic Pro.png,29.495000,-82.105000,29.494500,-82.105300,apolloshield_df,camera,213.94632,10,5820000000,GMMM00MM08850001V64F,bluvec2.0-GMMM00MM08850001V64F,150,GREEN,NONE
1772111503000,A2D2-3A8C,FLT-3A8C-001,29.500000,-82.100000,150,14,0,Mavic Pro,false,drone_images/Mavic Pro.png,29.495000,-82.105000,29.494500,-82.105300,apolloshield_df,camera,213.94632,10,5820000000,GMMM00MM08850001V64F,bluvec2.0-GMMM00MM08850001V64F,150,GREEN,NONE
1772111503000,A2D2-3A8C,FLT-3A8C-001,29.500000,-82.100000,150,14,0,Mavic Pro,false,drone_images/Mavic Pro.png,29.495000,-82.105000,29.494500,-82.105300,apolloshield_df,camera,213.94632,10,5820000000,GMMM00MM08850001V64F,bluvec2.0-GMMM00MM08850001V64F,150,GREEN,NONE
1772111503000,A2D2-3A8C,FLT-3A8C-001,29.500000,-82.100000,150,14,0,Mavic Pro,false,drone_images/Mavic Pro.png,29.495000,-82.105000,29.494500,-82.105300,apolloshield_df,camera,213.94632,10,5820000000,GMMM00MM08850001V64F,bluvec2.0-GMMM00MM08850001V64F,150,GREEN,NONE
1772111503000,A2D2-3A8C,FLT-3A8C-001,29.500000,-82.100000,150,14,0,Mavic Pro,false,drone_images/Mavic Pro.png,29.495000,-82.105000,29.494500,-82.105300,apolloshield_df,camera,213.94632,10,5820000000,GMMM00MM08850001V64F,bluvec2.0-GMMM00MM08850001V64F,150,GREEN,NONE
1772111503000,A2D2-3A8C,FLT-3A8C-001,29.500000,-82.100000,150,14,0,Mavic Pro,false,drone_images/Mavic Pro.png,29.495000,-82.105000,29.494500,-82.105300,apolloshield_df,camera,213.94632,10,5820000000,GMMM00MM08850001V64F,bluvec2.0-GMMM00MM08850001V64F,150,GREEN,NONE
1772111503000,A2D2-3A8C,FLT-3A8C-001,29.500000,-82.100000,150,14,0,Mavic Pro,false,drone_images/Mavic Pro.png,29.495000,-82.105000,29.494500,-82.105300,apolloshield_df,camera,213.94632,10,5820000000,GMMM00MM08850001V64F,bluvec2.0-GMMM00MM08850001V64F,150,GREEN,NONE
1772111503000,A2D2-3A8C,FLT-3A8C-001,29.500000,-82.100000,150,14,0,Mavic Pro,false,drone_images/Mavic Pro.png,29.495000,-82.105000,29.494500,-82.105300,apolloshield_df,camera,213.94632,10,5820000000,GMMM00MM08850001V64F,bluvec2.0-GMMM00MM08850001V64F,150,GREEN,NONE
1772111503000,A2D2-3A8C,FLT-3A8C-001,29.500000,-82.100000,150,14,0,Mavic Pro,false,drone_images/Mavic Pro.png,29.495000,-82.105000,29.494500,-82.105300,apolloshield_df,camera,213.94632,10,5820000000,GMMM00MM08850001V64F,bluvec2.0-GMMM00MM08850001V64F,150,GREEN,NONE
1772111503000,A2D2-3A8C,FLT-3A8C-001,29.500000,-82.100000,150,14,0,Mavic Pro,false,drone_images/Mavic Pro.png,29.495000,-82.105000,29.494500,-82.105300,apolloshield_df,camera,213.94632,10,5820000000,GMMM00MM08850001V64F,bluvec2.0-GMMM00MM08850001V64F,150,GREEN,NONE
1772111503000,A2D2-3A8C,FLT-3A8C-001,29.500000,-82.100000,150,14,0,Mavic Pro,false,drone_images/Mavic Pro.png,29.495000,-82.105000,29.494500,-82.105300,apolloshield_df,camera,213.94632,10,5820000000,GMMM00MM08850001V64F,bluvec2.0-GMMM00MM08850001V64F,150,GREEN,NONE
1772111503000,A2D2-3A8C,FLT-3A8C-001,29.500000,-82.100000,150,14,0,Mavic Pro,false,drone_images/Mavic Pro.png,29.495000,-82.105000,29.494500,-82.105300,apolloshield_df,camera,213.94632,10,5820000000,GMMM00MM08850001V64F,bluvec2.0-GMMM00MM08850001V64F,150,GREEN,NONE
1772111503000,A2D2-3A8C,FLT-3A8C-001,29.500000,-82.100000,150,14,0,Mavic Pro,false,drone_images/Mavic Pro.png,29.495000,-82.105000,29.494500,-82.105300,apolloshield_df,camera,213.94632,10,5820000000,GMMM00MM08850001V64F,bluvec2.0-GMMM00MM08850001V64F,150,GREEN,NONE
1772111503000,A2D2-3A8C,FLT-3A8C-001,29.500000,-82.100000,150,14,0,Mavic Pro,false,drone_images/Mavic Pro.png,29.495000,-82.105000,29.494500,-82.105300,apolloshield_df,camera,213.94632,10,5820000000,GMMM00MM08850001V64F,bluvec2.0-GMMM00MM08850001V64F,150,GREEN,NONE
1772111503000,A2D2-3A8C,FLT-3A8C-001,29.500000,-82.100000,150,14,0,Mavic Pro,false,drone_images/Mavic Pro.png,29.495000,-82.105000,29.494500,-82.105300,apolloshield_df,camera,213.94632,10,5820000000,GMMM00MM08850001V64F,bluvec2.0-GMMM00MM08850001V64F,150,GREEN,NONE
1772111503000,A2D2-3A8C,FLT-3A8C-001,29.500000,-82.100000,150,14,0,Mavic Pro,false,drone_images/Mavic Pro.png,29.495000,-82.105000,29.494500,-82.105300,apolloshield_df,camera,213.94632,10,5820000000,GMMM00MM08850001V64F,bluvec2.0-GMMM00MM08850001V64F,150,GREEN,NONE
1772111503000,A2D2-3A8C,FLT-3A8C-001,29.500000,-82.100000,150,14,0,Mavic Pro,false,drone_images/Mavic Pro.png,29.495000,-82.105000,29.494500,-82.105300,apolloshield_df,camera,213.94632,10,5820000000,GMMM00MM08850001V64F,bluvec2.0-GMMM00MM08850001V64F,150,GREEN,NONE
1772111503000,A2D2-3A8C,FLT-3A8C-001,29.500000,-82.100000,150,14,0,Mavic Pro,false,drone_images/Mavic Pro.png,29.495000,-82.105000,29.494500,-82.105300,apolloshield_df,camera,213.94632,10,5820000000,GMMM00MM08850001V64F,bluvec2.0-GMMM00MM08850001V64F,150,GREEN,NONE
1772111503000,A2D2-3A8C,FLT-3A8C-001,29.500000,-82.100000,150,14,0,Mavic Pro,false,drone_images/Mavic Pro.png,29.495000,-82.105000,29.494500,-82.105300,apolloshield_df,camera,213.94632,10,5820000000,GMMM00MM08850001V64F,bluvec2.0-GMMM00MM08850001V64F,150,GREEN,NONE
1772111503000,A2D2-3A8C,FLT-3A8C-001,29.500000,-82.100000,150,14,0,Mavic Pro,false,drone_images/Mavic Pro.png,29.495000,-82.105000,29.494500,-82.105300,apolloshield_df,camera,213.94632,10,5820000000,GMMM00MM08850001V64F,bluvec2.0-GMMM00MM08850001V64F,150,GREEN,NONE
1772111503000,A2D2-3A8C,FLT-3A8C-001,29.500000,-82.100000,150,14,0,Mavic Pro,false,drone_images/Mavic Pro.png,29.495000,-82.105000,29.494500,-82.105300,apolloshield_df,camera,213.94632,10,5820000000,GMMM00MM08850001V64F,bluvec2.0-GMMM00MM08850001V64F,150,GREEN,NONE
1772111503000,A2D2-3A8C,FLT-3A8C-001,29.500000,-82.100000,150,14,0,Mavic Pro,false,drone_images/Mavic Pro.png,29.495000,-82.105000,29.494500,-82.105300,apolloshield_df,camera,213.94632,10,5820000000,GMMM00MM08850001V64F,bluvec2.0-GMMM00MM08850001V64F,150,GREEN,NONE
1772111503000,A2D2-3A8C,FLT-3A8C-001,29.500000,-82.100000,150,14,0,Mavic Pro,false,drone_images/Mavic Pro.png,29.495000,-82.105000,29.494500,-82.105300,apolloshield_df,camera,213.94632,10,5820000000,GMMM00MM08850001V64F,bluvec2.0-GMMM00MM08850001V64F,150,GREEN,NONE
1772111503000,A2D2-3A8C,FLT-3A8C-001,29.500000,-82.100000,150,14,0,Mavic Pro,false,drone_images/Mavic Pro.png,29.495000,-82.105000,29.494500,-82.105300,apolloshield_df,camera,213.94632,10,5820000000,GMMM00MM08850001V64F,bluvec2.0-GMMM00MM08850001V64F,150,GREEN,NONE
1772111503000,A2D2-3A8C,FLT-3A8C-001,29.500000,-82.100000,150,14,0,Mavic Pro,false,drone_images/Mavic Pro.png,29.495000,-82.105000,29.494500,-82.105300,apolloshield_df,camera,213.94632,10,5820000000,GMMM00MM08850001V64F,bluvec2.0-GMMM00MM08850001V64F,150,GREEN,NONE
1772111503000,A2D2-3A8C,FLT-3A8C-001,29.500000,-82.100000,150,14,0,Mavic Pro,false,drone_images/Mavic Pro.png,29.495000,-82.105000,29.494500,-82.105300,apolloshield_df,camera,213.94632,10,5820000000,GMMM00MM08850001V64F,bluvec2.0-GMMM00MM08850001V64F,150,GREEN,NONE
1772111503000,A2D2-3A8C,FLT-3A8C-001,29.500000,-82.100000,150,14,0,Mavic Pro,false,drone_images/Mavic Pro.png,29.495000,-82.105000,29.494500,-82.105300,apolloshield_df,camera,213.94632,10,5820000000,GMMM00MM08850001V64F,bluvec2.0-GMMM00MM08850001V64F,150,GREEN,NONE
1772111503000,A2D2-3A8C,FLT-3A8C-001,29.500000,-82.100000,150,14,0,Mavic Pro,false,drone_images/Mavic Pro.png,29.495000,-82.105000,29.494500,-82.105300,apolloshield_df,camera,213.94632,10,5820000000,GMMM00MM08850001V64F,bluvec2.0-GMMM00MM08850001V64F,150,GREEN,NONE
1772111503000,A2D2-3A8C,FLT-3A8C-001,29.500000,-82.100000,150,14,0,Mavic Pro,false,drone_images/Mavic Pro.png,29.495000,-82.105000,29.494500,-82.105300,apolloshield_df,camera,213.94632,10,5820000000,GMMM00MM08850001V64F,bluvec2.0-GMMM00MM08850001V64F,150,GREEN,NONE
1772111503000,A2D2-3A8C,FLT-3A8C-001,29.500000,-82.100000,150,14,0,Mavic Pro,false,drone_images/Mavic Pro.png,29.495000,-82.105000,29.494500,-82.105300,apolloshield_df,camera,213.94632,10,5820000000,GMMM00MM08850001V64F,bluvec2.0-GMMM00MM08850001V64F,150,GREEN,NONE
1772111503000,A2D2-3A8C,FLT-3A8C-001,29.500000,-82.100000,150,14,0,Mavic Pro,false,drone_images/Mavic Pro.png,29.495000,-82.105000,29.494500,-82.105300,apolloshield_df,camera,213.94632,10,5820000000,GMMM00MM08850001V64F,bluvec2.0-GMMM00MM08850001V64F,150,GREEN,NONE
1772111503000,A2D2-3A8C,FLT-3A8C-001,29.500000,-82.100000,150,14,0,Mavic Pro,false,drone_images/Mavic Pro.png,29.495000,-82.105000,29.494500,-82.105300,apolloshield_df,camera,213.94632,10,5820000000,GMMM00MM08850001V64F,bluvec2.0-GMMM00MM08850001V64F,150,GREEN,NONE
1772111503000,A2D2-3A8C,FLT-3A8C-001,29.500000,-82.100000,150,14,0,Mavic Pro,false,drone_images/Mavic Pro.png,29.495000,-82.105000,29.494500,-82.105300,apolloshield_df,camera,213.94632,10,5820000000,GMMM00MM08850001V64F,bluvec2.0-GMMM00MM08850001V64F,150,GREEN,NONE
1772111503000,A2D2-3A8C,FLT-3A8C-001,29.500000,-82.100000,150,14,0,Mavic Pro,false,drone_images/Mavic Pro.png,29.495000,-82.105000,29.494500,-82.105300,apolloshield_df,camera,213.94632,10,5820000000,GMMM00MM08850001V64F,bluvec2.0-GMMM00MM08850001V64F,150,GREEN,NONE
1772111503000,A2D2-3A8C,FLT-3A8C-001,29.500000,-82.100000,150,14,0,Mavic Pro,false,drone_images/Mavic Pro.png,29.495000,-82.105000,29.494500,-82.105300,apolloshield_df,camera,213.94632,10,5820000000,GMMM00MM08850001V64F,bluvec2.0-GMMM00MM08850001V64F,150,GREEN,NONE
1772111503000,A2D2-3A8C,FLT-3A8C-001,29.500000,-82.100000,150,14,0,Mavic Pro,false,drone_images/Mavic Pro.png,29.495000,-82.105000,29.494500,-82.105300,apolloshield_df,camera,213.94632,10,5820000000,GMMM00MM08850001V64F,bluvec2.0-GMMM00MM08850001V64F,150,GREEN,NONE
1772111503000,A2D2-3A8C,FLT-3A8C-001,29.500000,-82.100000,150,14,0,Mavic Pro,false,drone_images/Mavic Pro.png,29.495000,-82.105000,29.494500,-82.105300,apolloshield_df,camera,213.94632,10,5820000000,GMMM00MM08850001V64F,bluvec2.0-GMMM00MM08850001V64F,150,GREEN,NONE
1772111503000,A2D2-3A8C,FLT-3A8C-001,29.500000,-82.100000,150,14,0,Mavic Pro,false,drone_images/Mavic Pro.png,29.495000,-82.105000,29.494500,-82.105300,apolloshield_df,camera,213.94632,10,5820000000,GMMM00MM08850001V64F,bluvec2.0-GMMM00MM08850001V64F,150,GREEN,NONE
1772111503000,A2D2-3A8C,FLT-3A8C-001,29.500000,-82.100000,150,14,0,Mavic Pro,false,drone_images/Mavic Pro.png,29.495000,-82.105000,29.494500,-82.105300,apolloshield_df,camera,213.94632,10,5820000000,GMMM00MM08850001V64F,bluvec2.0-GMMM00MM08850001V64F,150,GREEN,NONE
1772111503000,A2D2-3A8C,FLT-3A8C-001,29.500000,-82.100000,150,14,0,Mavic Pro,false,drone_images/Mavic Pro.png,29.495000,-82.105000,29.494500,-82.105300,apolloshield_df,camera,213.94632,10,5820000000,GMMM00MM08850001V64F,bluvec2.0-GMMM00MM08850001V64F,150,GREEN,NONE
1772111503000,A2D2-3A8C,FLT-3A8C-001,29.500000,-82.100000,150,14,0,Mavic Pro,false,drone_images/Mavic Pro.png,29.495000,-82.105000,29.494500,-82.105300,apolloshield_df,camera,213.94632,10,5820000000,GMMM00MM08850001V64F,bluvec2.0-GMMM00MM08850001V64F,150,GREEN,NONE
1772111503000,A2D2-3A8C,FLT-3A8C-001,29.500000,-82.100000,150,14,0,Mavic Pro,false,drone_images/Mavic Pro.png,29.495000,-82.105000,29.494500,-82.105300,apolloshield_df,camera,213.94632,10,5820000000,GMMM00MM08850001V64F,bluvec2.0-GMMM00MM08850001V64F,150,GREEN,NONE