timestamp,drone_id,flight_id,lat,lng,altitude,speed,azimuth,drone_type,has_payload,imagePath,home_lat,home_lng,pilot_lat,pilot_lng,detection_type,sensor_type,angle,error,frequency_hz,device_id,device_name,aboveGroundLevel,threatLevel,zone
1772117975865,A2D2-9D1E,FLT-9D1E-001,25.249674,-80.351249,61.5,0.1,0,Mavic Air 2S,true,drone_images/Mavic Air 2S_withpayload.png,25.245000,-80.355000,25.244500,-80.355300,apolloshield_dji,dji,,,2414500000,RADAR-A2D2-9D1E,Sensor Key Largo / South Ocean Corridor,300,RED,RED
1772117976918,A2D2-9D1E,FLT-9D1E-001,25.249674,-80.351249,61.5,0.1,0,Mavic Air 2S,true,drone_images/Mavic Air 2S_withpayload.png,25.245000,-80.355000,25.244500,-80.355300,apolloshield_dji,dji,,,2414500000,RADAR-A2D2-9D1E,Sensor Key Largo / South Ocean Corridor,300,RED,RED
1772117978113,A2D2-9D1E,FLT-9D1E-001,25.249674,-80.351249,61.5,0.1,0,Mavic Air 2S,true,drone_images/Mavic Air 2S_withpayload.png,25.245000,-80.355000,25.244500,-80.355300,apolloshield_dji,dji,,,2414500000,RADAR-A2D2-9D1E,Sensor Key Largo / South Ocean Corridor,300,RED,RED
1772117979266,A2D2-9D1E,FLT-9D1E-001,25.249674,-80.351249,61.5,0.1,0,Mavic Air 2S,true,drone_images/Mavic Air 2S_withpayload.png,25.245000,-80.355000,25.244500,-80.355300,apolloshield_dji,dji,,,2414500000,RADAR-A2D2-9D1E,Sensor Key Largo / South Ocean Corridor,300,RED,RED
1772117979930,A2D2-9D1E,FLT-9D1E-001,25.249674,-80.351249,61.5,0.1,0,Mavic Air 2S,true,drone_images/Mavic Air 2S_withpayload.png,25.245000,-80.355000,25.244500,-80.355300,apolloshield_dji,dji,,,2414500000,RADAR-A2D2-9D1E,Sensor Key Largo / South Ocean Corridor,300,RED,RED
1772117980887,A2D2-9D1E,FLT-9D1E-001,25.249674,-80.351249,61.5,0.1,0,Mavic Air 2S,true,drone_images/Mavic Air 2S_withpayload.png,25.245000,-80.355000,25.244500,-80.355300,apolloshield_dji,dji,,,2414500000,RADAR-A2D2-9D1E,Sensor Key Largo / South Ocean Corridor,300,RED,RED
1772117981779,A2D2-9D1E,FLT-9D1E-001,25.249674,-80.351249,61.5,0.1,0,Mavic Air 2S,true,drone_images/Mavic Air 2S_withpayload.png,25.245000,-80.355000,25.244500,-80.355300,apolloshield_dji,dji,,,2414500000,RADAR-A2D2-9D1E,Sensor Key Largo / South Ocean Corridor,300,RED,RED
1772117982638,A2D2-9D1E,FLT-9D1E-001,25.249674,-80.351249,61.5,0.1,0,Mavic Air 2S,true,drone_images/Mavic Air 2S_withpayload.png,25.245000,-80.355000,25.244500,-80.355300,apolloshield_dji,dji,,,2414500000,RADAR-A2D2-9D1E,Sensor Key Largo / South Ocean Corridor,300,RED,RED
1772117983708,A2D2-9D1E,FLT-9D1E-001,25.249674,-80.351249,61.5,0.1,0,Mavic Air 2S,true,drone_images/Mavic Air 2S_withpayload.png,25.245000,-80.355000,25.244500,-80.355300,apolloshield_dji,dji,,,2414500000,RADAR-A2D2-9D1E,Sensor Key Largo / South Ocean Corridor,300,RED,RED
1772117984805,A2D2-9D1E,FLT-9D1E-001,25.249674,-80.351249,61.5,0.1,0,Mavic Air 2S,true,drone_images/Mavic Air 2S_withpayload.png,25.245000,-80.355000,25.244500,-80.355300,apolloshield_dji,dji,,,2414500000,RADAR-A2D2-9D1E,Sensor Key Largo / South Ocean Corridor,300,RED,RED
1772117985808,A2D2-9D1E,FLT-9D1E-001,25.249674,-80.351249,61.5,0.1,0,Mavic Air 2S,true,drone_images/Mavic Air 2S_withpayload.png,25.245000,-80.355000,25.244500,-80.355300,apolloshield_dji,dji,,,2414500000,RADAR-A2D2-9D1E,Sensor Key Largo / South Ocean Corridor,300,RED,RED
1772117986792,A2D2-9D1E,FLT-9D1E-001,25.249674,-80.351249,61.5,0.1,0,Mavic Air 2S,true,drone_images/Mavic Air 2S_withpayload.png,25.245000,-80.355000,25.244500,-80.355300,apolloshield_dji,dji,,,2414500000,RADAR-A2D2-9D1E,Sensor Key Largo / South Ocean Corridor,300,RED,RED
1772117987912,A2D2-9D1E,FLT-9D1E-001,25.249674,-80.351249,61.5,0.1,0,Mavic Air 2S,true,drone_images/Mavic Air 2S_withpayload.png,25.245000,-80.355000,25.244500,-80.355300,apolloshield_dji,dji,,,2414500000,RADAR-A2D2-9D1E,Sensor Key Largo / South Ocean Corridor,300,RED,RED
1772117988643,A2D2-9D1E,FLT-9D1E-001,25.249674,-80.351249,61.5,0.1,0,Mavic Air 2S,true,drone_images/Mavic Air 2S_withpayload.png,25.245000,-80.355000,25.244500,-80.355300,apolloshield_dji,dji,,,2414500000,RADAR-A2D2-9D1E,Sensor Key Largo / South Ocean Corridor,300,RED,RED
1772117989922,A2D2-9D1E,FLT-9D1E-001,25.249674,-80.351249,61.5,0.1,0,Mavic Air 2S,true,drone_images/Mavic Air 2S_withpayload.png,25.245000,-80.355000,25.244500,-80.355300,apolloshield_dji,dji,,,2414500000,RADAR-A2D2-9D1E,Sensor Key Largo / South Ocean Corridor,300,RED,RED
1772117991212,A2D2-9D1E,FLT-9D1E-001,25.249674,-80.351249,61.5,0.1,0,Mavic Air 2S,true,drone_images/Mavic Air 2S_withpayload.png,25.245000,-80.355000,25.244500,-80.355300,apolloshield_dji,dji,,,2414500000,RADAR-A2D2-9D1E,Sensor Key Largo / South Ocean Corridor,300,RED,RED
1772117991824,A2D2-9D1E,FLT-9D1E-001,25.249674,-80.351249,61.5,0.1,0,Mavic Air 2S,true,drone_images/Mavic Air 2S_withpayload.png,25.245000,-80.355000,25.244500,-80.355300,apolloshield_dji,dji,,,2414500000,RADAR-A2D2-9D1E,Sensor Key Largo / South Ocean Corridor,300,RED,RED
1772117992829,A2D2-9D1E,FLT-9D1E-001,25.249674,-80.351249,61.5,0.1,0,Mavic Air 2S,true,drone_images/Mavic Air 2S_withpayload.png,25.245000,-80.355000,25.244500,-80.355300,apolloshield_dji,dji,,,2414500000,RADAR-A2D2-9D1E,Sensor Key Largo / South Ocean Corridor,300,RED,RED
1772117994162,A2D2-9D1E,FLT-9D1E-001,25.249674,-80.351249,61.5,0.1,0,Mavic Air 2S,true,drone_images/Mavic Air 2S_withpayload.png,25.245000,-80.355000,25.244500,-80.355300,apolloshield_dji,dji,,,2414500000,RADAR-A2D2-9D1E,Sensor Key Largo / South Ocean Corridor,300,RED,RED
1772117994759,A2D2-9D1E,FLT-9D1E-001,25.248597,-80.351810,93.1,11.1,0,Mavic Air 2S,true,drone_images/Mavic Air 2S_withpayload.png,25.245000,-80.355000,25.244500,-80.355300,apolloshield_dji,dji,,,2414500000,RADAR-A2D2-9D1E,Sensor Key Largo / South Ocean Corridor,300,RED,RED
1772117995932,A2D2-9D1E,FLT-9D1E-001,25.248597,-80.351810,93.1,11.1,0,Mavic Air 2S,true,drone_images/Mavic Air 2S_withpayload.png,25.245000,-80.355000,25.244500,-80.355300,apolloshield_dji,dji,,,2414500000,RADAR-A2D2-9D1E,Sensor Key Largo / South Ocean Corridor,300,RED,RED
1772117997041,A2D2-9D1E,FLT-9D1E-001,25.248597,-80.351810,93.1,11.1,0,Mavic Air 2S,true,drone_images/Mavic Air 2S_withpayload.png,25.245000,-80.355000,25.244500,-80.355300,apolloshield_dji,dji,,,2414500000,RADAR-A2D2-9D1E,Sensor Key Largo / South Ocean Corridor,300,RED,RED
1772117998768,A2D2-9D1E,FLT-9D1E-001,25.248597,-80.351810,93.1,11.1,0,Mavic Air 2S,true,drone_images/Mavic Air 2S_withpayload.png,25.245000,-80.355000,25.244500,-80.355300,apolloshield_dji,dji,,,2414500000,RADAR-A2D2-9D1E,Sensor Key Largo / South Ocean Corridor,300,RED,RED
1772117999096,A2D2-9D1E,FLT-9D1E-001,25.248569,-80.351908,98.6,0.9,0,Mavic Air 2S,true,drone_images/Mavic Air 2S_withpayload.png,25.245000,-80.355000,25.244500,-80.355300,apolloshield_dji,dji,,,2414500000,RADAR-A2D2-9D1E,Sensor Key Largo / South Ocean Corridor,300,RED,RED
1772117999995,A2D2-9D1E,FLT-9D1E-001,25.248569,-80.351908,98.6,0.9,0,Mavic Air 2S,true,drone_images/Mavic Air 2S_withpayload.png,25.245000,-80.355000,25.244500,-80.355300,apolloshield_dji,dji,,,2414500000,RADAR-A2D2-9D1E,Sensor Key Largo / South Ocean Corridor,300,RED,RED
1772118001038,A2D2-9D1E,FLT-9D1E-001,25.248569,-80.351908,98.6,0.9,0,Mavic Air 2S,true,drone_images/Mavic Air 2S_withpayload.png,25.245000,-80.355000,25.244500,-80.355300,apolloshield_dji,dji,,,2414500000,RADAR-A2D2-9D1E,Sensor Key Largo / South Ocean Corridor,300,RED,RED
1772118002402,A2D2-9D1E,FLT-9D1E-001,25.248569,-80.351908,98.6,0.9,0,Mavic Air 2S,true,drone_images/Mavic Air 2S_withpayload.png,25.245000,-80.355000,25.244500,-80.355300,apolloshield_dji,dji,,,2414500000,RADAR-A2D2-9D1E,Sensor Key Largo / South Ocean Corridor,300,RED,RED
1772118004014,A2D2-9D1E,FLT-9D1E-001,25.248569,-80.351908,98.6,0.9,0,Mavic Air 2S,true,drone_images/Mavic Air 2S_withpayload.png,25.245000,-80.355000,25.244500,-80.355300,apolloshield_dji,dji,,,2414500000,RADAR-A2D2-9D1E,Sensor Key Largo / South Ocean Corridor,300,RED,RED
1772118004020,A2D2-9D1E,FLT-9D1E-001,25.248569,-80.351908,98.6,0.9,0,Mavic Air 2S,true,drone_images/Mavic Air 2S_withpayload.png,25.245000,-80.355000,25.244500,-80.355300,apolloshield_dji,dji,,,2414500000,RADAR-A2D2-9D1E,Sensor Key Largo / South Ocean Corridor,300,RED,RED
1772118005909,A2D2-9D1E,FLT-9D1E-001,25.248569,-80.351908,98.6,0.9,0,Mavic Air 2S,true,drone_images/Mavic Air 2S_withpayload.png,25.245000,-80.355000,25.244500,-80.355300,apolloshield_dji,dji,,,2414500000,RADAR-A2D2-9D1E,Sensor Key Largo / South Ocean Corridor,300,RED,RED
1772118006524,A2D2-9D1E,FLT-9D1E-001,25.248569,-80.351908,98.6,0.9,0,Mavic Air 2S,true,drone_images/Mavic Air 2S_withpayload.png,25.245000,-80.355000,25.244500,-80.355300,apolloshield_dji,dji,,,2414500000,RADAR-A2D2-9D1E,Sensor Key Largo / South Ocean Corridor,300,RED,RED
1772118006752,A2D2-9D1E,FLT-9D1E-001,25.248569,-80.351908,98.6,0.9,0,Mavic Air 2S,true,drone_images/Mavic Air 2S_withpayload.png,25.245000,-80.355000,25.244500,-80.355300,apolloshield_dji,dji,,,2414500000,RADAR-A2D2-9D1E,Sensor Key Largo / South Ocean Corridor,300,RED,RED
1772118008059,A2D2-9D1E,FLT-9D1E-001,25.248569,-80.351908,98.6,0.9,0,Mavic Air 2S,true,drone_images/Mavic Air 2S_withpayload.png,25.245000,-80.355000,25.244500,-80.355300,apolloshield_dji,dji,,,2414500000,RADAR-A2D2-9D1E,Sensor Key Largo / South Ocean Corridor,300,RED,RED
1772118008670,A2D2-9D1E,FLT-9D1E-001,25.248569,-80.351908,98.6,0.9,0,Mavic Air 2S,true,drone_images/Mavic Air 2S_withpayload.png,25.245000,-80.355000,25.244500,-80.355300,apolloshield_dji,dji,,,2414500000,RADAR-A2D2-9D1E,Sensor Key Largo / South Ocean Corridor,300,RED,RED
1772118009933,A2D2-9D1E,FLT-9D1E-001,25.248569,-80.351908,98.6,0.9,0,Mavic Air 2S,true,drone_images/Mavic Air 2S_withpayload.png,25.245000,-80.355000,25.244500,-80.355300,apolloshield_dji,dji,,,2414500000,RADAR-A2D2-9D1E,Sensor Key Largo / South Ocean Corridor,300,RED,RED
1772118010736,A2D2-9D1E,FLT-9D1E-001,25.248569,-80.351908,98.6,0.9,0,Mavic Air 2S,true,drone_images/Mavic Air 2S_withpayload.png,25.245000,-80.355000,25.244500,-80.355300,apolloshield_dji,dji,,,2414500000,RADAR-A2D2-9D1E,Sensor Key Largo / South Ocean Corridor,300,RED,RED
1772118011661,A2D2-9D1E,FLT-9D1E-001,25.248569,-80.351908,98.6,0.9,0,Mavic Air 2S,true,drone_images/Mavic Air 2S_withpayload.png,25.245000,-80.355000,25.244500,-80.355300,apolloshield_dji,dji,,,2414500000,RADAR-A2D2-9D1E,Sensor Key Largo / South Ocean Corridor,300,RED,RED
1772118012336,A2D2-9D1E,FLT-9D1E-001,25.248569,-80.351908,98.6,0.9,0,Mavic Air 2S,true,drone_images/Mavic Air 2S_withpayload.png,25.245000,-80.355000,25.244500,-80.355300,apolloshield_dji,dji,,,2414500000,RADAR-A2D2-9D1E,Sensor Key Largo / South Ocean Corridor,300,RED,RED
1772118013424,A2D2-9D1E,FLT-9D1E-001,25.248569,-80.351908,98.6,0.9,0,Mavic Air 2S,true,drone_images/Mavic Air 2S_withpayload.png,25.245000,-80.355000,25.244500,-80.355300,apolloshield_dji,dji,,,2414500000,RADAR-A2D2-9D1E,Sensor Key Largo / South Ocean Corridor,300,RED,RED
1772118014517,A2D2-9D1E,FLT-9D1E-001,25.248569,-80.351908,98.6,0.9,0,Mavic Air 2S,true,drone_images/Mavic Air 2S_withpayload.png,25.245000,-80.355000,25.244500,-80.355300,apolloshield_dji,dji,,,2414500000,RADAR-A2D2-9D1E,Sensor Key Largo / South Ocean Corridor,300,RED,RED
1772118015380,A2D2-9D1E,FLT-9D1E-001,25.248569,-80.351908,98.6,0.9,0,Mavic Air 2S,true,drone_images/Mavic Air 2S_withpayload.png,25.245000,-80.355000,25.244500,-80.355300,apolloshield_dji,dji,,,2414500000,RADAR-A2D2-9D1E,Sensor Key Largo / South Ocean Corridor,300,RED,RED
1772118015873,A2D2-9D1E,FLT-9D1E-001,25.248569,-80.351908,98.6,0.9,0,Mavic Air 2S,true,drone_images/Mavic Air 2S_withpayload.png,25.245000,-80.355000,25.244500,-80.355300,apolloshield_dji,dji,,,2414500000,RADAR-A2D2-9D1E,Sensor Key Largo / South Ocean Corridor,300,RED,RED
1772118017011,A2D2-9D1E,FLT-9D1E-001,25.248569,-80.351908,98.6,0.9,0,Mavic Air 2S,true,drone_images/Mavic Air 2S_withpayload.png,25.245000,-80.355000,25.244500,-80.355300,apolloshield_dji,dji,,,2414500000,RADAR-A2D2-9D1E,Sensor Key Largo / South Ocean Corridor,300,RED,RED
1772118017963,A2D2-9D1E,FLT-9D1E-001,25.248569,-80.351908,98.6,0.9,0,Mavic Air 2S,true,drone_images/Mavic Air 2S_withpayload.png,25.245000,-80.355000,25.244500,-80.355300,apolloshield_dji,dji,,,2414500000,RADAR-A2D2-9D1E,Sensor Key Largo / South Ocean Corridor,300,RED,RED
1772118019060,A2D2-9D1E,FLT-9D1E-001,25.248569,-80.351908,98.6,0.9,0,Mavic Air 2S,true,drone_images/Mavic Air 2S_withpayload.png,25.245000,-80.355000,25.244500,-80.355300,apolloshield_dji,dji,,,2414500000,RADAR-A2D2-9D1E,Sensor Key Largo / South Ocean Corridor,300,RED,RED
1772118019783,A2D2-9D1E,FLT-9D1E-001,25.248569,-80.351908,98.6,0.9,0,Mavic Air 2S,true,drone_images/Mavic Air 2S_withpayload.png,25.245000,-80.355000,25.244500,-80.355300,apolloshield_dji,dji,,,2414500000,RADAR-A2D2-9D1E,Sensor Key Largo / South Ocean Corridor,300,RED,RED
1772118021191,A2D2-9D1E,FLT-9D1E-001,25.248569,-80.351908,98.6,0.9,0,Mavic Air 2S,true,drone_images/Mavic Air 2S_withpayload.png,25.245000,-80.355000,25.244500,-80.355300,apolloshield_dji,dji,,,2414500000,RADAR-A2D2-9D1E,Sensor Key Largo / South Ocean Corridor,300,RED,RED
1772118022052,A2D2-9D1E,FLT-9D1E-001,25.248569,-80.351908,98.6,0.9,0,Mavic Air 2S,true,drone_images/Mavic Air 2S_withpayload.png,25.245000,-80.355000,25.244500,-80.355300,apolloshield_dji,dji,,,2414500000,RADAR-A2D2-9D1E,Sensor Key Largo / South Ocean Corridor,300,RED,RED
1772118022917,A2D2-9D1E,FLT-9D1E-001,25.248569,-80.351908,98.6,0.9,0,Mavic Air 2S,true,drone_images/Mavic Air 2S_withpayload.png,25.245000,-80.355000,25.244500,-80.355300,apolloshield_dji,dji,,,2414500000,RADAR-A2D2-9D1E,Sensor Key Largo / South Ocean Corridor,300,RED,RED
1772118023728,A2D2-9D1E,FLT-9D1E-001,25.248569,-80.351908,98.6,0.9,0,Mavic Air 2S,true,drone_images/Mavic Air 2S_withpayload.png,25.245000,-80.355000,25.244500,-80.355300,apolloshield_dji,dji,,,2414500000,RADAR-A2D2-9D1E,Sensor Key Largo / South Ocean Corridor,300,RED,RED
1772118024767,A2D2-9D1E,FLT-9D1E-001,25.248569,-80.351908,98.6,0.9,0,Mavic Air 2S,true,drone_images/Mavic Air 2S_withpayload.png,25.245000,-80.355000,25.244500,-80.355300,apolloshield_dji,dji,,,2414500000,RADAR-A2D2-9D1E,Sensor Key Largo / South Ocean Corridor,300,RED,RED
1772118025723,A2D2-9D1E,FLT-9D1E-001,25.248569,-80.351908,98.6,0.9,0,Mavic Air 2S,true,drone_images/Mavic Air 2S_withpayload.png,25.245000,-80.355000,25.244500,-80.355300,apolloshield_dji,dji,,,2414500000,RADAR-A2D2-9D1E,Sensor Key Largo / South Ocean Corridor,300,RED,RED
1772118026904,A2D2-9D1E,FLT-9D1E-001,25.248569,-80.351908,98.6,0.9,0,Mavic Air 2S,true,drone_images/Mavic Air 2S_withpayload.png,25.245000,-80.355000,25.244500,-80.355300,apolloshield_dji,dji,,,2414500000,RADAR-A2D2-9D1E,Sensor Key Largo / South Ocean Corridor,300,RED,RED
1772118027750,A2D2-9D1E,FLT-9D1E-001,25.248569,-80.351908,98.6,0.9,0,Mavic Air 2S,true,drone_images/Mavic Air 2S_withpayload.png,25.245000,-80.355000,25.244500,-80.355300,apolloshield_dji,dji,,,2414500000,RADAR-A2D2-9D1E,Sensor Key Largo / South Ocean Corridor,300,RED,RED
1772118028960,A2D2-9D1E,FLT-9D1E-001,25.248569,-80.351908,98.6,0.9,0,Mavic Air 2S,true,drone_images/Mavic Air 2S_withpayload.png,25.245000,-80.355000,25.244500,-80.355300,apolloshield_dji,dji,,,2414500000,RADAR-A2D2-9D1E,Sensor Key Largo / South Ocean Corridor,300,RED,RED
1772118030067,A2D2-9D1E,FLT-9D1E-001,25.248569,-80.351908,98.6,0.9,0,Mavic Air 2S,true,drone_images/Mavic Air 2S_withpayload.png,25.245000,-80.355000,25.244500,-80.355300,apolloshield_dji,dji,,,2414500000,RADAR-A2D2-9D1E,Sensor Key Largo / South Ocean Corridor,300,RED,RED
1772118030835,A2D2-9D1E,FLT-9D1E-001,25.248569,-80.351908,98.6,0.9,0,Mavic Air 2S,true,drone_images/Mavic Air 2S_withpayload.png,25.245000,-80.355000,25.244500,-80.355300,apolloshield_dji,dji,,,2414500000,RADAR-A2D2-9D1E,Sensor Key Largo / South Ocean Corridor,300,RED,RED
1772118031653,A2D2-9D1E,FLT-9D1E-001,25.248569,-80.351908,98.6,0.9,0,Mavic Air 2S,true,drone_images/Mavic Air 2S_withpayload.png,25.245000,-80.355000,25.244500,-80.355300,apolloshield_dji,dji,,,2414500000,RADAR-A2D2-9D1E,Sensor Key Largo / South Ocean Corridor,300,RED,RED
1772118032843,A2D2-9D1E,FLT-9D1E-001,25.248569,-80.351908,98.6,0.9,0,Mavic Air 2S,true,drone_images/Mavic Air 2S_withpayload.png,25.245000,-80.355000,25.244500,-80.355300,apolloshield_dji,dji,,,2414500000,RADAR-A2D2-9D1E,Sensor Key Largo / South Ocean Corridor,300,RED,RED
1772118033856,A2D2-9D1E,FLT-9D1E-001,25.248569,-80.351908,98.6,0.9,0,Mavic Air 2S,true,drone_images/Mavic Air 2S_withpayload.png,25.245000,-80.355000,25.244500,-80.355300,apolloshield_dji,dji,,,2414500000,RADAR-A2D2-9D1E,Sensor Key Largo / South Ocean Corridor,300,RED,RED
1772118034807,A2D2-9D1E,FLT-9D1E-001,25.250345,-80.352515,119.3,34,0,Mavic Air 2S,true,drone_images/Mavic Air 2S_withpayload.png,25.245000,-80.355000,25.244500,-80.355300,apolloshield_dji,dji,,,2414500000,RADAR-A2D2-9D1E,Sensor Key Largo / South Ocean Corridor,300,RED,RED
1772118036029,A2D2-9D1E,FLT-9D1E-001,25.250345,-80.352515,119.3,34,0,Mavic Air 2S,true,drone_images/Mavic Air 2S_withpayload.png,25.245000,-80.355000,25.244500,-80.355300,apolloshield_dji,dji,,,2414500000,RADAR-A2D2-9D1E,Sensor Key Largo / South Ocean Corridor,300,RED,RED
1772118037111,A2D2-9D1E,FLT-9D1E-001,25.250345,-80.352515,119.3,34,0,Mavic Air 2S,true,drone_images/Mavic Air 2S_withpayload.png,25.245000,-80.355000,25.244500,-80.355300,apolloshield_dji,dji,,,2414500000,RADAR-A2D2-9D1E,Sensor Key Largo / South Ocean Corridor,300,RED,RED
1772118037979,A2D2-9D1E,FLT-9D1E-001,25.250345,-80.352515,119.3,34,0,Mavic Air 2S,true,drone_images/Mavic Air 2S_withpayload.png,25.245000,-80.355000,25.244500,-80.355300,apolloshield_dji,dji,,,2414500000,RADAR-A2D2-9D1E,Sensor Key Largo / South Ocean Corridor,300,RED,RED
1772118038745,A2D2-9D1E,FLT-9D1E-001,25.250345,-80.352515,119.3,34,0,Mavic Air 2S,true,drone_images/Mavic Air 2S_withpayload.png,25.245000,-80.355000,25.244500,-80.355300,apolloshield_dji,dji,,,2414500000,RADAR-A2D2-9D1E,Sensor Key Largo / South Ocean Corridor,300,RED,RED
1772118040494,A2D2-9D1E,FLT-9D1E-001,25.250345,-80.352515,119.3,34,0,Mavic Air 2S,true,drone_images/Mavic Air 2S_withpayload.png,25.245000,-80.355000,25.244500,-80.355300,apolloshield_dji,dji,,,2414500000,RADAR-A2D2-9D1E,Sensor Key Largo / South Ocean Corridor,300,RED,RED
1772118040818,A2D2-9D1E,FLT-9D1E-001,25.250345,-80.352515,119.3,34,0,Mavic Air 2S,true,drone_images/Mavic Air 2S_withpayload.png,25.245000,-80.355000,25.244500,-80.355300,apolloshield_dji,dji,,,2414500000,RADAR-A2D2-9D1E,Sensor Key Largo / South Ocean Corridor,300,RED,RED
1772118042081,A2D2-9D1E,FLT-9D1E-001,25.250345,-80.352515,119.3,34,0,Mavic Air 2S,true,drone_images/Mavic Air 2S_withpayload.png,25.245000,-80.355000,25.244500,-80.355300,apolloshield_dji,dji,,,2414500000,RADAR-A2D2-9D1E,Sensor Key Largo / South Ocean Corridor,300,RED,RED
1772118042827,A2D2-9D1E,FLT-9D1E-001,25.250345,-80.352515,119.3,34,0,Mavic Air 2S,true,drone_images/Mavic Air 2S_withpayload.png,25.245000,-80.355000,25.244500,-80.355300,apolloshield_dji,dji,,,2414500000,RADAR-A2D2-9D1E,Sensor Key Largo / South Ocean Corridor,300,RED,RED
1772118043779,A2D2-9D1E,FLT-9D1E-001,25.250345,-80.352515,119.3,34,0,Mavic Air 2S,true,drone_images/Mavic Air 2S_withpayload.png,25.245000,-80.355000,25.244500,-80.355300,apolloshield_dji,dji,,,2414500000,RADAR-A2D2-9D1E,Sensor Key Largo / South Ocean Corridor,300,RED,RED
1772118044887,A2D2-9D1E,FLT-9D1E-001,25.250345,-80.352515,119.3,34,0,Mavic Air 2S,true,drone_images/Mavic Air 2S_withpayload.png,25.245000,-80.355000,25.244500,-80.355300,apolloshield_dji,dji,,,2414500000,RADAR-A2D2-9D1E,Sensor Key Largo / South Ocean Corridor,300,RED,RED
1772118046788,A2D2-9D1E,FLT-9D1E-001,25.250345,-80.352515,119.3,34,0,Mavic Air 2S,true,drone_images/Mavic Air 2S_withpayload.png,25.245000,-80.355000,25.244500,-80.355300,apolloshield_dji,dji,,,2414500000,RADAR-A2D2-9D1E,Sensor Key Largo / South Ocean Corridor,300,RED,RED
1772118047049,A2D2-9D1E,FLT-9D1E-001,25.250345,-80.352515,119.3,34,0,Mavic Air 2S,true,drone_images/Mavic Air 2S_withpayload.png,25.245000,-80.355000,25.244500,-80.355300,apolloshield_dji,dji,,,2414500000,RADAR-A2D2-9D1E,Sensor Key Largo / South Ocean Corridor,300,RED,RED
1772118047894,A2D2-9D1E,FLT-9D1E-001,25.250345,-80.352515,119.3,34,0,Mavic Air 2S,true,drone_images/Mavic Air 2S_withpayload.png,25.245000,-80.355000,25.244500,-80.355300,apolloshield_dji,dji,,,2414500000,RADAR-A2D2-9D1E,Sensor Key Largo / South Ocean Corridor,300,RED,RED
1772118048995,A2D2-9D1E,FLT-9D1E-001,25.250345,-80.352515,119.3,34,0,Mavic Air 2S,true,drone_images/Mavic Air 2S_withpayload.png,25.245000,-80.355000,25.244500,-80.355300,apolloshield_dji,dji,,,2414500000,RADAR-A2D2-9D1E,Sensor Key Largo / South Ocean Corridor,300,RED,RED
1772118049723,A2D2-9D1E,FLT-9D1E-001,25.250345,-80.352515,119.3,34,0,Mavic Air 2S,true,drone_images/Mavic Air 2S_withpayload.png,25.245000,-80.355000,25.244500,-80.355300,apolloshield_dji,dji,,,2414500000,RADAR-A2D2-9D1E,Sensor Key Largo / South Ocean Corridor,300,RED,RED
1772118050749,A2D2-9D1E,FLT-9D1E-001,25.250345,-80.352515,119.3,34,0,Mavic Air 2S,true,drone_images/Mavic Air 2S_withpayload.png,25.245000,-80.355000,25.244500,-80.355300,apolloshield_dji,dji,,,2414500000,RADAR-A2D2-9D1E,Sensor Key Largo / South Ocean Corridor,300,RED,RED
1772118052245,A2D2-9D1E,FLT-9D1E-001,25.250345,-80.352515,119.3,34,0,Mavic Air 2S,true,drone_images/Mavic Air 2S_withpayload.png,25.245000,-80.355000,25.244500,-80.355300,apolloshield_dji,dji,,,2414500000,RADAR-A2D2-9D1E,Sensor Key Largo / South Ocean Corridor,300,RED,RED
1772118052765,A2D2-9D1E,FLT-9D1E-001,25.250345,-80.352515,119.3,34,0,Mavic Air 2S,true,drone_images/Mavic Air 2S_withpayload.png,25.245000,-80.355000,25.244500,-80.355300,apolloshield_dji,dji,,,2414500000,RADAR-A2D2-9D1E,Sensor Key Largo / South Ocean Corridor,300,RED,RED
1772118054244,A2D2-9D1E,FLT-9D1E-001,25.250345,-80.352515,119.3,34,0,Mavic Air 2S,true,drone_images/Mavic Air 2S_withpayload.png,25.245000,-80.355000,25.244500,-80.355300,apolloshield_dji,dji,,,2414500000,RADAR-A2D2-9D1E,Sensor Key Largo / South Ocean Corridor,300,RED,RED
1772118054722,A2D2-9D1E,FLT-9D1E-001,25.250345,-80.352515,119.3,34,0,Mavic Air 2S,true,drone_images/Mavic Air 2S_withpayload.png,25.245000,-80.355000,25.244500,-80.355300,apolloshield_dji,dji,,,2414500000,RADAR-A2D2-9D1E,Sensor Key Largo / South Ocean Corridor,300,RED,RED
1772118055590,A2D2-9D1E,FLT-9D1E-001,25.250345,-80.352515,119.3,34,0,Mavic Air 2S,true,drone_images/Mavic Air 2S_withpayload.png,25.245000,-80.355000,25.244500,-80.355300,apolloshield_dji,dji,,,2414500000,RADAR-A2D2-9D1E,Sensor Key Largo / South Ocean Corridor,300,RED,RED
1772118056747,A2D2-9D1E,FLT-9D1E-001,25.250345,-80.352515,119.3,34,0,Mavic Air 2S,true,drone_images/Mavic Air 2S_withpayload.png,25.245000,-80.355000,25.244500,-80.355300,apolloshield_dji,dji,,,2414500000,RADAR-A2D2-9D1E,Sensor Key Largo / South Ocean Corridor,300,RED,RED
1772118058173,A2D2-9D1E,FLT-9D1E-001,25.250345,-80.352515,119.3,34,0,Mavic Air 2S,true,drone_images/Mavic Air 2S_withpayload.png,25.245000,-80.355000,25.244500,-80.355300,apolloshield_dji,dji,,,2414500000,RADAR-A2D2-9D1E,Sensor Key Largo / South Ocean Corridor,300,RED,RED
1772118058736,A2D2-9D1E,FLT-9D1E-001,25.250345,-80.352515,119.3,34,0,Mavic Air 2S,true,drone_images/Mavic Air 2S_withpayload.png,25.245000,-80.355000,25.244500,-80.355300,apolloshield_dji,dji,,,2414500000,RADAR-A2D2-9D1E,Sensor Key Largo / South Ocean Corridor,300,RED,RED
1772118059960,A2D2-9D1E,FLT-9D1E-001,25.250345,-80.352515,119.3,34,0,Mavic Air 2S,true,drone_images/Mavic Air 2S_withpayload.png,25.245000,-80.355000,25.244500,-80.355300,apolloshield_dji,dji,,,2414500000,RADAR-A2D2-9D1E,Sensor Key Largo / South Ocean Corridor,300,RED,RED
1772118060773,A2D2-9D1E,FLT-9D1E-001,25.250345,-80.352515,119.3,34,0,Mavic Air 2S,true,drone_images/Mavic Air 2S_withpayload.png,25.245000,-80.355000,25.244500,-80.355300,apolloshield_dji,dji,,,2414500000,RADAR-A2D2-9D1E,Sensor Key Largo / South Ocean Corridor,300,RED,RED
1772118061990,A2D2-9D1E,FLT-9D1E-001,25.250345,-80.352515,119.3,34,0,Mavic Air 2S,true,drone_images/Mavic Air 2S_withpayload.png,25.245000,-80.355000,25.244500,-80.355300,apolloshield_dji,dji,,,2414500000,RADAR-A2D2-9D1E,Sensor Key Largo / South Ocean Corridor,300,RED,RED
1772118062925,A2D2-9D1E,FLT-9D1E-001,25.250345,-80.352515,119.3,34,0,Mavic Air 2S,true,drone_images/Mavic Air 2S_withpayload.png,25.245000,-80.355000,25.244500,-80.355300,apolloshield_dji,dji,,,2414500000,RADAR-A2D2-9D1E,Sensor Key Largo / South Ocean Corridor,300,RED,RED
1772118063736,A2D2-9D1E,FLT-9D1E-001,25.250345,-80.352515,119.3,34,0,Mavic Air 2S,true,drone_images/Mavic Air 2S_withpayload.png,25.245000,-80.355000,25.244500,-80.355300,apolloshield_dji,dji,,,2414500000,RADAR-A2D2-9D1E,Sensor Key Largo / South Ocean Corridor,300,RED,RED
1772118064823,A2D2-9D1E,FLT-9D1E-001,25.250345,-80.352515,119.3,34,0,Mavic Air 2S,true,drone_images/Mavic Air 2S_withpayload.png,25.245000,-80.355000,25.244500,-80.355300,apolloshield_dji,dji,,,2414500000,RADAR-A2D2-9D1E,Sensor Key Largo / South Ocean Corridor,300,RED,RED
1772118065695,A2D2-9D1E,FLT-9D1E-001,25.250345,-80.352515,119.3,34,0,Mavic Air 2S,true,drone_images/Mavic Air 2S_withpayload.png,25.245000,-80.355000,25.244500,-80.355300,apolloshield_dji,dji,,,2414500000,RADAR-A2D2-9D1E,Sensor Key Largo / South Ocean Corridor,300,RED,RED
1772118067057,A2D2-9D1E,FLT-9D1E-001,25.250345,-80.352515,119.3,34,0,Mavic Air 2S,true,drone_images/Mavic Air 2S_withpayload.png,25.245000,-80.355000,25.244500,-80.355300,apolloshield_dji,dji,,,2414500000,RADAR-A2D2-9D1E,Sensor Key Largo / South Ocean Corridor,300,RED,RED
1772118067795,A2D2-9D1E,FLT-9D1E-001,25.250345,-80.352515,119.3,34,0,Mavic Air 2S,true,drone_images/Mavic Air 2S_withpayload.png,25.245000,-80.355000,25.244500,-80.355300,apolloshield_dji,dji,,,2414500000,RADAR-A2D2-9D1E,Sensor Key Largo / South Ocean Corridor,300,RED,RED
1772118068853,A2D2-9D1E,FLT-9D1E-001,25.250345,-80.352515,119.3,34,0,Mavic Air 2S,true,drone_images/Mavic Air 2S_withpayload.png,25.245000,-80.355000,25.244500,-80.355300,apolloshield_dji,dji,,,2414500000,RADAR-A2D2-9D1E,Sensor Key Largo / South Ocean Corridor,300,RED,RED
1772118070139,A2D2-9D1E,FLT-9D1E-001,25.250345,-80.352515,119.3,34,0,Mavic Air 2S,true,drone_images/Mavic Air 2S_withpayload.png,25.245000,-80.355000,25.244500,-80.355300,apolloshield_dji,dji,,,2414500000,RADAR-A2D2-9D1E,Sensor Key Largo / South Ocean Corridor,300,RED,RED
1772118070914,A2D2-9D1E,FLT-9D1E-001,25.250144,-80.352790,131,5.1,0,Mavic Air 2S,true,drone_images/Mavic Air 2S_withpayload.png,25.245000,-80.355000,25.244500,-80.355300,apolloshield_dji,dji,,,2414500000,RADAR-A2D2-9D1E,Sensor Key Largo / South Ocean Corridor,300,RED,RED
1772118072191,A2D2-9D1E,FLT-9D1E-001,25.250144,-80.352790,131,5.1,0,Mavic Air 2S,true,drone_images/Mavic Air 2S_withpayload.png,25.245000,-80.355000,25.244500,-80.355300,apolloshield_dji,dji,,,2414500000,RADAR-A2D2-9D1E,Sensor Key Largo / South Ocean Corridor,300,RED,RED
1772118073014,A2D2-9D1E,FLT-9D1E-001,25.250144,-80.352790,131,5.1,0,Mavic Air 2S,true,drone_images/Mavic Air 2S_withpayload.png,25.245000,-80.355000,25.244500,-80.355300,apolloshield_dji,dji,,,2414500000,RADAR-A2D2-9D1E,Sensor Key Largo / South Ocean Corridor,300,RED,RED
1772118074048,A2D2-9D1E,FLT-9D1E-001,25.250144,-80.352790,131,5.1,0,Mavic Air 2S,true,drone_images/Mavic Air 2S_withpayload.png,25.245000,-80.355000,25.244500,-80.355300,apolloshield_dji,dji,,,2414500000,RADAR-A2D2-9D1E,Sensor Key Largo / South Ocean Corridor,300,RED,RED
1772118074707,A2D2-9D1E,FLT-9D1E-001,25.250144,-80.352790,131,5.1,0,Mavic Air 2S,true,drone_images/Mavic Air 2S_withpayload.png,25.245000,-80.355000,25.244500,-80.355300,apolloshield_dji,dji,,,2414500000,RADAR-A2D2-9D1E,Sensor Key Largo / South Ocean Corridor,300,RED,RED
1772118075828,A2D2-9D1E,FLT-9D1E-001,25.250144,-80.352790,131,5.1,0,Mavic Air 2S,true,drone_images/Mavic Air 2S_withpayload.png,25.245000,-80.355000,25.244500,-80.355300,apolloshield_dji,dji,,,2414500000,RADAR-A2D2-9D1E,Sensor Key Largo / South Ocean Corridor,300,RED,RED
1772118076695,A2D2-9D1E,FLT-9D1E-001,25.250144,-80.352790,131,5.1,0,Mavic Air 2S,true,drone_images/Mavic Air 2S_withpayload.png,25.245000,-80.355000,25.244500,-80.355300,apolloshield_dji,dji,,,2414500000,RADAR-A2D2-9D1E,Sensor Key Largo / South Ocean Corridor,300,RED,RED
1772118078146,A2D2-9D1E,FLT-9D1E-001,25.250081,-80.352824,130.9,1.9,0,Mavic Air 2S,true,drone_images/Mavic Air 2S_withpayload.png,25.245000,-80.355000,25.244500,-80.355300,apolloshield_dji,dji,,,2414500000,RADAR-A2D2-9D1E,Sensor Key Largo / South Ocean Corridor,300,RED,RED
1772118078883,A2D2-9D1E,FLT-9D1E-001,25.250081,-80.352824,130.9,1.9,0,Mavic Air 2S,true,drone_images/Mavic Air 2S_withpayload.png,25.245000,-80.355000,25.244500,-80.355300,apolloshield_dji,dji,,,2414500000,RADAR-A2D2-9D1E,Sensor Key Largo / South Ocean Corridor,300,RED,RED
1772118079965,A2D2-9D1E,FLT-9D1E-001,25.250081,-80.352824,130.9,1.9,0,Mavic Air 2S,true,drone_images/Mavic Air 2S_withpayload.png,25.245000,-80.355000,25.244500,-80.355300,apolloshield_dji,dji,,,2414500000,RADAR-A2D2-9D1E,Sensor Key Largo / South Ocean Corridor,300,RED,RED
1772118081601,A2D2-9D1E,FLT-9D1E-001,25.250081,-80.352824,130.9,1.9,0,Mavic Air 2S,true,drone_images/Mavic Air 2S_withpayload.png,25.245000,-80.355000,25.244500,-80.355300,apolloshield_dji,dji,,,2414500000,RADAR-A2D2-9D1E,Sensor Key Largo / South Ocean Corridor,300,RED,RED
1772118081913,A2D2-9D1E,FLT-9D1E-001,25.250081,-80.352824,130.9,1.9,0,Mavic Air 2S,true,drone_images/Mavic Air 2S_withpayload.png,25.245000,-80.355000,25.244500,-80.355300,apolloshield_dji,dji,,,2414500000,RADAR-A2D2-9D1E,Sensor Key Largo / South Ocean Corridor,300,RED,RED
1772118083037,A2D2-9D1E,FLT-9D1E-001,25.250047,-80.352824,130.8,34,0,Mavic Air 2S,true,drone_images/Mavic Air 2S_withpayload.png,25.245000,-80.355000,25.244500,-80.355300,apolloshield_dji,dji,,,2414500000,RADAR-A2D2-9D1E,Sensor Key Largo / South Ocean Corridor,300,RED,RED
1772118084133,A2D2-9D1E,FLT-9D1E-001,25.250047,-80.352824,130.8,34,0,Mavic Air 2S,true,drone_images/Mavic Air 2S_withpayload.png,25.245000,-80.355000,25.244500,-80.355300,apolloshield_dji,dji,,,2414500000,RADAR-A2D2-9D1E,Sensor Key Largo / South Ocean Corridor,300,RED,RED
1772118085728,A2D2-9D1E,FLT-9D1E-001,25.250047,-80.352824,130.8,34,0,Mavic Air 2S,true,drone_images/Mavic Air 2S_withpayload.png,25.245000,-80.355000,25.244500,-80.355300,apolloshield_dji,dji,,,2414500000,RADAR-A2D2-9D1E,Sensor Key Largo / South Ocean Corridor,300,RED,RED
1772118086106,A2D2-9D1E,FLT-9D1E-001,25.250047,-80.352824,130.8,34,0,Mavic Air 2S,true,drone_images/Mavic Air 2S_withpayload.png,25.245000,-80.355000,25.244500,-80.355300,apolloshield_dji,dji,,,2414500000,RADAR-A2D2-9D1E,Sensor Key Largo / South Ocean Corridor,300,RED,RED
1772118086938,A2D2-9D1E,FLT-9D1E-001,25.250047,-80.352824,130.8,34,0,Mavic Air 2S,true,drone_images/Mavic Air 2S_withpayload.png,25.245000,-80.355000,25.244500,-80.355300,apolloshield_dji,dji,,,2414500000,RADAR-A2D2-9D1E,Sensor Key Largo / South Ocean Corridor,300,RED,RED
1772118088204,A2D2-9D1E,FLT-9D1E-001,25.250047,-80.352824,130.8,34,0,Mavic Air 2S,true,drone_images/Mavic Air 2S_withpayload.png,25.245000,-80.355000,25.244500,-80.355300,apolloshield_dji,dji,,,2414500000,RADAR-A2D2-9D1E,Sensor Key Largo / South Ocean Corridor,300,RED,RED
1772118088728,A2D2-9D1E,FLT-9D1E-001,25.250047,-80.352824,130.8,34,0,Mavic Air 2S,true,drone_images/Mavic Air 2S_withpayload.png,25.245000,-80.355000,25.244500,-80.355300,apolloshield_dji,dji,,,2414500000,RADAR-A2D2-9D1E,Sensor Key Largo / South Ocean Corridor,300,RED,RED
1772118089862,A2D2-9D1E,FLT-9D1E-001,25.250047,-80.352824,130.8,34,0,Mavic Air 2S,true,drone_images/Mavic Air 2S_withpayload.png,25.245000,-80.355000,25.244500,-80.355300,apolloshield_dji,dji,,,2414500000,RADAR-A2D2-9D1E,Sensor Key Largo / South Ocean Corridor,300,RED,RED
1772118090661,A2D2-9D1E,FLT-9D1E-001,25.250047,-80.352824,130.8,34,0,Mavic Air 2S,true,drone_images/Mavic Air 2S_withpayload.png,25.245000,-80.355000,25.244500,-80.355300,apolloshield_dji,dji,,,2414500000,RADAR-A2D2-9D1E,Sensor Key Largo / South Ocean Corridor,300,RED,RED
1772118092011,A2D2-9D1E,FLT-9D1E-001,25.250047,-80.352824,130.8,34,0,Mavic Air 2S,true,drone_images/Mavic Air 2S_withpayload.png,25.245000,-80.355000,25.244500,-80.355300,apolloshield_dji,dji,,,2414500000,RADAR-A2D2-9D1E,Sensor Key Largo / South Ocean Corridor,300,RED,RED
1772118092924,A2D2-9D1E,FLT-9D1E-001,25.250047,-80.352824,130.8,34,0,Mavic Air 2S,true,drone_images/Mavic Air 2S_withpayload.png,25.245000,-80.355000,25.244500,-80.355300,apolloshield_dji,dji,,,2414500000,RADAR-A2D2-9D1E,Sensor Key Largo / South Ocean Corridor,300,RED,RED
1772118093971,A2D2-9D1E,FLT-9D1E-001,25.250047,-80.352824,130.8,34,0,Mavic Air 2S,true,drone_images/Mavic Air 2S_withpayload.png,25.245000,-80.355000,25.244500,-80.355300,apolloshield_dji,dji,,,2414500000,RADAR-A2D2-9D1E,Sensor Key Largo / South Ocean Corridor,300,RED,RED
1772118094800,A2D2-9D1E,FLT-9D1E-001,25.250047,-80.352824,130.8,34,0,Mavic Air 2S,true,drone_images/Mavic Air 2S_withpayload.png,25.245000,-80.355000,25.244500,-80.355300,apolloshield_dji,dji,,,2414500000,RADAR-A2D2-9D1E,Sensor Key Largo / South Ocean Corridor,300,RED,RED
1772118095823,A2D2-9D1E,FLT-9D1E-001,25.250047,-80.352824,130.8,34,0,Mavic Air 2S,true,drone_images/Mavic Air 2S_withpayload.png,25.245000,-80.355000,25.244500,-80.355300,apolloshield_dji,dji,,,2414500000,RADAR-A2D2-9D1E,Sensor Key Largo / South Ocean Corridor,300,RED,RED
1772118097275,A2D2-9D1E,FLT-9D1E-001,25.250047,-80.352824,130.8,34,0,Mavic Air 2S,true,drone_images/Mavic Air 2S_withpayload.png,25.245000,-80.355000,25.244500,-80.355300,apolloshield_dji,dji,,,2414500000,RADAR-A2D2-9D1E,Sensor Key Largo / South Ocean Corridor,300,RED,RED
1772118097956,A2D2-9D1E,FLT-9D1E-001,25.250047,-80.352824,130.8,34,0,Mavic Air 2S,true,drone_images/Mavic Air 2S_withpayload.png,25.245000,-80.355000,25.244500,-80.355300,apolloshield_dji,dji,,,2414500000,RADAR-A2D2-9D1E,Sensor Key Largo / South Ocean Corridor,300,RED,RED
1772118098951,A2D2-9D1E,FLT-9D1E-001,25.250047,-80.352824,130.8,34,0,Mavic Air 2S,true,drone_images/Mavic Air 2S_withpayload.png,25.245000,-80.355000,25.244500,-80.355300,apolloshield_dji,dji,,,2414500000,RADAR-A2D2-9D1E,Sensor Key Largo / South Ocean Corridor,300,RED,RED
1772118099740,A2D2-9D1E,FLT-9D1E-001,25.250047,-80.352824,130.8,34,0,Mavic Air 2S,true,drone_images/Mavic Air 2S_withpayload.png,25.245000,-80.355000,25.244500,-80.355300,apolloshield_dji,dji,,,2414500000,RADAR-A2D2-9D1E,Sensor Key Largo / South Ocean Corridor,300,RED,RED
1772118100633,A2D2-9D1E,FLT-9D1E-001,25.250047,-80.352824,130.8,34,0,Mavic Air 2S,true,drone_images/Mavic Air 2S_withpayload.png,25.245000,-80.355000,25.244500,-80.355300,apolloshield_dji,dji,,,2414500000,RADAR-A2D2-9D1E,Sensor Key Largo / South Ocean Corridor,300,RED,RED
1772118101698,A2D2-9D1E,FLT-9D1E-001,25.250047,-80.352824,130.8,34,0,Mavic Air 2S,true,drone_images/Mavic Air 2S_withpayload.png,25.245000,-80.355000,25.244500,-80.355300,apolloshield_dji,dji,,,2414500000,RADAR-A2D2-9D1E,Sensor Key Largo / South Ocean Corridor,300,RED,RED
1772118102952,A2D2-9D1E,FLT-9D1E-001,25.250047,-80.352824,130.8,34,0,Mavic Air 2S,true,drone_images/Mavic Air 2S_withpayload.png,25.245000,-80.355000,25.244500,-80.355300,apolloshield_dji,dji,,,2414500000,RADAR-A2D2-9D1E,Sensor Key Largo / South Ocean Corridor,300,RED,RED
1772118103788,A2D2-9D1E,FLT-9D1E-001,25.250047,-80.352824,130.8,34,0,Mavic Air 2S,true,drone_images/Mavic Air 2S_withpayload.png,25.245000,-80.355000,25.244500,-80.355300,apolloshield_dji,dji,,,2414500000,RADAR-A2D2-9D1E,Sensor Key Largo / South Ocean Corridor,300,RED,RED
1772118104560,A2D2-9D1E,FLT-9D1E-001,25.250047,-80.352824,130.8,34,0,Mavic Air 2S,true,drone_images/Mavic Air 2S_withpayload.png,25.245000,-80.355000,25.244500,-80.355300,apolloshield_dji,dji,,,2414500000,RADAR-A2D2-9D1E,Sensor Key Largo / South Ocean Corridor,300,RED,RED
1772118105636,A2D2-9D1E,FLT-9D1E-001,25.250047,-80.352824,130.8,34,0,Mavic Air 2S,true,drone_images/Mavic Air 2S_withpayload.png,25.245000,-80.355000,25.244500,-80.355300,apolloshield_dji,dji,,,2414500000,RADAR-A2D2-9D1E,Sensor Key Largo / South Ocean Corridor,300,RED,RED
1772118106644,A2D2-9D1E,FLT-9D1E-001,25.250047,-80.352824,130.8,34,0,Mavic Air 2S,true,drone_images/Mavic Air 2S_withpayload.png,25.245000,-80.355000,25.244500,-80.355300,apolloshield_dji,dji,,,2414500000,RADAR-A2D2-9D1E,Sensor Key Largo / South Ocean Corridor,300,RED,RED
1772118107794,A2D2-9D1E,FLT-9D1E-001,25.250047,-80.352824,130.8,34,0,Mavic Air 2S,true,drone_images/Mavic Air 2S_withpayload.png,25.245000,-80.355000,25.244500,-80.355300,apolloshield_dji,dji,,,2414500000,RADAR-A2D2-9D1E,Sensor Key Largo / South Ocean Corridor,300,RED,RED
1772118108650,A2D2-9D1E,FLT-9D1E-001,25.250047,-80.352824,130.8,34,0,Mavic Air 2S,true,drone_images/Mavic Air 2S_withpayload.png,25.245000,-80.355000,25.244500,-80.355300,apolloshield_dji,dji,,,2414500000,RADAR-A2D2-9D1E,Sensor Key Largo / South Ocean Corridor,300,RED,RED
1772118109777,A2D2-9D1E,FLT-9D1E-001,25.250047,-80.352824,130.8,34,0,Mavic Air 2S,true,drone_images/Mavic Air 2S_withpayload.png,25.245000,-80.355000,25.244500,-80.355300,apolloshield_dji,dji,,,2414500000,RADAR-A2D2-9D1E,Sensor Key Largo / South Ocean Corridor,300,RED,RED
1772118110640,A2D2-9D1E,FLT-9D1E-001,25.251605,-80.351443,121.9,9.5,0,Mavic Air 2S,true,drone_images/Mavic Air 2S_withpayload.png,25.245000,-80.355000,25.244500,-80.355300,apolloshield_dji,dji,,,2414500000,RADAR-A2D2-9D1E,Sensor Key Largo / South Ocean Corridor,300,RED,RED
1772118111797,A2D2-9D1E,FLT-9D1E-001,25.251605,-80.351443,121.9,9.5,0,Mavic Air 2S,true,drone_images/Mavic Air 2S_withpayload.png,25.245000,-80.355000,25.244500,-80.355300,apolloshield_dji,dji,,,2414500000,RADAR-A2D2-9D1E,Sensor Key Largo / South Ocean Corridor,300,RED,RED
1772118112499,A2D2-9D1E,FLT-9D1E-001,25.251605,-80.351443,121.9,9.5,0,Mavic Air 2S,true,drone_images/Mavic Air 2S_withpayload.png,25.245000,-80.355000,25.244500,-80.355300,apolloshield_dji,dji,,,2414500000,RADAR-A2D2-9D1E,Sensor Key Largo / South Ocean Corridor,300,RED,RED
1772118113768,A2D2-9D1E,FLT-9D1E-001,25.251605,-80.351443,121.9,9.5,0,Mavic Air 2S,true,drone_images/Mavic Air 2S_withpayload.png,25.245000,-80.355000,25.244500,-80.355300,apolloshield_dji,dji,,,2414500000,RADAR-A2D2-9D1E,Sensor Key Largo / South Ocean Corridor,300,RED,RED
1772118114521,A2D2-9D1E,FLT-9D1E-001,25.251605,-80.351443,121.9,9.5,0,Mavic Air 2S,true,drone_images/Mavic Air 2S_withpayload.png,25.245000,-80.355000,25.244500,-80.355300,apolloshield_dji,dji,,,2414500000,RADAR-A2D2-9D1E,Sensor Key Largo / South Ocean Corridor,300,RED,RED
1772118115670,A2D2-9D1E,FLT-9D1E-001,25.251605,-80.351443,121.9,9.5,0,Mavic Air 2S,true,drone_images/Mavic Air 2S_withpayload.png,25.245000,-80.355000,25.244500,-80.355300,apolloshield_dji,dji,,,2414500000,RADAR-A2D2-9D1E,Sensor Key Largo / South Ocean Corridor,300,RED,RED
1772118116827,A2D2-9D1E,FLT-9D1E-001,25.251605,-80.351443,121.9,9.5,0,Mavic Air 2S,true,drone_images/Mavic Air 2S_withpayload.png,25.245000,-80.355000,25.244500,-80.355300,apolloshield_dji,dji,,,2414500000,RADAR-A2D2-9D1E,Sensor Key Largo / South Ocean Corridor,300,RED,RED
1772118117753,A2D2-9D1E,FLT-9D1E-001,25.251605,-80.351443,121.9,9.5,0,Mavic Air 2S,true,drone_images/Mavic Air 2S_withpayload.png,25.245000,-80.355000,25.244500,-80.355300,apolloshield_dji,dji,,,2414500000,RADAR-A2D2-9D1E,Sensor Key Largo / South Ocean Corridor,300,RED,RED
1772118118611,A2D2-9D1E,FLT-9D1E-001,25.251605,-80.351443,121.9,9.5,0,Mavic Air 2S,true,drone_images/Mavic Air 2S_withpayload.png,25.245000,-80.355000,25.244500,-80.355300,apolloshield_dji,dji,,,2414500000,RADAR-A2D2-9D1E,Sensor Key Largo / South Ocean Corridor,300,RED,RED
1772118119664,A2D2-9D1E,FLT-9D1E-001,25.251605,-80.351443,121.9,9.5,0,Mavic Air 2S,true,drone_images/Mavic Air 2S_withpayload.png,25.245000,-80.355000,25.244500,-80.355300,apolloshield_dji,dji,,,2414500000,RADAR-A2D2-9D1E,Sensor Key Largo / South Ocean Corridor,300,RED,RED
1772118120928,A2D2-9D1E,FLT-9D1E-001,25.251605,-80.351443,121.9,9.5,0,Mavic Air 2S,true,drone_images/Mavic Air 2S_withpayload.png,25.245000,-80.355000,25.244500,-80.355300,apolloshield_dji,dji,,,2414500000,RADAR-A2D2-9D1E,Sensor Key Largo / South Ocean Corridor,300,RED,RED
1772118121653,A2D2-9D1E,FLT-9D1E-001,25.251605,-80.351443,121.9,9.5,0,Mavic Air 2S,true,drone_images/Mavic Air 2S_withpayload.png,25.245000,-80.355000,25.244500,-80.355300,apolloshield_dji,dji,,,2414500000,RADAR-A2D2-9D1E,Sensor Key Largo / South Ocean Corridor,300,RED,RED
1772118122868,A2D2-9D1E,FLT-9D1E-001,25.251605,-80.351443,121.9,9.5,0,Mavic Air 2S,true,drone_images/Mavic Air 2S_withpayload.png,25.245000,-80.355000,25.244500,-80.355300,apolloshield_dji,dji,,,2414500000,RADAR-A2D2-9D1E,Sensor Key Largo / South Ocean Corridor,300,RED,RED
1772118123686,A2D2-9D1E,FLT-9D1E-001,25.251605,-80.351443,121.9,9.5,0,Mavic Air 2S,true,drone_images/Mavic Air 2S_withpayload.png,25.245000,-80.355000,25.244500,-80.355300,apolloshield_dji,dji,,,2414500000,RADAR-A2D2-9D1E,Sensor Key Largo / South Ocean Corridor,300,RED,RED
1772118124557,A2D2-9D1E,FLT-9D1E-001,25.251605,-80.351443,121.9,9.5,0,Mavic Air 2S,true,drone_images/Mavic Air 2S_withpayload.png,25.245000,-80.355000,25.244500,-80.355300,apolloshield_dji,dji,,,2414500000,RADAR-A2D2-9D1E,Sensor Key Largo / South Ocean Corridor,300,RED,RED
1772118125564,A2D2-9D1E,FLT-9D1E-001,25.251605,-80.351443,121.9,9.5,0,Mavic Air 2S,true,drone_images/Mavic Air 2S_withpayload.png,25.245000,-80.355000,25.244500,-80.355300,apolloshield_dji,dji,,,2414500000,RADAR-A2D2-9D1E,Sensor Key Largo / South Ocean Corridor,300,RED,RED
1772118126622,A2D2-9D1E,FLT-9D1E-001,25.251605,-80.351443,121.9,9.5,0,Mavic Air 2S,true,drone_images/Mavic Air 2S_withpayload.png,25.245000,-80.355000,25.244500,-80.355300,apolloshield_dji,dji,,,2414500000,RADAR-A2D2-9D1E,Sensor Key Largo / South Ocean Corridor,300,RED,RED
1772118127848,A2D2-9D1E,FLT-9D1E-001,25.251605,-80.351443,121.9,9.5,0,Mavic Air 2S,true,drone_images/Mavic Air 2S_withpayload.png,25.245000,-80.355000,25.244500,-80.355300,apolloshield_dji,dji,,,2414500000,RADAR-A2D2-9D1E,Sensor Key Largo / South Ocean Corridor,300,RED,RED
1772118128575,A2D2-9D1E,FLT-9D1E-001,25.251605,-80.351443,121.9,9.5,0,Mavic Air 2S,true,drone_images/Mavic Air 2S_withpayload.png,25.245000,-80.355000,25.244500,-80.355300,apolloshield_dji,dji,,,2414500000,RADAR-A2D2-9D1E,Sensor Key Largo / South Ocean Corridor,300,RED,RED
1772118129790,A2D2-9D1E,FLT-9D1E-001,25.251605,-80.351443,121.9,9.5,0,Mavic Air 2S,true,drone_images/Mavic Air 2S_withpayload.png,25.245000,-80.355000,25.244500,-80.355300,apolloshield_dji,dji,,,2414500000,RADAR-A2D2-9D1E,Sensor Key Largo / South Ocean Corridor,300,RED,RED
1772118130881,A2D2-9D1E,FLT-9D1E-001,25.251605,-80.351443,121.9,9.5,0,Mavic Air 2S,true,drone_images/Mavic Air 2S_withpayload.png,25.245000,-80.355000,25.244500,-80.355300,apolloshield_dji,dji,,,2414500000,RADAR-A2D2-9D1E,Sensor Key Largo / South Ocean Corridor,300,RED,RED
1772118131620,A2D2-9D1E,FLT-9D1E-001,25.251605,-80.351443,121.9,9.5,0,Mavic Air 2S,true,drone_images/Mavic Air 2S_withpayload.png,25.245000,-80.355000,25.244500,-80.355300,apolloshield_dji,dji,,,2414500000,RADAR-A2D2-9D1E,Sensor Key Largo / South Ocean Corridor,300,RED,RED
1772118132622,A2D2-9D1E,FLT-9D1E-001,25.251605,-80.351443,121.9,9.5,0,Mavic Air 2S,true,drone_images/Mavic Air 2S_withpayload.png,25.245000,-80.355000,25.244500,-80.355300,apolloshield_dji,dji,,,2414500000,RADAR-A2D2-9D1E,Sensor Key Largo / South Ocean Corridor,300,RED,RED
1772118133684,A2D2-9D1E,FLT-9D1E-001,25.251605,-80.351443,121.9,9.5,0,Mavic Air 2S,true,drone_images/Mavic Air 2S_withpayload.png,25.245000,-80.355000,25.244500,-80.355300,apolloshield_dji,dji,,,2414500000,RADAR-A2D2-9D1E,Sensor Key Largo / South Ocean Corridor,300,RED,RED
1772118134685,A2D2-9D1E,FLT-9D1E-001,25.251605,-80.351443,121.9,9.5,0,Mavic Air 2S,true,drone_images/Mavic Air 2S_withpayload.png,25.245000,-80.355000,25.244500,-80.355300,apolloshield_dji,dji,,,2414500000,RADAR-A2D2-9D1E,Sensor Key Largo / South Ocean Corridor,300,RED,RED
1772118135698,A2D2-9D1E,FLT-9D1E-001,25.251605,-80.351443,121.9,9.5,0,Mavic Air 2S,true,drone_images/Mavic Air 2S_withpayload.png,25.245000,-80.355000,25.244500,-80.355300,apolloshield_dji,dji,,,2414500000,RADAR-A2D2-9D1E,Sensor Key Largo / South Ocean Corridor,300,RED,RED
1772118137004,A2D2-9D1E,FLT-9D1E-001,25.251605,-80.351443,121.9,9.5,0,Mavic Air 2S,true,drone_images/Mavic Air 2S_withpayload.png,25.245000,-80.355000,25.244500,-80.355300,apolloshield_dji,dji,,,2414500000,RADAR-A2D2-9D1E,Sensor Key Largo / South Ocean Corridor,300,RED,RED
1772118138010,A2D2-9D1E,FLT-9D1E-001,25.251605,-80.351443,121.9,9.5,0,Mavic Air 2S,true,drone_images/Mavic Air 2S_withpayload.png,25.245000,-80.355000,25.244500,-80.355300,apolloshield_dji,dji,,,2414500000,RADAR-A2D2-9D1E,Sensor Key Largo / South Ocean Corridor,300,RED,RED
1772118139057,A2D2-9D1E,FLT-9D1E-001,25.251605,-80.351443,121.9,9.5,0,Mavic Air 2S,true,drone_images/Mavic Air 2S_withpayload.png,25.245000,-80.355000,25.244500,-80.355300,apolloshield_dji,dji,,,2414500000,RADAR-A2D2-9D1E,Sensor Key Largo / South Ocean Corridor,300,RED,RED
1772118139627,A2D2-9D1E,FLT-9D1E-001,25.251605,-80.351443,121.9,9.5,0,Mavic Air 2S,true,drone_images/Mavic Air 2S_withpayload.png,25.245000,-80.355000,25.244500,-80.355300,apolloshield_dji,dji,,,2414500000,RADAR-A2D2-9D1E,Sensor Key Largo / South Ocean Corridor,300,RED,RED
1772118140722,A2D2-9D1E,FLT-9D1E-001,25.251605,-80.351443,121.9,9.5,0,Mavic Air 2S,true,drone_images/Mavic Air 2S_withpayload.png,25.245000,-80.355000,25.244500,-80.355300,apolloshield_dji,dji,,,2414500000,RADAR-A2D2-9D1E,Sensor Key Largo / South Ocean Corridor,300,RED,RED
1772118141549,A2D2-9D1E,FLT-9D1E-001,25.251605,-80.351443,121.9,9.5,0,Mavic Air 2S,true,drone_images/Mavic Air 2S_withpayload.png,25.245000,-80.355000,25.244500,-80.355300,apolloshield_dji,dji,,,2414500000,RADAR-A2D2-9D1E,Sensor Key Largo / South Ocean Corridor,300,RED,RED
1772118142992,A2D2-9D1E,FLT-9D1E-001,25.251605,-80.351443,121.9,9.5,0,Mavic Air 2S,true,drone_images/Mavic Air 2S_withpayload.png,25.245000,-80.355000,25.244500,-80.355300,apolloshield_dji,dji,,,2414500000,RADAR-A2D2-9D1E,Sensor Key Largo / South Ocean Corridor,300,RED,RED
1772118143777,A2D2-9D1E,FLT-9D1E-001,25.251605,-80.351443,121.9,9.5,0,Mavic Air 2S,true,drone_images/Mavic Air 2S_withpayload.png,25.245000,-80.355000,25.244500,-80.355300,apolloshield_dji,dji,,,2414500000,RADAR-A2D2-9D1E,Sensor Key Largo / South Ocean Corridor,300,RED,RED
1772118144618,A2D2-9D1E,FLT-9D1E-001,25.251605,-80.351443,121.9,9.5,0,Mavic Air 2S,true,drone_images/Mavic Air 2S_withpayload.png,25.245000,-80.355000,25.244500,-80.355300,apolloshield_dji,dji,,,2414500000,RADAR-A2D2-9D1E,Sensor Key Largo / South Ocean Corridor,300,RED,RED
1772118145885,A2D2-9D1E,FLT-9D1E-001,25.251605,-80.351443,121.9,9.5,0,Mavic Air 2S,true,drone_images/Mavic Air 2S_withpayload.png,25.245000,-80.355000,25.244500,-80.355300,apolloshield_dji,dji,,,2414500000,RADAR-A2D2-9D1E,Sensor Key Largo / South Ocean Corridor,300,RED,RED
1772118146817,A2D2-9D1E,FLT-9D1E-001,25.251605,-80.351443,121.9,9.5,0,Mavic Air 2S,true,drone_images/Mavic Air 2S_withpayload.png,25.245000,-80.355000,25.244500,-80.355300,apolloshield_dji,dji,,,2414500000,RADAR-A2D2-9D1E,Sensor Key Largo / South Ocean Corridor,300,RED,RED
1772118148279,A2D2-9D1E,FLT-9D1E-001,25.251605,-80.351443,121.9,9.5,0,Mavic Air 2S,true,drone_images/Mavic Air 2S_withpayload.png,25.245000,-80.355000,25.244500,-80.355300,apolloshield_dji,dji,,,2414500000,RADAR-A2D2-9D1E,Sensor Key Largo / South Ocean Corridor,300,RED,RED
1772118148722,A2D2-9D1E,FLT-9D1E-001,25.251605,-80.351443,121.9,9.5,0,Mavic Air 2S,true,drone_images/Mavic Air 2S_withpayload.png,25.245000,-80.355000,25.244500,-80.355300,apolloshield_dji,dji,,,2414500000,RADAR-A2D2-9D1E,Sensor Key Largo / South Ocean Corridor,300,RED,RED
1772118149774,A2D2-9D1E,FLT-9D1E-001,25.251605,-80.351443,121.9,9.5,0,Mavic Air 2S,true,drone_images/Mavic Air 2S_withpayload.png,25.245000,-80.355000,25.244500,-80.355300,apolloshield_dji,dji,,,2414500000,RADAR-A2D2-9D1E,Sensor Key Largo / South Ocean Corridor,300,RED,RED
1772118150906,A2D2-9D1E,FLT-9D1E-001,25.251605,-80.351443,121.9,9.5,0,Mavic Air 2S,true,drone_images/Mavic Air 2S_withpayload.png,25.245000,-80.355000,25.244500,-80.355300,apolloshield_dji,dji,,,2414500000,RADAR-A2D2-9D1E,Sensor Key Largo / South Ocean Corridor,300,RED,RED
1772118151682,A2D2-9D1E,FLT-9D1E-001,25.251605,-80.351443,121.9,9.5,0,Mavic Air 2S,true,drone_images/Mavic Air 2S_withpayload.png,25.245000,-80.355000,25.244500,-80.355300,apolloshield_dji,dji,,,2414500000,RADAR-A2D2-9D1E,Sensor Key Largo / South Ocean Corridor,300,RED,RED
1772118152690,A2D2-9D1E,FLT-9D1E-001,25.251605,-80.351443,121.9,9.5,0,Mavic Air 2S,true,drone_images/Mavic Air 2S_withpayload.png,25.245000,-80.355000,25.244500,-80.355300,apolloshield_dji,dji,,,2414500000,RADAR-A2D2-9D1E,Sensor Key Largo / South Ocean Corridor,300,RED,RED
1772118153739,A2D2-9D1E,FLT-9D1E-001,25.251605,-80.351443,121.9,9.5,0,Mavic Air 2S,true,drone_images/Mavic Air 2S_withpayload.png,25.245000,-80.355000,25.244500,-80.355300,apolloshield_dji,dji,,,2414500000,RADAR-A2D2-9D1E,Sensor Key Largo / South Ocean Corridor,300,RED,RED
1772118154896,A2D2-9D1E,FLT-9D1E-001,25.251605,-80.351443,121.9,9.5,0,Mavic Air 2S,true,drone_images/Mavic Air 2S_withpayload.png,25.245000,-80.355000,25.244500,-80.355300,apolloshield_dji,dji,,,2414500000,RADAR-A2D2-9D1E,Sensor Key Largo / South Ocean Corridor,300,RED,RED
1772118230915,A2D2-9D1E,FLT-9D1E-001,25.250093,-80.346252,127,3.1,0,Mavic Air 2S,true,drone_images/Mavic Air 2S_withpayload.png,25.245000,-80.355000,25.244500,-80.355300,apolloshield_dji,dji,,,2414500000,RADAR-A2D2-9D1E,Sensor Key Largo / South Ocean Corridor,300,RED,RED
1772118231661,A2D2-9D1E,FLT-9D1E-001,25.250093,-80.346252,127,3.1,0,Mavic Air 2S,true,drone_images/Mavic Air 2S_withpayload.png,25.245000,-80.355000,25.244500,-80.355300,apolloshield_dji,dji,,,2414500000,RADAR-A2D2-9D1E,Sensor Key Largo / South Ocean Corridor,300,RED,RED
1772118232929,A2D2-9D1E,FLT-9D1E-001,25.250093,-80.346252,127,3.1,0,Mavic Air 2S,true,drone_images/Mavic Air 2S_withpayload.png,25.245000,-80.355000,25.244500,-80.355300,apolloshield_dji,dji,,,2414500000,RADAR-A2D2-9D1E,Sensor Key Largo / South Ocean Corridor,300,RED,RED
1772118233652,A2D2-9D1E,FLT-9D1E-001,25.250093,-80.346252,127,3.1,0,Mavic Air 2S,true,drone_images/Mavic Air 2S_withpayload.png,25.245000,-80.355000,25.244500,-80.355300,apolloshield_dji,dji,,,2414500000,RADAR-A2D2-9D1E,Sensor Key Largo / South Ocean Corridor,300,RED,RED
1772118234805,A2D2-9D1E,FLT-9D1E-001,25.250093,-80.346252,127,3.1,0,Mavic Air 2S,true,drone_images/Mavic Air 2S_withpayload.png,25.245000,-80.355000,25.244500,-80.355300,apolloshield_dji,dji,,,2414500000,RADAR-A2D2-9D1E,Sensor Key Largo / South Ocean Corridor,300,RED,RED
1772118235876,A2D2-9D1E,FLT-9D1E-001,25.250093,-80.346252,127,3.1,0,Mavic Air 2S,true,drone_images/Mavic Air 2S_withpayload.png,25.245000,-80.355000,25.244500,-80.355300,apolloshield_dji,dji,,,2414500000,RADAR-A2D2-9D1E,Sensor Key Largo / South Ocean Corridor,300,RED,RED
1772118236996,A2D2-9D1E,FLT-9D1E-001,25.250093,-80.346252,127,3.1,0,Mavic Air 2S,true,drone_images/Mavic Air 2S_withpayload.png,25.245000,-80.355000,25.244500,-80.355300,apolloshield_dji,dji,,,2414500000,RADAR-A2D2-9D1E,Sensor Key Largo / South Ocean Corridor,300,RED,RED
1772118238146,A2D2-9D1E,FLT-9D1E-001,25.250093,-80.346252,127,3.1,0,Mavic Air 2S,true,drone_images/Mavic Air 2S_withpayload.png,25.245000,-80.355000,25.244500,-80.355300,apolloshield_dji,dji,,,2414500000,RADAR-A2D2-9D1E,Sensor Key Largo / South Ocean Corridor,300,RED,RED
1772118239078,A2D2-9D1E,FLT-9D1E-001,25.250093,-80.346252,127,3.1,0,Mavic Air 2S,true,drone_images/Mavic Air 2S_withpayload.png,25.245000,-80.355000,25.244500,-80.355300,apolloshield_dji,dji,,,2414500000,RADAR-A2D2-9D1E,Sensor Key Largo / South Ocean Corridor,300,RED,RED
1772118241041,A2D2-9D1E,FLT-9D1E-001,25.250093,-80.346252,127,3.1,0,Mavic Air 2S,true,drone_images/Mavic Air 2S_withpayload.png,25.245000,-80.355000,25.244500,-80.355300,apolloshield_dji,dji,,,2414500000,RADAR-A2D2-9D1E,Sensor Key Largo / South Ocean Corridor,300,RED,RED
1772118241296,A2D2-9D1E,FLT-9D1E-001,25.250093,-80.346252,127,3.1,0,Mavic Air 2S,true,drone_images/Mavic Air 2S_withpayload.png,25.245000,-80.355000,25.244500,-80.355300,apolloshield_dji,dji,,,2414500000,RADAR-A2D2-9D1E,Sensor Key Largo / South Ocean Corridor,300,RED,RED
1772118241974,A2D2-9D1E,FLT-9D1E-001,25.250093,-80.346252,127,3.1,0,Mavic Air 2S,true,drone_images/Mavic Air 2S_withpayload.png,25.245000,-80.355000,25.244500,-80.355300,apolloshield_dji,dji,,,2414500000,RADAR-A2D2-9D1E,Sensor Key Largo / South Ocean Corridor,300,RED,RED
1772118243388,A2D2-9D1E,FLT-9D1E-001,25.250093,-80.346252,127,3.1,0,Mavic Air 2S,true,drone_images/Mavic Air 2S_withpayload.png,25.245000,-80.355000,25.244500,-80.355300,apolloshield_dji,dji,,,2414500000,RADAR-A2D2-9D1E,Sensor Key Largo / South Ocean Corridor,300,RED,RED
1772118243758,A2D2-9D1E,FLT-9D1E-001,25.250093,-80.346252,127,3.1,0,Mavic Air 2S,true,drone_images/Mavic Air 2S_withpayload.png,25.245000,-80.355000,25.244500,-80.355300,apolloshield_dji,dji,,,2414500000,RADAR-A2D2-9D1E,Sensor Key Largo / South Ocean Corridor,300,RED,RED
1772118244714,A2D2-9D1E,FLT-9D1E-001,25.250093,-80.346252,127,3.1,0,Mavic Air 2S,true,drone_images/Mavic Air 2S_withpayload.png,25.245000,-80.355000,25.244500,-80.355300,apolloshield_dji,dji,,,2414500000,RADAR-A2D2-9D1E,Sensor Key Largo / South Ocean Corridor,300,RED,RED
1772118245815,A2D2-9D1E,FLT-9D1E-001,25.250093,-80.346252,127,3.1,0,Mavic Air 2S,true,drone_images/Mavic Air 2S_withpayload.png,25.245000,-80.355000,25.244500,-80.355300,apolloshield_dji,dji,,,2414500000,RADAR-A2D2-9D1E,Sensor Key Largo / South Ocean Corridor,300,RED,RED
1772118246593,A2D2-9D1E,FLT-9D1E-001,25.250093,-80.346252,127,3.1,0,Mavic Air 2S,true,drone_images/Mavic Air 2S_withpayload.png,25.245000,-80.355000,25.244500,-80.355300,apolloshield_dji,dji,,,2414500000,RADAR-A2D2-9D1E,Sensor Key Largo / South Ocean Corridor,300,RED,RED
1772118247729,A2D2-9D1E,FLT-9D1E-001,25.250093,-80.346252,127,3.1,0,Mavic Air 2S,true,drone_images/Mavic Air 2S_withpayload.png,25.245000,-80.355000,25.244500,-80.355300,apolloshield_dji,dji,,,2414500000,RADAR-A2D2-9D1E,Sensor Key Largo / South Ocean Corridor,300,RED,RED
1772118248790,A2D2-9D1E,FLT-9D1E-001,25.250093,-80.346252,127,3.1,0,Mavic Air 2S,true,drone_images/Mavic Air 2S_withpayload.png,25.245000,-80.355000,25.244500,-80.355300,apolloshield_dji,dji,,,2414500000,RADAR-A2D2-9D1E,Sensor Key Largo / South Ocean Corridor,300,RED,RED
1772118249910,A2D2-9D1E,FLT-9D1E-001,25.250093,-80.346252,127,3.1,0,Mavic Air 2S,true,drone_images/Mavic Air 2S_withpayload.png,25.245000,-80.355000,25.244500,-80.355300,apolloshield_dji,dji,,,2414500000,RADAR-A2D2-9D1E,Sensor Key Largo / South Ocean Corridor,300,RED,RED
1772118250870,A2D2-9D1E,FLT-9D1E-001,25.250093,-80.346252,127,3.1,0,Mavic Air 2S,true,drone_images/Mavic Air 2S_withpayload.png,25.245000,-80.355000,25.244500,-80.355300,apolloshield_dji,dji,,,2414500000,RADAR-A2D2-9D1E,Sensor Key Largo / South Ocean Corridor,300,RED,RED
1772118252095,A2D2-9D1E,FLT-9D1E-001,25.250093,-80.346252,127,3.1,0,Mavic Air 2S,true,drone_images/Mavic Air 2S_withpayload.png,25.245000,-80.355000,25.244500,-80.355300,apolloshield_dji,dji,,,2414500000,RADAR-A2D2-9D1E,Sensor Key Largo / South Ocean Corridor,300,RED,RED
1772118252829,A2D2-9D1E,FLT-9D1E-001,25.250093,-80.346252,127,3.1,0,Mavic Air 2S,true,drone_images/Mavic Air 2S_withpayload.png,25.245000,-80.355000,25.244500,-80.355300,apolloshield_dji,dji,,,2414500000,RADAR-A2D2-9D1E,Sensor Key Largo / South Ocean Corridor,300,RED,RED
1772118254154,A2D2-9D1E,FLT-9D1E-001,25.250093,-80.346252,127,3.1,0,Mavic Air 2S,true,drone_images/Mavic Air 2S_withpayload.png,25.245000,-80.355000,25.244500,-80.355300,apolloshield_dji,dji,,,2414500000,RADAR-A2D2-9D1E,Sensor Key Largo / South Ocean Corridor,300,RED,RED
1772118254755,A2D2-9D1E,FLT-9D1E-001,25.250093,-80.346252,127,3.1,0,Mavic Air 2S,true,drone_images/Mavic Air 2S_withpayload.png,25.245000,-80.355000,25.244500,-80.355300,apolloshield_dji,dji,,,2414500000,RADAR-A2D2-9D1E,Sensor Key Largo / South Ocean Corridor,300,RED,RED
1772118256383,A2D2-9D1E,FLT-9D1E-001,25.250093,-80.346252,127,3.1,0,Mavic Air 2S,true,drone_images/Mavic Air 2S_withpayload.png,25.245000,-80.355000,25.244500,-80.355300,apolloshield_dji,dji,,,2414500000,RADAR-A2D2-9D1E,Sensor Key Largo / South Ocean Corridor,300,RED,RED
1772118257025,A2D2-9D1E,FLT-9D1E-001,25.250093,-80.346252,127,3.1,0,Mavic Air 2S,true,drone_images/Mavic Air 2S_withpayload.png,25.245000,-80.355000,25.244500,-80.355300,apolloshield_dji,dji,,,2414500000,RADAR-A2D2-9D1E,Sensor Key Largo / South Ocean Corridor,300,RED,RED
1772118257871,A2D2-9D1E,FLT-9D1E-001,25.250093,-80.346252,127,3.1,0,Mavic Air 2S,true,drone_images/Mavic Air 2S_withpayload.png,25.245000,-80.355000,25.244500,-80.355300,apolloshield_dji,dji,,,2414500000,RADAR-A2D2-9D1E,Sensor Key Largo / South Ocean Corridor,300,RED,RED
1772118258667,A2D2-9D1E,FLT-9D1E-001,25.250093,-80.346252,127,3.1,0,Mavic Air 2S,true,drone_images/Mavic Air 2S_withpayload.png,25.245000,-80.355000,25.244500,-80.355300,apolloshield_dji,dji,,,2414500000,RADAR-A2D2-9D1E,Sensor Key Largo / South Ocean Corridor,300,RED,RED
1772118260022,A2D2-9D1E,FLT-9D1E-001,25.250093,-80.346252,127,3.1,0,Mavic Air 2S,true,drone_images/Mavic Air 2S_withpayload.png,25.245000,-80.355000,25.244500,-80.355300,apolloshield_dji,dji,,,2414500000,RADAR-A2D2-9D1E,Sensor Key Largo / South Ocean Corridor,300,RED,RED
1772118260690,A2D2-9D1E,FLT-9D1E-001,25.250093,-80.346252,127,3.1,0,Mavic Air 2S,true,drone_images/Mavic Air 2S_withpayload.png,25.245000,-80.355000,25.244500,-80.355300,apolloshield_dji,dji,,,2414500000,RADAR-A2D2-9D1E,Sensor Key Largo / South Ocean Corridor,300,RED,RED
1772118261843,A2D2-9D1E,FLT-9D1E-001,25.250093,-80.346252,127,3.1,0,Mavic Air 2S,true,drone_images/Mavic Air 2S_withpayload.png,25.245000,-80.355000,25.244500,-80.355300,apolloshield_dji,dji,,,2414500000,RADAR-A2D2-9D1E,Sensor Key Largo / South Ocean Corridor,300,RED,RED
1772118262677,A2D2-9D1E,FLT-9D1E-001,25.250093,-80.346252,127,3.1,0,Mavic Air 2S,true,drone_images/Mavic Air 2S_withpayload.png,25.245000,-80.355000,25.244500,-80.355300,apolloshield_dji,dji,,,2414500000,RADAR-A2D2-9D1E,Sensor Key Largo / South Ocean Corridor,300,RED,RED
1772118263563,A2D2-9D1E,FLT-9D1E-001,25.250093,-80.346252,127,3.1,0,Mavic Air 2S,true,drone_images/Mavic Air 2S_withpayload.png,25.245000,-80.355000,25.244500,-80.355300,apolloshield_dji,dji,,,2414500000,RADAR-A2D2-9D1E,Sensor Key Largo / South Ocean Corridor,300,RED,RED
1772118264748,A2D2-9D1E,FLT-9D1E-001,25.250093,-80.346252,127,3.1,0,Mavic Air 2S,true,drone_images/Mavic Air 2S_withpayload.png,25.245000,-80.355000,25.244500,-80.355300,apolloshield_dji,dji,,,2414500000,RADAR-A2D2-9D1E,Sensor Key Largo / South Ocean Corridor,300,RED,RED
1772118265699,A2D2-9D1E,FLT-9D1E-001,25.250093,-80.346252,127,3.1,0,Mavic Air 2S,true,drone_images/Mavic Air 2S_withpayload.png,25.245000,-80.355000,25.244500,-80.355300,apolloshield_dji,dji,,,2414500000,RADAR-A2D2-9D1E,Sensor Key Largo / South Ocean Corridor,300,RED,RED
1772118266622,A2D2-9D1E,FLT-9D1E-001,25.250093,-80.346252,127,3.1,0,Mavic Air 2S,true,drone_images/Mavic Air 2S_withpayload.png,25.245000,-80.355000,25.244500,-80.355300,apolloshield_dji,dji,,,2414500000,RADAR-A2D2-9D1E,Sensor Key Largo / South Ocean Corridor,300,RED,RED
1772118268275,A2D2-9D1E,FLT-9D1E-001,25.250093,-80.346252,127,3.1,0,Mavic Air 2S,true,drone_images/Mavic Air 2S_withpayload.png,25.245000,-80.355000,25.244500,-80.355300,apolloshield_dji,dji,,,2414500000,RADAR-A2D2-9D1E,Sensor Key Largo / South Ocean Corridor,300,RED,RED
1772118268920,A2D2-9D1E,FLT-9D1E-001,25.250093,-80.346252,127,3.1,0,Mavic Air 2S,true,drone_images/Mavic Air 2S_withpayload.png,25.245000,-80.355000,25.244500,-80.355300,apolloshield_dji,dji,,,2414500000,RADAR-A2D2-9D1E,Sensor Key Largo / South Ocean Corridor,300,RED,RED
1772118269771,A2D2-9D1E,FLT-9D1E-001,25.250093,-80.346252,127,3.1,0,Mavic Air 2S,true,drone_images/Mavic Air 2S_withpayload.png,25.245000,-80.355000,25.244500,-80.355300,apolloshield_dji,dji,,,2414500000,RADAR-A2D2-9D1E,Sensor Key Largo / South Ocean Corridor,300,RED,RED
1772118270663,A2D2-9D1E,FLT-9D1E-001,25.250093,-80.346252,127,3.1,0,Mavic Air 2S,true,drone_images/Mavic Air 2S_withpayload.png,25.245000,-80.355000,25.244500,-80.355300,apolloshield_dji,dji,,,2414500000,RADAR-A2D2-9D1E,Sensor Key Largo / South Ocean Corridor,300,RED,RED
1772118271700,A2D2-9D1E,FLT-9D1E-001,25.250093,-80.346252,127,3.1,0,Mavic Air 2S,true,drone_images/Mavic Air 2S_withpayload.png,25.245000,-80.355000,25.244500,-80.355300,apolloshield_dji,dji,,,2414500000,RADAR-A2D2-9D1E,Sensor Key Largo / South Ocean Corridor,300,RED,RED
1772118273491,A2D2-9D1E,FLT-9D1E-001,25.250093,-80.346252,127,3.1,0,Mavic Air 2S,true,drone_images/Mavic Air 2S_withpayload.png,25.245000,-80.355000,25.244500,-80.355300,apolloshield_dji,dji,,,2414500000,RADAR-A2D2-9D1E,Sensor Key Largo / South Ocean Corridor,300,RED,RED
1772118273649,A2D2-9D1E,FLT-9D1E-001,25.250093,-80.346252,127,3.1,0,Mavic Air 2S,true,drone_images/Mavic Air 2S_withpayload.png,25.245000,-80.355000,25.244500,-80.355300,apolloshield_dji,dji,,,2414500000,RADAR-A2D2-9D1E,Sensor Key Largo / South Ocean Corridor,300,RED,RED
1772118274617,A2D2-9D1E,FLT-9D1E-001,25.250093,-80.346252,127,3.1,0,Mavic Air 2S,true,drone_images/Mavic Air 2S_withpayload.png,25.245000,-80.355000,25.244500,-80.355300,apolloshield_dji,dji,,,2414500000,RADAR-A2D2-9D1E,Sensor Key Largo / South Ocean Corridor,300,RED,RED
1772118275709,A2D2-9D1E,FLT-9D1E-001,25.250093,-80.346252,127,3.1,0,Mavic Air 2S,true,drone_images/Mavic Air 2S_withpayload.png,25.245000,-80.355000,25.244500,-80.355300,apolloshield_dji,dji,,,2414500000,RADAR-A2D2-9D1E,Sensor Key Largo / South Ocean Corridor,300,RED,RED
1772118276675,A2D2-9D1E,FLT-9D1E-001,25.250093,-80.346252,127,3.1,0,Mavic Air 2S,true,drone_images/Mavic Air 2S_withpayload.png,25.245000,-80.355000,25.244500,-80.355300,apolloshield_dji,dji,,,2414500000,RADAR-A2D2-9D1E,Sensor Key Largo / South Ocean Corridor,300,RED,RED
1772118278122,A2D2-9D1E,FLT-9D1E-001,25.250093,-80.346252,127,3.1,0,Mavic Air 2S,true,drone_images/Mavic Air 2S_withpayload.png,25.245000,-80.355000,25.244500,-80.355300,apolloshield_dji,dji,,,2414500000,RADAR-A2D2-9D1E,Sensor Key Largo / South Ocean Corridor,300,RED,RED
1772118279119,A2D2-9D1E,FLT-9D1E-001,25.250093,-80.346252,127,3.1,0,Mavic Air 2S,true,drone_images/Mavic Air 2S_withpayload.png,25.245000,-80.355000,25.244500,-80.355300,apolloshield_dji,dji,,,2414500000,RADAR-A2D2-9D1E,Sensor Key Largo / South Ocean Corridor,300,RED,RED
1772118279817,A2D2-9D1E,FLT-9D1E-001,25.250093,-80.346252,127,3.1,0,Mavic Air 2S,true,drone_images/Mavic Air 2S_withpayload.png,25.245000,-80.355000,25.244500,-80.355300,apolloshield_dji,dji,,,2414500000,RADAR-A2D2-9D1E,Sensor Key Largo / South Ocean Corridor,300,RED,RED
1772118280743,A2D2-9D1E,FLT-9D1E-001,25.250093,-80.346252,127,3.1,0,Mavic Air 2S,true,drone_images/Mavic Air 2S_withpayload.png,25.245000,-80.355000,25.244500,-80.355300,apolloshield_dji,dji,,,2414500000,RADAR-A2D2-9D1E,Sensor Key Largo / South Ocean Corridor,300,RED,RED
1772118282081,A2D2-9D1E,FLT-9D1E-001,25.247761,-80.347519,140.6,11,0,Mavic Air 2S,true,drone_images/Mavic Air 2S_withpayload.png,25.245000,-80.355000,25.244500,-80.355300,apolloshield_dji,dji,,,2414500000,RADAR-A2D2-9D1E,Sensor Key Largo / South Ocean Corridor,300,RED,RED
1772118282915,A2D2-9D1E,FLT-9D1E-001,25.247761,-80.347519,140.6,11,0,Mavic Air 2S,true,drone_images/Mavic Air 2S_withpayload.png,25.245000,-80.355000,25.244500,-80.355300,apolloshield_dji,dji,,,2414500000,RADAR-A2D2-9D1E,Sensor Key Largo / South Ocean Corridor,300,RED,RED
1772118284077,A2D2-9D1E,FLT-9D1E-001,25.247761,-80.347519,140.6,11,0,Mavic Air 2S,true,drone_images/Mavic Air 2S_withpayload.png,25.245000,-80.355000,25.244500,-80.355300,apolloshield_dji,dji,,,2414500000,RADAR-A2D2-9D1E,Sensor Key Largo / South Ocean Corridor,300,RED,RED
1772118284686,A2D2-9D1E,FLT-9D1E-001,25.247761,-80.347519,140.6,11,0,Mavic Air 2S,true,drone_images/Mavic Air 2S_withpayload.png,25.245000,-80.355000,25.244500,-80.355300,apolloshield_dji,dji,,,2414500000,RADAR-A2D2-9D1E,Sensor Key Largo / South Ocean Corridor,300,RED,RED
1772118285858,A2D2-9D1E,FLT-9D1E-001,25.247761,-80.347519,140.6,11,0,Mavic Air 2S,true,drone_images/Mavic Air 2S_withpayload.png,25.245000,-80.355000,25.244500,-80.355300,apolloshield_dji,dji,,,2414500000,RADAR-A2D2-9D1E,Sensor Key Largo / South Ocean Corridor,300,RED,RED
1772118286767,A2D2-9D1E,FLT-9D1E-001,25.247761,-80.347519,140.6,11,0,Mavic Air 2S,true,drone_images/Mavic Air 2S_withpayload.png,25.245000,-80.355000,25.244500,-80.355300,apolloshield_dji,dji,,,2414500000,RADAR-A2D2-9D1E,Sensor Key Largo / South Ocean Corridor,300,RED,RED
1772118287571,A2D2-9D1E,FLT-9D1E-001,25.247761,-80.347519,140.6,11,0,Mavic Air 2S,true,drone_images/Mavic Air 2S_withpayload.png,25.245000,-80.355000,25.244500,-80.355300,apolloshield_dji,dji,,,2414500000,RADAR-A2D2-9D1E,Sensor Key Largo / South Ocean Corridor,300,RED,RED
1772118289005,A2D2-9D1E,FLT-9D1E-001,25.247761,-80.347519,140.6,11,0,Mavic Air 2S,true,drone_images/Mavic Air 2S_withpayload.png,25.245000,-80.355000,25.244500,-80.355300,apolloshield_dji,dji,,,2414500000,RADAR-A2D2-9D1E,Sensor Key Largo / South Ocean Corridor,300,RED,RED
1772118289732,A2D2-9D1E,FLT-9D1E-001,25.247761,-80.347519,140.6,11,0,Mavic Air 2S,true,drone_images/Mavic Air 2S_withpayload.png,25.245000,-80.355000,25.244500,-80.355300,apolloshield_dji,dji,,,2414500000,RADAR-A2D2-9D1E,Sensor Key Largo / South Ocean Corridor,300,RED,RED
1772118291156,A2D2-9D1E,FLT-9D1E-001,25.247761,-80.347519,140.6,11,0,Mavic Air 2S,true,drone_images/Mavic Air 2S_withpayload.png,25.245000,-80.355000,25.244500,-80.355300,apolloshield_dji,dji,,,2414500000,RADAR-A2D2-9D1E,Sensor Key Largo / South Ocean Corridor,300,RED,RED
1772118291623,A2D2-9D1E,FLT-9D1E-001,25.247761,-80.347519,140.6,11,0,Mavic Air 2S,true,drone_images/Mavic Air 2S_withpayload.png,25.245000,-80.355000,25.244500,-80.355300,apolloshield_dji,dji,,,2414500000,RADAR-A2D2-9D1E,Sensor Key Largo / South Ocean Corridor,300,RED,RED
1772118292672,A2D2-9D1E,FLT-9D1E-001,25.247761,-80.347519,140.6,11,0,Mavic Air 2S,true,drone_images/Mavic Air 2S_withpayload.png,25.245000,-80.355000,25.244500,-80.355300,apolloshield_dji,dji,,,2414500000,RADAR-A2D2-9D1E,Sensor Key Largo / South Ocean Corridor,300,RED,RED
1772118293749,A2D2-9D1E,FLT-9D1E-001,25.247761,-80.347519,140.6,11,0,Mavic Air 2S,true,drone_images/Mavic Air 2S_withpayload.png,25.245000,-80.355000,25.244500,-80.355300,apolloshield_dji,dji,,,2414500000,RADAR-A2D2-9D1E,Sensor Key Largo / South Ocean Corridor,300,RED,RED
1772118294964,A2D2-9D1E,FLT-9D1E-001,25.247761,-80.347519,140.6,11,0,Mavic Air 2S,true,drone_images/Mavic Air 2S_withpayload.png,25.245000,-80.355000,25.244500,-80.355300,apolloshield_dji,dji,,,2414500000,RADAR-A2D2-9D1E,Sensor Key Largo / South Ocean Corridor,300,RED,RED
1772118295699,A2D2-9D1E,FLT-9D1E-001,25.247761,-80.347519,140.6,11,0,Mavic Air 2S,true,drone_images/Mavic Air 2S_withpayload.png,25.245000,-80.355000,25.244500,-80.355300,apolloshield_dji,dji,,,2414500000,RADAR-A2D2-9D1E,Sensor Key Largo / South Ocean Corridor,300,RED,RED
1772118296874,A2D2-9D1E,FLT-9D1E-001,25.247761,-80.347519,140.6,11,0,Mavic Air 2S,true,drone_images/Mavic Air 2S_withpayload.png,25.245000,-80.355000,25.244500,-80.355300,apolloshield_dji,dji,,,2414500000,RADAR-A2D2-9D1E,Sensor Key Largo / South Ocean Corridor,300,RED,RED
1772118297968,A2D2-9D1E,FLT-9D1E-001,25.247761,-80.347519,140.6,11,0,Mavic Air 2S,true,drone_images/Mavic Air 2S_withpayload.png,25.245000,-80.355000,25.244500,-80.355300,apolloshield_dji,dji,,,2414500000,RADAR-A2D2-9D1E,Sensor Key Largo / South Ocean Corridor,300,RED,RED
1772118298659,A2D2-9D1E,FLT-9D1E-001,25.247761,-80.347519,140.6,11,0,Mavic Air 2S,true,drone_images/Mavic Air 2S_withpayload.png,25.245000,-80.355000,25.244500,-80.355300,apolloshield_dji,dji,,,2414500000,RADAR-A2D2-9D1E,Sensor Key Largo / South Ocean Corridor,300,RED,RED
1772118299693,A2D2-9D1E,FLT-9D1E-001,25.247761,-80.347519,140.6,11,0,Mavic Air 2S,true,drone_images/Mavic Air 2S_withpayload.png,25.245000,-80.355000,25.244500,-80.355300,apolloshield_dji,dji,,,2414500000,RADAR-A2D2-9D1E,Sensor Key Largo / South Ocean Corridor,300,RED,RED
1772118300825,A2D2-9D1E,FLT-9D1E-001,25.247761,-80.347519,140.6,11,0,Mavic Air 2S,true,drone_images/Mavic Air 2S_withpayload.png,25.245000,-80.355000,25.244500,-80.355300,apolloshield_dji,dji,,,2414500000,RADAR-A2D2-9D1E,Sensor Key Largo / South Ocean Corridor,300,RED,RED
1772118301628,A2D2-9D1E,FLT-9D1E-001,25.247761,-80.347519,140.6,11,0,Mavic Air 2S,true,drone_images/Mavic Air 2S_withpayload.png,25.245000,-80.355000,25.244500,-80.355300,apolloshield_dji,dji,,,2414500000,RADAR-A2D2-9D1E,Sensor Key Largo / South Ocean Corridor,300,RED,RED
1772118303157,A2D2-9D1E,FLT-9D1E-001,25.247761,-80.347519,140.6,11,0,Mavic Air 2S,true,drone_images/Mavic Air 2S_withpayload.png,25.245000,-80.355000,25.244500,-80.355300,apolloshield_dji,dji,,,2414500000,RADAR-A2D2-9D1E,Sensor Key Largo / South Ocean Corridor,300,RED,RED
1772118303785,A2D2-9D1E,FLT-9D1E-001,25.247761,-80.347519,140.6,11,0,Mavic Air 2S,true,drone_images/Mavic Air 2S_withpayload.png,25.245000,-80.355000,25.244500,-80.355300,apolloshield_dji,dji,,,2414500000,RADAR-A2D2-9D1E,Sensor Key Largo / South Ocean Corridor,300,RED,RED
1772118305414,A2D2-9D1E,FLT-9D1E-001,25.247761,-80.347519,140.6,11,0,Mavic Air 2S,true,drone_images/Mavic Air 2S_withpayload.png,25.245000,-80.355000,25.244500,-80.355300,apolloshield_dji,dji,,,2414500000,RADAR-A2D2-9D1E,Sensor Key Largo / South Ocean Corridor,300,RED,RED
1772118305783,A2D2-9D1E,FLT-9D1E-001,25.247761,-80.347519,140.6,11,0,Mavic Air 2S,true,drone_images/Mavic Air 2S_withpayload.png,25.245000,-80.355000,25.244500,-80.355300,apolloshield_dji,dji,,,2414500000,RADAR-A2D2-9D1E,Sensor Key Largo / South Ocean Corridor,300,RED,RED
1772118306655,A2D2-9D1E,FLT-9D1E-001,25.247761,-80.347519,140.6,11,0,Mavic Air 2S,true,drone_images/Mavic Air 2S_withpayload.png,25.245000,-80.355000,25.244500,-80.355300,apolloshield_dji,dji,,,2414500000,RADAR-A2D2-9D1E,Sensor Key Largo / South Ocean Corridor,300,RED,RED
1772118307904,A2D2-9D1E,FLT-9D1E-001,25.247761,-80.347519,140.6,11,0,Mavic Air 2S,true,drone_images/Mavic Air 2S_withpayload.png,25.245000,-80.355000,25.244500,-80.355300,apolloshield_dji,dji,,,2414500000,RADAR-A2D2-9D1E,Sensor Key Largo / South Ocean Corridor,300,RED,RED
1772118308986,A2D2-9D1E,FLT-9D1E-001,25.247761,-80.347519,140.6,11,0,Mavic Air 2S,true,drone_images/Mavic Air 2S_withpayload.png,25.245000,-80.355000,25.244500,-80.355300,apolloshield_dji,dji,,,2414500000,RADAR-A2D2-9D1E,Sensor Key Largo / South Ocean Corridor,300,RED,RED
1772118309972,A2D2-9D1E,FLT-9D1E-001,25.247761,-80.347519,140.6,11,0,Mavic Air 2S,true,drone_images/Mavic Air 2S_withpayload.png,25.245000,-80.355000,25.244500,-80.355300,apolloshield_dji,dji,,,2414500000,RADAR-A2D2-9D1E,Sensor Key Largo / South Ocean Corridor,300,RED,RED
1772118311020,A2D2-9D1E,FLT-9D1E-001,25.247761,-80.347519,140.6,11,0,Mavic Air 2S,true,drone_images/Mavic Air 2S_withpayload.png,25.245000,-80.355000,25.244500,-80.355300,apolloshield_dji,dji,,,2414500000,RADAR-A2D2-9D1E,Sensor Key Largo / South Ocean Corridor,300,RED,RED
1772118312129,A2D2-9D1E,FLT-9D1E-001,25.247761,-80.347519,140.6,11,0,Mavic Air 2S,true,drone_images/Mavic Air 2S_withpayload.png,25.245000,-80.355000,25.244500,-80.355300,apolloshield_dji,dji,,,2414500000,RADAR-A2D2-9D1E,Sensor Key Largo / South Ocean Corridor,300,RED,RED
1772118312781,A2D2-9D1E,FLT-9D1E-001,25.247761,-80.347519,140.6,11,0,Mavic Air 2S,true,drone_images/Mavic Air 2S_withpayload.png,25.245000,-80.355000,25.244500,-80.355300,apolloshield_dji,dji,,,2414500000,RADAR-A2D2-9D1E,Sensor Key Largo / South Ocean Corridor,300,RED,RED
1772118314168,A2D2-9D1E,FLT-9D1E-001,25.247761,-80.347519,140.6,11,0,Mavic Air 2S,true,drone_images/Mavic Air 2S_withpayload.png,25.245000,-80.355000,25.244500,-80.355300,apolloshield_dji,dji,,,2414500000,RADAR-A2D2-9D1E,Sensor Key Largo / South Ocean Corridor,300,RED,RED
1772118314793,A2D2-9D1E,FLT-9D1E-001,25.247761,-80.347519,140.6,11,0,Mavic Air 2S,true,drone_images/Mavic Air 2S_withpayload.png,25.245000,-80.355000,25.244500,-80.355300,apolloshield_dji,dji,,,2414500000,RADAR-A2D2-9D1E,Sensor Key Largo / South Ocean Corridor,300,RED,RED
1772118315796,A2D2-9D1E,FLT-9D1E-001,25.247761,-80.347519,140.6,11,0,Mavic Air 2S,true,drone_images/Mavic Air 2S_withpayload.png,25.245000,-80.355000,25.244500,-80.355300,apolloshield_dji,dji,,,2414500000,RADAR-A2D2-9D1E,Sensor Key Largo / South Ocean Corridor,300,RED,RED
1772118316823,A2D2-9D1E,FLT-9D1E-001,25.247761,-80.347519,140.6,11,0,Mavic Air 2S,true,drone_images/Mavic Air 2S_withpayload.png,25.245000,-80.355000,25.244500,-80.355300,apolloshield_dji,dji,,,2414500000,RADAR-A2D2-9D1E,Sensor Key Largo / South Ocean Corridor,300,RED,RED
1772118317604,A2D2-9D1E,FLT-9D1E-001,25.247761,-80.347519,140.6,11,0,Mavic Air 2S,true,drone_images/Mavic Air 2S_withpayload.png,25.245000,-80.355000,25.244500,-80.355300,apolloshield_dji,dji,,,2414500000,RADAR-A2D2-9D1E,Sensor Key Largo / South Ocean Corridor,300,RED,RED
1772118318773,A2D2-9D1E,FLT-9D1E-001,25.247761,-80.347519,140.6,11,0,Mavic Air 2S,true,drone_images/Mavic Air 2S_withpayload.png,25.245000,-80.355000,25.244500,-80.355300,apolloshield_dji,dji,,,2414500000,RADAR-A2D2-9D1E,Sensor Key Largo / South Ocean Corridor,300,RED,RED
1772118319742,A2D2-9D1E,FLT-9D1E-001,25.247761,-80.347519,140.6,11,0,Mavic Air 2S,true,drone_images/Mavic Air 2S_withpayload.png,25.245000,-80.355000,25.244500,-80.355300,apolloshield_dji,dji,,,2414500000,RADAR-A2D2-9D1E,Sensor Key Largo / South Ocean Corridor,300,RED,RED
1772118321000,A2D2-9D1E,FLT-9D1E-001,25.247761,-80.347519,140.6,11,0,Mavic Air 2S,true,drone_images/Mavic Air 2S_withpayload.png,25.245000,-80.355000,25.244500,-80.355300,apolloshield_dji,dji,,,2414500000,RADAR-A2D2-9D1E,Sensor Key Largo / South Ocean Corridor,300,RED,RED
1772118321825,A2D2-9D1E,FLT-9D1E-001,25.247761,-80.347519,140.6,11,0,Mavic Air 2S,true,drone_images/Mavic Air 2S_withpayload.png,25.245000,-80.355000,25.244500,-80.355300,apolloshield_dji,dji,,,2414500000,RADAR-A2D2-9D1E,Sensor Key Largo / South Ocean Corridor,300,RED,RED
1772118322560,A2D2-9D1E,FLT-9D1E-001,25.247761,-80.347519,140.6,11,0,Mavic Air 2S,true,drone_images/Mavic Air 2S_withpayload.png,25.245000,-80.355000,25.244500,-80.355300,apolloshield_dji,dji,,,2414500000,RADAR-A2D2-9D1E,Sensor Key Largo / South Ocean Corridor,300,RED,RED
1772118323748,A2D2-9D1E,FLT-9D1E-001,25.247761,-80.347519,140.6,11,0,Mavic Air 2S,true,drone_images/Mavic Air 2S_withpayload.png,25.245000,-80.355000,25.244500,-80.355300,apolloshield_dji,dji,,,2414500000,RADAR-A2D2-9D1E,Sensor Key Largo / South Ocean Corridor,300,RED,RED
1772118324708,A2D2-9D1E,FLT-9D1E-001,25.247761,-80.347519,140.6,11,0,Mavic Air 2S,true,drone_images/Mavic Air 2S_withpayload.png,25.245000,-80.355000,25.244500,-80.355300,apolloshield_dji,dji,,,2414500000,RADAR-A2D2-9D1E,Sensor Key Largo / South Ocean Corridor,300,RED,RED
1772118325798,A2D2-9D1E,FLT-9D1E-001,25.247761,-80.347519,140.6,11,0,Mavic Air 2S,true,drone_images/Mavic Air 2S_withpayload.png,25.245000,-80.355000,25.244500,-80.355300,apolloshield_dji,dji,,,2414500000,RADAR-A2D2-9D1E,Sensor Key Largo / South Ocean Corridor,300,RED,RED
1772118370877,A2D2-9D1E,FLT-9D1E-001,25.250465,-80.353311,134,8.6,0,Mavic Air 2S,true,drone_images/Mavic Air 2S_withpayload.png,25.245000,-80.355000,25.244500,-80.355300,apolloshield_dji,dji,,,2414500000,RADAR-A2D2-9D1E,Sensor Key Largo / South Ocean Corridor,300,RED,RED
1772118371995,A2D2-9D1E,FLT-9D1E-001,25.250465,-80.353311,134,8.6,0,Mavic Air 2S,true,drone_images/Mavic Air 2S_withpayload.png,25.245000,-80.355000,25.244500,-80.355300,apolloshield_dji,dji,,,2414500000,RADAR-A2D2-9D1E,Sensor Key Largo / South Ocean Corridor,300,RED,RED
1772118372941,A2D2-9D1E,FLT-9D1E-001,25.250465,-80.353311,134,8.6,0,Mavic Air 2S,true,drone_images/Mavic Air 2S_withpayload.png,25.245000,-80.355000,25.244500,-80.355300,apolloshield_dji,dji,,,2414500000,RADAR-A2D2-9D1E,Sensor Key Largo / South Ocean Corridor,300,RED,RED
1772118373933,A2D2-9D1E,FLT-9D1E-001,25.250465,-80.353311,134,8.6,0,Mavic Air 2S,true,drone_images/Mavic Air 2S_withpayload.png,25.245000,-80.355000,25.244500,-80.355300,apolloshield_dji,dji,,,2414500000,RADAR-A2D2-9D1E,Sensor Key Largo / South Ocean Corridor,300,RED,RED
1772118375264,A2D2-9D1E,FLT-9D1E-001,25.250465,-80.353311,134,8.6,0,Mavic Air 2S,true,drone_images/Mavic Air 2S_withpayload.png,25.245000,-80.355000,25.244500,-80.355300,apolloshield_dji,dji,,,2414500000,RADAR-A2D2-9D1E,Sensor Key Largo / South Ocean Corridor,300,RED,RED
1772118375881,A2D2-9D1E,FLT-9D1E-001,25.250465,-80.353311,134,8.6,0,Mavic Air 2S,true,drone_images/Mavic Air 2S_withpayload.png,25.245000,-80.355000,25.244500,-80.355300,apolloshield_dji,dji,,,2414500000,RADAR-A2D2-9D1E,Sensor Key Largo / South Ocean Corridor,300,RED,RED
1772118376905,A2D2-9D1E,FLT-9D1E-001,25.250465,-80.353311,134,8.6,0,Mavic Air 2S,true,drone_images/Mavic Air 2S_withpayload.png,25.245000,-80.355000,25.244500,-80.355300,apolloshield_dji,dji,,,2414500000,RADAR-A2D2-9D1E,Sensor Key Largo / South Ocean Corridor,300,RED,RED
1772118378266,A2D2-9D1E,FLT-9D1E-001,25.250465,-80.353311,134,8.6,0,Mavic Air 2S,true,drone_images/Mavic Air 2S_withpayload.png,25.245000,-80.355000,25.244500,-80.355300,apolloshield_dji,dji,,,2414500000,RADAR-A2D2-9D1E,Sensor Key Largo / South Ocean Corridor,300,RED,RED
1772118379255,A2D2-9D1E,FLT-9D1E-001,25.250465,-80.353311,134,8.6,0,Mavic Air 2S,true,drone_images/Mavic Air 2S_withpayload.png,25.245000,-80.355000,25.244500,-80.355300,apolloshield_dji,dji,,,2414500000,RADAR-A2D2-9D1E,Sensor Key Largo / South Ocean Corridor,300,RED,RED
1772118379808,A2D2-9D1E,FLT-9D1E-001,25.250465,-80.353311,134,8.6,0,Mavic Air 2S,true,drone_images/Mavic Air 2S_withpayload.png,25.245000,-80.355000,25.244500,-80.355300,apolloshield_dji,dji,,,2414500000,RADAR-A2D2-9D1E,Sensor Key Largo / South Ocean Corridor,300,RED,RED
1772118380596,A2D2-9D1E,FLT-9D1E-001,25.250465,-80.353311,134,8.6,0,Mavic Air 2S,true,drone_images/Mavic Air 2S_withpayload.png,25.245000,-80.355000,25.244500,-80.355300,apolloshield_dji,dji,,,2414500000,RADAR-A2D2-9D1E,Sensor Key Largo / South Ocean Corridor,300,RED,RED
1772118381639,A2D2-9D1E,FLT-9D1E-001,25.250465,-80.353311,134,8.6,0,Mavic Air 2S,true,drone_images/Mavic Air 2S_withpayload.png,25.245000,-80.355000,25.244500,-80.355300,apolloshield_dji,dji,,,2414500000,RADAR-A2D2-9D1E,Sensor Key Largo / South Ocean Corridor,300,RED,RED
1772118383001,A2D2-9D1E,FLT-9D1E-001,25.250465,-80.353311,134,8.6,0,Mavic Air 2S,true,drone_images/Mavic Air 2S_withpayload.png,25.245000,-80.355000,25.244500,-80.355300,apolloshield_dji,dji,,,2414500000,RADAR-A2D2-9D1E,Sensor Key Largo / South Ocean Corridor,300,RED,RED
1772118383900,A2D2-9D1E,FLT-9D1E-001,25.250465,-80.353311,134,8.6,0,Mavic Air 2S,true,drone_images/Mavic Air 2S_withpayload.png,25.245000,-80.355000,25.244500,-80.355300,apolloshield_dji,dji,,,2414500000,RADAR-A2D2-9D1E,Sensor Key Largo / South Ocean Corridor,300,RED,RED
1772118385059,A2D2-9D1E,FLT-9D1E-001,25.250465,-80.353311,134,8.6,0,Mavic Air 2S,true,drone_images/Mavic Air 2S_withpayload.png,25.245000,-80.355000,25.244500,-80.355300,apolloshield_dji,dji,,,2414500000,RADAR-A2D2-9D1E,Sensor Key Largo / South Ocean Corridor,300,RED,RED
1772118385799,A2D2-9D1E,FLT-9D1E-001,25.250465,-80.353311,134,8.6,0,Mavic Air 2S,true,drone_images/Mavic Air 2S_withpayload.png,25.245000,-80.355000,25.244500,-80.355300,apolloshield_dji,dji,,,2414500000,RADAR-A2D2-9D1E,Sensor Key Largo / South Ocean Corridor,300,RED,RED
1772118386806,A2D2-9D1E,FLT-9D1E-001,25.250465,-80.353311,134,8.6,0,Mavic Air 2S,true,drone_images/Mavic Air 2S_withpayload.png,25.245000,-80.355000,25.244500,-80.355300,apolloshield_dji,dji,,,2414500000,RADAR-A2D2-9D1E,Sensor Key Largo / South Ocean Corridor,300,RED,RED
1772118387794,A2D2-9D1E,FLT-9D1E-001,25.250465,-80.353311,134,8.6,0,Mavic Air 2S,true,drone_images/Mavic Air 2S_withpayload.png,25.245000,-80.355000,25.244500,-80.355300,apolloshield_dji,dji,,,2414500000,RADAR-A2D2-9D1E,Sensor Key Largo / South Ocean Corridor,300,RED,RED
1772118389136,A2D2-9D1E,FLT-9D1E-001,25.250465,-80.353311,134,8.6,0,Mavic Air 2S,true,drone_images/Mavic Air 2S_withpayload.png,25.245000,-80.355000,25.244500,-80.355300,apolloshield_dji,dji,,,2414500000,RADAR-A2D2-9D1E,Sensor Key Largo / South Ocean Corridor,300,RED,RED
1772118389810,A2D2-9D1E,FLT-9D1E-001,25.250465,-80.353311,134,8.6,0,Mavic Air 2S,true,drone_images/Mavic Air 2S_withpayload.png,25.245000,-80.355000,25.244500,-80.355300,apolloshield_dji,dji,,,2414500000,RADAR-A2D2-9D1E,Sensor Key Largo / South Ocean Corridor,300,RED,RED
1772118390725,A2D2-9D1E,FLT-9D1E-001,25.250465,-80.353311,134,8.6,0,Mavic Air 2S,true,drone_images/Mavic Air 2S_withpayload.png,25.245000,-80.355000,25.244500,-80.355300,apolloshield_dji,dji,,,2414500000,RADAR-A2D2-9D1E,Sensor Key Largo / South Ocean Corridor,300,RED,RED
1772118391580,A2D2-9D1E,FLT-9D1E-001,25.250465,-80.353311,134,8.6,0,Mavic Air 2S,true,drone_images/Mavic Air 2S_withpayload.png,25.245000,-80.355000,25.244500,-80.355300,apolloshield_dji,dji,,,2414500000,RADAR-A2D2-9D1E,Sensor Key Largo / South Ocean Corridor,300,RED,RED
1772118392841,A2D2-9D1E,FLT-9D1E-001,25.250465,-80.353311,134,8.6,0,Mavic Air 2S,true,drone_images/Mavic Air 2S_withpayload.png,25.245000,-80.355000,25.244500,-80.355300,apolloshield_dji,dji,,,2414500000,RADAR-A2D2-9D1E,Sensor Key Largo / South Ocean Corridor,300,RED,RED
1772118393703,A2D2-9D1E,FLT-9D1E-001,25.251233,-80.352647,134.4,34,0,Mavic Air 2S,true,drone_images/Mavic Air 2S_withpayload.png,25.245000,-80.355000,25.244500,-80.355300,apolloshield_dji,dji,,,2414500000,RADAR-A2D2-9D1E,Sensor Key Largo / South Ocean Corridor,300,RED,RED
1772118394743,A2D2-9D1E,FLT-9D1E-001,25.251233,-80.352647,134.4,34,0,Mavic Air 2S,true,drone_images/Mavic Air 2S_withpayload.png,25.245000,-80.355000,25.244500,-80.355300,apolloshield_dji,dji,,,2414500000,RADAR-A2D2-9D1E,Sensor Key Largo / South Ocean Corridor,300,RED,RED
1772118395705,A2D2-9D1E,FLT-9D1E-001,25.251233,-80.352647,134.4,34,0,Mavic Air 2S,true,drone_images/Mavic Air 2S_withpayload.png,25.245000,-80.355000,25.244500,-80.355300,apolloshield_dji,dji,,,2414500000,RADAR-A2D2-9D1E,Sensor Key Largo / South Ocean Corridor,300,RED,RED
1772118396668,A2D2-9D1E,FLT-9D1E-001,25.251233,-80.352647,134.4,34,0,Mavic Air 2S,true,drone_images/Mavic Air 2S_withpayload.png,25.245000,-80.355000,25.244500,-80.355300,apolloshield_dji,dji,,,2414500000,RADAR-A2D2-9D1E,Sensor Key Largo / South Ocean Corridor,300,RED,RED
1772118398054,A2D2-9D1E,FLT-9D1E-001,25.251233,-80.352647,134.4,34,0,Mavic Air 2S,true,drone_images/Mavic Air 2S_withpayload.png,25.245000,-80.355000,25.244500,-80.355300,apolloshield_dji,dji,,,2414500000,RADAR-A2D2-9D1E,Sensor Key Largo / South Ocean Corridor,300,RED,RED
1772118398962,A2D2-9D1E,FLT-9D1E-001,25.251233,-80.352647,134.4,34,0,Mavic Air 2S,true,drone_images/Mavic Air 2S_withpayload.png,25.245000,-80.355000,25.244500,-80.355300,apolloshield_dji,dji,,,2414500000,RADAR-A2D2-9D1E,Sensor Key Largo / South Ocean Corridor,300,RED,RED
1772118399992,A2D2-9D1E,FLT-9D1E-001,25.251233,-80.352647,134.4,34,0,Mavic Air 2S,true,drone_images/Mavic Air 2S_withpayload.png,25.245000,-80.355000,25.244500,-80.355300,apolloshield_dji,dji,,,2414500000,RADAR-A2D2-9D1E,Sensor Key Largo / South Ocean Corridor,300,RED,RED
1772118400561,A2D2-9D1E,FLT-9D1E-001,25.251233,-80.352647,134.4,34,0,Mavic Air 2S,true,drone_images/Mavic Air 2S_withpayload.png,25.245000,-80.355000,25.244500,-80.355300,apolloshield_dji,dji,,,2414500000,RADAR-A2D2-9D1E,Sensor Key Largo / South Ocean Corridor,300,RED,RED
1772118401747,A2D2-9D1E,FLT-9D1E-001,25.251233,-80.352647,134.4,34,0,Mavic Air 2S,true,drone_images/Mavic Air 2S_withpayload.png,25.245000,-80.355000,25.244500,-80.355300,apolloshield_dji,dji,,,2414500000,RADAR-A2D2-9D1E,Sensor Key Largo / South Ocean Corridor,300,RED,RED
1772118403080,A2D2-9D1E,FLT-9D1E-001,25.251233,-80.352647,134.4,34,0,Mavic Air 2S,true,drone_images/Mavic Air 2S_withpayload.png,25.245000,-80.355000,25.244500,-80.355300,apolloshield_dji,dji,,,2414500000,RADAR-A2D2-9D1E,Sensor Key Largo / South Ocean Corridor,300,RED,RED
1772118403817,A2D2-9D1E,FLT-9D1E-001,25.251233,-80.352647,134.4,34,0,Mavic Air 2S,true,drone_images/Mavic Air 2S_withpayload.png,25.245000,-80.355000,25.244500,-80.355300,apolloshield_dji,dji,,,2414500000,RADAR-A2D2-9D1E,Sensor Key Largo / South Ocean Corridor,300,RED,RED
1772118404865,A2D2-9D1E,FLT-9D1E-001,25.251233,-80.352647,134.4,34,0,Mavic Air 2S,true,drone_images/Mavic Air 2S_withpayload.png,25.245000,-80.355000,25.244500,-80.355300,apolloshield_dji,dji,,,2414500000,RADAR-A2D2-9D1E,Sensor Key Largo / South Ocean Corridor,300,RED,RED
1772118405920,A2D2-9D1E,FLT-9D1E-001,25.251233,-80.352647,134.4,34,0,Mavic Air 2S,true,drone_images/Mavic Air 2S_withpayload.png,25.245000,-80.355000,25.244500,-80.355300,apolloshield_dji,dji,,,2414500000,RADAR-A2D2-9D1E,Sensor Key Largo / South Ocean Corridor,300,RED,RED
1772118406787,A2D2-9D1E,FLT-9D1E-001,25.251233,-80.352647,134.4,34,0,Mavic Air 2S,true,drone_images/Mavic Air 2S_withpayload.png,25.245000,-80.355000,25.244500,-80.355300,apolloshield_dji,dji,,,2414500000,RADAR-A2D2-9D1E,Sensor Key Largo / South Ocean Corridor,300,RED,RED
1772118407732,A2D2-9D1E,FLT-9D1E-001,25.251233,-80.352647,134.4,34,0,Mavic Air 2S,true,drone_images/Mavic Air 2S_withpayload.png,25.245000,-80.355000,25.244500,-80.355300,apolloshield_dji,dji,,,2414500000,RADAR-A2D2-9D1E,Sensor Key Largo / South Ocean Corridor,300,RED,RED
1772118408902,A2D2-9D1E,FLT-9D1E-001,25.251233,-80.352647,134.4,34,0,Mavic Air 2S,true,drone_images/Mavic Air 2S_withpayload.png,25.245000,-80.355000,25.244500,-80.355300,apolloshield_dji,dji,,,2414500000,RADAR-A2D2-9D1E,Sensor Key Largo / South Ocean Corridor,300,RED,RED
1772118409970,A2D2-9D1E,FLT-9D1E-001,25.251233,-80.352647,134.4,34,0,Mavic Air 2S,true,drone_images/Mavic Air 2S_withpayload.png,25.245000,-80.355000,25.244500,-80.355300,apolloshield_dji,dji,,,2414500000,RADAR-A2D2-9D1E,Sensor Key Largo / South Ocean Corridor,300,RED,RED
1772118410652,A2D2-9D1E,FLT-9D1E-001,25.251233,-80.352647,134.4,34,0,Mavic Air 2S,true,drone_images/Mavic Air 2S_withpayload.png,25.245000,-80.355000,25.244500,-80.355300,apolloshield_dji,dji,,,2414500000,RADAR-A2D2-9D1E,Sensor Key Largo / South Ocean Corridor,300,RED,RED
1772118411904,A2D2-9D1E,FLT-9D1E-001,25.251233,-80.352647,134.4,34,0,Mavic Air 2S,true,drone_images/Mavic Air 2S_withpayload.png,25.245000,-80.355000,25.244500,-80.355300,apolloshield_dji,dji,,,2414500000,RADAR-A2D2-9D1E,Sensor Key Largo / South Ocean Corridor,300,RED,RED
1772118412886,A2D2-9D1E,FLT-9D1E-001,25.251233,-80.352647,134.4,34,0,Mavic Air 2S,true,drone_images/Mavic Air 2S_withpayload.png,25.245000,-80.355000,25.244500,-80.355300,apolloshield_dji,dji,,,2414500000,RADAR-A2D2-9D1E,Sensor Key Largo / South Ocean Corridor,300,RED,RED
1772118413805,A2D2-9D1E,FLT-9D1E-001,25.251233,-80.352647,134.4,34,0,Mavic Air 2S,true,drone_images/Mavic Air 2S_withpayload.png,25.245000,-80.355000,25.244500,-80.355300,apolloshield_dji,dji,,,2414500000,RADAR-A2D2-9D1E,Sensor Key Largo / South Ocean Corridor,300,RED,RED
1772118414874,A2D2-9D1E,FLT-9D1E-001,25.251233,-80.352647,134.4,34,0,Mavic Air 2S,true,drone_images/Mavic Air 2S_withpayload.png,25.245000,-80.355000,25.244500,-80.355300,apolloshield_dji,dji,,,2414500000,RADAR-A2D2-9D1E,Sensor Key Largo / South Ocean Corridor,300,RED,RED
1772118415640,A2D2-9D1E,FLT-9D1E-001,25.251233,-80.352647,134.4,34,0,Mavic Air 2S,true,drone_images/Mavic Air 2S_withpayload.png,25.245000,-80.355000,25.244500,-80.355300,apolloshield_dji,dji,,,2414500000,RADAR-A2D2-9D1E,Sensor Key Largo / South Ocean Corridor,300,RED,RED
1772118416922,A2D2-9D1E,FLT-9D1E-001,25.251233,-80.352647,134.4,34,0,Mavic Air 2S,true,drone_images/Mavic Air 2S_withpayload.png,25.245000,-80.355000,25.244500,-80.355300,apolloshield_dji,dji,,,2414500000,RADAR-A2D2-9D1E,Sensor Key Largo / South Ocean Corridor,300,RED,RED
1772118417842,A2D2-9D1E,FLT-9D1E-001,25.251233,-80.352647,134.4,34,0,Mavic Air 2S,true,drone_images/Mavic Air 2S_withpayload.png,25.245000,-80.355000,25.244500,-80.355300,apolloshield_dji,dji,,,2414500000,RADAR-A2D2-9D1E,Sensor Key Largo / South Ocean Corridor,300,RED,RED
1772118419020,A2D2-9D1E,FLT-9D1E-001,25.251233,-80.352647,134.4,34,0,Mavic Air 2S,true,drone_images/Mavic Air 2S_withpayload.png,25.245000,-80.355000,25.244500,-80.355300,apolloshield_dji,dji,,,2414500000,RADAR-A2D2-9D1E,Sensor Key Largo / South Ocean Corridor,300,RED,RED
1772118419721,A2D2-9D1E,FLT-9D1E-001,25.251233,-80.352647,134.4,34,0,Mavic Air 2S,true,drone_images/Mavic Air 2S_withpayload.png,25.245000,-80.355000,25.244500,-80.355300,apolloshield_dji,dji,,,2414500000,RADAR-A2D2-9D1E,Sensor Key Largo / South Ocean Corridor,300,RED,RED
1772118420662,A2D2-9D1E,FLT-9D1E-001,25.251233,-80.352647,134.4,34,0,Mavic Air 2S,true,drone_images/Mavic Air 2S_withpayload.png,25.245000,-80.355000,25.244500,-80.355300,apolloshield_dji,dji,,,2414500000,RADAR-A2D2-9D1E,Sensor Key Largo / South Ocean Corridor,300,RED,RED
1772118421768,A2D2-9D1E,FLT-9D1E-001,25.251233,-80.352647,134.4,34,0,Mavic Air 2S,true,drone_images/Mavic Air 2S_withpayload.png,25.245000,-80.355000,25.244500,-80.355300,apolloshield_dji,dji,,,2414500000,RADAR-A2D2-9D1E,Sensor Key Largo / South Ocean Corridor,300,RED,RED
1772118423089,A2D2-9D1E,FLT-9D1E-001,25.251233,-80.352647,134.4,34,0,Mavic Air 2S,true,drone_images/Mavic Air 2S_withpayload.png,25.245000,-80.355000,25.244500,-80.355300,apolloshield_dji,dji,,,2414500000,RADAR-A2D2-9D1E,Sensor Key Largo / South Ocean Corridor,300,RED,RED
1772118423807,A2D2-9D1E,FLT-9D1E-001,25.251233,-80.352647,134.4,34,0,Mavic Air 2S,true,drone_images/Mavic Air 2S_withpayload.png,25.245000,-80.355000,25.244500,-80.355300,apolloshield_dji,dji,,,2414500000,RADAR-A2D2-9D1E,Sensor Key Largo / South Ocean Corridor,300,RED,RED
1772118424578,A2D2-9D1E,FLT-9D1E-001,25.251233,-80.352647,134.4,34,0,Mavic Air 2S,true,drone_images/Mavic Air 2S_withpayload.png,25.245000,-80.355000,25.244500,-80.355300,apolloshield_dji,dji,,,2414500000,RADAR-A2D2-9D1E,Sensor Key Largo / South Ocean Corridor,300,RED,RED
1772118425834,A2D2-9D1E,FLT-9D1E-001,25.251233,-80.352647,134.4,34,0,Mavic Air 2S,true,drone_images/Mavic Air 2S_withpayload.png,25.245000,-80.355000,25.244500,-80.355300,apolloshield_dji,dji,,,2414500000,RADAR-A2D2-9D1E,Sensor Key Largo / South Ocean Corridor,300,RED,RED
1772118426731,A2D2-9D1E,FLT-9D1E-001,25.251233,-80.352647,134.4,34,0,Mavic Air 2S,true,drone_images/Mavic Air 2S_withpayload.png,25.245000,-80.355000,25.244500,-80.355300,apolloshield_dji,dji,,,2414500000,RADAR-A2D2-9D1E,Sensor Key Largo / South Ocean Corridor,300,RED,RED
1772118427932,A2D2-9D1E,FLT-9D1E-001,25.251233,-80.352647,134.4,34,0,Mavic Air 2S,true,drone_images/Mavic Air 2S_withpayload.png,25.245000,-80.355000,25.244500,-80.355300,apolloshield_dji,dji,,,2414500000,RADAR-A2D2-9D1E,Sensor Key Largo / South Ocean Corridor,300,RED,RED
1772118429232,A2D2-9D1E,FLT-9D1E-001,25.251233,-80.352647,134.4,34,0,Mavic Air 2S,true,drone_images/Mavic Air 2S_withpayload.png,25.245000,-80.355000,25.244500,-80.355300,apolloshield_dji,dji,,,2414500000,RADAR-A2D2-9D1E,Sensor Key Largo / South Ocean Corridor,300,RED,RED
1772118430386,A2D2-9D1E,FLT-9D1E-001,25.251233,-80.352647,134.4,34,0,Mavic Air 2S,true,drone_images/Mavic Air 2S_withpayload.png,25.245000,-80.355000,25.244500,-80.355300,apolloshield_dji,dji,,,2414500000,RADAR-A2D2-9D1E,Sensor Key Largo / South Ocean Corridor,300,RED,RED
1772118430758,A2D2-9D1E,FLT-9D1E-001,25.251233,-80.352647,134.4,34,0,Mavic Air 2S,true,drone_images/Mavic Air 2S_withpayload.png,25.245000,-80.355000,25.244500,-80.355300,apolloshield_dji,dji,,,2414500000,RADAR-A2D2-9D1E,Sensor Key Largo / South Ocean Corridor,300,RED,RED
1772118432327,A2D2-9D1E,FLT-9D1E-001,25.254384,-80.349644,134.6,10,0,Mavic Air 2S,true,drone_images/Mavic Air 2S_withpayload.png,25.245000,-80.355000,25.244500,-80.355300,apolloshield_dji,dji,,,2414500000,RADAR-A2D2-9D1E,Sensor Key Largo / South Ocean Corridor,300,RED,RED
1772118432953,A2D2-9D1E,FLT-9D1E-001,25.254384,-80.349644,134.6,10,0,Mavic Air 2S,true,drone_images/Mavic Air 2S_withpayload.png,25.245000,-80.355000,25.244500,-80.355300,apolloshield_dji,dji,,,2414500000,RADAR-A2D2-9D1E,Sensor Key Largo / South Ocean Corridor,300,RED,RED
1772118433758,A2D2-9D1E,FLT-9D1E-001,25.254384,-80.349644,134.6,10,0,Mavic Air 2S,true,drone_images/Mavic Air 2S_withpayload.png,25.245000,-80.355000,25.244500,-80.355300,apolloshield_dji,dji,,,2414500000,RADAR-A2D2-9D1E,Sensor Key Largo / South Ocean Corridor,300,RED,RED
1772118434764,A2D2-9D1E,FLT-9D1E-001,25.254384,-80.349644,134.6,10,0,Mavic Air 2S,true,drone_images/Mavic Air 2S_withpayload.png,25.245000,-80.355000,25.244500,-80.355300,apolloshield_dji,dji,,,2414500000,RADAR-A2D2-9D1E,Sensor Key Largo / South Ocean Corridor,300,RED,RED
1772118435796,A2D2-9D1E,FLT-9D1E-001,25.254384,-80.349644,134.6,10,0,Mavic Air 2S,true,drone_images/Mavic Air 2S_withpayload.png,25.245000,-80.355000,25.244500,-80.355300,apolloshield_dji,dji,,,2414500000,RADAR-A2D2-9D1E,Sensor Key Largo / South Ocean Corridor,300,RED,RED
1772118436747,A2D2-9D1E,FLT-9D1E-001,25.254384,-80.349644,134.6,10,0,Mavic Air 2S,true,drone_images/Mavic Air 2S_withpayload.png,25.245000,-80.355000,25.244500,-80.355300,apolloshield_dji,dji,,,2414500000,RADAR-A2D2-9D1E,Sensor Key Largo / South Ocean Corridor,300,RED,RED
1772118438071,A2D2-9D1E,FLT-9D1E-001,25.254384,-80.349644,134.6,10,0,Mavic Air 2S,true,drone_images/Mavic Air 2S_withpayload.png,25.245000,-80.355000,25.244500,-80.355300,apolloshield_dji,dji,,,2414500000,RADAR-A2D2-9D1E,Sensor Key Largo / South Ocean Corridor,300,RED,RED
1772118439529,A2D2-9D1E,FLT-9D1E-001,25.254384,-80.349644,134.6,10,0,Mavic Air 2S,true,drone_images/Mavic Air 2S_withpayload.png,25.245000,-80.355000,25.244500,-80.355300,apolloshield_dji,dji,,,2414500000,RADAR-A2D2-9D1E,Sensor Key Largo / South Ocean Corridor,300,RED,RED
1772118439736,A2D2-9D1E,FLT-9D1E-001,25.254384,-80.349644,134.6,10,0,Mavic Air 2S,true,drone_images/Mavic Air 2S_withpayload.png,25.245000,-80.355000,25.244500,-80.355300,apolloshield_dji,dji,,,2414500000,RADAR-A2D2-9D1E,Sensor Key Largo / South Ocean Corridor,300,RED,RED
1772118441204,A2D2-9D1E,FLT-9D1E-001,25.254384,-80.349644,134.6,10,0,Mavic Air 2S,true,drone_images/Mavic Air 2S_withpayload.png,25.245000,-80.355000,25.244500,-80.355300,apolloshield_dji,dji,,,2414500000,RADAR-A2D2-9D1E,Sensor Key Largo / South Ocean Corridor,300,RED,RED
1772118441887,A2D2-9D1E,FLT-9D1E-001,25.254384,-80.349644,134.6,10,0,Mavic Air 2S,true,drone_images/Mavic Air 2S_withpayload.png,25.245000,-80.355000,25.244500,-80.355300,apolloshield_dji,dji,,,2414500000,RADAR-A2D2-9D1E,Sensor Key Largo / South Ocean Corridor,300,RED,RED
1772118442914,A2D2-9D1E,FLT-9D1E-001,25.254384,-80.349644,134.6,10,0,Mavic Air 2S,true,drone_images/Mavic Air 2S_withpayload.png,25.245000,-80.355000,25.244500,-80.355300,apolloshield_dji,dji,,,2414500000,RADAR-A2D2-9D1E,Sensor Key Largo / South Ocean Corridor,300,RED,RED
1772118443926,A2D2-9D1E,FLT-9D1E-001,25.254384,-80.349644,134.6,10,0,Mavic Air 2S,true,drone_images/Mavic Air 2S_withpayload.png,25.245000,-80.355000,25.244500,-80.355300,apolloshield_dji,dji,,,2414500000,RADAR-A2D2-9D1E,Sensor Key Largo / South Ocean Corridor,300,RED,RED
1772118445014,A2D2-9D1E,FLT-9D1E-001,25.254384,-80.349644,134.6,10,0,Mavic Air 2S,true,drone_images/Mavic Air 2S_withpayload.png,25.245000,-80.355000,25.244500,-80.355300,apolloshield_dji,dji,,,2414500000,RADAR-A2D2-9D1E,Sensor Key Largo / South Ocean Corridor,300,RED,RED
1772118445762,A2D2-9D1E,FLT-9D1E-001,25.254384,-80.349644,134.6,10,0,Mavic Air 2S,true,drone_images/Mavic Air 2S_withpayload.png,25.245000,-80.355000,25.244500,-80.355300,apolloshield_dji,dji,,,2414500000,RADAR-A2D2-9D1E,Sensor Key Largo / South Ocean Corridor,300,RED,RED
1772118446848,A2D2-9D1E,FLT-9D1E-001,25.254384,-80.349644,134.6,10,0,Mavic Air 2S,true,drone_images/Mavic Air 2S_withpayload.png,25.245000,-80.355000,25.244500,-80.355300,apolloshield_dji,dji,,,2414500000,RADAR-A2D2-9D1E,Sensor Key Largo / South Ocean Corridor,300,RED,RED
1772118447855,A2D2-9D1E,FLT-9D1E-001,25.254384,-80.349644,134.6,10,0,Mavic Air 2S,true,drone_images/Mavic Air 2S_withpayload.png,25.245000,-80.355000,25.244500,-80.355300,apolloshield_dji,dji,,,2414500000,RADAR-A2D2-9D1E,Sensor Key Largo / South Ocean Corridor,300,RED,RED
1772118448909,A2D2-9D1E,FLT-9D1E-001,25.254384,-80.349644,134.6,10,0,Mavic Air 2S,true,drone_images/Mavic Air 2S_withpayload.png,25.245000,-80.355000,25.244500,-80.355300,apolloshield_dji,dji,,,2414500000,RADAR-A2D2-9D1E,Sensor Key Largo / South Ocean Corridor,300,RED,RED
1772118449720,A2D2-9D1E,FLT-9D1E-001,25.254384,-80.349644,134.6,10,0,Mavic Air 2S,true,drone_images/Mavic Air 2S_withpayload.png,25.245000,-80.355000,25.244500,-80.355300,apolloshield_dji,dji,,,2414500000,RADAR-A2D2-9D1E,Sensor Key Largo / South Ocean Corridor,300,RED,RED
1772118451416,A2D2-9D1E,FLT-9D1E-001,25.254384,-80.349644,134.6,10,0,Mavic Air 2S,true,drone_images/Mavic Air 2S_withpayload.png,25.245000,-80.355000,25.244500,-80.355300,apolloshield_dji,dji,,,2414500000,RADAR-A2D2-9D1E,Sensor Key Largo / South Ocean Corridor,300,RED,RED
1772118452193,A2D2-9D1E,FLT-9D1E-001,25.254384,-80.349644,134.6,10,0,Mavic Air 2S,true,drone_images/Mavic Air 2S_withpayload.png,25.245000,-80.355000,25.244500,-80.355300,apolloshield_dji,dji,,,2414500000,RADAR-A2D2-9D1E,Sensor Key Largo / South Ocean Corridor,300,RED,RED
1772118452677,A2D2-9D1E,FLT-9D1E-001,25.254384,-80.349644,134.6,10,0,Mavic Air 2S,true,drone_images/Mavic Air 2S_withpayload.png,25.245000,-80.355000,25.244500,-80.355300,apolloshield_dji,dji,,,2414500000,RADAR-A2D2-9D1E,Sensor Key Largo / South Ocean Corridor,300,RED,RED
1772118453726,A2D2-9D1E,FLT-9D1E-001,25.254384,-80.349644,134.6,10,0,Mavic Air 2S,true,drone_images/Mavic Air 2S_withpayload.png,25.245000,-80.355000,25.244500,-80.355300,apolloshield_dji,dji,,,2414500000,RADAR-A2D2-9D1E,Sensor Key Largo / South Ocean Corridor,300,RED,RED
1772118454714,A2D2-9D1E,FLT-9D1E-001,25.254384,-80.349644,134.6,10,0,Mavic Air 2S,true,drone_images/Mavic Air 2S_withpayload.png,25.245000,-80.355000,25.244500,-80.355300,apolloshield_dji,dji,,,2414500000,RADAR-A2D2-9D1E,Sensor Key Largo / South Ocean Corridor,300,RED,RED
1772118455805,A2D2-9D1E,FLT-9D1E-001,25.254384,-80.349644,134.6,10,0,Mavic Air 2S,true,drone_images/Mavic Air 2S_withpayload.png,25.245000,-80.355000,25.244500,-80.355300,apolloshield_dji,dji,,,2414500000,RADAR-A2D2-9D1E,Sensor Key Largo / South Ocean Corridor,300,RED,RED
1772118457125,A2D2-9D1E,FLT-9D1E-001,25.254384,-80.349644,134.6,10,0,Mavic Air 2S,true,drone_images/Mavic Air 2S_withpayload.png,25.245000,-80.355000,25.244500,-80.355300,apolloshield_dji,dji,,,2414500000,RADAR-A2D2-9D1E,Sensor Key Largo / South Ocean Corridor,300,RED,RED
1772118457950,A2D2-9D1E,FLT-9D1E-001,25.254384,-80.349644,134.6,10,0,Mavic Air 2S,true,drone_images/Mavic Air 2S_withpayload.png,25.245000,-80.355000,25.244500,-80.355300,apolloshield_dji,dji,,,2414500000,RADAR-A2D2-9D1E,Sensor Key Largo / South Ocean Corridor,300,RED,RED
1772118459019,A2D2-9D1E,FLT-9D1E-001,25.254384,-80.349644,134.6,10,0,Mavic Air 2S,true,drone_images/Mavic Air 2S_withpayload.png,25.245000,-80.355000,25.244500,-80.355300,apolloshield_dji,dji,,,2414500000,RADAR-A2D2-9D1E,Sensor Key Largo / South Ocean Corridor,300,RED,RED
1772118459781,A2D2-9D1E,FLT-9D1E-001,25.254384,-80.349644,134.6,10,0,Mavic Air 2S,true,drone_images/Mavic Air 2S_withpayload.png,25.245000,-80.355000,25.244500,-80.355300,apolloshield_dji,dji,,,2414500000,RADAR-A2D2-9D1E,Sensor Key Largo / South Ocean Corridor,300,RED,RED
1772118460792,A2D2-9D1E,FLT-9D1E-001,25.254384,-80.349644,134.6,10,0,Mavic Air 2S,true,drone_images/Mavic Air 2S_withpayload.png,25.245000,-80.355000,25.244500,-80.355300,apolloshield_dji,dji,,,2414500000,RADAR-A2D2-9D1E,Sensor Key Largo / South Ocean Corridor,300,RED,RED
1772118461915,A2D2-9D1E,FLT-9D1E-001,25.254384,-80.349644,134.6,10,0,Mavic Air 2S,true,drone_images/Mavic Air 2S_withpayload.png,25.245000,-80.355000,25.244500,-80.355300,apolloshield_dji,dji,,,2414500000,RADAR-A2D2-9D1E,Sensor Key Largo / South Ocean Corridor,300,RED,RED
1772118463058,A2D2-9D1E,FLT-9D1E-001,25.254384,-80.349644,134.6,10,0,Mavic Air 2S,true,drone_images/Mavic Air 2S_withpayload.png,25.245000,-80.355000,25.244500,-80.355300,apolloshield_dji,dji,,,2414500000,RADAR-A2D2-9D1E,Sensor Key Largo / South Ocean Corridor,300,RED,RED
1772118463892,A2D2-9D1E,FLT-9D1E-001,25.254384,-80.349644,134.6,10,0,Mavic Air 2S,true,drone_images/Mavic Air 2S_withpayload.png,25.245000,-80.355000,25.244500,-80.355300,apolloshield_dji,dji,,,2414500000,RADAR-A2D2-9D1E,Sensor Key Largo / South Ocean Corridor,300,RED,RED
1772118464828,A2D2-9D1E,FLT-9D1E-001,25.254384,-80.349644,134.6,10,0,Mavic Air 2S,true,drone_images/Mavic Air 2S_withpayload.png,25.245000,-80.355000,25.244500,-80.355300,apolloshield_dji,dji,,,2414500000,RADAR-A2D2-9D1E,Sensor Key Largo / South Ocean Corridor,300,RED,RED
1772118465858,A2D2-9D1E,FLT-9D1E-001,25.254384,-80.349644,134.6,10,0,Mavic Air 2S,true,drone_images/Mavic Air 2S_withpayload.png,25.245000,-80.355000,25.244500,-80.355300,apolloshield_dji,dji,,,2414500000,RADAR-A2D2-9D1E,Sensor Key Largo / South Ocean Corridor,300,RED,RED
1772118466735,A2D2-9D1E,FLT-9D1E-001,25.254384,-80.349644,134.6,10,0,Mavic Air 2S,true,drone_images/Mavic Air 2S_withpayload.png,25.245000,-80.355000,25.244500,-80.355300,apolloshield_dji,dji,,,2414500000,RADAR-A2D2-9D1E,Sensor Key Largo / South Ocean Corridor,300,RED,RED
1772118467836,A2D2-9D1E,FLT-9D1E-001,25.254384,-80.349644,134.6,10,0,Mavic Air 2S,true,drone_images/Mavic Air 2S_withpayload.png,25.245000,-80.355000,25.244500,-80.355300,apolloshield_dji,dji,,,2414500000,RADAR-A2D2-9D1E,Sensor Key Largo / South Ocean Corridor,300,RED,RED
1772118468880,A2D2-9D1E,FLT-9D1E-001,25.254384,-80.349644,134.6,10,0,Mavic Air 2S,true,drone_images/Mavic Air 2S_withpayload.png,25.245000,-80.355000,25.244500,-80.355300,apolloshield_dji,dji,,,2414500000,RADAR-A2D2-9D1E,Sensor Key Largo / South Ocean Corridor,300,RED,RED
1772118469659,A2D2-9D1E,FLT-9D1E-001,25.254384,-80.349644,134.6,10,0,Mavic Air 2S,true,drone_images/Mavic Air 2S_withpayload.png,25.245000,-80.355000,25.244500,-80.355300,apolloshield_dji,dji,,,2414500000,RADAR-A2D2-9D1E,Sensor Key Largo / South Ocean Corridor,300,RED,RED
1772118470586,A2D2-9D1E,FLT-9D1E-001,25.254384,-80.349644,134.6,10,0,Mavic Air 2S,true,drone_images/Mavic Air 2S_withpayload.png,25.245000,-80.355000,25.244500,-80.355300,apolloshield_dji,dji,,,2414500000,RADAR-A2D2-9D1E,Sensor Key Largo / South Ocean Corridor,300,RED,RED
1772118471748,A2D2-9D1E,FLT-9D1E-001,25.254384,-80.349644,134.6,10,0,Mavic Air 2S,true,drone_images/Mavic Air 2S_withpayload.png,25.245000,-80.355000,25.244500,-80.355300,apolloshield_dji,dji,,,2414500000,RADAR-A2D2-9D1E,Sensor Key Largo / South Ocean Corridor,300,RED,RED
1772118472845,A2D2-9D1E,FLT-9D1E-001,25.254384,-80.349644,134.6,10,0,Mavic Air 2S,true,drone_images/Mavic Air 2S_withpayload.png,25.245000,-80.355000,25.244500,-80.355300,apolloshield_dji,dji,,,2414500000,RADAR-A2D2-9D1E,Sensor Key Largo / South Ocean Corridor,300,RED,RED
1772118473898,A2D2-9D1E,FLT-9D1E-001,25.254384,-80.349644,134.6,10,0,Mavic Air 2S,true,drone_images/Mavic Air 2S_withpayload.png,25.245000,-80.355000,25.244500,-80.355300,apolloshield_dji,dji,,,2414500000,RADAR-A2D2-9D1E,Sensor Key Largo / South Ocean Corridor,300,RED,RED
1772118474919,A2D2-9D1E,FLT-9D1E-001,25.254384,-80.349644,134.6,10,0,Mavic Air 2S,true,drone_images/Mavic Air 2S_withpayload.png,25.245000,-80.355000,25.244500,-80.355300,apolloshield_dji,dji,,,2414500000,RADAR-A2D2-9D1E,Sensor Key Largo / South Ocean Corridor,300,RED,RED
1772118475871,A2D2-9D1E,FLT-9D1E-001,25.254384,-80.349644,134.6,10,0,Mavic Air 2S,true,drone_images/Mavic Air 2S_withpayload.png,25.245000,-80.355000,25.244500,-80.355300,apolloshield_dji,dji,,,2414500000,RADAR-A2D2-9D1E,Sensor Key Largo / South Ocean Corridor,300,RED,RED
1772118521778,A2D2-9D1E,FLT-9D1E-001,25.249835,-80.345204,117.4,15,0,Mavic Air 2S,true,drone_images/Mavic Air 2S_withpayload.png,25.245000,-80.355000,25.244500,-80.355300,apolloshield_dji,dji,,,2414500000,RADAR-A2D2-9D1E,Sensor Key Largo / South Ocean Corridor,300,RED,RED
1772118522831,A2D2-9D1E,FLT-9D1E-001,25.249835,-80.345204,117.4,15,0,Mavic Air 2S,true,drone_images/Mavic Air 2S_withpayload.png,25.245000,-80.355000,25.244500,-80.355300,apolloshield_dji,dji,,,2414500000,RADAR-A2D2-9D1E,Sensor Key Largo / South Ocean Corridor,300,RED,RED
1772118523688,A2D2-9D1E,FLT-9D1E-001,25.249835,-80.345204,117.4,15,0,Mavic Air 2S,true,drone_images/Mavic Air 2S_withpayload.png,25.245000,-80.355000,25.244500,-80.355300,apolloshield_dji,dji,,,2414500000,RADAR-A2D2-9D1E,Sensor Key Largo / South Ocean Corridor,300,RED,RED
1772118524758,A2D2-9D1E,FLT-9D1E-001,25.249835,-80.345204,117.4,15,0,Mavic Air 2S,true,drone_images/Mavic Air 2S_withpayload.png,25.245000,-80.355000,25.244500,-80.355300,apolloshield_dji,dji,,,2414500000,RADAR-A2D2-9D1E,Sensor Key Largo / South Ocean Corridor,300,RED,RED
1772118525971,A2D2-9D1E,FLT-9D1E-001,25.249835,-80.345204,117.4,15,0,Mavic Air 2S,true,drone_images/Mavic Air 2S_withpayload.png,25.245000,-80.355000,25.244500,-80.355300,apolloshield_dji,dji,,,2414500000,RADAR-A2D2-9D1E,Sensor Key Largo / South Ocean Corridor,300,RED,RED
1772118527020,A2D2-9D1E,FLT-9D1E-001,25.249319,-80.345473,117.6,14.6,0,Mavic Air 2S,true,drone_images/Mavic Air 2S_withpayload.png,25.245000,-80.355000,25.244500,-80.355300,apolloshield_dji,dji,,,2414500000,RADAR-A2D2-9D1E,Sensor Key Largo / South Ocean Corridor,300,RED,RED
1772118527703,A2D2-9D1E,FLT-9D1E-001,25.249319,-80.345473,117.6,14.6,0,Mavic Air 2S,true,drone_images/Mavic Air 2S_withpayload.png,25.245000,-80.355000,25.244500,-80.355300,apolloshield_dji,dji,,,2414500000,RADAR-A2D2-9D1E,Sensor Key Largo / South Ocean Corridor,300,RED,RED
1772118528661,A2D2-9D1E,FLT-9D1E-001,25.249319,-80.345473,117.6,14.6,0,Mavic Air 2S,true,drone_images/Mavic Air 2S_withpayload.png,25.245000,-80.355000,25.244500,-80.355300,apolloshield_dji,dji,,,2414500000,RADAR-A2D2-9D1E,Sensor Key Largo / South Ocean Corridor,300,RED,RED
1772118529641,A2D2-9D1E,FLT-9D1E-001,25.249319,-80.345473,117.6,14.6,0,Mavic Air 2S,true,drone_images/Mavic Air 2S_withpayload.png,25.245000,-80.355000,25.244500,-80.355300,apolloshield_dji,dji,,,2414500000,RADAR-A2D2-9D1E,Sensor Key Largo / South Ocean Corridor,300,RED,RED
1772118530694,A2D2-9D1E,FLT-9D1E-001,25.249319,-80.345473,117.6,14.6,0,Mavic Air 2S,true,drone_images/Mavic Air 2S_withpayload.png,25.245000,-80.355000,25.244500,-80.355300,apolloshield_dji,dji,,,2414500000,RADAR-A2D2-9D1E,Sensor Key Largo / South Ocean Corridor,300,RED,RED
1772118531809,A2D2-9D1E,FLT-9D1E-001,25.249319,-80.345473,117.6,14.6,0,Mavic Air 2S,true,drone_images/Mavic Air 2S_withpayload.png,25.245000,-80.355000,25.244500,-80.355300,apolloshield_dji,dji,,,2414500000,RADAR-A2D2-9D1E,Sensor Key Largo / South Ocean Corridor,300,RED,RED
1772118532597,A2D2-9D1E,FLT-9D1E-001,25.249319,-80.345473,117.6,14.6,0,Mavic Air 2S,true,drone_images/Mavic Air 2S_withpayload.png,25.245000,-80.355000,25.244500,-80.355300,apolloshield_dji,dji,,,2414500000,RADAR-A2D2-9D1E,Sensor Key Largo / South Ocean Corridor,300,RED,RED
1772118533657,A2D2-9D1E,FLT-9D1E-001,25.249319,-80.345473,117.6,14.6,0,Mavic Air 2S,true,drone_images/Mavic Air 2S_withpayload.png,25.245000,-80.355000,25.244500,-80.355300,apolloshield_dji,dji,,,2414500000,RADAR-A2D2-9D1E,Sensor Key Largo / South Ocean Corridor,300,RED,RED
1772118534563,A2D2-9D1E,FLT-9D1E-001,25.249319,-80.345473,117.6,14.6,0,Mavic Air 2S,true,drone_images/Mavic Air 2S_withpayload.png,25.245000,-80.355000,25.244500,-80.355300,apolloshield_dji,dji,,,2414500000,RADAR-A2D2-9D1E,Sensor Key Largo / South Ocean Corridor,300,RED,RED
1772118535607,A2D2-9D1E,FLT-9D1E-001,25.249319,-80.345473,117.6,14.6,0,Mavic Air 2S,true,drone_images/Mavic Air 2S_withpayload.png,25.245000,-80.355000,25.244500,-80.355300,apolloshield_dji,dji,,,2414500000,RADAR-A2D2-9D1E,Sensor Key Largo / South Ocean Corridor,300,RED,RED
1772118536787,A2D2-9D1E,FLT-9D1E-001,25.249319,-80.345473,117.6,14.6,0,Mavic Air 2S,true,drone_images/Mavic Air 2S_withpayload.png,25.245000,-80.355000,25.244500,-80.355300,apolloshield_dji,dji,,,2414500000,RADAR-A2D2-9D1E,Sensor Key Largo / South Ocean Corridor,300,RED,RED
1772118537757,A2D2-9D1E,FLT-9D1E-001,25.249319,-80.345473,117.6,14.6,0,Mavic Air 2S,true,drone_images/Mavic Air 2S_withpayload.png,25.245000,-80.355000,25.244500,-80.355300,apolloshield_dji,dji,,,2414500000,RADAR-A2D2-9D1E,Sensor Key Largo / South Ocean Corridor,300,RED,RED
1772118538694,A2D2-9D1E,FLT-9D1E-001,25.249319,-80.345473,117.6,14.6,0,Mavic Air 2S,true,drone_images/Mavic Air 2S_withpayload.png,25.245000,-80.355000,25.244500,-80.355300,apolloshield_dji,dji,,,2414500000,RADAR-A2D2-9D1E,Sensor Key Largo / South Ocean Corridor,300,RED,RED
1772118539602,A2D2-9D1E,FLT-9D1E-001,25.249319,-80.345473,117.6,14.6,0,Mavic Air 2S,true,drone_images/Mavic Air 2S_withpayload.png,25.245000,-80.355000,25.244500,-80.355300,apolloshield_dji,dji,,,2414500000,RADAR-A2D2-9D1E,Sensor Key Largo / South Ocean Corridor,300,RED,RED
1772118540690,A2D2-9D1E,FLT-9D1E-001,25.249319,-80.345473,117.6,14.6,0,Mavic Air 2S,true,drone_images/Mavic Air 2S_withpayload.png,25.245000,-80.355000,25.244500,-80.355300,apolloshield_dji,dji,,,2414500000,RADAR-A2D2-9D1E,Sensor Key Largo / South Ocean Corridor,300,RED,RED
1772118541765,A2D2-9D1E,FLT-9D1E-001,25.249319,-80.345473,117.6,14.6,0,Mavic Air 2S,true,drone_images/Mavic Air 2S_withpayload.png,25.245000,-80.355000,25.244500,-80.355300,apolloshield_dji,dji,,,2414500000,RADAR-A2D2-9D1E,Sensor Key Largo / South Ocean Corridor,300,RED,RED
1772118542751,A2D2-9D1E,FLT-9D1E-001,25.249319,-80.345473,117.6,14.6,0,Mavic Air 2S,true,drone_images/Mavic Air 2S_withpayload.png,25.245000,-80.355000,25.244500,-80.355300,apolloshield_dji,dji,,,2414500000,RADAR-A2D2-9D1E,Sensor Key Largo / South Ocean Corridor,300,RED,RED
1772118543798,A2D2-9D1E,FLT-9D1E-001,25.249319,-80.345473,117.6,14.6,0,Mavic Air 2S,true,drone_images/Mavic Air 2S_withpayload.png,25.245000,-80.355000,25.244500,-80.355300,apolloshield_dji,dji,,,2414500000,RADAR-A2D2-9D1E,Sensor Key Largo / South Ocean Corridor,300,RED,RED
1772118544846,A2D2-9D1E,FLT-9D1E-001,25.249319,-80.345473,117.6,14.6,0,Mavic Air 2S,true,drone_images/Mavic Air 2S_withpayload.png,25.245000,-80.355000,25.244500,-80.355300,apolloshield_dji,dji,,,2414500000,RADAR-A2D2-9D1E,Sensor Key Largo / South Ocean Corridor,300,RED,RED
1772118545892,A2D2-9D1E,FLT-9D1E-001,25.249319,-80.345473,117.6,14.6,0,Mavic Air 2S,true,drone_images/Mavic Air 2S_withpayload.png,25.245000,-80.355000,25.244500,-80.355300,apolloshield_dji,dji,,,2414500000,RADAR-A2D2-9D1E,Sensor Key Largo / South Ocean Corridor,300,RED,RED
1772118546681,A2D2-9D1E,FLT-9D1E-001,25.249319,-80.345473,117.6,14.6,0,Mavic Air 2S,true,drone_images/Mavic Air 2S_withpayload.png,25.245000,-80.355000,25.244500,-80.355300,apolloshield_dji,dji,,,2414500000,RADAR-A2D2-9D1E,Sensor Key Largo / South Ocean Corridor,300,RED,RED
1772118547802,A2D2-9D1E,FLT-9D1E-001,25.249319,-80.345473,117.6,14.6,0,Mavic Air 2S,true,drone_images/Mavic Air 2S_withpayload.png,25.245000,-80.355000,25.244500,-80.355300,apolloshield_dji,dji,,,2414500000,RADAR-A2D2-9D1E,Sensor Key Largo / South Ocean Corridor,300,RED,RED
1772118548522,A2D2-9D1E,FLT-9D1E-001,25.249319,-80.345473,117.6,14.6,0,Mavic Air 2S,true,drone_images/Mavic Air 2S_withpayload.png,25.245000,-80.355000,25.244500,-80.355300,apolloshield_dji,dji,,,2414500000,RADAR-A2D2-9D1E,Sensor Key Largo / South Ocean Corridor,300,RED,RED
1772118550365,A2D2-9D1E,FLT-9D1E-001,25.249319,-80.345473,117.6,14.6,0,Mavic Air 2S,true,drone_images/Mavic Air 2S_withpayload.png,25.245000,-80.355000,25.244500,-80.355300,apolloshield_dji,dji,,,2414500000,RADAR-A2D2-9D1E,Sensor Key Largo / South Ocean Corridor,300,RED,RED
1772118550809,A2D2-9D1E,FLT-9D1E-001,25.249319,-80.345473,117.6,14.6,0,Mavic Air 2S,true,drone_images/Mavic Air 2S_withpayload.png,25.245000,-80.355000,25.244500,-80.355300,apolloshield_dji,dji,,,2414500000,RADAR-A2D2-9D1E,Sensor Key Largo / South Ocean Corridor,300,RED,RED
1772118551796,A2D2-9D1E,FLT-9D1E-001,25.249319,-80.345473,117.6,14.6,0,Mavic Air 2S,true,drone_images/Mavic Air 2S_withpayload.png,25.245000,-80.355000,25.244500,-80.355300,apolloshield_dji,dji,,,2414500000,RADAR-A2D2-9D1E,Sensor Key Largo / South Ocean Corridor,300,RED,RED
1772118552729,A2D2-9D1E,FLT-9D1E-001,25.249319,-80.345473,117.6,14.6,0,Mavic Air 2S,true,drone_images/Mavic Air 2S_withpayload.png,25.245000,-80.355000,25.244500,-80.355300,apolloshield_dji,dji,,,2414500000,RADAR-A2D2-9D1E,Sensor Key Largo / South Ocean Corridor,300,RED,RED
1772118553760,A2D2-9D1E,FLT-9D1E-001,25.249319,-80.345473,117.6,14.6,0,Mavic Air 2S,true,drone_images/Mavic Air 2S_withpayload.png,25.245000,-80.355000,25.244500,-80.355300,apolloshield_dji,dji,,,2414500000,RADAR-A2D2-9D1E,Sensor Key Largo / South Ocean Corridor,300,RED,RED
1772118554681,A2D2-9D1E,FLT-9D1E-001,25.249319,-80.345473,117.6,14.6,0,Mavic Air 2S,true,drone_images/Mavic Air 2S_withpayload.png,25.245000,-80.355000,25.244500,-80.355300,apolloshield_dji,dji,,,2414500000,RADAR-A2D2-9D1E,Sensor Key Largo / South Ocean Corridor,300,RED,RED
1772118555606,A2D2-9D1E,FLT-9D1E-001,25.249319,-80.345473,117.6,14.6,0,Mavic Air 2S,true,drone_images/Mavic Air 2S_withpayload.png,25.245000,-80.355000,25.244500,-80.355300,apolloshield_dji,dji,,,2414500000,RADAR-A2D2-9D1E,Sensor Key Largo / South Ocean Corridor,300,RED,RED
1772118556903,A2D2-9D1E,FLT-9D1E-001,25.249319,-80.345473,117.6,14.6,0,Mavic Air 2S,true,drone_images/Mavic Air 2S_withpayload.png,25.245000,-80.355000,25.244500,-80.355300,apolloshield_dji,dji,,,2414500000,RADAR-A2D2-9D1E,Sensor Key Largo / South Ocean Corridor,300,RED,RED
1772118557994,A2D2-9D1E,FLT-9D1E-001,25.249319,-80.345473,117.6,14.6,0,Mavic Air 2S,true,drone_images/Mavic Air 2S_withpayload.png,25.245000,-80.355000,25.244500,-80.355300,apolloshield_dji,dji,,,2414500000,RADAR-A2D2-9D1E,Sensor Key Largo / South Ocean Corridor,300,RED,RED
1772118559001,A2D2-9D1E,FLT-9D1E-001,25.249319,-80.345473,117.6,14.6,0,Mavic Air 2S,true,drone_images/Mavic Air 2S_withpayload.png,25.245000,-80.355000,25.244500,-80.355300,apolloshield_dji,dji,,,2414500000,RADAR-A2D2-9D1E,Sensor Key Largo / South Ocean Corridor,300,RED,RED
1772118559930,A2D2-9D1E,FLT-9D1E-001,25.249319,-80.345473,117.6,14.6,0,Mavic Air 2S,true,drone_images/Mavic Air 2S_withpayload.png,25.245000,-80.355000,25.244500,-80.355300,apolloshield_dji,dji,,,2414500000,RADAR-A2D2-9D1E,Sensor Key Largo / South Ocean Corridor,300,RED,RED
1772118560813,A2D2-9D1E,FLT-9D1E-001,25.249319,-80.345473,117.6,14.6,0,Mavic Air 2S,true,drone_images/Mavic Air 2S_withpayload.png,25.245000,-80.355000,25.244500,-80.355300,apolloshield_dji,dji,,,2414500000,RADAR-A2D2-9D1E,Sensor Key Largo / South Ocean Corridor,300,RED,RED
1772118561627,A2D2-9D1E,FLT-9D1E-001,25.249319,-80.345473,117.6,14.6,0,Mavic Air 2S,true,drone_images/Mavic Air 2S_withpayload.png,25.245000,-80.355000,25.244500,-80.355300,apolloshield_dji,dji,,,2414500000,RADAR-A2D2-9D1E,Sensor Key Largo / South Ocean Corridor,300,RED,RED
1772118562711,A2D2-9D1E,FLT-9D1E-001,25.249319,-80.345473,117.6,14.6,0,Mavic Air 2S,true,drone_images/Mavic Air 2S_withpayload.png,25.245000,-80.355000,25.244500,-80.355300,apolloshield_dji,dji,,,2414500000,RADAR-A2D2-9D1E,Sensor Key Largo / South Ocean Corridor,300,RED,RED
1772118563778,A2D2-9D1E,FLT-9D1E-001,25.249319,-80.345473,117.6,14.6,0,Mavic Air 2S,true,drone_images/Mavic Air 2S_withpayload.png,25.245000,-80.355000,25.244500,-80.355300,apolloshield_dji,dji,,,2414500000,RADAR-A2D2-9D1E,Sensor Key Largo / South Ocean Corridor,300,RED,RED
1772118564773,A2D2-9D1E,FLT-9D1E-001,25.249319,-80.345473,117.6,14.6,0,Mavic Air 2S,true,drone_images/Mavic Air 2S_withpayload.png,25.245000,-80.355000,25.244500,-80.355300,apolloshield_dji,dji,,,2414500000,RADAR-A2D2-9D1E,Sensor Key Largo / South Ocean Corridor,300,RED,RED
1772118565825,A2D2-9D1E,FLT-9D1E-001,25.249319,-80.345473,117.6,14.6,0,Mavic Air 2S,true,drone_images/Mavic Air 2S_withpayload.png,25.245000,-80.355000,25.244500,-80.355300,apolloshield_dji,dji,,,2414500000,RADAR-A2D2-9D1E,Sensor Key Largo / South Ocean Corridor,300,RED,RED
1772118566576,A2D2-9D1E,FLT-9D1E-001,25.249319,-80.345473,117.6,14.6,0,Mavic Air 2S,true,drone_images/Mavic Air 2S_withpayload.png,25.245000,-80.355000,25.244500,-80.355300,apolloshield_dji,dji,,,2414500000,RADAR-A2D2-9D1E,Sensor Key Largo / South Ocean Corridor,300,RED,RED
1772118567783,A2D2-9D1E,FLT-9D1E-001,25.249319,-80.345473,117.6,14.6,0,Mavic Air 2S,true,drone_images/Mavic Air 2S_withpayload.png,25.245000,-80.355000,25.244500,-80.355300,apolloshield_dji,dji,,,2414500000,RADAR-A2D2-9D1E,Sensor Key Largo / South Ocean Corridor,300,RED,RED
1772118568668,A2D2-9D1E,FLT-9D1E-001,25.249319,-80.345473,117.6,14.6,0,Mavic Air 2S,true,drone_images/Mavic Air 2S_withpayload.png,25.245000,-80.355000,25.244500,-80.355300,apolloshield_dji,dji,,,2414500000,RADAR-A2D2-9D1E,Sensor Key Largo / South Ocean Corridor,300,RED,RED
1772118569871,A2D2-9D1E,FLT-9D1E-001,25.249319,-80.345473,117.6,14.6,0,Mavic Air 2S,true,drone_images/Mavic Air 2S_withpayload.png,25.245000,-80.355000,25.244500,-80.355300,apolloshield_dji,dji,,,2414500000,RADAR-A2D2-9D1E,Sensor Key Largo / South Ocean Corridor,300,RED,RED
1772118570709,A2D2-9D1E,FLT-9D1E-001,25.249319,-80.345473,117.6,14.6,0,Mavic Air 2S,true,drone_images/Mavic Air 2S_withpayload.png,25.245000,-80.355000,25.244500,-80.355300,apolloshield_dji,dji,,,2414500000,RADAR-A2D2-9D1E,Sensor Key Largo / South Ocean Corridor,300,RED,RED
1772118608683,A2D2-9D1E,FLT-9D1E-001,25.248855,-80.349484,118.5,14.9,0,Mavic Air 2S,true,drone_images/Mavic Air 2S_withpayload.png,25.245000,-80.355000,25.244500,-80.355300,apolloshield_dji,dji,,,2414500000,RADAR-A2D2-9D1E,Sensor Key Largo / South Ocean Corridor,300,RED,RED
1772118610043,A2D2-9D1E,FLT-9D1E-001,25.248855,-80.349484,118.5,14.9,0,Mavic Air 2S,true,drone_images/Mavic Air 2S_withpayload.png,25.245000,-80.355000,25.244500,-80.355300,apolloshield_dji,dji,,,2414500000,RADAR-A2D2-9D1E,Sensor Key Largo / South Ocean Corridor,300,RED,RED
1772118610742,A2D2-9D1E,FLT-9D1E-001,25.248855,-80.349484,118.5,14.9,0,Mavic Air 2S,true,drone_images/Mavic Air 2S_withpayload.png,25.245000,-80.355000,25.244500,-80.355300,apolloshield_dji,dji,,,2414500000,RADAR-A2D2-9D1E,Sensor Key Largo / South Ocean Corridor,300,RED,RED
1772118611048,A2D2-9D1E,FLT-9D1E-001,25.248855,-80.349484,118.5,14.9,0,Mavic Air 2S,true,drone_images/Mavic Air 2S_withpayload.png,25.245000,-80.355000,25.244500,-80.355300,apolloshield_dji,dji,,,2414500000,RADAR-A2D2-9D1E,Sensor Key Largo / South Ocean Corridor,300,RED,RED
1772118612005,A2D2-9D1E,FLT-9D1E-001,25.248855,-80.349484,118.5,14.9,0,Mavic Air 2S,true,drone_images/Mavic Air 2S_withpayload.png,25.245000,-80.355000,25.244500,-80.355300,apolloshield_dji,dji,,,2414500000,RADAR-A2D2-9D1E,Sensor Key Largo / South Ocean Corridor,300,RED,RED
1772118612774,A2D2-9D1E,FLT-9D1E-001,25.248855,-80.349484,118.5,14.9,0,Mavic Air 2S,true,drone_images/Mavic Air 2S_withpayload.png,25.245000,-80.355000,25.244500,-80.355300,apolloshield_dji,dji,,,2414500000,RADAR-A2D2-9D1E,Sensor Key Largo / South Ocean Corridor,300,RED,RED
1772118613678,A2D2-9D1E,FLT-9D1E-001,25.248855,-80.349484,118.5,14.9,0,Mavic Air 2S,true,drone_images/Mavic Air 2S_withpayload.png,25.245000,-80.355000,25.244500,-80.355300,apolloshield_dji,dji,,,2414500000,RADAR-A2D2-9D1E,Sensor Key Largo / South Ocean Corridor,300,RED,RED
1772118614617,A2D2-9D1E,FLT-9D1E-001,25.248855,-80.349484,118.5,14.9,0,Mavic Air 2S,true,drone_images/Mavic Air 2S_withpayload.png,25.245000,-80.355000,25.244500,-80.355300,apolloshield_dji,dji,,,2414500000,RADAR-A2D2-9D1E,Sensor Key Largo / South Ocean Corridor,300,RED,RED
1772118615869,A2D2-9D1E,FLT-9D1E-001,25.248855,-80.349484,118.5,14.9,0,Mavic Air 2S,true,drone_images/Mavic Air 2S_withpayload.png,25.245000,-80.355000,25.244500,-80.355300,apolloshield_dji,dji,,,2414500000,RADAR-A2D2-9D1E,Sensor Key Largo / South Ocean Corridor,300,RED,RED
1772118616755,A2D2-9D1E,FLT-9D1E-001,25.248855,-80.349484,118.5,14.9,0,Mavic Air 2S,true,drone_images/Mavic Air 2S_withpayload.png,25.245000,-80.355000,25.244500,-80.355300,apolloshield_dji,dji,,,2414500000,RADAR-A2D2-9D1E,Sensor Key Largo / South Ocean Corridor,300,RED,RED
1772118617718,A2D2-9D1E,FLT-9D1E-001,25.248855,-80.349484,118.5,14.9,0,Mavic Air 2S,true,drone_images/Mavic Air 2S_withpayload.png,25.245000,-80.355000,25.244500,-80.355300,apolloshield_dji,dji,,,2414500000,RADAR-A2D2-9D1E,Sensor Key Largo / South Ocean Corridor,300,RED,RED
1772118618771,A2D2-9D1E,FLT-9D1E-001,25.249480,-80.349478,118.6,34,0,Mavic Air 2S,true,drone_images/Mavic Air 2S_withpayload.png,25.245000,-80.355000,25.244500,-80.355300,apolloshield_dji,dji,,,2414500000,RADAR-A2D2-9D1E,Sensor Key Largo / South Ocean Corridor,300,RED,RED
1772118619721,A2D2-9D1E,FLT-9D1E-001,25.249480,-80.349478,118.6,34,0,Mavic Air 2S,true,drone_images/Mavic Air 2S_withpayload.png,25.245000,-80.355000,25.244500,-80.355300,apolloshield_dji,dji,,,2414500000,RADAR-A2D2-9D1E,Sensor Key Largo / South Ocean Corridor,300,RED,RED
1772118620619,A2D2-9D1E,FLT-9D1E-001,25.249480,-80.349478,118.6,34,0,Mavic Air 2S,true,drone_images/Mavic Air 2S_withpayload.png,25.245000,-80.355000,25.244500,-80.355300,apolloshield_dji,dji,,,2414500000,RADAR-A2D2-9D1E,Sensor Key Largo / South Ocean Corridor,300,RED,RED
1772118621665,A2D2-9D1E,FLT-9D1E-001,25.249480,-80.349478,118.6,34,0,Mavic Air 2S,true,drone_images/Mavic Air 2S_withpayload.png,25.245000,-80.355000,25.244500,-80.355300,apolloshield_dji,dji,,,2414500000,RADAR-A2D2-9D1E,Sensor Key Largo / South Ocean Corridor,300,RED,RED
1772118622670,A2D2-9D1E,FLT-9D1E-001,25.249480,-80.349478,118.6,34,0,Mavic Air 2S,true,drone_images/Mavic Air 2S_withpayload.png,25.245000,-80.355000,25.244500,-80.355300,apolloshield_dji,dji,,,2414500000,RADAR-A2D2-9D1E,Sensor Key Largo / South Ocean Corridor,300,RED,RED
1772118623769,A2D2-9D1E,FLT-9D1E-001,25.249480,-80.349478,118.6,34,0,Mavic Air 2S,true,drone_images/Mavic Air 2S_withpayload.png,25.245000,-80.355000,25.244500,-80.355300,apolloshield_dji,dji,,,2414500000,RADAR-A2D2-9D1E,Sensor Key Largo / South Ocean Corridor,300,RED,RED
1772118624584,A2D2-9D1E,FLT-9D1E-001,25.249480,-80.349478,118.6,34,0,Mavic Air 2S,true,drone_images/Mavic Air 2S_withpayload.png,25.245000,-80.355000,25.244500,-80.355300,apolloshield_dji,dji,,,2414500000,RADAR-A2D2-9D1E,Sensor Key Largo / South Ocean Corridor,300,RED,RED
1772118625803,A2D2-9D1E,FLT-9D1E-001,25.249480,-80.349478,118.6,34,0,Mavic Air 2S,true,drone_images/Mavic Air 2S_withpayload.png,25.245000,-80.355000,25.244500,-80.355300,apolloshield_dji,dji,,,2414500000,RADAR-A2D2-9D1E,Sensor Key Largo / South Ocean Corridor,300,RED,RED
1772118626858,A2D2-9D1E,FLT-9D1E-001,25.249480,-80.349478,118.6,34,0,Mavic Air 2S,true,drone_images/Mavic Air 2S_withpayload.png,25.245000,-80.355000,25.244500,-80.355300,apolloshield_dji,dji,,,2414500000,RADAR-A2D2-9D1E,Sensor Key Largo / South Ocean Corridor,300,RED,RED
1772118627707,A2D2-9D1E,FLT-9D1E-001,25.249480,-80.349478,118.6,34,0,Mavic Air 2S,true,drone_images/Mavic Air 2S_withpayload.png,25.245000,-80.355000,25.244500,-80.355300,apolloshield_dji,dji,,,2414500000,RADAR-A2D2-9D1E,Sensor Key Largo / South Ocean Corridor,300,RED,RED
1772118628549,A2D2-9D1E,FLT-9D1E-001,25.249480,-80.349478,118.6,34,0,Mavic Air 2S,true,drone_images/Mavic Air 2S_withpayload.png,25.245000,-80.355000,25.244500,-80.355300,apolloshield_dji,dji,,,2414500000,RADAR-A2D2-9D1E,Sensor Key Largo / South Ocean Corridor,300,RED,RED
1772118629586,A2D2-9D1E,FLT-9D1E-001,25.249480,-80.349478,118.6,34,0,Mavic Air 2S,true,drone_images/Mavic Air 2S_withpayload.png,25.245000,-80.355000,25.244500,-80.355300,apolloshield_dji,dji,,,2414500000,RADAR-A2D2-9D1E,Sensor Key Largo / South Ocean Corridor,300,RED,RED
1772118630663,A2D2-9D1E,FLT-9D1E-001,25.249480,-80.349478,118.6,34,0,Mavic Air 2S,true,drone_images/Mavic Air 2S_withpayload.png,25.245000,-80.355000,25.244500,-80.355300,apolloshield_dji,dji,,,2414500000,RADAR-A2D2-9D1E,Sensor Key Largo / South Ocean Corridor,300,RED,RED
1772118631695,A2D2-9D1E,FLT-9D1E-001,25.249480,-80.349478,118.6,34,0,Mavic Air 2S,true,drone_images/Mavic Air 2S_withpayload.png,25.245000,-80.355000,25.244500,-80.355300,apolloshield_dji,dji,,,2414500000,RADAR-A2D2-9D1E,Sensor Key Largo / South Ocean Corridor,300,RED,RED
1772118632703,A2D2-9D1E,FLT-9D1E-001,25.249480,-80.349478,118.6,34,0,Mavic Air 2S,true,drone_images/Mavic Air 2S_withpayload.png,25.245000,-80.355000,25.244500,-80.355300,apolloshield_dji,dji,,,2414500000,RADAR-A2D2-9D1E,Sensor Key Largo / South Ocean Corridor,300,RED,RED
1772118633675,A2D2-9D1E,FLT-9D1E-001,25.249480,-80.349478,118.6,34,0,Mavic Air 2S,true,drone_images/Mavic Air 2S_withpayload.png,25.245000,-80.355000,25.244500,-80.355300,apolloshield_dji,dji,,,2414500000,RADAR-A2D2-9D1E,Sensor Key Largo / South Ocean Corridor,300,RED,RED
1772118634780,A2D2-9D1E,FLT-9D1E-001,25.249480,-80.349478,118.6,34,0,Mavic Air 2S,true,drone_images/Mavic Air 2S_withpayload.png,25.245000,-80.355000,25.244500,-80.355300,apolloshield_dji,dji,,,2414500000,RADAR-A2D2-9D1E,Sensor Key Largo / South Ocean Corridor,300,RED,RED
1772118635727,A2D2-9D1E,FLT-9D1E-001,25.249480,-80.349478,118.6,34,0,Mavic Air 2S,true,drone_images/Mavic Air 2S_withpayload.png,25.245000,-80.355000,25.244500,-80.355300,apolloshield_dji,dji,,,2414500000,RADAR-A2D2-9D1E,Sensor Key Largo / South Ocean Corridor,300,RED,RED
1772118636700,A2D2-9D1E,FLT-9D1E-001,25.249732,-80.351031,79,9.7,0,Mavic Air 2S,true,drone_images/Mavic Air 2S_withpayload.png,25.245000,-80.355000,25.244500,-80.355300,apolloshield_dji,dji,,,2414500000,RADAR-A2D2-9D1E,Sensor Key Largo / South Ocean Corridor,300,RED,RED
1772118637641,A2D2-9D1E,FLT-9D1E-001,25.249732,-80.351031,79,9.7,0,Mavic Air 2S,true,drone_images/Mavic Air 2S_withpayload.png,25.245000,-80.355000,25.244500,-80.355300,apolloshield_dji,dji,,,2414500000,RADAR-A2D2-9D1E,Sensor Key Largo / South Ocean Corridor,300,RED,RED
1772118638692,A2D2-9D1E,FLT-9D1E-001,25.249732,-80.351031,79,9.7,0,Mavic Air 2S,true,drone_images/Mavic Air 2S_withpayload.png,25.245000,-80.355000,25.244500,-80.355300,apolloshield_dji,dji,,,2414500000,RADAR-A2D2-9D1E,Sensor Key Largo / South Ocean Corridor,300,RED,RED
1772118639836,A2D2-9D1E,FLT-9D1E-001,25.249732,-80.351031,79,9.7,0,Mavic Air 2S,true,drone_images/Mavic Air 2S_withpayload.png,25.245000,-80.355000,25.244500,-80.355300,apolloshield_dji,dji,,,2414500000,RADAR-A2D2-9D1E,Sensor Key Largo / South Ocean Corridor,300,RED,RED
1772118640652,A2D2-9D1E,FLT-9D1E-001,25.249732,-80.351031,79,9.7,0,Mavic Air 2S,true,drone_images/Mavic Air 2S_withpayload.png,25.245000,-80.355000,25.244500,-80.355300,apolloshield_dji,dji,,,2414500000,RADAR-A2D2-9D1E,Sensor Key Largo / South Ocean Corridor,300,RED,RED
1772118641610,A2D2-9D1E,FLT-9D1E-001,25.249732,-80.351031,79,9.7,0,Mavic Air 2S,true,drone_images/Mavic Air 2S_withpayload.png,25.245000,-80.355000,25.244500,-80.355300,apolloshield_dji,dji,,,2414500000,RADAR-A2D2-9D1E,Sensor Key Largo / South Ocean Corridor,300,RED,RED
1772118642577,A2D2-9D1E,FLT-9D1E-001,25.249732,-80.351031,79,9.7,0,Mavic Air 2S,true,drone_images/Mavic Air 2S_withpayload.png,25.245000,-80.355000,25.244500,-80.355300,apolloshield_dji,dji,,,2414500000,RADAR-A2D2-9D1E,Sensor Key Largo / South Ocean Corridor,300,RED,RED
1772118643490,A2D2-9D1E,FLT-9D1E-001,25.249732,-80.351031,79,9.7,0,Mavic Air 2S,true,drone_images/Mavic Air 2S_withpayload.png,25.245000,-80.355000,25.244500,-80.355300,apolloshield_dji,dji,,,2414500000,RADAR-A2D2-9D1E,Sensor Key Largo / South Ocean Corridor,300,RED,RED
1772118644619,A2D2-9D1E,FLT-9D1E-001,25.249732,-80.351031,79,9.7,0,Mavic Air 2S,true,drone_images/Mavic Air 2S_withpayload.png,25.245000,-80.355000,25.244500,-80.355300,apolloshield_dji,dji,,,2414500000,RADAR-A2D2-9D1E,Sensor Key Largo / South Ocean Corridor,300,RED,RED
1772118645889,A2D2-9D1E,FLT-9D1E-001,25.249732,-80.351031,79,9.7,0,Mavic Air 2S,true,drone_images/Mavic Air 2S_withpayload.png,25.245000,-80.355000,25.244500,-80.355300,apolloshield_dji,dji,,,2414500000,RADAR-A2D2-9D1E,Sensor Key Largo / South Ocean Corridor,300,RED,RED
1772118646655,A2D2-9D1E,FLT-9D1E-001,25.249732,-80.351031,79,9.7,0,Mavic Air 2S,true,drone_images/Mavic Air 2S_withpayload.png,25.245000,-80.355000,25.244500,-80.355300,apolloshield_dji,dji,,,2414500000,RADAR-A2D2-9D1E,Sensor Key Largo / South Ocean Corridor,300,RED,RED
1772118647830,A2D2-9D1E,FLT-9D1E-001,25.249732,-80.351031,79,9.7,0,Mavic Air 2S,true,drone_images/Mavic Air 2S_withpayload.png,25.245000,-80.355000,25.244500,-80.355300,apolloshield_dji,dji,,,2414500000,RADAR-A2D2-9D1E,Sensor Key Largo / South Ocean Corridor,300,RED,RED
1772118648650,A2D2-9D1E,FLT-9D1E-001,25.249732,-80.351031,79,9.7,0,Mavic Air 2S,true,drone_images/Mavic Air 2S_withpayload.png,25.245000,-80.355000,25.244500,-80.355300,apolloshield_dji,dji,,,2414500000,RADAR-A2D2-9D1E,Sensor Key Largo / South Ocean Corridor,300,RED,RED
1772118649697,A2D2-9D1E,FLT-9D1E-001,25.249732,-80.351031,79,9.7,0,Mavic Air 2S,true,drone_images/Mavic Air 2S_withpayload.png,25.245000,-80.355000,25.244500,-80.355300,apolloshield_dji,dji,,,2414500000,RADAR-A2D2-9D1E,Sensor Key Largo / South Ocean Corridor,300,RED,RED
1772118650628,A2D2-9D1E,FLT-9D1E-001,25.249732,-80.351031,79,9.7,0,Mavic Air 2S,true,drone_images/Mavic Air 2S_withpayload.png,25.245000,-80.355000,25.244500,-80.355300,apolloshield_dji,dji,,,2414500000,RADAR-A2D2-9D1E,Sensor Key Largo / South Ocean Corridor,300,RED,RED
1772118651627,A2D2-9D1E,FLT-9D1E-001,25.249732,-80.351031,79,9.7,0,Mavic Air 2S,true,drone_images/Mavic Air 2S_withpayload.png,25.245000,-80.355000,25.244500,-80.355300,apolloshield_dji,dji,,,2414500000,RADAR-A2D2-9D1E,Sensor Key Largo / South Ocean Corridor,300,RED,RED
1772118652570,A2D2-9D1E,FLT-9D1E-001,25.249732,-80.351031,79,9.7,0,Mavic Air 2S,true,drone_images/Mavic Air 2S_withpayload.png,25.245000,-80.355000,25.244500,-80.355300,apolloshield_dji,dji,,,2414500000,RADAR-A2D2-9D1E,Sensor Key Largo / South Ocean Corridor,300,RED,RED
1772118653694,A2D2-9D1E,FLT-9D1E-001,25.249732,-80.351031,79,9.7,0,Mavic Air 2S,true,drone_images/Mavic Air 2S_withpayload.png,25.245000,-80.355000,25.244500,-80.355300,apolloshield_dji,dji,,,2414500000,RADAR-A2D2-9D1E,Sensor Key Largo / South Ocean Corridor,300,RED,RED
1772118654624,A2D2-9D1E,FLT-9D1E-001,25.249732,-80.351031,79,9.7,0,Mavic Air 2S,true,drone_images/Mavic Air 2S_withpayload.png,25.245000,-80.355000,25.244500,-80.355300,apolloshield_dji,dji,,,2414500000,RADAR-A2D2-9D1E,Sensor Key Largo / South Ocean Corridor,300,RED,RED
1772118655756,A2D2-9D1E,FLT-9D1E-001,25.249732,-80.351031,79,9.7,0,Mavic Air 2S,true,drone_images/Mavic Air 2S_withpayload.png,25.245000,-80.355000,25.244500,-80.355300,apolloshield_dji,dji,,,2414500000,RADAR-A2D2-9D1E,Sensor Key Largo / South Ocean Corridor,300,RED,RED
1772118656813,A2D2-9D1E,FLT-9D1E-001,25.249732,-80.351031,79,9.7,0,Mavic Air 2S,true,drone_images/Mavic Air 2S_withpayload.png,25.245000,-80.355000,25.244500,-80.355300,apolloshield_dji,dji,,,2414500000,RADAR-A2D2-9D1E,Sensor Key Largo / South Ocean Corridor,300,RED,RED
1772118657614,A2D2-9D1E,FLT-9D1E-001,25.249732,-80.351031,79,9.7,0,Mavic Air 2S,true,drone_images/Mavic Air 2S_withpayload.png,25.245000,-80.355000,25.244500,-80.355300,apolloshield_dji,dji,,,2414500000,RADAR-A2D2-9D1E,Sensor Key Largo / South Ocean Corridor,300,RED,RED
1772118659136,A2D2-9D1E,FLT-9D1E-001,25.249732,-80.351031,79,9.7,0,Mavic Air 2S,true,drone_images/Mavic Air 2S_withpayload.png,25.245000,-80.355000,25.244500,-80.355300,apolloshield_dji,dji,,,2414500000,RADAR-A2D2-9D1E,Sensor Key Largo / South Ocean Corridor,300,RED,RED
1772118659792,A2D2-9D1E,FLT-9D1E-001,25.249732,-80.351031,79,9.7,0,Mavic Air 2S,true,drone_images/Mavic Air 2S_withpayload.png,25.245000,-80.355000,25.244500,-80.355300,apolloshield_dji,dji,,,2414500000,RADAR-A2D2-9D1E,Sensor Key Largo / South Ocean Corridor,300,RED,RED
1772118660612,A2D2-9D1E,FLT-9D1E-001,25.249732,-80.351031,79,9.7,0,Mavic Air 2S,true,drone_images/Mavic Air 2S_withpayload.png,25.245000,-80.355000,25.244500,-80.355300,apolloshield_dji,dji,,,2414500000,RADAR-A2D2-9D1E,Sensor Key Largo / South Ocean Corridor,300,RED,RED
1772118661757,A2D2-9D1E,FLT-9D1E-001,25.249732,-80.351031,79,9.7,0,Mavic Air 2S,true,drone_images/Mavic Air 2S_withpayload.png,25.245000,-80.355000,25.244500,-80.355300,apolloshield_dji,dji,,,2414500000,RADAR-A2D2-9D1E,Sensor Key Largo / South Ocean Corridor,300,RED,RED
1772118662806,A2D2-9D1E,FLT-9D1E-001,25.249732,-80.351031,79,9.7,0,Mavic Air 2S,true,drone_images/Mavic Air 2S_withpayload.png,25.245000,-80.355000,25.244500,-80.355300,apolloshield_dji,dji,,,2414500000,RADAR-A2D2-9D1E,Sensor Key Largo / South Ocean Corridor,300,RED,RED
1772118663720,A2D2-9D1E,FLT-9D1E-001,25.249732,-80.351031,79,9.7,0,Mavic Air 2S,true,drone_images/Mavic Air 2S_withpayload.png,25.245000,-80.355000,25.244500,-80.355300,apolloshield_dji,dji,,,2414500000,RADAR-A2D2-9D1E,Sensor Key Largo / South Ocean Corridor,300,RED,RED
1772118664543,A2D2-9D1E,FLT-9D1E-001,25.249732,-80.351031,79,9.7,0,Mavic Air 2S,true,drone_images/Mavic Air 2S_withpayload.png,25.245000,-80.355000,25.244500,-80.355300,apolloshield_dji,dji,,,2414500000,RADAR-A2D2-9D1E,Sensor Key Largo / South Ocean Corridor,300,RED,RED
1772118665699,A2D2-9D1E,FLT-9D1E-001,25.249732,-80.351031,79,9.7,0,Mavic Air 2S,true,drone_images/Mavic Air 2S_withpayload.png,25.245000,-80.355000,25.244500,-80.355300,apolloshield_dji,dji,,,2414500000,RADAR-A2D2-9D1E,Sensor Key Largo / South Ocean Corridor,300,RED,RED
1772118666784,A2D2-9D1E,FLT-9D1E-001,25.249732,-80.351031,79,9.7,0,Mavic Air 2S,true,drone_images/Mavic Air 2S_withpayload.png,25.245000,-80.355000,25.244500,-80.355300,apolloshield_dji,dji,,,2414500000,RADAR-A2D2-9D1E,Sensor Key Largo / South Ocean Corridor,300,RED,RED
1772118668051,A2D2-9D1E,FLT-9D1E-001,25.249732,-80.351031,79,9.7,0,Mavic Air 2S,true,drone_images/Mavic Air 2S_withpayload.png,25.245000,-80.355000,25.244500,-80.355300,apolloshield_dji,dji,,,2414500000,RADAR-A2D2-9D1E,Sensor Key Largo / South Ocean Corridor,300,RED,RED
1772118668783,A2D2-9D1E,FLT-9D1E-001,25.249732,-80.351031,79,9.7,0,Mavic Air 2S,true,drone_images/Mavic Air 2S_withpayload.png,25.245000,-80.355000,25.244500,-80.355300,apolloshield_dji,dji,,,2414500000,RADAR-A2D2-9D1E,Sensor Key Largo / South Ocean Corridor,300,RED,RED
1772118669661,A2D2-9D1E,FLT-9D1E-001,25.249732,-80.351031,79,9.7,0,Mavic Air 2S,true,drone_images/Mavic Air 2S_withpayload.png,25.245000,-80.355000,25.244500,-80.355300,apolloshield_dji,dji,,,2414500000,RADAR-A2D2-9D1E,Sensor Key Largo / South Ocean Corridor,300,RED,RED
1772118670754,A2D2-9D1E,FLT-9D1E-001,25.249732,-80.351031,79,9.7,0,Mavic Air 2S,true,drone_images/Mavic Air 2S_withpayload.png,25.245000,-80.355000,25.244500,-80.355300,apolloshield_dji,dji,,,2414500000,RADAR-A2D2-9D1E,Sensor Key Largo / South Ocean Corridor,300,RED,RED
1772118671720,A2D2-9D1E,FLT-9D1E-001,25.249732,-80.351031,79,9.7,0,Mavic Air 2S,true,drone_images/Mavic Air 2S_withpayload.png,25.245000,-80.355000,25.244500,-80.355300,apolloshield_dji,dji,,,2414500000,RADAR-A2D2-9D1E,Sensor Key Largo / South Ocean Corridor,300,RED,RED
1772118672775,A2D2-9D1E,FLT-9D1E-001,25.249732,-80.351031,79,9.7,0,Mavic Air 2S,true,drone_images/Mavic Air 2S_withpayload.png,25.245000,-80.355000,25.244500,-80.355300,apolloshield_dji,dji,,,2414500000,RADAR-A2D2-9D1E,Sensor Key Largo / South Ocean Corridor,300,RED,RED
1772118673671,A2D2-9D1E,FLT-9D1E-001,25.249732,-80.351031,79,9.7,0,Mavic Air 2S,true,drone_images/Mavic Air 2S_withpayload.png,25.245000,-80.355000,25.244500,-80.355300,apolloshield_dji,dji,,,2414500000,RADAR-A2D2-9D1E,Sensor Key Largo / South Ocean Corridor,300,RED,RED
1772118674770,A2D2-9D1E,FLT-9D1E-001,25.249732,-80.351031,79,9.7,0,Mavic Air 2S,true,drone_images/Mavic Air 2S_withpayload.png,25.245000,-80.355000,25.244500,-80.355300,apolloshield_dji,dji,,,2414500000,RADAR-A2D2-9D1E,Sensor Key Largo / South Ocean Corridor,300,RED,RED
1772118675664,A2D2-9D1E,FLT-9D1E-001,25.249732,-80.351031,79,9.7,0,Mavic Air 2S,true,drone_images/Mavic Air 2S_withpayload.png,25.245000,-80.355000,25.244500,-80.355300,apolloshield_dji,dji,,,2414500000,RADAR-A2D2-9D1E,Sensor Key Largo / South Ocean Corridor,300,RED,RED
1772118676737,A2D2-9D1E,FLT-9D1E-001,25.249732,-80.351031,79,9.7,0,Mavic Air 2S,true,drone_images/Mavic Air 2S_withpayload.png,25.245000,-80.355000,25.244500,-80.355300,apolloshield_dji,dji,,,2414500000,RADAR-A2D2-9D1E,Sensor Key Largo / South Ocean Corridor,300,RED,RED
1772118677866,A2D2-9D1E,FLT-9D1E-001,25.249732,-80.351031,79,9.7,0,Mavic Air 2S,true,drone_images/Mavic Air 2S_withpayload.png,25.245000,-80.355000,25.244500,-80.355300,apolloshield_dji,dji,,,2414500000,RADAR-A2D2-9D1E,Sensor Key Largo / South Ocean Corridor,300,RED,RED
1772118678611,A2D2-9D1E,FLT-9D1E-001,25.249732,-80.351031,79,9.7,0,Mavic Air 2S,true,drone_images/Mavic Air 2S_withpayload.png,25.245000,-80.355000,25.244500,-80.355300,apolloshield_dji,dji,,,2414500000,RADAR-A2D2-9D1E,Sensor Key Largo / South Ocean Corridor,300,RED,RED
1772118679756,A2D2-9D1E,FLT-9D1E-001,25.249732,-80.351031,79,9.7,0,Mavic Air 2S,true,drone_images/Mavic Air 2S_withpayload.png,25.245000,-80.355000,25.244500,-80.355300,apolloshield_dji,dji,,,2414500000,RADAR-A2D2-9D1E,Sensor Key Largo / South Ocean Corridor,300,RED,RED
1772118680784,A2D2-9D1E,FLT-9D1E-001,25.249732,-80.351031,79,9.7,0,Mavic Air 2S,true,drone_images/Mavic Air 2S_withpayload.png,25.245000,-80.355000,25.244500,-80.355300,apolloshield_dji,dji,,,2414500000,RADAR-A2D2-9D1E,Sensor Key Largo / South Ocean Corridor,300,RED,RED
1772118738675,A2D2-9D1E,FLT-9D1E-001,25.248511,-80.347278,79.1,14,0,Mavic Air 2S,true,drone_images/Mavic Air 2S_withpayload.png,25.245000,-80.355000,25.244500,-80.355300,apolloshield_dji,dji,,,2414500000,RADAR-A2D2-9D1E,Sensor Key Largo / South Ocean Corridor,300,RED,RED
1772118739576,A2D2-9D1E,FLT-9D1E-001,25.248511,-80.347278,79.1,14,0,Mavic Air 2S,true,drone_images/Mavic Air 2S_withpayload.png,25.245000,-80.355000,25.244500,-80.355300,apolloshield_dji,dji,,,2414500000,RADAR-A2D2-9D1E,Sensor Key Largo / South Ocean Corridor,300,RED,RED
1772118740593,A2D2-9D1E,FLT-9D1E-001,25.248511,-80.347278,79.1,14,0,Mavic Air 2S,true,drone_images/Mavic Air 2S_withpayload.png,25.245000,-80.355000,25.244500,-80.355300,apolloshield_dji,dji,,,2414500000,RADAR-A2D2-9D1E,Sensor Key Largo / South Ocean Corridor,300,RED,RED
1772118741719,A2D2-9D1E,FLT-9D1E-001,25.248511,-80.347278,79.1,14,0,Mavic Air 2S,true,drone_images/Mavic Air 2S_withpayload.png,25.245000,-80.355000,25.244500,-80.355300,apolloshield_dji,dji,,,2414500000,RADAR-A2D2-9D1E,Sensor Key Largo / South Ocean Corridor,300,RED,RED
1772118742553,A2D2-9D1E,FLT-9D1E-001,25.248511,-80.347278,79.1,14,0,Mavic Air 2S,true,drone_images/Mavic Air 2S_withpayload.png,25.245000,-80.355000,25.244500,-80.355300,apolloshield_dji,dji,,,2414500000,RADAR-A2D2-9D1E,Sensor Key Largo / South Ocean Corridor,300,RED,RED
1772118743853,A2D2-9D1E,FLT-9D1E-001,25.248511,-80.347278,79.1,14,0,Mavic Air 2S,true,drone_images/Mavic Air 2S_withpayload.png,25.245000,-80.355000,25.244500,-80.355300,apolloshield_dji,dji,,,2414500000,RADAR-A2D2-9D1E,Sensor Key Largo / South Ocean Corridor,300,RED,RED
1772118744769,A2D2-9D1E,FLT-9D1E-001,25.248511,-80.347278,79.1,14,0,Mavic Air 2S,true,drone_images/Mavic Air 2S_withpayload.png,25.245000,-80.355000,25.244500,-80.355300,apolloshield_dji,dji,,,2414500000,RADAR-A2D2-9D1E,Sensor Key Largo / South Ocean Corridor,300,RED,RED
1772118745639,A2D2-9D1E,FLT-9D1E-001,25.248511,-80.347278,79.1,14,0,Mavic Air 2S,true,drone_images/Mavic Air 2S_withpayload.png,25.245000,-80.355000,25.244500,-80.355300,apolloshield_dji,dji,,,2414500000,RADAR-A2D2-9D1E,Sensor Key Largo / South Ocean Corridor,300,RED,RED
1772118746812,A2D2-9D1E,FLT-9D1E-001,25.248511,-80.347278,79.1,14,0,Mavic Air 2S,true,drone_images/Mavic Air 2S_withpayload.png,25.245000,-80.355000,25.244500,-80.355300,apolloshield_dji,dji,,,2414500000,RADAR-A2D2-9D1E,Sensor Key Largo / South Ocean Corridor,300,RED,RED
1772118747865,A2D2-9D1E,FLT-9D1E-001,25.248511,-80.347278,79.1,14,0,Mavic Air 2S,true,drone_images/Mavic Air 2S_withpayload.png,25.245000,-80.355000,25.244500,-80.355300,apolloshield_dji,dji,,,2414500000,RADAR-A2D2-9D1E,Sensor Key Largo / South Ocean Corridor,300,RED,RED
1772118748924,A2D2-9D1E,FLT-9D1E-001,25.248511,-80.347278,79.1,14,0,Mavic Air 2S,true,drone_images/Mavic Air 2S_withpayload.png,25.245000,-80.355000,25.244500,-80.355300,apolloshield_dji,dji,,,2414500000,RADAR-A2D2-9D1E,Sensor Key Largo / South Ocean Corridor,300,RED,RED
1772118749650,A2D2-9D1E,FLT-9D1E-001,25.248511,-80.347278,79.1,14,0,Mavic Air 2S,true,drone_images/Mavic Air 2S_withpayload.png,25.245000,-80.355000,25.244500,-80.355300,apolloshield_dji,dji,,,2414500000,RADAR-A2D2-9D1E,Sensor Key Largo / South Ocean Corridor,300,RED,RED
1772118750753,A2D2-9D1E,FLT-9D1E-001,25.248511,-80.347278,79.1,14,0,Mavic Air 2S,true,drone_images/Mavic Air 2S_withpayload.png,25.245000,-80.355000,25.244500,-80.355300,apolloshield_dji,dji,,,2414500000,RADAR-A2D2-9D1E,Sensor Key Largo / South Ocean Corridor,300,RED,RED
1772118751549,A2D2-9D1E,FLT-9D1E-001,25.248511,-80.347278,79.1,14,0,Mavic Air 2S,true,drone_images/Mavic Air 2S_withpayload.png,25.245000,-80.355000,25.244500,-80.355300,apolloshield_dji,dji,,,2414500000,RADAR-A2D2-9D1E,Sensor Key Largo / South Ocean Corridor,300,RED,RED
1772118752649,A2D2-9D1E,FLT-9D1E-001,25.248511,-80.347278,79.1,14,0,Mavic Air 2S,true,drone_images/Mavic Air 2S_withpayload.png,25.245000,-80.355000,25.244500,-80.355300,apolloshield_dji,dji,,,2414500000,RADAR-A2D2-9D1E,Sensor Key Largo / South Ocean Corridor,300,RED,RED
1772118753670,A2D2-9D1E,FLT-9D1E-001,25.248511,-80.347278,79.1,14,0,Mavic Air 2S,true,drone_images/Mavic Air 2S_withpayload.png,25.245000,-80.355000,25.244500,-80.355300,apolloshield_dji,dji,,,2414500000,RADAR-A2D2-9D1E,Sensor Key Largo / South Ocean Corridor,300,RED,RED
1772118754644,A2D2-9D1E,FLT-9D1E-001,25.248511,-80.347278,79.1,14,0,Mavic Air 2S,true,drone_images/Mavic Air 2S_withpayload.png,25.245000,-80.355000,25.244500,-80.355300,apolloshield_dji,dji,,,2414500000,RADAR-A2D2-9D1E,Sensor Key Largo / South Ocean Corridor,300,RED,RED
1772118755654,A2D2-9D1E,FLT-9D1E-001,25.248511,-80.347278,79.1,14,0,Mavic Air 2S,true,drone_images/Mavic Air 2S_withpayload.png,25.245000,-80.355000,25.244500,-80.355300,apolloshield_dji,dji,,,2414500000,RADAR-A2D2-9D1E,Sensor Key Largo / South Ocean Corridor,300,RED,RED
1772118756706,A2D2-9D1E,FLT-9D1E-001,25.248511,-80.347278,79.1,14,0,Mavic Air 2S,true,drone_images/Mavic Air 2S_withpayload.png,25.245000,-80.355000,25.244500,-80.355300,apolloshield_dji,dji,,,2414500000,RADAR-A2D2-9D1E,Sensor Key Largo / South Ocean Corridor,300,RED,RED
1772118757698,A2D2-9D1E,FLT-9D1E-001,25.248511,-80.347278,79.1,14,0,Mavic Air 2S,true,drone_images/Mavic Air 2S_withpayload.png,25.245000,-80.355000,25.244500,-80.355300,apolloshield_dji,dji,,,2414500000,RADAR-A2D2-9D1E,Sensor Key Largo / South Ocean Corridor,300,RED,RED
1772118758747,A2D2-9D1E,FLT-9D1E-001,25.248511,-80.347278,79.1,14,0,Mavic Air 2S,true,drone_images/Mavic Air 2S_withpayload.png,25.245000,-80.355000,25.244500,-80.355300,apolloshield_dji,dji,,,2414500000,RADAR-A2D2-9D1E,Sensor Key Largo / South Ocean Corridor,300,RED,RED
1772118759569,A2D2-9D1E,FLT-9D1E-001,25.248511,-80.347278,79.1,14,0,Mavic Air 2S,true,drone_images/Mavic Air 2S_withpayload.png,25.245000,-80.355000,25.244500,-80.355300,apolloshield_dji,dji,,,2414500000,RADAR-A2D2-9D1E,Sensor Key Largo / South Ocean Corridor,300,RED,RED
1772118760633,A2D2-9D1E,FLT-9D1E-001,25.248511,-80.347278,79.1,14,0,Mavic Air 2S,true,drone_images/Mavic Air 2S_withpayload.png,25.245000,-80.355000,25.244500,-80.355300,apolloshield_dji,dji,,,2414500000,RADAR-A2D2-9D1E,Sensor Key Largo / South Ocean Corridor,300,RED,RED
1772118761891,A2D2-9D1E,FLT-9D1E-001,25.248511,-80.347278,79.1,14,0,Mavic Air 2S,true,drone_images/Mavic Air 2S_withpayload.png,25.245000,-80.355000,25.244500,-80.355300,apolloshield_dji,dji,,,2414500000,RADAR-A2D2-9D1E,Sensor Key Largo / South Ocean Corridor,300,RED,RED
1772118762738,A2D2-9D1E,FLT-9D1E-001,25.248511,-80.347278,79.1,14,0,Mavic Air 2S,true,drone_images/Mavic Air 2S_withpayload.png,25.245000,-80.355000,25.244500,-80.355300,apolloshield_dji,dji,,,2414500000,RADAR-A2D2-9D1E,Sensor Key Largo / South Ocean Corridor,300,RED,RED
1772118763817,A2D2-9D1E,FLT-9D1E-001,25.248511,-80.347278,79.1,14,0,Mavic Air 2S,true,drone_images/Mavic Air 2S_withpayload.png,25.245000,-80.355000,25.244500,-80.355300,apolloshield_dji,dji,,,2414500000,RADAR-A2D2-9D1E,Sensor Key Largo / South Ocean Corridor,300,RED,RED
1772118764676,A2D2-9D1E,FLT-9D1E-001,25.248511,-80.347278,79.1,14,0,Mavic Air 2S,true,drone_images/Mavic Air 2S_withpayload.png,25.245000,-80.355000,25.244500,-80.355300,apolloshield_dji,dji,,,2414500000,RADAR-A2D2-9D1E,Sensor Key Largo / South Ocean Corridor,300,RED,RED
1772118765561,A2D2-9D1E,FLT-9D1E-001,25.248511,-80.347278,79.1,14,0,Mavic Air 2S,true,drone_images/Mavic Air 2S_withpayload.png,25.245000,-80.355000,25.244500,-80.355300,apolloshield_dji,dji,,,2414500000,RADAR-A2D2-9D1E,Sensor Key Largo / South Ocean Corridor,300,RED,RED
1772118766628,A2D2-9D1E,FLT-9D1E-001,25.248511,-80.347278,79.1,14,0,Mavic Air 2S,true,drone_images/Mavic Air 2S_withpayload.png,25.245000,-80.355000,25.244500,-80.355300,apolloshield_dji,dji,,,2414500000,RADAR-A2D2-9D1E,Sensor Key Largo / South Ocean Corridor,300,RED,RED
1772118767661,A2D2-9D1E,FLT-9D1E-001,25.248511,-80.347278,79.1,14,0,Mavic Air 2S,true,drone_images/Mavic Air 2S_withpayload.png,25.245000,-80.355000,25.244500,-80.355300,apolloshield_dji,dji,,,2414500000,RADAR-A2D2-9D1E,Sensor Key Largo / South Ocean Corridor,300,RED,RED
1772118768599,A2D2-9D1E,FLT-9D1E-001,25.248511,-80.347278,79.1,14,0,Mavic Air 2S,true,drone_images/Mavic Air 2S_withpayload.png,25.245000,-80.355000,25.244500,-80.355300,apolloshield_dji,dji,,,2414500000,RADAR-A2D2-9D1E,Sensor Key Largo / South Ocean Corridor,300,RED,RED
1772118769942,A2D2-9D1E,FLT-9D1E-001,25.248511,-80.347278,79.1,14,0,Mavic Air 2S,true,drone_images/Mavic Air 2S_withpayload.png,25.245000,-80.355000,25.244500,-80.355300,apolloshield_dji,dji,,,2414500000,RADAR-A2D2-9D1E,Sensor Key Largo / South Ocean Corridor,300,RED,RED
1772118770595,A2D2-9D1E,FLT-9D1E-001,25.248511,-80.347278,79.1,14,0,Mavic Air 2S,true,drone_images/Mavic Air 2S_withpayload.png,25.245000,-80.355000,25.244500,-80.355300,apolloshield_dji,dji,,,2414500000,RADAR-A2D2-9D1E,Sensor Key Largo / South Ocean Corridor,300,RED,RED
1772118771726,A2D2-9D1E,FLT-9D1E-001,25.249709,-80.350217,56.1,14.8,0,Mavic Air 2S,true,drone_images/Mavic Air 2S_withpayload.png,25.245000,-80.355000,25.244500,-80.355300,apolloshield_dji,dji,,,2414500000,RADAR-A2D2-9D1E,Sensor Key Largo / South Ocean Corridor,300,RED,RED
1772118772667,A2D2-9D1E,FLT-9D1E-001,25.249709,-80.350217,56.1,14.8,0,Mavic Air 2S,true,drone_images/Mavic Air 2S_withpayload.png,25.245000,-80.355000,25.244500,-80.355300,apolloshield_dji,dji,,,2414500000,RADAR-A2D2-9D1E,Sensor Key Largo / South Ocean Corridor,300,RED,RED
1772118773661,A2D2-9D1E,FLT-9D1E-001,25.249709,-80.350217,56.1,14.8,0,Mavic Air 2S,true,drone_images/Mavic Air 2S_withpayload.png,25.245000,-80.355000,25.244500,-80.355300,apolloshield_dji,dji,,,2414500000,RADAR-A2D2-9D1E,Sensor Key Largo / South Ocean Corridor,300,RED,RED
1772118774669,A2D2-9D1E,FLT-9D1E-001,25.249709,-80.350217,56.1,14.8,0,Mavic Air 2S,true,drone_images/Mavic Air 2S_withpayload.png,25.245000,-80.355000,25.244500,-80.355300,apolloshield_dji,dji,,,2414500000,RADAR-A2D2-9D1E,Sensor Key Largo / South Ocean Corridor,300,RED,RED
1772118775652,A2D2-9D1E,FLT-9D1E-001,25.249709,-80.350217,56.1,14.8,0,Mavic Air 2S,true,drone_images/Mavic Air 2S_withpayload.png,25.245000,-80.355000,25.244500,-80.355300,apolloshield_dji,dji,,,2414500000,RADAR-A2D2-9D1E,Sensor Key Largo / South Ocean Corridor,300,RED,RED
1772118776726,A2D2-9D1E,FLT-9D1E-001,25.249709,-80.350217,56.1,14.8,0,Mavic Air 2S,true,drone_images/Mavic Air 2S_withpayload.png,25.245000,-80.355000,25.244500,-80.355300,apolloshield_dji,dji,,,2414500000,RADAR-A2D2-9D1E,Sensor Key Largo / South Ocean Corridor,300,RED,RED
1772118777698,A2D2-9D1E,FLT-9D1E-001,25.249709,-80.350217,56.1,14.8,0,Mavic Air 2S,true,drone_images/Mavic Air 2S_withpayload.png,25.245000,-80.355000,25.244500,-80.355300,apolloshield_dji,dji,,,2414500000,RADAR-A2D2-9D1E,Sensor Key Largo / South Ocean Corridor,300,RED,RED
1772118778884,A2D2-9D1E,FLT-9D1E-001,25.249709,-80.350217,56.1,14.8,0,Mavic Air 2S,true,drone_images/Mavic Air 2S_withpayload.png,25.245000,-80.355000,25.244500,-80.355300,apolloshield_dji,dji,,,2414500000,RADAR-A2D2-9D1E,Sensor Key Largo / South Ocean Corridor,300,RED,RED
1772118779912,A2D2-9D1E,FLT-9D1E-001,25.249709,-80.350217,56.1,14.8,0,Mavic Air 2S,true,drone_images/Mavic Air 2S_withpayload.png,25.245000,-80.355000,25.244500,-80.355300,apolloshield_dji,dji,,,2414500000,RADAR-A2D2-9D1E,Sensor Key Largo / South Ocean Corridor,300,RED,RED
1772118780631,A2D2-9D1E,FLT-9D1E-001,25.249709,-80.350217,56.1,14.8,0,Mavic Air 2S,true,drone_images/Mavic Air 2S_withpayload.png,25.245000,-80.355000,25.244500,-80.355300,apolloshield_dji,dji,,,2414500000,RADAR-A2D2-9D1E,Sensor Key Largo / South Ocean Corridor,300,RED,RED
1772118781631,A2D2-9D1E,FLT-9D1E-001,25.249709,-80.350217,56.1,14.8,0,Mavic Air 2S,true,drone_images/Mavic Air 2S_withpayload.png,25.245000,-80.355000,25.244500,-80.355300,apolloshield_dji,dji,,,2414500000,RADAR-A2D2-9D1E,Sensor Key Largo / South Ocean Corridor,300,RED,RED
1772118782864,A2D2-9D1E,FLT-9D1E-001,25.249709,-80.350217,56.1,14.8,0,Mavic Air 2S,true,drone_images/Mavic Air 2S_withpayload.png,25.245000,-80.355000,25.244500,-80.355300,apolloshield_dji,dji,,,2414500000,RADAR-A2D2-9D1E,Sensor Key Largo / South Ocean Corridor,300,RED,RED
1772118783792,A2D2-9D1E,FLT-9D1E-001,25.249709,-80.350217,56.1,14.8,0,Mavic Air 2S,true,drone_images/Mavic Air 2S_withpayload.png,25.245000,-80.355000,25.244500,-80.355300,apolloshield_dji,dji,,,2414500000,RADAR-A2D2-9D1E,Sensor Key Largo / South Ocean Corridor,300,RED,RED
1772118785191,A2D2-9D1E,FLT-9D1E-001,25.249709,-80.350217,56.1,14.8,0,Mavic Air 2S,true,drone_images/Mavic Air 2S_withpayload.png,25.245000,-80.355000,25.244500,-80.355300,apolloshield_dji,dji,,,2414500000,RADAR-A2D2-9D1E,Sensor Key Largo / South Ocean Corridor,300,RED,RED
1772118785698,A2D2-9D1E,FLT-9D1E-001,25.249709,-80.350217,56.1,14.8,0,Mavic Air 2S,true,drone_images/Mavic Air 2S_withpayload.png,25.245000,-80.355000,25.244500,-80.355300,apolloshield_dji,dji,,,2414500000,RADAR-A2D2-9D1E,Sensor Key Largo / South Ocean Corridor,300,RED,RED
1772118786574,A2D2-9D1E,FLT-9D1E-001,25.249709,-80.350217,56.1,14.8,0,Mavic Air 2S,true,drone_images/Mavic Air 2S_withpayload.png,25.245000,-80.355000,25.244500,-80.355300,apolloshield_dji,dji,,,2414500000,RADAR-A2D2-9D1E,Sensor Key Largo / South Ocean Corridor,300,RED,RED
1772118787628,A2D2-9D1E,FLT-9D1E-001,25.249709,-80.350217,56.1,14.8,0,Mavic Air 2S,true,drone_images/Mavic Air 2S_withpayload.png,25.245000,-80.355000,25.244500,-80.355300,apolloshield_dji,dji,,,2414500000,RADAR-A2D2-9D1E,Sensor Key Largo / South Ocean Corridor,300,RED,RED
1772118788633,A2D2-9D1E,FLT-9D1E-001,25.249709,-80.350217,56.1,14.8,0,Mavic Air 2S,true,drone_images/Mavic Air 2S_withpayload.png,25.245000,-80.355000,25.244500,-80.355300,apolloshield_dji,dji,,,2414500000,RADAR-A2D2-9D1E,Sensor Key Largo / South Ocean Corridor,300,RED,RED
1772118789680,A2D2-9D1E,FLT-9D1E-001,25.249709,-80.350217,56.1,14.8,0,Mavic Air 2S,true,drone_images/Mavic Air 2S_withpayload.png,25.245000,-80.355000,25.244500,-80.355300,apolloshield_dji,dji,,,2414500000,RADAR-A2D2-9D1E,Sensor Key Largo / South Ocean Corridor,300,RED,RED
1772118790730,A2D2-9D1E,FLT-9D1E-001,25.249709,-80.350217,56.1,14.8,0,Mavic Air 2S,true,drone_images/Mavic Air 2S_withpayload.png,25.245000,-80.355000,25.244500,-80.355300,apolloshield_dji,dji,,,2414500000,RADAR-A2D2-9D1E,Sensor Key Largo / South Ocean Corridor,300,RED,RED
1772118791682,A2D2-9D1E,FLT-9D1E-001,25.249709,-80.350217,56.1,14.8,0,Mavic Air 2S,true,drone_images/Mavic Air 2S_withpayload.png,25.245000,-80.355000,25.244500,-80.355300,apolloshield_dji,dji,,,2414500000,RADAR-A2D2-9D1E,Sensor Key Largo / South Ocean Corridor,300,RED,RED
1772118792648,A2D2-9D1E,FLT-9D1E-001,25.249709,-80.350217,56.1,14.8,0,Mavic Air 2S,true,drone_images/Mavic Air 2S_withpayload.png,25.245000,-80.355000,25.244500,-80.355300,apolloshield_dji,dji,,,2414500000,RADAR-A2D2-9D1E,Sensor Key Largo / South Ocean Corridor,300,RED,RED
1772118793585,A2D2-9D1E,FLT-9D1E-001,25.249709,-80.350217,56.1,14.8,0,Mavic Air 2S,true,drone_images/Mavic Air 2S_withpayload.png,25.245000,-80.355000,25.244500,-80.355300,apolloshield_dji,dji,,,2414500000,RADAR-A2D2-9D1E,Sensor Key Largo / South Ocean Corridor,300,RED,RED
1772118794759,A2D2-9D1E,FLT-9D1E-001,25.249709,-80.350217,56.1,14.8,0,Mavic Air 2S,true,drone_images/Mavic Air 2S_withpayload.png,25.245000,-80.355000,25.244500,-80.355300,apolloshield_dji,dji,,,2414500000,RADAR-A2D2-9D1E,Sensor Key Largo / South Ocean Corridor,300,RED,RED
1772118795696,A2D2-9D1E,FLT-9D1E-001,25.249709,-80.350217,56.1,14.8,0,Mavic Air 2S,true,drone_images/Mavic Air 2S_withpayload.png,25.245000,-80.355000,25.244500,-80.355300,apolloshield_dji,dji,,,2414500000,RADAR-A2D2-9D1E,Sensor Key Largo / South Ocean Corridor,300,RED,RED
1772118796927,A2D2-9D1E,FLT-9D1E-001,25.249709,-80.350217,56.1,14.8,0,Mavic Air 2S,true,drone_images/Mavic Air 2S_withpayload.png,25.245000,-80.355000,25.244500,-80.355300,apolloshield_dji,dji,,,2414500000,RADAR-A2D2-9D1E,Sensor Key Largo / South Ocean Corridor,300,RED,RED
1772118797975,A2D2-9D1E,FLT-9D1E-001,25.249709,-80.350217,56.1,14.8,0,Mavic Air 2S,true,drone_images/Mavic Air 2S_withpayload.png,25.245000,-80.355000,25.244500,-80.355300,apolloshield_dji,dji,,,2414500000,RADAR-A2D2-9D1E,Sensor Key Largo / South Ocean Corridor,300,RED,RED
1772118798599,A2D2-9D1E,FLT-9D1E-001,25.249709,-80.350217,56.1,14.8,0,Mavic Air 2S,true,drone_images/Mavic Air 2S_withpayload.png,25.245000,-80.355000,25.244500,-80.355300,apolloshield_dji,dji,,,2414500000,RADAR-A2D2-9D1E,Sensor Key Largo / South Ocean Corridor,300,RED,RED
1772118799981,A2D2-9D1E,FLT-9D1E-001,25.249709,-80.350217,56.1,14.8,0,Mavic Air 2S,true,drone_images/Mavic Air 2S_withpayload.png,25.245000,-80.355000,25.244500,-80.355300,apolloshield_dji,dji,,,2414500000,RADAR-A2D2-9D1E,Sensor Key Largo / South Ocean Corridor,300,RED,RED
1772118800583,A2D2-9D1E,FLT-9D1E-001,25.249709,-80.350217,56.1,14.8,0,Mavic Air 2S,true,drone_images/Mavic Air 2S_withpayload.png,25.245000,-80.355000,25.244500,-80.355300,apolloshield_dji,dji,,,2414500000,RADAR-A2D2-9D1E,Sensor Key Largo / South Ocean Corridor,300,RED,RED
1772118801598,A2D2-9D1E,FLT-9D1E-001,25.249709,-80.350217,56.1,14.8,0,Mavic Air 2S,true,drone_images/Mavic Air 2S_withpayload.png,25.245000,-80.355000,25.244500,-80.355300,apolloshield_dji,dji,,,2414500000,RADAR-A2D2-9D1E,Sensor Key Largo / South Ocean Corridor,300,RED,RED
1772118802694,A2D2-9D1E,FLT-9D1E-001,25.249709,-80.350217,56.1,14.8,0,Mavic Air 2S,true,drone_images/Mavic Air 2S_withpayload.png,25.245000,-80.355000,25.244500,-80.355300,apolloshield_dji,dji,,,2414500000,RADAR-A2D2-9D1E,Sensor Key Largo / South Ocean Corridor,300,RED,RED
1772118803841,A2D2-9D1E,FLT-9D1E-001,25.249709,-80.350217,56.1,14.8,0,Mavic Air 2S,true,drone_images/Mavic Air 2S_withpayload.png,25.245000,-80.355000,25.244500,-80.355300,apolloshield_dji,dji,,,2414500000,RADAR-A2D2-9D1E,Sensor Key Largo / South Ocean Corridor,300,RED,RED
1772118804520,A2D2-9D1E,FLT-9D1E-001,25.248729,-80.351140,66.2,2.9,0,Mavic Air 2S,true,drone_images/Mavic Air 2S_withpayload.png,25.245000,-80.355000,25.244500,-80.355300,apolloshield_dji,dji,,,2414500000,RADAR-A2D2-9D1E,Sensor Key Largo / South Ocean Corridor,300,RED,RED
1772118805772,A2D2-9D1E,FLT-9D1E-001,25.248729,-80.351140,66.2,2.9,0,Mavic Air 2S,true,drone_images/Mavic Air 2S_withpayload.png,25.245000,-80.355000,25.244500,-80.355300,apolloshield_dji,dji,,,2414500000,RADAR-A2D2-9D1E,Sensor Key Largo / South Ocean Corridor,300,RED,RED
1772118806573,A2D2-9D1E,FLT-9D1E-001,25.248729,-80.351140,66.2,2.9,0,Mavic Air 2S,true,drone_images/Mavic Air 2S_withpayload.png,25.245000,-80.355000,25.244500,-80.355300,apolloshield_dji,dji,,,2414500000,RADAR-A2D2-9D1E,Sensor Key Largo / South Ocean Corridor,300,RED,RED
1772118807699,A2D2-9D1E,FLT-9D1E-001,25.248729,-80.351140,66.2,2.9,0,Mavic Air 2S,true,drone_images/Mavic Air 2S_withpayload.png,25.245000,-80.355000,25.244500,-80.355300,apolloshield_dji,dji,,,2414500000,RADAR-A2D2-9D1E,Sensor Key Largo / South Ocean Corridor,300,RED,RED
1772118808589,A2D2-9D1E,FLT-9D1E-001,25.248729,-80.351140,66.2,2.9,0,Mavic Air 2S,true,drone_images/Mavic Air 2S_withpayload.png,25.245000,-80.355000,25.244500,-80.355300,apolloshield_dji,dji,,,2414500000,RADAR-A2D2-9D1E,Sensor Key Largo / South Ocean Corridor,300,RED,RED
1772118809874,A2D2-9D1E,FLT-9D1E-001,25.248729,-80.351140,66.2,2.9,0,Mavic Air 2S,true,drone_images/Mavic Air 2S_withpayload.png,25.245000,-80.355000,25.244500,-80.355300,apolloshield_dji,dji,,,2414500000,RADAR-A2D2-9D1E,Sensor Key Largo / South Ocean Corridor,300,RED,RED
1772118810714,A2D2-9D1E,FLT-9D1E-001,25.248729,-80.351140,66.2,2.9,0,Mavic Air 2S,true,drone_images/Mavic Air 2S_withpayload.png,25.245000,-80.355000,25.244500,-80.355300,apolloshield_dji,dji,,,2414500000,RADAR-A2D2-9D1E,Sensor Key Largo / South Ocean Corridor,300,RED,RED
1772118811739,A2D2-9D1E,FLT-9D1E-001,25.248729,-80.351140,66.2,2.9,0,Mavic Air 2S,true,drone_images/Mavic Air 2S_withpayload.png,25.245000,-80.355000,25.244500,-80.355300,apolloshield_dji,dji,,,2414500000,RADAR-A2D2-9D1E,Sensor Key Largo / South Ocean Corridor,300,RED,RED
1772118812649,A2D2-9D1E,FLT-9D1E-001,25.248729,-80.351140,66.2,2.9,0,Mavic Air 2S,true,drone_images/Mavic Air 2S_withpayload.png,25.245000,-80.355000,25.244500,-80.355300,apolloshield_dji,dji,,,2414500000,RADAR-A2D2-9D1E,Sensor Key Largo / South Ocean Corridor,300,RED,RED
1772118813599,A2D2-9D1E,FLT-9D1E-001,25.248729,-80.351140,66.2,2.9,0,Mavic Air 2S,true,drone_images/Mavic Air 2S_withpayload.png,25.245000,-80.355000,25.244500,-80.355300,apolloshield_dji,dji,,,2414500000,RADAR-A2D2-9D1E,Sensor Key Largo / South Ocean Corridor,300,RED,RED
1772118815043,A2D2-9D1E,FLT-9D1E-001,25.248729,-80.351140,66.2,2.9,0,Mavic Air 2S,true,drone_images/Mavic Air 2S_withpayload.png,25.245000,-80.355000,25.244500,-80.355300,apolloshield_dji,dji,,,2414500000,RADAR-A2D2-9D1E,Sensor Key Largo / South Ocean Corridor,300,RED,RED
1772118815581,A2D2-9D1E,FLT-9D1E-001,25.248729,-80.351140,66.2,2.9,0,Mavic Air 2S,true,drone_images/Mavic Air 2S_withpayload.png,25.245000,-80.355000,25.244500,-80.355300,apolloshield_dji,dji,,,2414500000,RADAR-A2D2-9D1E,Sensor Key Largo / South Ocean Corridor,300,RED,RED
1772118816690,A2D2-9D1E,FLT-9D1E-001,25.248729,-80.351140,66.2,2.9,0,Mavic Air 2S,true,drone_images/Mavic Air 2S_withpayload.png,25.245000,-80.355000,25.244500,-80.355300,apolloshield_dji,dji,,,2414500000,RADAR-A2D2-9D1E,Sensor Key Largo / South Ocean Corridor,300,RED,RED
1772118817730,A2D2-9D1E,FLT-9D1E-001,25.248729,-80.351140,66.2,2.9,0,Mavic Air 2S,true,drone_images/Mavic Air 2S_withpayload.png,25.245000,-80.355000,25.244500,-80.355300,apolloshield_dji,dji,,,2414500000,RADAR-A2D2-9D1E,Sensor Key Largo / South Ocean Corridor,300,RED,RED
1772118818771,A2D2-9D1E,FLT-9D1E-001,25.248729,-80.351140,66.2,2.9,0,Mavic Air 2S,true,drone_images/Mavic Air 2S_withpayload.png,25.245000,-80.355000,25.244500,-80.355300,apolloshield_dji,dji,,,2414500000,RADAR-A2D2-9D1E,Sensor Key Largo / South Ocean Corridor,300,RED,RED
1772118819564,A2D2-9D1E,FLT-9D1E-001,25.248729,-80.351140,66.2,2.9,0,Mavic Air 2S,true,drone_images/Mavic Air 2S_withpayload.png,25.245000,-80.355000,25.244500,-80.355300,apolloshield_dji,dji,,,2414500000,RADAR-A2D2-9D1E,Sensor Key Largo / South Ocean Corridor,300,RED,RED
1772118820611,A2D2-9D1E,FLT-9D1E-001,25.248729,-80.351140,66.2,2.9,0,Mavic Air 2S,true,drone_images/Mavic Air 2S_withpayload.png,25.245000,-80.355000,25.244500,-80.355300,apolloshield_dji,dji,,,2414500000,RADAR-A2D2-9D1E,Sensor Key Largo / South Ocean Corridor,300,RED,RED
1772118821659,A2D2-9D1E,FLT-9D1E-001,25.248729,-80.351140,66.2,2.9,0,Mavic Air 2S,true,drone_images/Mavic Air 2S_withpayload.png,25.245000,-80.355000,25.244500,-80.355300,apolloshield_dji,dji,,,2414500000,RADAR-A2D2-9D1E,Sensor Key Largo / South Ocean Corridor,300,RED,RED
1772118822739,A2D2-9D1E,FLT-9D1E-001,25.248729,-80.351140,66.2,2.9,0,Mavic Air 2S,true,drone_images/Mavic Air 2S_withpayload.png,25.245000,-80.355000,25.244500,-80.355300,apolloshield_dji,dji,,,2414500000,RADAR-A2D2-9D1E,Sensor Key Largo / South Ocean Corridor,300,RED,RED
1772118823533,A2D2-9D1E,FLT-9D1E-001,25.248729,-80.351140,66.2,2.9,0,Mavic Air 2S,true,drone_images/Mavic Air 2S_withpayload.png,25.245000,-80.355000,25.244500,-80.355300,apolloshield_dji,dji,,,2414500000,RADAR-A2D2-9D1E,Sensor Key Largo / South Ocean Corridor,300,RED,RED
1772118824642,A2D2-9D1E,FLT-9D1E-001,25.248729,-80.351140,66.2,2.9,0,Mavic Air 2S,true,drone_images/Mavic Air 2S_withpayload.png,25.245000,-80.355000,25.244500,-80.355300,apolloshield_dji,dji,,,2414500000,RADAR-A2D2-9D1E,Sensor Key Largo / South Ocean Corridor,300,RED,RED
1772118825558,A2D2-9D1E,FLT-9D1E-001,25.248729,-80.351140,66.2,2.9,0,Mavic Air 2S,true,drone_images/Mavic Air 2S_withpayload.png,25.245000,-80.355000,25.244500,-80.355300,apolloshield_dji,dji,,,2414500000,RADAR-A2D2-9D1E,Sensor Key Largo / South Ocean Corridor,300,RED,RED
1772118826786,A2D2-9D1E,FLT-9D1E-001,25.248729,-80.351140,66.2,2.9,0,Mavic Air 2S,true,drone_images/Mavic Air 2S_withpayload.png,25.245000,-80.355000,25.244500,-80.355300,apolloshield_dji,dji,,,2414500000,RADAR-A2D2-9D1E,Sensor Key Largo / South Ocean Corridor,300,RED,RED
1772118827585,A2D2-9D1E,FLT-9D1E-001,25.248729,-80.351140,66.2,2.9,0,Mavic Air 2S,true,drone_images/Mavic Air 2S_withpayload.png,25.245000,-80.355000,25.244500,-80.355300,apolloshield_dji,dji,,,2414500000,RADAR-A2D2-9D1E,Sensor Key Largo / South Ocean Corridor,300,RED,RED
1772118828589,A2D2-9D1E,FLT-9D1E-001,25.248729,-80.351140,66.2,2.9,0,Mavic Air 2S,true,drone_images/Mavic Air 2S_withpayload.png,25.245000,-80.355000,25.244500,-80.355300,apolloshield_dji,dji,,,2414500000,RADAR-A2D2-9D1E,Sensor Key Largo / South Ocean Corridor,300,RED,RED
1772118829548,A2D2-9D1E,FLT-9D1E-001,25.248729,-80.351140,66.2,2.9,0,Mavic Air 2S,true,drone_images/Mavic Air 2S_withpayload.png,25.245000,-80.355000,25.244500,-80.355300,apolloshield_dji,dji,,,2414500000,RADAR-A2D2-9D1E,Sensor Key Largo / South Ocean Corridor,300,RED,RED
1772118830649,A2D2-9D1E,FLT-9D1E-001,25.248729,-80.351140,66.2,2.9,0,Mavic Air 2S,true,drone_images/Mavic Air 2S_withpayload.png,25.245000,-80.355000,25.244500,-80.355300,apolloshield_dji,dji,,,2414500000,RADAR-A2D2-9D1E,Sensor Key Largo / South Ocean Corridor,300,RED,RED
1772118831835,A2D2-9D1E,FLT-9D1E-001,25.248729,-80.351140,66.2,2.9,0,Mavic Air 2S,true,drone_images/Mavic Air 2S_withpayload.png,25.245000,-80.355000,25.244500,-80.355300,apolloshield_dji,dji,,,2414500000,RADAR-A2D2-9D1E,Sensor Key Largo / South Ocean Corridor,300,RED,RED
1772118832675,A2D2-9D1E,FLT-9D1E-001,25.248729,-80.351140,66.2,2.9,0,Mavic Air 2S,true,drone_images/Mavic Air 2S_withpayload.png,25.245000,-80.355000,25.244500,-80.355300,apolloshield_dji,dji,,,2414500000,RADAR-A2D2-9D1E,Sensor Key Largo / South Ocean Corridor,300,RED,RED
1772118833545,A2D2-9D1E,FLT-9D1E-001,25.248729,-80.351140,66.2,2.9,0,Mavic Air 2S,true,drone_images/Mavic Air 2S_withpayload.png,25.245000,-80.355000,25.244500,-80.355300,apolloshield_dji,dji,,,2414500000,RADAR-A2D2-9D1E,Sensor Key Largo / South Ocean Corridor,300,RED,RED
1772118834653,A2D2-9D1E,FLT-9D1E-001,25.248729,-80.351140,66.2,2.9,0,Mavic Air 2S,true,drone_images/Mavic Air 2S_withpayload.png,25.245000,-80.355000,25.244500,-80.355300,apolloshield_dji,dji,,,2414500000,RADAR-A2D2-9D1E,Sensor Key Largo / South Ocean Corridor,300,RED,RED
1772118835601,A2D2-9D1E,FLT-9D1E-001,25.248729,-80.351140,66.2,2.9,0,Mavic Air 2S,true,drone_images/Mavic Air 2S_withpayload.png,25.245000,-80.355000,25.244500,-80.355300,apolloshield_dji,dji,,,2414500000,RADAR-A2D2-9D1E,Sensor Key Largo / South Ocean Corridor,300,RED,RED
1772118836564,A2D2-9D1E,FLT-9D1E-001,25.248729,-80.351140,66.2,2.9,0,Mavic Air 2S,true,drone_images/Mavic Air 2S_withpayload.png,25.245000,-80.355000,25.244500,-80.355300,apolloshield_dji,dji,,,2414500000,RADAR-A2D2-9D1E,Sensor Key Largo / South Ocean Corridor,300,RED,RED
1772118837820,A2D2-9D1E,FLT-9D1E-001,25.248729,-80.351140,66.2,2.9,0,Mavic Air 2S,true,drone_images/Mavic Air 2S_withpayload.png,25.245000,-80.355000,25.244500,-80.355300,apolloshield_dji,dji,,,2414500000,RADAR-A2D2-9D1E,Sensor Key Largo / South Ocean Corridor,300,RED,RED
1772118838627,A2D2-9D1E,FLT-9D1E-001,25.248729,-80.351140,66.2,2.9,0,Mavic Air 2S,true,drone_images/Mavic Air 2S_withpayload.png,25.245000,-80.355000,25.244500,-80.355300,apolloshield_dji,dji,,,2414500000,RADAR-A2D2-9D1E,Sensor Key Largo / South Ocean Corridor,300,RED,RED
1772118839685,A2D2-9D1E,FLT-9D1E-001,25.248729,-80.351140,66.2,2.9,0,Mavic Air 2S,true,drone_images/Mavic Air 2S_withpayload.png,25.245000,-80.355000,25.244500,-80.355300,apolloshield_dji,dji,,,2414500000,RADAR-A2D2-9D1E,Sensor Key Largo / South Ocean Corridor,300,RED,RED
1772118840699,A2D2-9D1E,FLT-9D1E-001,25.248729,-80.351140,66.2,2.9,0,Mavic Air 2S,true,drone_images/Mavic Air 2S_withpayload.png,25.245000,-80.355000,25.244500,-80.355300,apolloshield_dji,dji,,,2414500000,RADAR-A2D2-9D1E,Sensor Key Largo / South Ocean Corridor,300,RED,RED
1772118841712,A2D2-9D1E,FLT-9D1E-001,25.248729,-80.351140,66.2,2.9,0,Mavic Air 2S,true,drone_images/Mavic Air 2S_withpayload.png,25.245000,-80.355000,25.244500,-80.355300,apolloshield_dji,dji,,,2414500000,RADAR-A2D2-9D1E,Sensor Key Largo / South Ocean Corridor,300,RED,RED
1772118842672,A2D2-9D1E,FLT-9D1E-001,25.248729,-80.351140,66.2,2.9,0,Mavic Air 2S,true,drone_images/Mavic Air 2S_withpayload.png,25.245000,-80.355000,25.244500,-80.355300,apolloshield_dji,dji,,,2414500000,RADAR-A2D2-9D1E,Sensor Key Largo / South Ocean Corridor,300,RED,RED
1772118843678,A2D2-9D1E,FLT-9D1E-001,25.248729,-80.351140,66.2,2.9,0,Mavic Air 2S,true,drone_images/Mavic Air 2S_withpayload.png,25.245000,-80.355000,25.244500,-80.355300,apolloshield_dji,dji,,,2414500000,RADAR-A2D2-9D1E,Sensor Key Largo / South Ocean Corridor,300,RED,RED
1772118844632,A2D2-9D1E,FLT-9D1E-001,25.248729,-80.351140,66.2,2.9,0,Mavic Air 2S,true,drone_images/Mavic Air 2S_withpayload.png,25.245000,-80.355000,25.244500,-80.355300,apolloshield_dji,dji,,,2414500000,RADAR-A2D2-9D1E,Sensor Key Largo / South Ocean Corridor,300,RED,RED
1772118845826,A2D2-9D1E,FLT-9D1E-001,25.248729,-80.351140,66.2,2.9,0,Mavic Air 2S,true,drone_images/Mavic Air 2S_withpayload.png,25.245000,-80.355000,25.244500,-80.355300,apolloshield_dji,dji,,,2414500000,RADAR-A2D2-9D1E,Sensor Key Largo / South Ocean Corridor,300,RED,RED
1772118846700,A2D2-9D1E,FLT-9D1E-001,25.248729,-80.351140,66.2,2.9,0,Mavic Air 2S,true,drone_images/Mavic Air 2S_withpayload.png,25.245000,-80.355000,25.244500,-80.355300,apolloshield_dji,dji,,,2414500000,RADAR-A2D2-9D1E,Sensor Key Largo / South Ocean Corridor,300,RED,RED
1772118847701,A2D2-9D1E,FLT-9D1E-001,25.248729,-80.351140,66.2,2.9,0,Mavic Air 2S,true,drone_images/Mavic Air 2S_withpayload.png,25.245000,-80.355000,25.244500,-80.355300,apolloshield_dji,dji,,,2414500000,RADAR-A2D2-9D1E,Sensor Key Largo / South Ocean Corridor,300,RED,RED
1772118848513,A2D2-9D1E,FLT-9D1E-001,25.248729,-80.351140,66.2,2.9,0,Mavic Air 2S,true,drone_images/Mavic Air 2S_withpayload.png,25.245000,-80.355000,25.244500,-80.355300,apolloshield_dji,dji,,,2414500000,RADAR-A2D2-9D1E,Sensor Key Largo / South Ocean Corridor,300,RED,RED