timestamp,drone_id,flight_id,lat,lng,altitude,speed,azimuth,drone_type,has_payload,imagePath,home_lat,home_lng,pilot_lat,pilot_lng,detection_type,sensor_type,angle,error,frequency_hz,device_id,device_name,aboveGroundLevel,threatLevel,zone
1772037110462,A2D2-B2F6,FLT-B2F6-001,26.271559,-81.727146,16.7,9,0,Mini 3,true,drone_images/Mini 3_withpayload.png,26.195000,-81.755000,26.194500,-81.755300,apolloshield_dji,dji,,,2414500000,RADAR-A2D2-B2F6,Sensor Naples / Southwest Gulf Coast,160,YELLOW,YELLOW
1772037111068,A2D2-B2F6,FLT-B2F6-001,26.271559,-81.727146,16.7,9,0,Mini 3,true,drone_images/Mini 3_withpayload.png,26.195000,-81.755000,26.194500,-81.755300,apolloshield_dji,dji,,,2414500000,RADAR-A2D2-B2F6,Sensor Naples / Southwest Gulf Coast,160,YELLOW,YELLOW
1772037112419,A2D2-B2F6,FLT-B2F6-001,26.271559,-81.727146,16.7,9,0,Mini 3,true,drone_images/Mini 3_withpayload.png,26.195000,-81.755000,26.194500,-81.755300,apolloshield_dji,dji,,,2414500000,RADAR-A2D2-B2F6,Sensor Naples / Southwest Gulf Coast,160,YELLOW,YELLOW
1772037112719,A2D2-B2F6,FLT-B2F6-001,26.271559,-81.727146,16.7,9,0,Mini 3,true,drone_images/Mini 3_withpayload.png,26.195000,-81.755000,26.194500,-81.755300,apolloshield_dji,dji,,,2414500000,RADAR-A2D2-B2F6,Sensor Naples / Southwest Gulf Coast,160,YELLOW,YELLOW
1772037114173,A2D2-B2F6,FLT-B2F6-001,26.271559,-81.727146,16.7,9,0,Mini 3,true,drone_images/Mini 3_withpayload.png,26.195000,-81.755000,26.194500,-81.755300,apolloshield_dji,dji,,,2414500000,RADAR-A2D2-B2F6,Sensor Naples / Southwest Gulf Coast,160,YELLOW,YELLOW
1772037115046,A2D2-B2F6,FLT-B2F6-001,26.271559,-81.727152,20.3,9,0,Mini 3,true,drone_images/Mini 3_withpayload.png,26.195000,-81.755000,26.194500,-81.755300,apolloshield_dji,dji,,,2414500000,RADAR-A2D2-B2F6,Sensor Naples / Southwest Gulf Coast,160,YELLOW,YELLOW
1772037116718,A2D2-B2F6,FLT-B2F6-001,26.271559,-81.727146,21.3,0.1,0,Mini 3,true,drone_images/Mini 3_withpayload.png,26.195000,-81.755000,26.194500,-81.755300,apolloshield_dji,dji,,,2414500000,RADAR-A2D2-B2F6,Sensor Naples / Southwest Gulf Coast,160,YELLOW,YELLOW
1772037117155,A2D2-B2F6,FLT-B2F6-001,26.271559,-81.727146,21.3,0.1,0,Mini 3,true,drone_images/Mini 3_withpayload.png,26.195000,-81.755000,26.194500,-81.755300,apolloshield_dji,dji,,,2414500000,RADAR-A2D2-B2F6,Sensor Naples / Southwest Gulf Coast,160,YELLOW,YELLOW
1772037118077,A2D2-B2F6,FLT-B2F6-001,26.271559,-81.727146,21.3,0.1,0,Mini 3,true,drone_images/Mini 3_withpayload.png,26.195000,-81.755000,26.194500,-81.755300,apolloshield_dji,dji,,,2414500000,RADAR-A2D2-B2F6,Sensor Naples / Southwest Gulf Coast,160,YELLOW,YELLOW
1772037118749,A2D2-B2F6,FLT-B2F6-001,26.271559,-81.727146,21.3,0.1,0,Mini 3,true,drone_images/Mini 3_withpayload.png,26.195000,-81.755000,26.194500,-81.755300,apolloshield_dji,dji,,,2414500000,RADAR-A2D2-B2F6,Sensor Naples / Southwest Gulf Coast,160,YELLOW,YELLOW
1772037120223,A2D2-B2F6,FLT-B2F6-001,26.271559,-81.727146,21.3,0.1,0,Mini 3,true,drone_images/Mini 3_withpayload.png,26.195000,-81.755000,26.194500,-81.755300,apolloshield_dji,dji,,,2414500000,RADAR-A2D2-B2F6,Sensor Naples / Southwest Gulf Coast,160,YELLOW,YELLOW
1772037121224,A2D2-B2F6,FLT-B2F6-001,26.271559,-81.727198,21.3,0.1,0,Mini 3,true,drone_images/Mini 3_withpayload.png,26.195000,-81.755000,26.194500,-81.755300,apolloshield_dji,dji,,,2414500000,RADAR-A2D2-B2F6,Sensor Naples / Southwest Gulf Coast,160,YELLOW,YELLOW
1772037122374,A2D2-B2F6,FLT-B2F6-001,26.271565,-81.727198,21.4,9,0,Mini 3,true,drone_images/Mini 3_withpayload.png,26.195000,-81.755000,26.194500,-81.755300,apolloshield_dji,dji,,,2414500000,RADAR-A2D2-B2F6,Sensor Naples / Southwest Gulf Coast,160,YELLOW,YELLOW
1772037123056,A2D2-B2F6,FLT-B2F6-001,26.271565,-81.727198,21.4,9,0,Mini 3,true,drone_images/Mini 3_withpayload.png,26.195000,-81.755000,26.194500,-81.755300,apolloshield_dji,dji,,,2414500000,RADAR-A2D2-B2F6,Sensor Naples / Southwest Gulf Coast,160,YELLOW,YELLOW
1772037123850,A2D2-B2F6,FLT-B2F6-001,26.271565,-81.727198,21.4,9,0,Mini 3,true,drone_images/Mini 3_withpayload.png,26.195000,-81.755000,26.194500,-81.755300,apolloshield_dji,dji,,,2414500000,RADAR-A2D2-B2F6,Sensor Naples / Southwest Gulf Coast,160,YELLOW,YELLOW
1772037125292,A2D2-B2F6,FLT-B2F6-001,26.271559,-81.727198,20.4,0.1,0,Mini 3,true,drone_images/Mini 3_withpayload.png,26.195000,-81.755000,26.194500,-81.755300,apolloshield_dji,dji,,,2414500000,RADAR-A2D2-B2F6,Sensor Naples / Southwest Gulf Coast,160,YELLOW,YELLOW
1772037126371,A2D2-B2F6,FLT-B2F6-001,26.271559,-81.727198,20.4,0.1,0,Mini 3,true,drone_images/Mini 3_withpayload.png,26.195000,-81.755000,26.194500,-81.755300,apolloshield_dji,dji,,,2414500000,RADAR-A2D2-B2F6,Sensor Naples / Southwest Gulf Coast,160,YELLOW,YELLOW
1772037127189,A2D2-B2F6,FLT-B2F6-001,26.271559,-81.727198,20.4,0.1,0,Mini 3,true,drone_images/Mini 3_withpayload.png,26.195000,-81.755000,26.194500,-81.755300,apolloshield_dji,dji,,,2414500000,RADAR-A2D2-B2F6,Sensor Naples / Southwest Gulf Coast,160,YELLOW,YELLOW
1772037127847,A2D2-B2F6,FLT-B2F6-001,26.271559,-81.727198,20.4,0.1,0,Mini 3,true,drone_images/Mini 3_withpayload.png,26.195000,-81.755000,26.194500,-81.755300,apolloshield_dji,dji,,,2414500000,RADAR-A2D2-B2F6,Sensor Naples / Southwest Gulf Coast,160,YELLOW,YELLOW
1772037128771,A2D2-B2F6,FLT-B2F6-001,26.271559,-81.727198,20.4,0.1,0,Mini 3,true,drone_images/Mini 3_withpayload.png,26.195000,-81.755000,26.194500,-81.755300,apolloshield_dji,dji,,,2414500000,RADAR-A2D2-B2F6,Sensor Naples / Southwest Gulf Coast,160,YELLOW,YELLOW
1772037130135,A2D2-B2F6,FLT-B2F6-001,26.271674,-81.727203,20.4,0.1,0,Mini 3,true,drone_images/Mini 3_withpayload.png,26.195000,-81.755000,26.194500,-81.755300,apolloshield_dji,dji,,,2414500000,RADAR-A2D2-B2F6,Sensor Naples / Southwest Gulf Coast,160,YELLOW,YELLOW
1772037131084,A2D2-B2F6,FLT-B2F6-001,26.271674,-81.727203,20.4,0.1,0,Mini 3,true,drone_images/Mini 3_withpayload.png,26.195000,-81.755000,26.194500,-81.755300,apolloshield_dji,dji,,,2414500000,RADAR-A2D2-B2F6,Sensor Naples / Southwest Gulf Coast,160,YELLOW,YELLOW
1772037132094,A2D2-B2F6,FLT-B2F6-001,26.271674,-81.727203,20.4,0.1,0,Mini 3,true,drone_images/Mini 3_withpayload.png,26.195000,-81.755000,26.194500,-81.755300,apolloshield_dji,dji,,,2414500000,RADAR-A2D2-B2F6,Sensor Naples / Southwest Gulf Coast,160,YELLOW,YELLOW
1772037132989,A2D2-B2F6,FLT-B2F6-001,26.271674,-81.727203,20.4,0.1,0,Mini 3,true,drone_images/Mini 3_withpayload.png,26.195000,-81.755000,26.194500,-81.755300,apolloshield_dji,dji,,,2414500000,RADAR-A2D2-B2F6,Sensor Naples / Southwest Gulf Coast,160,YELLOW,YELLOW
1772037133873,A2D2-B2F6,FLT-B2F6-001,26.271674,-81.727203,20.4,0.1,0,Mini 3,true,drone_images/Mini 3_withpayload.png,26.195000,-81.755000,26.194500,-81.755300,apolloshield_dji,dji,,,2414500000,RADAR-A2D2-B2F6,Sensor Naples / Southwest Gulf Coast,160,YELLOW,YELLOW
1772037134748,A2D2-B2F6,FLT-B2F6-001,26.271680,-81.727203,36.7,9,0,Mini 3,true,drone_images/Mini 3_withpayload.png,26.195000,-81.755000,26.194500,-81.755300,apolloshield_dji,dji,,,2414500000,RADAR-A2D2-B2F6,Sensor Naples / Southwest Gulf Coast,160,YELLOW,YELLOW
1772037136304,A2D2-B2F6,FLT-B2F6-001,26.271680,-81.727203,36.7,9,0,Mini 3,true,drone_images/Mini 3_withpayload.png,26.195000,-81.755000,26.194500,-81.755300,apolloshield_dji,dji,,,2414500000,RADAR-A2D2-B2F6,Sensor Naples / Southwest Gulf Coast,160,YELLOW,YELLOW
1772037136742,A2D2-B2F6,FLT-B2F6-001,26.271680,-81.727203,36.7,9,0,Mini 3,true,drone_images/Mini 3_withpayload.png,26.195000,-81.755000,26.194500,-81.755300,apolloshield_dji,dji,,,2414500000,RADAR-A2D2-B2F6,Sensor Naples / Southwest Gulf Coast,160,YELLOW,YELLOW
1772037137751,A2D2-B2F6,FLT-B2F6-001,26.271680,-81.727203,36.7,9,0,Mini 3,true,drone_images/Mini 3_withpayload.png,26.195000,-81.755000,26.194500,-81.755300,apolloshield_dji,dji,,,2414500000,RADAR-A2D2-B2F6,Sensor Naples / Southwest Gulf Coast,160,YELLOW,YELLOW
1772037138696,A2D2-B2F6,FLT-B2F6-001,26.271680,-81.727203,36.7,9,0,Mini 3,true,drone_images/Mini 3_withpayload.png,26.195000,-81.755000,26.194500,-81.755300,apolloshield_dji,dji,,,2414500000,RADAR-A2D2-B2F6,Sensor Naples / Southwest Gulf Coast,160,YELLOW,YELLOW
1772037139690,A2D2-B2F6,FLT-B2F6-001,26.271680,-81.727203,36.7,9,0,Mini 3,true,drone_images/Mini 3_withpayload.png,26.195000,-81.755000,26.194500,-81.755300,apolloshield_dji,dji,,,2414500000,RADAR-A2D2-B2F6,Sensor Naples / Southwest Gulf Coast,160,YELLOW,YELLOW
1772037140741,A2D2-B2F6,FLT-B2F6-001,26.271680,-81.727203,36.7,9,0,Mini 3,true,drone_images/Mini 3_withpayload.png,26.195000,-81.755000,26.194500,-81.755300,apolloshield_dji,dji,,,2414500000,RADAR-A2D2-B2F6,Sensor Naples / Southwest Gulf Coast,160,YELLOW,YELLOW
1772037141802,A2D2-B2F6,FLT-B2F6-001,26.271680,-81.727203,36.7,9,0,Mini 3,true,drone_images/Mini 3_withpayload.png,26.195000,-81.755000,26.194500,-81.755300,apolloshield_dji,dji,,,2414500000,RADAR-A2D2-B2F6,Sensor Naples / Southwest Gulf Coast,160,YELLOW,YELLOW
1772037143019,A2D2-B2F6,FLT-B2F6-001,26.271680,-81.727203,36.7,9,0,Mini 3,true,drone_images/Mini 3_withpayload.png,26.195000,-81.755000,26.194500,-81.755300,apolloshield_dji,dji,,,2414500000,RADAR-A2D2-B2F6,Sensor Naples / Southwest Gulf Coast,160,YELLOW,YELLOW
1772037143981,A2D2-B2F6,FLT-B2F6-001,26.271680,-81.727203,36.7,9,0,Mini 3,true,drone_images/Mini 3_withpayload.png,26.195000,-81.755000,26.194500,-81.755300,apolloshield_dji,dji,,,2414500000,RADAR-A2D2-B2F6,Sensor Naples / Southwest Gulf Coast,160,YELLOW,YELLOW
1772037144974,A2D2-B2F6,FLT-B2F6-001,26.271645,-81.727318,32.1,0.1,0,Mini 3,true,drone_images/Mini 3_withpayload.png,26.195000,-81.755000,26.194500,-81.755300,apolloshield_dji,dji,,,2414500000,RADAR-A2D2-B2F6,Sensor Naples / Southwest Gulf Coast,160,YELLOW,YELLOW
1772037145674,A2D2-B2F6,FLT-B2F6-001,26.271645,-81.727318,32.1,0.1,0,Mini 3,true,drone_images/Mini 3_withpayload.png,26.195000,-81.755000,26.194500,-81.755300,apolloshield_dji,dji,,,2414500000,RADAR-A2D2-B2F6,Sensor Naples / Southwest Gulf Coast,160,YELLOW,YELLOW
1772037146911,A2D2-B2F6,FLT-B2F6-001,26.271645,-81.727318,32.1,0.1,0,Mini 3,true,drone_images/Mini 3_withpayload.png,26.195000,-81.755000,26.194500,-81.755300,apolloshield_dji,dji,,,2414500000,RADAR-A2D2-B2F6,Sensor Naples / Southwest Gulf Coast,160,YELLOW,YELLOW
1772037147800,A2D2-B2F6,FLT-B2F6-001,26.271645,-81.727318,21.6,9,0,Mini 3,true,drone_images/Mini 3_withpayload.png,26.195000,-81.755000,26.194500,-81.755300,apolloshield_dji,dji,,,2414500000,RADAR-A2D2-B2F6,Sensor Naples / Southwest Gulf Coast,160,YELLOW,YELLOW
1772037149008,A2D2-B2F6,FLT-B2F6-001,26.271645,-81.727318,21.6,9,0,Mini 3,true,drone_images/Mini 3_withpayload.png,26.195000,-81.755000,26.194500,-81.755300,apolloshield_dji,dji,,,2414500000,RADAR-A2D2-B2F6,Sensor Naples / Southwest Gulf Coast,160,YELLOW,YELLOW
1772037149804,A2D2-B2F6,FLT-B2F6-001,26.271645,-81.727318,21.6,9,0,Mini 3,true,drone_images/Mini 3_withpayload.png,26.195000,-81.755000,26.194500,-81.755300,apolloshield_dji,dji,,,2414500000,RADAR-A2D2-B2F6,Sensor Naples / Southwest Gulf Coast,160,YELLOW,YELLOW
1772037150768,A2D2-B2F6,FLT-B2F6-001,26.271645,-81.727318,21.6,9,0,Mini 3,true,drone_images/Mini 3_withpayload.png,26.195000,-81.755000,26.194500,-81.755300,apolloshield_dji,dji,,,2414500000,RADAR-A2D2-B2F6,Sensor Naples / Southwest Gulf Coast,160,YELLOW,YELLOW
1772037151864,A2D2-B2F6,FLT-B2F6-001,26.271645,-81.727318,21.6,9,0,Mini 3,true,drone_images/Mini 3_withpayload.png,26.195000,-81.755000,26.194500,-81.755300,apolloshield_dji,dji,,,2414500000,RADAR-A2D2-B2F6,Sensor Naples / Southwest Gulf Coast,160,YELLOW,YELLOW
1772037152799,A2D2-B2F6,FLT-B2F6-001,26.271645,-81.727318,21.6,9,0,Mini 3,true,drone_images/Mini 3_withpayload.png,26.195000,-81.755000,26.194500,-81.755300,apolloshield_dji,dji,,,2414500000,RADAR-A2D2-B2F6,Sensor Naples / Southwest Gulf Coast,160,YELLOW,YELLOW
1772041147990,A2D2-B2F6,FLT-B2F6-001,26.195390,-81.750265,37.2,9,0,Mini 3,true,drone_images/Mini 3_withpayload.png,26.195000,-81.755000,26.194500,-81.755300,apolloshield_dji,dji,,,2414500000,RADAR-A2D2-B2F6,Sensor Naples / Southwest Gulf Coast,160,YELLOW,YELLOW
1772041149192,A2D2-B2F6,FLT-B2F6-001,26.195356,-81.750248,37.2,9.4,0,Mini 3,true,drone_images/Mini 3_withpayload.png,26.195000,-81.755000,26.194500,-81.755300,apolloshield_dji,dji,,,2414500000,RADAR-A2D2-B2F6,Sensor Naples / Southwest Gulf Coast,160,YELLOW,YELLOW
1772041150016,A2D2-B2F6,FLT-B2F6-001,26.195356,-81.750248,37.2,9.4,0,Mini 3,true,drone_images/Mini 3_withpayload.png,26.195000,-81.755000,26.194500,-81.755300,apolloshield_dji,dji,,,2414500000,RADAR-A2D2-B2F6,Sensor Naples / Southwest Gulf Coast,160,YELLOW,YELLOW
1772041151284,A2D2-B2F6,FLT-B2F6-001,26.195356,-81.750248,37.2,9.4,0,Mini 3,true,drone_images/Mini 3_withpayload.png,26.195000,-81.755000,26.194500,-81.755300,apolloshield_dji,dji,,,2414500000,RADAR-A2D2-B2F6,Sensor Naples / Southwest Gulf Coast,160,YELLOW,YELLOW
1772041152596,A2D2-B2F6,FLT-B2F6-001,26.195356,-81.750248,37.2,9.4,0,Mini 3,true,drone_images/Mini 3_withpayload.png,26.195000,-81.755000,26.194500,-81.755300,apolloshield_dji,dji,,,2414500000,RADAR-A2D2-B2F6,Sensor Naples / Southwest Gulf Coast,160,YELLOW,YELLOW
1772041153222,A2D2-B2F6,FLT-B2F6-001,26.195356,-81.750248,37.2,9.4,0,Mini 3,true,drone_images/Mini 3_withpayload.png,26.195000,-81.755000,26.194500,-81.755300,apolloshield_dji,dji,,,2414500000,RADAR-A2D2-B2F6,Sensor Naples / Southwest Gulf Coast,160,YELLOW,YELLOW
1772041154077,A2D2-B2F6,FLT-B2F6-001,26.195356,-81.750248,37.2,9.4,0,Mini 3,true,drone_images/Mini 3_withpayload.png,26.195000,-81.755000,26.194500,-81.755300,apolloshield_dji,dji,,,2414500000,RADAR-A2D2-B2F6,Sensor Naples / Southwest Gulf Coast,160,YELLOW,YELLOW
1772041155083,A2D2-B2F6,FLT-B2F6-001,26.195356,-81.750248,37.2,9.4,0,Mini 3,true,drone_images/Mini 3_withpayload.png,26.195000,-81.755000,26.194500,-81.755300,apolloshield_dji,dji,,,2414500000,RADAR-A2D2-B2F6,Sensor Naples / Southwest Gulf Coast,160,YELLOW,YELLOW
1772041155786,A2D2-B2F6,FLT-B2F6-001,26.195356,-81.750248,37.2,9.4,0,Mini 3,true,drone_images/Mini 3_withpayload.png,26.195000,-81.755000,26.194500,-81.755300,apolloshield_dji,dji,,,2414500000,RADAR-A2D2-B2F6,Sensor Naples / Southwest Gulf Coast,160,YELLOW,YELLOW
1772041156931,A2D2-B2F6,FLT-B2F6-001,26.195224,-81.750064,37,5,0,Mini 3,true,drone_images/Mini 3_withpayload.png,26.195000,-81.755000,26.194500,-81.755300,apolloshield_dji,dji,,,2414500000,RADAR-A2D2-B2F6,Sensor Naples / Southwest Gulf Coast,160,YELLOW,YELLOW
1772041158104,A2D2-B2F6,FLT-B2F6-001,26.195224,-81.750064,37,5,0,Mini 3,true,drone_images/Mini 3_withpayload.png,26.195000,-81.755000,26.194500,-81.755300,apolloshield_dji,dji,,,2414500000,RADAR-A2D2-B2F6,Sensor Naples / Southwest Gulf Coast,160,YELLOW,YELLOW
1772041159009,A2D2-B2F6,FLT-B2F6-001,26.195224,-81.750064,37,5,0,Mini 3,true,drone_images/Mini 3_withpayload.png,26.195000,-81.755000,26.194500,-81.755300,apolloshield_dji,dji,,,2414500000,RADAR-A2D2-B2F6,Sensor Naples / Southwest Gulf Coast,160,YELLOW,YELLOW
1772041159889,A2D2-B2F6,FLT-B2F6-001,26.195224,-81.750064,37,5,0,Mini 3,true,drone_images/Mini 3_withpayload.png,26.195000,-81.755000,26.194500,-81.755300,apolloshield_dji,dji,,,2414500000,RADAR-A2D2-B2F6,Sensor Naples / Southwest Gulf Coast,160,YELLOW,YELLOW
1772041160838,A2D2-B2F6,FLT-B2F6-001,26.195224,-81.750064,37,5,0,Mini 3,true,drone_images/Mini 3_withpayload.png,26.195000,-81.755000,26.194500,-81.755300,apolloshield_dji,dji,,,2414500000,RADAR-A2D2-B2F6,Sensor Naples / Southwest Gulf Coast,160,YELLOW,YELLOW
1772041161785,A2D2-B2F6,FLT-B2F6-001,26.195224,-81.750064,37,5,0,Mini 3,true,drone_images/Mini 3_withpayload.png,26.195000,-81.755000,26.194500,-81.755300,apolloshield_dji,dji,,,2414500000,RADAR-A2D2-B2F6,Sensor Naples / Southwest Gulf Coast,160,YELLOW,YELLOW
1772041162818,A2D2-B2F6,FLT-B2F6-001,26.195224,-81.750064,37,5,0,Mini 3,true,drone_images/Mini 3_withpayload.png,26.195000,-81.755000,26.194500,-81.755300,apolloshield_dji,dji,,,2414500000,RADAR-A2D2-B2F6,Sensor Naples / Southwest Gulf Coast,160,YELLOW,YELLOW
1772041164260,A2D2-B2F6,FLT-B2F6-001,26.195224,-81.750064,37,5,0,Mini 3,true,drone_images/Mini 3_withpayload.png,26.195000,-81.755000,26.194500,-81.755300,apolloshield_dji,dji,,,2414500000,RADAR-A2D2-B2F6,Sensor Naples / Southwest Gulf Coast,160,YELLOW,YELLOW
1772041164668,A2D2-B2F6,FLT-B2F6-001,26.195224,-81.750064,37,5,0,Mini 3,true,drone_images/Mini 3_withpayload.png,26.195000,-81.755000,26.194500,-81.755300,apolloshield_dji,dji,,,2414500000,RADAR-A2D2-B2F6,Sensor Naples / Southwest Gulf Coast,160,YELLOW,YELLOW
1772041166609,A2D2-B2F6,FLT-B2F6-001,26.195224,-81.750064,37,5,0,Mini 3,true,drone_images/Mini 3_withpayload.png,26.195000,-81.755000,26.194500,-81.755300,apolloshield_dji,dji,,,2414500000,RADAR-A2D2-B2F6,Sensor Naples / Southwest Gulf Coast,160,YELLOW,YELLOW
1772041167097,A2D2-B2F6,FLT-B2F6-001,26.195224,-81.750064,37,5,0,Mini 3,true,drone_images/Mini 3_withpayload.png,26.195000,-81.755000,26.194500,-81.755300,apolloshield_dji,dji,,,2414500000,RADAR-A2D2-B2F6,Sensor Naples / Southwest Gulf Coast,160,YELLOW,YELLOW
1772041168586,A2D2-B2F6,FLT-B2F6-001,26.195224,-81.750064,37,5,0,Mini 3,true,drone_images/Mini 3_withpayload.png,26.195000,-81.755000,26.194500,-81.755300,apolloshield_dji,dji,,,2414500000,RADAR-A2D2-B2F6,Sensor Naples / Southwest Gulf Coast,160,YELLOW,YELLOW
1772041169002,A2D2-B2F6,FLT-B2F6-001,26.195224,-81.750064,37,5,0,Mini 3,true,drone_images/Mini 3_withpayload.png,26.195000,-81.755000,26.194500,-81.755300,apolloshield_dji,dji,,,2414500000,RADAR-A2D2-B2F6,Sensor Naples / Southwest Gulf Coast,160,YELLOW,YELLOW
1772041169801,A2D2-B2F6,FLT-B2F6-001,26.195224,-81.750064,37,5,0,Mini 3,true,drone_images/Mini 3_withpayload.png,26.195000,-81.755000,26.194500,-81.755300,apolloshield_dji,dji,,,2414500000,RADAR-A2D2-B2F6,Sensor Naples / Southwest Gulf Coast,160,YELLOW,YELLOW
1772041171386,A2D2-B2F6,FLT-B2F6-001,26.195224,-81.750064,37,5,0,Mini 3,true,drone_images/Mini 3_withpayload.png,26.195000,-81.755000,26.194500,-81.755300,apolloshield_dji,dji,,,2414500000,RADAR-A2D2-B2F6,Sensor Naples / Southwest Gulf Coast,160,YELLOW,YELLOW
1772041171837,A2D2-B2F6,FLT-B2F6-001,26.195224,-81.750064,37,5,0,Mini 3,true,drone_images/Mini 3_withpayload.png,26.195000,-81.755000,26.194500,-81.755300,apolloshield_dji,dji,,,2414500000,RADAR-A2D2-B2F6,Sensor Naples / Southwest Gulf Coast,160,YELLOW,YELLOW
1772041172861,A2D2-B2F6,FLT-B2F6-001,26.195224,-81.750064,37,5,0,Mini 3,true,drone_images/Mini 3_withpayload.png,26.195000,-81.755000,26.194500,-81.755300,apolloshield_dji,dji,,,2414500000,RADAR-A2D2-B2F6,Sensor Naples / Southwest Gulf Coast,160,YELLOW,YELLOW
1772041174036,A2D2-B2F6,FLT-B2F6-001,26.195224,-81.750064,37,5,0,Mini 3,true,drone_images/Mini 3_withpayload.png,26.195000,-81.755000,26.194500,-81.755300,apolloshield_dji,dji,,,2414500000,RADAR-A2D2-B2F6,Sensor Naples / Southwest Gulf Coast,160,YELLOW,YELLOW
1772041175105,A2D2-B2F6,FLT-B2F6-001,26.195224,-81.750064,37,5,0,Mini 3,true,drone_images/Mini 3_withpayload.png,26.195000,-81.755000,26.194500,-81.755300,apolloshield_dji,dji,,,2414500000,RADAR-A2D2-B2F6,Sensor Naples / Southwest Gulf Coast,160,YELLOW,YELLOW
1772041175935,A2D2-B2F6,FLT-B2F6-001,26.195224,-81.750064,37,5,0,Mini 3,true,drone_images/Mini 3_withpayload.png,26.195000,-81.755000,26.194500,-81.755300,apolloshield_dji,dji,,,2414500000,RADAR-A2D2-B2F6,Sensor Naples / Southwest Gulf Coast,160,YELLOW,YELLOW
1772041176973,A2D2-B2F6,FLT-B2F6-001,26.195224,-81.750064,37,5,0,Mini 3,true,drone_images/Mini 3_withpayload.png,26.195000,-81.755000,26.194500,-81.755300,apolloshield_dji,dji,,,2414500000,RADAR-A2D2-B2F6,Sensor Naples / Southwest Gulf Coast,160,YELLOW,YELLOW
1772041177824,A2D2-B2F6,FLT-B2F6-001,26.195224,-81.750064,37,5,0,Mini 3,true,drone_images/Mini 3_withpayload.png,26.195000,-81.755000,26.194500,-81.755300,apolloshield_dji,dji,,,2414500000,RADAR-A2D2-B2F6,Sensor Naples / Southwest Gulf Coast,160,YELLOW,YELLOW
1772041180119,A2D2-B2F6,FLT-B2F6-001,26.195224,-81.750064,37,5,0,Mini 3,true,drone_images/Mini 3_withpayload.png,26.195000,-81.755000,26.194500,-81.755300,apolloshield_dji,dji,,,2414500000,RADAR-A2D2-B2F6,Sensor Naples / Southwest Gulf Coast,160,YELLOW,YELLOW
1772041180148,A2D2-B2F6,FLT-B2F6-001,26.195224,-81.750064,37,5,0,Mini 3,true,drone_images/Mini 3_withpayload.png,26.195000,-81.755000,26.194500,-81.755300,apolloshield_dji,dji,,,2414500000,RADAR-A2D2-B2F6,Sensor Naples / Southwest Gulf Coast,160,YELLOW,YELLOW
1772041181002,A2D2-B2F6,FLT-B2F6-001,26.195224,-81.750064,37,5,0,Mini 3,true,drone_images/Mini 3_withpayload.png,26.195000,-81.755000,26.194500,-81.755300,apolloshield_dji,dji,,,2414500000,RADAR-A2D2-B2F6,Sensor Naples / Southwest Gulf Coast,160,YELLOW,YELLOW
1772041182217,A2D2-B2F6,FLT-B2F6-001,26.195224,-81.750064,37,5,0,Mini 3,true,drone_images/Mini 3_withpayload.png,26.195000,-81.755000,26.194500,-81.755300,apolloshield_dji,dji,,,2414500000,RADAR-A2D2-B2F6,Sensor Naples / Southwest Gulf Coast,160,YELLOW,YELLOW
1772041183280,A2D2-B2F6,FLT-B2F6-001,26.195224,-81.750064,37,5,0,Mini 3,true,drone_images/Mini 3_withpayload.png,26.195000,-81.755000,26.194500,-81.755300,apolloshield_dji,dji,,,2414500000,RADAR-A2D2-B2F6,Sensor Naples / Southwest Gulf Coast,160,YELLOW,YELLOW
1772041184015,A2D2-B2F6,FLT-B2F6-001,26.195224,-81.750064,37,5,0,Mini 3,true,drone_images/Mini 3_withpayload.png,26.195000,-81.755000,26.194500,-81.755300,apolloshield_dji,dji,,,2414500000,RADAR-A2D2-B2F6,Sensor Naples / Southwest Gulf Coast,160,YELLOW,YELLOW
1772041184987,A2D2-B2F6,FLT-B2F6-001,26.195224,-81.750064,37,5,0,Mini 3,true,drone_images/Mini 3_withpayload.png,26.195000,-81.755000,26.194500,-81.755300,apolloshield_dji,dji,,,2414500000,RADAR-A2D2-B2F6,Sensor Naples / Southwest Gulf Coast,160,YELLOW,YELLOW
1772041186115,A2D2-B2F6,FLT-B2F6-001,26.195224,-81.750064,37,5,0,Mini 3,true,drone_images/Mini 3_withpayload.png,26.195000,-81.755000,26.194500,-81.755300,apolloshield_dji,dji,,,2414500000,RADAR-A2D2-B2F6,Sensor Naples / Southwest Gulf Coast,160,YELLOW,YELLOW
1772041186936,A2D2-B2F6,FLT-B2F6-001,26.195224,-81.750064,37,5,0,Mini 3,true,drone_images/Mini 3_withpayload.png,26.195000,-81.755000,26.194500,-81.755300,apolloshield_dji,dji,,,2414500000,RADAR-A2D2-B2F6,Sensor Naples / Southwest Gulf Coast,160,YELLOW,YELLOW
1772041187982,A2D2-B2F6,FLT-B2F6-001,26.195224,-81.750064,37,5,0,Mini 3,true,drone_images/Mini 3_withpayload.png,26.195000,-81.755000,26.194500,-81.755300,apolloshield_dji,dji,,,2414500000,RADAR-A2D2-B2F6,Sensor Naples / Southwest Gulf Coast,160,YELLOW,YELLOW
1772041188932,A2D2-B2F6,FLT-B2F6-001,26.195224,-81.750064,37,5,0,Mini 3,true,drone_images/Mini 3_withpayload.png,26.195000,-81.755000,26.194500,-81.755300,apolloshield_dji,dji,,,2414500000,RADAR-A2D2-B2F6,Sensor Naples / Southwest Gulf Coast,160,YELLOW,YELLOW
1772041189905,A2D2-B2F6,FLT-B2F6-001,26.195224,-81.750064,37,5,0,Mini 3,true,drone_images/Mini 3_withpayload.png,26.195000,-81.755000,26.194500,-81.755300,apolloshield_dji,dji,,,2414500000,RADAR-A2D2-B2F6,Sensor Naples / Southwest Gulf Coast,160,YELLOW,YELLOW
1772041190865,A2D2-B2F6,FLT-B2F6-001,26.195224,-81.750064,37,5,0,Mini 3,true,drone_images/Mini 3_withpayload.png,26.195000,-81.755000,26.194500,-81.755300,apolloshield_dji,dji,,,2414500000,RADAR-A2D2-B2F6,Sensor Naples / Southwest Gulf Coast,160,YELLOW,YELLOW
1772041191782,A2D2-B2F6,FLT-B2F6-001,26.195224,-81.750064,37,5,0,Mini 3,true,drone_images/Mini 3_withpayload.png,26.195000,-81.755000,26.194500,-81.755300,apolloshield_dji,dji,,,2414500000,RADAR-A2D2-B2F6,Sensor Naples / Southwest Gulf Coast,160,YELLOW,YELLOW
1772041193296,A2D2-B2F6,FLT-B2F6-001,26.195224,-81.750064,37,5,0,Mini 3,true,drone_images/Mini 3_withpayload.png,26.195000,-81.755000,26.194500,-81.755300,apolloshield_dji,dji,,,2414500000,RADAR-A2D2-B2F6,Sensor Naples / Southwest Gulf Coast,160,YELLOW,YELLOW
1772041193779,A2D2-B2F6,FLT-B2F6-001,26.195224,-81.750064,37,5,0,Mini 3,true,drone_images/Mini 3_withpayload.png,26.195000,-81.755000,26.194500,-81.755300,apolloshield_dji,dji,,,2414500000,RADAR-A2D2-B2F6,Sensor Naples / Southwest Gulf Coast,160,YELLOW,YELLOW
1772041194848,A2D2-B2F6,FLT-B2F6-001,26.195224,-81.750064,37,5,0,Mini 3,true,drone_images/Mini 3_withpayload.png,26.195000,-81.755000,26.194500,-81.755300,apolloshield_dji,dji,,,2414500000,RADAR-A2D2-B2F6,Sensor Naples / Southwest Gulf Coast,160,YELLOW,YELLOW
1772041195849,A2D2-B2F6,FLT-B2F6-001,26.195224,-81.750064,37,5,0,Mini 3,true,drone_images/Mini 3_withpayload.png,26.195000,-81.755000,26.194500,-81.755300,apolloshield_dji,dji,,,2414500000,RADAR-A2D2-B2F6,Sensor Naples / Southwest Gulf Coast,160,YELLOW,YELLOW
1772041196968,A2D2-B2F6,FLT-B2F6-001,26.195224,-81.750064,37,5,0,Mini 3,true,drone_images/Mini 3_withpayload.png,26.195000,-81.755000,26.194500,-81.755300,apolloshield_dji,dji,,,2414500000,RADAR-A2D2-B2F6,Sensor Naples / Southwest Gulf Coast,160,YELLOW,YELLOW
1772041197949,A2D2-B2F6,FLT-B2F6-001,26.195224,-81.750064,37,5,0,Mini 3,true,drone_images/Mini 3_withpayload.png,26.195000,-81.755000,26.194500,-81.755300,apolloshield_dji,dji,,,2414500000,RADAR-A2D2-B2F6,Sensor Naples / Southwest Gulf Coast,160,YELLOW,YELLOW
1772041199223,A2D2-B2F6,FLT-B2F6-001,26.195224,-81.750064,37,5,0,Mini 3,true,drone_images/Mini 3_withpayload.png,26.195000,-81.755000,26.194500,-81.755300,apolloshield_dji,dji,,,2414500000,RADAR-A2D2-B2F6,Sensor Naples / Southwest Gulf Coast,160,YELLOW,YELLOW
1772041200169,A2D2-B2F6,FLT-B2F6-001,26.195287,-81.750116,55,9,0,Mini 3,true,drone_images/Mini 3_withpayload.png,26.195000,-81.755000,26.194500,-81.755300,apolloshield_dji,dji,,,2414500000,RADAR-A2D2-B2F6,Sensor Naples / Southwest Gulf Coast,160,YELLOW,YELLOW
1772041201182,A2D2-B2F6,FLT-B2F6-001,26.195287,-81.750116,55,9,0,Mini 3,true,drone_images/Mini 3_withpayload.png,26.195000,-81.755000,26.194500,-81.755300,apolloshield_dji,dji,,,2414500000,RADAR-A2D2-B2F6,Sensor Naples / Southwest Gulf Coast,160,YELLOW,YELLOW
1772041202006,A2D2-B2F6,FLT-B2F6-001,26.195287,-81.750116,55,9,0,Mini 3,true,drone_images/Mini 3_withpayload.png,26.195000,-81.755000,26.194500,-81.755300,apolloshield_dji,dji,,,2414500000,RADAR-A2D2-B2F6,Sensor Naples / Southwest Gulf Coast,160,YELLOW,YELLOW
1772041203429,A2D2-B2F6,FLT-B2F6-001,26.195287,-81.750116,67.8,0.2,0,Mini 3,true,drone_images/Mini 3_withpayload.png,26.195000,-81.755000,26.194500,-81.755300,apolloshield_dji,dji,,,2414500000,RADAR-A2D2-B2F6,Sensor Naples / Southwest Gulf Coast,160,YELLOW,YELLOW
1772041204480,A2D2-B2F6,FLT-B2F6-001,26.195287,-81.750116,67.8,0.2,0,Mini 3,true,drone_images/Mini 3_withpayload.png,26.195000,-81.755000,26.194500,-81.755300,apolloshield_dji,dji,,,2414500000,RADAR-A2D2-B2F6,Sensor Naples / Southwest Gulf Coast,160,YELLOW,YELLOW
1772041205288,A2D2-B2F6,FLT-B2F6-001,26.195287,-81.750116,67.8,0.1,0,Mini 3,true,drone_images/Mini 3_withpayload.png,26.195000,-81.755000,26.194500,-81.755300,apolloshield_dji,dji,,,2414500000,RADAR-A2D2-B2F6,Sensor Naples / Southwest Gulf Coast,160,YELLOW,YELLOW
1772041206525,A2D2-B2F6,FLT-B2F6-001,26.195287,-81.750116,67.8,0.1,0,Mini 3,true,drone_images/Mini 3_withpayload.png,26.195000,-81.755000,26.194500,-81.755300,apolloshield_dji,dji,,,2414500000,RADAR-A2D2-B2F6,Sensor Naples / Southwest Gulf Coast,160,YELLOW,YELLOW
1772041208318,A2D2-B2F6,FLT-B2F6-001,26.195287,-81.750116,67.8,0.1,0,Mini 3,true,drone_images/Mini 3_withpayload.png,26.195000,-81.755000,26.194500,-81.755300,apolloshield_dji,dji,,,2414500000,RADAR-A2D2-B2F6,Sensor Naples / Southwest Gulf Coast,160,YELLOW,YELLOW
1772041208432,A2D2-B2F6,FLT-B2F6-001,26.195287,-81.750116,67.8,0.1,0,Mini 3,true,drone_images/Mini 3_withpayload.png,26.195000,-81.755000,26.194500,-81.755300,apolloshield_dji,dji,,,2414500000,RADAR-A2D2-B2F6,Sensor Naples / Southwest Gulf Coast,160,YELLOW,YELLOW
1772041209282,A2D2-B2F6,FLT-B2F6-001,26.195287,-81.750116,67.8,0.1,0,Mini 3,true,drone_images/Mini 3_withpayload.png,26.195000,-81.755000,26.194500,-81.755300,apolloshield_dji,dji,,,2414500000,RADAR-A2D2-B2F6,Sensor Naples / Southwest Gulf Coast,160,YELLOW,YELLOW
1772041210015,A2D2-B2F6,FLT-B2F6-001,26.195287,-81.750116,67.7,9,0,Mini 3,true,drone_images/Mini 3_withpayload.png,26.195000,-81.755000,26.194500,-81.755300,apolloshield_dji,dji,,,2414500000,RADAR-A2D2-B2F6,Sensor Naples / Southwest Gulf Coast,160,YELLOW,YELLOW
1772041211117,A2D2-B2F6,FLT-B2F6-001,26.195287,-81.750116,67.7,9,0,Mini 3,true,drone_images/Mini 3_withpayload.png,26.195000,-81.755000,26.194500,-81.755300,apolloshield_dji,dji,,,2414500000,RADAR-A2D2-B2F6,Sensor Naples / Southwest Gulf Coast,160,YELLOW,YELLOW
1772041211947,A2D2-B2F6,FLT-B2F6-001,26.195287,-81.750116,67.7,9,0,Mini 3,true,drone_images/Mini 3_withpayload.png,26.195000,-81.755000,26.194500,-81.755300,apolloshield_dji,dji,,,2414500000,RADAR-A2D2-B2F6,Sensor Naples / Southwest Gulf Coast,160,YELLOW,YELLOW
1772041213029,A2D2-B2F6,FLT-B2F6-001,26.195287,-81.750116,67.7,9,0,Mini 3,true,drone_images/Mini 3_withpayload.png,26.195000,-81.755000,26.194500,-81.755300,apolloshield_dji,dji,,,2414500000,RADAR-A2D2-B2F6,Sensor Naples / Southwest Gulf Coast,160,YELLOW,YELLOW
1772041213405,A2D2-B2F6,FLT-B2F6-001,26.195287,-81.750116,67.7,9,0,Mini 3,true,drone_images/Mini 3_withpayload.png,26.195000,-81.755000,26.194500,-81.755300,apolloshield_dji,dji,,,2414500000,RADAR-A2D2-B2F6,Sensor Naples / Southwest Gulf Coast,160,YELLOW,YELLOW
1772041224928,A2D2-B2F6,FLT-B2F6-001,26.195282,-81.750093,119.7,1.9,0,Mini 3,true,drone_images/Mini 3_withpayload.png,26.195000,-81.755000,26.194500,-81.755300,apolloshield_dji,dji,,,2414500000,RADAR-A2D2-B2F6,Sensor Naples / Southwest Gulf Coast,160,YELLOW,YELLOW
1772041225588,A2D2-B2F6,FLT-B2F6-001,26.195282,-81.750093,119.7,1.9,0,Mini 3,true,drone_images/Mini 3_withpayload.png,26.195000,-81.755000,26.194500,-81.755300,apolloshield_dji,dji,,,2414500000,RADAR-A2D2-B2F6,Sensor Naples / Southwest Gulf Coast,160,YELLOW,YELLOW
1772041226056,A2D2-B2F6,FLT-B2F6-001,26.195282,-81.750093,119.7,1.9,0,Mini 3,true,drone_images/Mini 3_withpayload.png,26.195000,-81.755000,26.194500,-81.755300,apolloshield_dji,dji,,,2414500000,RADAR-A2D2-B2F6,Sensor Naples / Southwest Gulf Coast,160,YELLOW,YELLOW
1772041226992,A2D2-B2F6,FLT-B2F6-001,26.195282,-81.750093,119.7,1.9,0,Mini 3,true,drone_images/Mini 3_withpayload.png,26.195000,-81.755000,26.194500,-81.755300,apolloshield_dji,dji,,,2414500000,RADAR-A2D2-B2F6,Sensor Naples / Southwest Gulf Coast,160,YELLOW,YELLOW
1772041228941,A2D2-B2F6,FLT-B2F6-001,26.195282,-81.750093,119.7,0.2,0,Mini 3,true,drone_images/Mini 3_withpayload.png,26.195000,-81.755000,26.194500,-81.755300,apolloshield_dji,dji,,,2414500000,RADAR-A2D2-B2F6,Sensor Naples / Southwest Gulf Coast,160,YELLOW,YELLOW
1772041228962,A2D2-B2F6,FLT-B2F6-001,26.195282,-81.750093,119.7,1.9,0,Mini 3,true,drone_images/Mini 3_withpayload.png,26.195000,-81.755000,26.194500,-81.755300,apolloshield_dji,dji,,,2414500000,RADAR-A2D2-B2F6,Sensor Naples / Southwest Gulf Coast,160,YELLOW,YELLOW
1772041229925,A2D2-B2F6,FLT-B2F6-001,26.195282,-81.750093,119.7,0.2,0,Mini 3,true,drone_images/Mini 3_withpayload.png,26.195000,-81.755000,26.194500,-81.755300,apolloshield_dji,dji,,,2414500000,RADAR-A2D2-B2F6,Sensor Naples / Southwest Gulf Coast,160,YELLOW,YELLOW
1772041231204,A2D2-B2F6,FLT-B2F6-001,26.195282,-81.750093,119.7,0.2,0,Mini 3,true,drone_images/Mini 3_withpayload.png,26.195000,-81.755000,26.194500,-81.755300,apolloshield_dji,dji,,,2414500000,RADAR-A2D2-B2F6,Sensor Naples / Southwest Gulf Coast,160,YELLOW,YELLOW
1772041232168,A2D2-B2F6,FLT-B2F6-001,26.195282,-81.750093,119.7,0.2,0,Mini 3,true,drone_images/Mini 3_withpayload.png,26.195000,-81.755000,26.194500,-81.755300,apolloshield_dji,dji,,,2414500000,RADAR-A2D2-B2F6,Sensor Naples / Southwest Gulf Coast,160,YELLOW,YELLOW
1772041233492,A2D2-B2F6,FLT-B2F6-001,26.195276,-81.749881,119.8,1.3,0,Mini 3,true,drone_images/Mini 3_withpayload.png,26.195000,-81.755000,26.194500,-81.755300,apolloshield_dji,dji,,,2414500000,RADAR-A2D2-B2F6,Sensor Naples / Southwest Gulf Coast,160,YELLOW,YELLOW
1772041234645,A2D2-B2F6,FLT-B2F6-001,26.195276,-81.749864,119.7,3.1,0,Mini 3,true,drone_images/Mini 3_withpayload.png,26.195000,-81.755000,26.194500,-81.755300,apolloshield_dji,dji,,,2414500000,RADAR-A2D2-B2F6,Sensor Naples / Southwest Gulf Coast,160,YELLOW,YELLOW
1772041236227,A2D2-B2F6,FLT-B2F6-001,26.195276,-81.749864,119.7,3.1,0,Mini 3,true,drone_images/Mini 3_withpayload.png,26.195000,-81.755000,26.194500,-81.755300,apolloshield_dji,dji,,,2414500000,RADAR-A2D2-B2F6,Sensor Naples / Southwest Gulf Coast,160,YELLOW,YELLOW
1772041237057,A2D2-B2F6,FLT-B2F6-001,26.195276,-81.749864,119.7,3.1,0,Mini 3,true,drone_images/Mini 3_withpayload.png,26.195000,-81.755000,26.194500,-81.755300,apolloshield_dji,dji,,,2414500000,RADAR-A2D2-B2F6,Sensor Naples / Southwest Gulf Coast,160,YELLOW,YELLOW
1772041238015,A2D2-B2F6,FLT-B2F6-001,26.195276,-81.749864,119.7,3.1,0,Mini 3,true,drone_images/Mini 3_withpayload.png,26.195000,-81.755000,26.194500,-81.755300,apolloshield_dji,dji,,,2414500000,RADAR-A2D2-B2F6,Sensor Naples / Southwest Gulf Coast,160,YELLOW,YELLOW
1772041238506,A2D2-B2F6,FLT-B2F6-001,26.195264,-81.749652,119.8,6,0,Mini 3,true,drone_images/Mini 3_withpayload.png,26.195000,-81.755000,26.194500,-81.755300,apolloshield_dji,dji,,,2414500000,RADAR-A2D2-B2F6,Sensor Naples / Southwest Gulf Coast,160,YELLOW,YELLOW
1772041239549,A2D2-B2F6,FLT-B2F6-001,26.195264,-81.749635,119.7,1.2,0,Mini 3,true,drone_images/Mini 3_withpayload.png,26.195000,-81.755000,26.194500,-81.755300,apolloshield_dji,dji,,,2414500000,RADAR-A2D2-B2F6,Sensor Naples / Southwest Gulf Coast,160,YELLOW,YELLOW
1772041240410,A2D2-B2F6,FLT-B2F6-001,26.195264,-81.749635,119.7,1.2,0,Mini 3,true,drone_images/Mini 3_withpayload.png,26.195000,-81.755000,26.194500,-81.755300,apolloshield_dji,dji,,,2414500000,RADAR-A2D2-B2F6,Sensor Naples / Southwest Gulf Coast,160,YELLOW,YELLOW
1772041240794,A2D2-B2F6,FLT-B2F6-001,26.195264,-81.749635,119.7,1.2,0,Mini 3,true,drone_images/Mini 3_withpayload.png,26.195000,-81.755000,26.194500,-81.755300,apolloshield_dji,dji,,,2414500000,RADAR-A2D2-B2F6,Sensor Naples / Southwest Gulf Coast,160,YELLOW,YELLOW
1772041241991,A2D2-B2F6,FLT-B2F6-001,26.195264,-81.749635,119.7,1.2,0,Mini 3,true,drone_images/Mini 3_withpayload.png,26.195000,-81.755000,26.194500,-81.755300,apolloshield_dji,dji,,,2414500000,RADAR-A2D2-B2F6,Sensor Naples / Southwest Gulf Coast,160,YELLOW,YELLOW
1772041243457,A2D2-B2F6,FLT-B2F6-001,26.195264,-81.749635,119.7,1.2,0,Mini 3,true,drone_images/Mini 3_withpayload.png,26.195000,-81.755000,26.194500,-81.755300,apolloshield_dji,dji,,,2414500000,RADAR-A2D2-B2F6,Sensor Naples / Southwest Gulf Coast,160,YELLOW,YELLOW
1772041244256,A2D2-B2F6,FLT-B2F6-001,26.195270,-81.749881,119.7,2,0,Mini 3,true,drone_images/Mini 3_withpayload.png,26.195000,-81.755000,26.194500,-81.755300,apolloshield_dji,dji,,,2414500000,RADAR-A2D2-B2F6,Sensor Naples / Southwest Gulf Coast,160,YELLOW,YELLOW
1772041245197,A2D2-B2F6,FLT-B2F6-001,26.195270,-81.749881,119.7,2,0,Mini 3,true,drone_images/Mini 3_withpayload.png,26.195000,-81.755000,26.194500,-81.755300,apolloshield_dji,dji,,,2414500000,RADAR-A2D2-B2F6,Sensor Naples / Southwest Gulf Coast,160,YELLOW,YELLOW
1772041246701,A2D2-B2F6,FLT-B2F6-001,26.195270,-81.749881,119.7,2,0,Mini 3,true,drone_images/Mini 3_withpayload.png,26.195000,-81.755000,26.194500,-81.755300,apolloshield_dji,dji,,,2414500000,RADAR-A2D2-B2F6,Sensor Naples / Southwest Gulf Coast,160,YELLOW,YELLOW
1772041247658,A2D2-B2F6,FLT-B2F6-001,26.195270,-81.749881,119.7,2,0,Mini 3,true,drone_images/Mini 3_withpayload.png,26.195000,-81.755000,26.194500,-81.755300,apolloshield_dji,dji,,,2414500000,RADAR-A2D2-B2F6,Sensor Naples / Southwest Gulf Coast,160,YELLOW,YELLOW
1772041248130,A2D2-B2F6,FLT-B2F6-001,26.195276,-81.749887,119.7,0.1,0,Mini 3,true,drone_images/Mini 3_withpayload.png,26.195000,-81.755000,26.194500,-81.755300,apolloshield_dji,dji,,,2414500000,RADAR-A2D2-B2F6,Sensor Naples / Southwest Gulf Coast,160,YELLOW,YELLOW
1772041249022,A2D2-B2F6,FLT-B2F6-001,26.195276,-81.749887,119.7,0.1,0,Mini 3,true,drone_images/Mini 3_withpayload.png,26.195000,-81.755000,26.194500,-81.755300,apolloshield_dji,dji,,,2414500000,RADAR-A2D2-B2F6,Sensor Naples / Southwest Gulf Coast,160,YELLOW,YELLOW
1772041249722,A2D2-B2F6,FLT-B2F6-001,26.195276,-81.749887,119.7,0.1,0,Mini 3,true,drone_images/Mini 3_withpayload.png,26.195000,-81.755000,26.194500,-81.755300,apolloshield_dji,dji,,,2414500000,RADAR-A2D2-B2F6,Sensor Naples / Southwest Gulf Coast,160,YELLOW,YELLOW
1772041251176,A2D2-B2F6,FLT-B2F6-001,26.195276,-81.749887,119.7,0.1,0,Mini 3,true,drone_images/Mini 3_withpayload.png,26.195000,-81.755000,26.194500,-81.755300,apolloshield_dji,dji,,,2414500000,RADAR-A2D2-B2F6,Sensor Naples / Southwest Gulf Coast,160,YELLOW,YELLOW
1772041252254,A2D2-B2F6,FLT-B2F6-001,26.195276,-81.749887,119.7,0.1,0,Mini 3,true,drone_images/Mini 3_withpayload.png,26.195000,-81.755000,26.194500,-81.755300,apolloshield_dji,dji,,,2414500000,RADAR-A2D2-B2F6,Sensor Naples / Southwest Gulf Coast,160,YELLOW,YELLOW
1772041253720,A2D2-B2F6,FLT-B2F6-001,26.195276,-81.749887,119.7,0.1,0,Mini 3,true,drone_images/Mini 3_withpayload.png,26.195000,-81.755000,26.194500,-81.755300,apolloshield_dji,dji,,,2414500000,RADAR-A2D2-B2F6,Sensor Naples / Southwest Gulf Coast,160,YELLOW,YELLOW
1772041254093,A2D2-B2F6,FLT-B2F6-001,26.195276,-81.749887,119.7,0.1,0,Mini 3,true,drone_images/Mini 3_withpayload.png,26.195000,-81.755000,26.194500,-81.755300,apolloshield_dji,dji,,,2414500000,RADAR-A2D2-B2F6,Sensor Naples / Southwest Gulf Coast,160,YELLOW,YELLOW
1772041254858,A2D2-B2F6,FLT-B2F6-001,26.195276,-81.749887,119.7,0.1,0,Mini 3,true,drone_images/Mini 3_withpayload.png,26.195000,-81.755000,26.194500,-81.755300,apolloshield_dji,dji,,,2414500000,RADAR-A2D2-B2F6,Sensor Naples / Southwest Gulf Coast,160,YELLOW,YELLOW
1772041256138,A2D2-B2F6,FLT-B2F6-001,26.195276,-81.749887,119.7,0.1,0,Mini 3,true,drone_images/Mini 3_withpayload.png,26.195000,-81.755000,26.194500,-81.755300,apolloshield_dji,dji,,,2414500000,RADAR-A2D2-B2F6,Sensor Naples / Southwest Gulf Coast,160,YELLOW,YELLOW
1772041257194,A2D2-B2F6,FLT-B2F6-001,26.195276,-81.749887,119.7,0.1,0,Mini 3,true,drone_images/Mini 3_withpayload.png,26.195000,-81.755000,26.194500,-81.755300,apolloshield_dji,dji,,,2414500000,RADAR-A2D2-B2F6,Sensor Naples / Southwest Gulf Coast,160,YELLOW,YELLOW
1772041258389,A2D2-B2F6,FLT-B2F6-001,26.195276,-81.749887,119.7,0.1,0,Mini 3,true,drone_images/Mini 3_withpayload.png,26.195000,-81.755000,26.194500,-81.755300,apolloshield_dji,dji,,,2414500000,RADAR-A2D2-B2F6,Sensor Naples / Southwest Gulf Coast,160,YELLOW,YELLOW
1772041258888,A2D2-B2F6,FLT-B2F6-001,26.195276,-81.749887,119.7,0.1,0,Mini 3,true,drone_images/Mini 3_withpayload.png,26.195000,-81.755000,26.194500,-81.755300,apolloshield_dji,dji,,,2414500000,RADAR-A2D2-B2F6,Sensor Naples / Southwest Gulf Coast,160,YELLOW,YELLOW
1772041259974,A2D2-B2F6,FLT-B2F6-001,26.195276,-81.749887,119.7,0.1,0,Mini 3,true,drone_images/Mini 3_withpayload.png,26.195000,-81.755000,26.194500,-81.755300,apolloshield_dji,dji,,,2414500000,RADAR-A2D2-B2F6,Sensor Naples / Southwest Gulf Coast,160,YELLOW,YELLOW
1772041261048,A2D2-B2F6,FLT-B2F6-001,26.195276,-81.749887,119.7,0.1,0,Mini 3,true,drone_images/Mini 3_withpayload.png,26.195000,-81.755000,26.194500,-81.755300,apolloshield_dji,dji,,,2414500000,RADAR-A2D2-B2F6,Sensor Naples / Southwest Gulf Coast,160,YELLOW,YELLOW
1772041262030,A2D2-B2F6,FLT-B2F6-001,26.195276,-81.749887,119.7,0.1,0,Mini 3,true,drone_images/Mini 3_withpayload.png,26.195000,-81.755000,26.194500,-81.755300,apolloshield_dji,dji,,,2414500000,RADAR-A2D2-B2F6,Sensor Naples / Southwest Gulf Coast,160,YELLOW,YELLOW
1772041263152,A2D2-B2F6,FLT-B2F6-001,26.195276,-81.749887,119.7,0.1,0,Mini 3,true,drone_images/Mini 3_withpayload.png,26.195000,-81.755000,26.194500,-81.755300,apolloshield_dji,dji,,,2414500000,RADAR-A2D2-B2F6,Sensor Naples / Southwest Gulf Coast,160,YELLOW,YELLOW
1772041264004,A2D2-B2F6,FLT-B2F6-001,26.195276,-81.749887,119.7,0.1,0,Mini 3,true,drone_images/Mini 3_withpayload.png,26.195000,-81.755000,26.194500,-81.755300,apolloshield_dji,dji,,,2414500000,RADAR-A2D2-B2F6,Sensor Naples / Southwest Gulf Coast,160,YELLOW,YELLOW
1772041265403,A2D2-B2F6,FLT-B2F6-001,26.195276,-81.749887,119.7,0.1,0,Mini 3,true,drone_images/Mini 3_withpayload.png,26.195000,-81.755000,26.194500,-81.755300,apolloshield_dji,dji,,,2414500000,RADAR-A2D2-B2F6,Sensor Naples / Southwest Gulf Coast,160,YELLOW,YELLOW
1772041265857,A2D2-B2F6,FLT-B2F6-001,26.195276,-81.749887,119.7,0.1,0,Mini 3,true,drone_images/Mini 3_withpayload.png,26.195000,-81.755000,26.194500,-81.755300,apolloshield_dji,dji,,,2414500000,RADAR-A2D2-B2F6,Sensor Naples / Southwest Gulf Coast,160,YELLOW,YELLOW
1772041266725,A2D2-B2F6,FLT-B2F6-001,26.195276,-81.749887,119.7,0.1,0,Mini 3,true,drone_images/Mini 3_withpayload.png,26.195000,-81.755000,26.194500,-81.755300,apolloshield_dji,dji,,,2414500000,RADAR-A2D2-B2F6,Sensor Naples / Southwest Gulf Coast,160,YELLOW,YELLOW
1772041267865,A2D2-B2F6,FLT-B2F6-001,26.195276,-81.749887,119.7,0.1,0,Mini 3,true,drone_images/Mini 3_withpayload.png,26.195000,-81.755000,26.194500,-81.755300,apolloshield_dji,dji,,,2414500000,RADAR-A2D2-B2F6,Sensor Naples / Southwest Gulf Coast,160,YELLOW,YELLOW
1772041268823,A2D2-B2F6,FLT-B2F6-001,26.195276,-81.749887,119.7,0.1,0,Mini 3,true,drone_images/Mini 3_withpayload.png,26.195000,-81.755000,26.194500,-81.755300,apolloshield_dji,dji,,,2414500000,RADAR-A2D2-B2F6,Sensor Naples / Southwest Gulf Coast,160,YELLOW,YELLOW
1772041270439,A2D2-B2F6,FLT-B2F6-001,26.195276,-81.749887,119.7,0.1,0,Mini 3,true,drone_images/Mini 3_withpayload.png,26.195000,-81.755000,26.194500,-81.755300,apolloshield_dji,dji,,,2414500000,RADAR-A2D2-B2F6,Sensor Naples / Southwest Gulf Coast,160,YELLOW,YELLOW
1772041271342,A2D2-B2F6,FLT-B2F6-001,26.194376,-81.749784,119.5,6.2,0,Mini 3,true,drone_images/Mini 3_withpayload.png,26.195000,-81.755000,26.194500,-81.755300,apolloshield_dji,dji,,,2414500000,RADAR-A2D2-B2F6,Sensor Naples / Southwest Gulf Coast,160,YELLOW,YELLOW
1772041272447,A2D2-B2F6,FLT-B2F6-001,26.194376,-81.749784,119.5,6.2,0,Mini 3,true,drone_images/Mini 3_withpayload.png,26.195000,-81.755000,26.194500,-81.755300,apolloshield_dji,dji,,,2414500000,RADAR-A2D2-B2F6,Sensor Naples / Southwest Gulf Coast,160,YELLOW,YELLOW
1772041272674,A2D2-B2F6,FLT-B2F6-001,26.194376,-81.749784,119.5,6.2,0,Mini 3,true,drone_images/Mini 3_withpayload.png,26.195000,-81.755000,26.194500,-81.755300,apolloshield_dji,dji,,,2414500000,RADAR-A2D2-B2F6,Sensor Naples / Southwest Gulf Coast,160,YELLOW,YELLOW
1772041273613,A2D2-B2F6,FLT-B2F6-001,26.194376,-81.749784,119.5,6.2,0,Mini 3,true,drone_images/Mini 3_withpayload.png,26.195000,-81.755000,26.194500,-81.755300,apolloshield_dji,dji,,,2414500000,RADAR-A2D2-B2F6,Sensor Naples / Southwest Gulf Coast,160,YELLOW,YELLOW
1772041274846,A2D2-B2F6,FLT-B2F6-001,26.194376,-81.749784,119.5,6.2,0,Mini 3,true,drone_images/Mini 3_withpayload.png,26.195000,-81.755000,26.194500,-81.755300,apolloshield_dji,dji,,,2414500000,RADAR-A2D2-B2F6,Sensor Naples / Southwest Gulf Coast,160,YELLOW,YELLOW
1772041275792,A2D2-B2F6,FLT-B2F6-001,26.194376,-81.749784,119.5,6.2,0,Mini 3,true,drone_images/Mini 3_withpayload.png,26.195000,-81.755000,26.194500,-81.755300,apolloshield_dji,dji,,,2414500000,RADAR-A2D2-B2F6,Sensor Naples / Southwest Gulf Coast,160,YELLOW,YELLOW
1772041276881,A2D2-B2F6,FLT-B2F6-001,26.194376,-81.749784,119.5,6.2,0,Mini 3,true,drone_images/Mini 3_withpayload.png,26.195000,-81.755000,26.194500,-81.755300,apolloshield_dji,dji,,,2414500000,RADAR-A2D2-B2F6,Sensor Naples / Southwest Gulf Coast,160,YELLOW,YELLOW
1772041278224,A2D2-B2F6,FLT-B2F6-001,26.194376,-81.749784,119.5,6.2,0,Mini 3,true,drone_images/Mini 3_withpayload.png,26.195000,-81.755000,26.194500,-81.755300,apolloshield_dji,dji,,,2414500000,RADAR-A2D2-B2F6,Sensor Naples / Southwest Gulf Coast,160,YELLOW,YELLOW
1772041278769,A2D2-B2F6,FLT-B2F6-001,26.194376,-81.749784,119.5,6.2,0,Mini 3,true,drone_images/Mini 3_withpayload.png,26.195000,-81.755000,26.194500,-81.755300,apolloshield_dji,dji,,,2414500000,RADAR-A2D2-B2F6,Sensor Naples / Southwest Gulf Coast,160,YELLOW,YELLOW
1772041279921,A2D2-B2F6,FLT-B2F6-001,26.194376,-81.749784,119.5,6.2,0,Mini 3,true,drone_images/Mini 3_withpayload.png,26.195000,-81.755000,26.194500,-81.755300,apolloshield_dji,dji,,,2414500000,RADAR-A2D2-B2F6,Sensor Naples / Southwest Gulf Coast,160,YELLOW,YELLOW
1772041280781,A2D2-B2F6,FLT-B2F6-001,26.194376,-81.749784,119.5,6.2,0,Mini 3,true,drone_images/Mini 3_withpayload.png,26.195000,-81.755000,26.194500,-81.755300,apolloshield_dji,dji,,,2414500000,RADAR-A2D2-B2F6,Sensor Naples / Southwest Gulf Coast,160,YELLOW,YELLOW
1772041282005,A2D2-B2F6,FLT-B2F6-001,26.194376,-81.749784,119.5,6.2,0,Mini 3,true,drone_images/Mini 3_withpayload.png,26.195000,-81.755000,26.194500,-81.755300,apolloshield_dji,dji,,,2414500000,RADAR-A2D2-B2F6,Sensor Naples / Southwest Gulf Coast,160,YELLOW,YELLOW
1772041282876,A2D2-B2F6,FLT-B2F6-001,26.194376,-81.749784,119.5,6.2,0,Mini 3,true,drone_images/Mini 3_withpayload.png,26.195000,-81.755000,26.194500,-81.755300,apolloshield_dji,dji,,,2414500000,RADAR-A2D2-B2F6,Sensor Naples / Southwest Gulf Coast,160,YELLOW,YELLOW
1772041284359,A2D2-B2F6,FLT-B2F6-001,26.194376,-81.749784,119.5,6.2,0,Mini 3,true,drone_images/Mini 3_withpayload.png,26.195000,-81.755000,26.194500,-81.755300,apolloshield_dji,dji,,,2414500000,RADAR-A2D2-B2F6,Sensor Naples / Southwest Gulf Coast,160,YELLOW,YELLOW
1772041284831,A2D2-B2F6,FLT-B2F6-001,26.194376,-81.749784,119.5,6.2,0,Mini 3,true,drone_images/Mini 3_withpayload.png,26.195000,-81.755000,26.194500,-81.755300,apolloshield_dji,dji,,,2414500000,RADAR-A2D2-B2F6,Sensor Naples / Southwest Gulf Coast,160,YELLOW,YELLOW
1772041285895,A2D2-B2F6,FLT-B2F6-001,26.194376,-81.749784,119.5,6.2,0,Mini 3,true,drone_images/Mini 3_withpayload.png,26.195000,-81.755000,26.194500,-81.755300,apolloshield_dji,dji,,,2414500000,RADAR-A2D2-B2F6,Sensor Naples / Southwest Gulf Coast,160,YELLOW,YELLOW
1772041286773,A2D2-B2F6,FLT-B2F6-001,26.194376,-81.749784,119.5,6.2,0,Mini 3,true,drone_images/Mini 3_withpayload.png,26.195000,-81.755000,26.194500,-81.755300,apolloshield_dji,dji,,,2414500000,RADAR-A2D2-B2F6,Sensor Naples / Southwest Gulf Coast,160,YELLOW,YELLOW
1772041287871,A2D2-B2F6,FLT-B2F6-001,26.194376,-81.749784,119.5,6.2,0,Mini 3,true,drone_images/Mini 3_withpayload.png,26.195000,-81.755000,26.194500,-81.755300,apolloshield_dji,dji,,,2414500000,RADAR-A2D2-B2F6,Sensor Naples / Southwest Gulf Coast,160,YELLOW,YELLOW
1772041289168,A2D2-B2F6,FLT-B2F6-001,26.194376,-81.749784,119.5,6.2,0,Mini 3,true,drone_images/Mini 3_withpayload.png,26.195000,-81.755000,26.194500,-81.755300,apolloshield_dji,dji,,,2414500000,RADAR-A2D2-B2F6,Sensor Naples / Southwest Gulf Coast,160,YELLOW,YELLOW
1772041289816,A2D2-B2F6,FLT-B2F6-001,26.194376,-81.749784,119.5,6.2,0,Mini 3,true,drone_images/Mini 3_withpayload.png,26.195000,-81.755000,26.194500,-81.755300,apolloshield_dji,dji,,,2414500000,RADAR-A2D2-B2F6,Sensor Naples / Southwest Gulf Coast,160,YELLOW,YELLOW
1772041291113,A2D2-B2F6,FLT-B2F6-001,26.194376,-81.749784,119.5,6.2,0,Mini 3,true,drone_images/Mini 3_withpayload.png,26.195000,-81.755000,26.194500,-81.755300,apolloshield_dji,dji,,,2414500000,RADAR-A2D2-B2F6,Sensor Naples / Southwest Gulf Coast,160,YELLOW,YELLOW
1772041292974,A2D2-B2F6,FLT-B2F6-001,26.194376,-81.749784,119.5,6.2,0,Mini 3,true,drone_images/Mini 3_withpayload.png,26.195000,-81.755000,26.194500,-81.755300,apolloshield_dji,dji,,,2414500000,RADAR-A2D2-B2F6,Sensor Naples / Southwest Gulf Coast,160,YELLOW,YELLOW
1772041293129,A2D2-B2F6,FLT-B2F6-001,26.194376,-81.749784,119.5,6.2,0,Mini 3,true,drone_images/Mini 3_withpayload.png,26.195000,-81.755000,26.194500,-81.755300,apolloshield_dji,dji,,,2414500000,RADAR-A2D2-B2F6,Sensor Naples / Southwest Gulf Coast,160,YELLOW,YELLOW
1772041293975,A2D2-B2F6,FLT-B2F6-001,26.194376,-81.749784,119.5,6.2,0,Mini 3,true,drone_images/Mini 3_withpayload.png,26.195000,-81.755000,26.194500,-81.755300,apolloshield_dji,dji,,,2414500000,RADAR-A2D2-B2F6,Sensor Naples / Southwest Gulf Coast,160,YELLOW,YELLOW
1772041295501,A2D2-B2F6,FLT-B2F6-001,26.194376,-81.749784,119.5,6.2,0,Mini 3,true,drone_images/Mini 3_withpayload.png,26.195000,-81.755000,26.194500,-81.755300,apolloshield_dji,dji,,,2414500000,RADAR-A2D2-B2F6,Sensor Naples / Southwest Gulf Coast,160,YELLOW,YELLOW
1772041295782,A2D2-B2F6,FLT-B2F6-001,26.194376,-81.749784,119.5,6.2,0,Mini 3,true,drone_images/Mini 3_withpayload.png,26.195000,-81.755000,26.194500,-81.755300,apolloshield_dji,dji,,,2414500000,RADAR-A2D2-B2F6,Sensor Naples / Southwest Gulf Coast,160,YELLOW,YELLOW
1772041296896,A2D2-B2F6,FLT-B2F6-001,26.194376,-81.749784,119.5,6.2,0,Mini 3,true,drone_images/Mini 3_withpayload.png,26.195000,-81.755000,26.194500,-81.755300,apolloshield_dji,dji,,,2414500000,RADAR-A2D2-B2F6,Sensor Naples / Southwest Gulf Coast,160,YELLOW,YELLOW
1772041298082,A2D2-B2F6,FLT-B2F6-001,26.194376,-81.749784,119.5,6.2,0,Mini 3,true,drone_images/Mini 3_withpayload.png,26.195000,-81.755000,26.194500,-81.755300,apolloshield_dji,dji,,,2414500000,RADAR-A2D2-B2F6,Sensor Naples / Southwest Gulf Coast,160,YELLOW,YELLOW
1772041299846,A2D2-B2F6,FLT-B2F6-001,26.194376,-81.749784,119.5,6.2,0,Mini 3,true,drone_images/Mini 3_withpayload.png,26.195000,-81.755000,26.194500,-81.755300,apolloshield_dji,dji,,,2414500000,RADAR-A2D2-B2F6,Sensor Naples / Southwest Gulf Coast,160,YELLOW,YELLOW
1772041300753,A2D2-B2F6,FLT-B2F6-001,26.194376,-81.749784,119.5,6.2,0,Mini 3,true,drone_images/Mini 3_withpayload.png,26.195000,-81.755000,26.194500,-81.755300,apolloshield_dji,dji,,,2414500000,RADAR-A2D2-B2F6,Sensor Naples / Southwest Gulf Coast,160,YELLOW,YELLOW
1772041302177,A2D2-B2F6,FLT-B2F6-001,26.194376,-81.749784,119.5,6.2,0,Mini 3,true,drone_images/Mini 3_withpayload.png,26.195000,-81.755000,26.194500,-81.755300,apolloshield_dji,dji,,,2414500000,RADAR-A2D2-B2F6,Sensor Naples / Southwest Gulf Coast,160,YELLOW,YELLOW
1772041302416,A2D2-B2F6,FLT-B2F6-001,26.193878,-81.751199,119.9,10.4,0,Mini 3,true,drone_images/Mini 3_withpayload.png,26.195000,-81.755000,26.194500,-81.755300,apolloshield_dji,dji,,,2414500000,RADAR-A2D2-B2F6,Sensor Naples / Southwest Gulf Coast,160,YELLOW,YELLOW
1772041303143,A2D2-B2F6,FLT-B2F6-001,26.193878,-81.751199,119.9,10.4,0,Mini 3,true,drone_images/Mini 3_withpayload.png,26.195000,-81.755000,26.194500,-81.755300,apolloshield_dji,dji,,,2414500000,RADAR-A2D2-B2F6,Sensor Naples / Southwest Gulf Coast,160,YELLOW,YELLOW
1772041303884,A2D2-B2F6,FLT-B2F6-001,26.193878,-81.751199,119.9,10.4,0,Mini 3,true,drone_images/Mini 3_withpayload.png,26.195000,-81.755000,26.194500,-81.755300,apolloshield_dji,dji,,,2414500000,RADAR-A2D2-B2F6,Sensor Naples / Southwest Gulf Coast,160,YELLOW,YELLOW
1772041305719,A2D2-B2F6,FLT-B2F6-001,26.193878,-81.751199,119.9,10.4,0,Mini 3,true,drone_images/Mini 3_withpayload.png,26.195000,-81.755000,26.194500,-81.755300,apolloshield_dji,dji,,,2414500000,RADAR-A2D2-B2F6,Sensor Naples / Southwest Gulf Coast,160,YELLOW,YELLOW
1772041306115,A2D2-B2F6,FLT-B2F6-001,26.194015,-81.751428,119.9,0.2,0,Mini 3,true,drone_images/Mini 3_withpayload.png,26.195000,-81.755000,26.194500,-81.755300,apolloshield_dji,dji,,,2414500000,RADAR-A2D2-B2F6,Sensor Naples / Southwest Gulf Coast,160,YELLOW,YELLOW
1772041307605,A2D2-B2F6,FLT-B2F6-001,26.194015,-81.751434,119.9,9,0,Mini 3,true,drone_images/Mini 3_withpayload.png,26.195000,-81.755000,26.194500,-81.755300,apolloshield_dji,dji,,,2414500000,RADAR-A2D2-B2F6,Sensor Naples / Southwest Gulf Coast,160,YELLOW,YELLOW
1772041308042,A2D2-B2F6,FLT-B2F6-001,26.194015,-81.751434,119.9,9,0,Mini 3,true,drone_images/Mini 3_withpayload.png,26.195000,-81.755000,26.194500,-81.755300,apolloshield_dji,dji,,,2414500000,RADAR-A2D2-B2F6,Sensor Naples / Southwest Gulf Coast,160,YELLOW,YELLOW
1772041309451,A2D2-B2F6,FLT-B2F6-001,26.194015,-81.751434,119.9,9,0,Mini 3,true,drone_images/Mini 3_withpayload.png,26.195000,-81.755000,26.194500,-81.755300,apolloshield_dji,dji,,,2414500000,RADAR-A2D2-B2F6,Sensor Naples / Southwest Gulf Coast,160,YELLOW,YELLOW
1772041309780,A2D2-B2F6,FLT-B2F6-001,26.194015,-81.751434,119.9,9,0,Mini 3,true,drone_images/Mini 3_withpayload.png,26.195000,-81.755000,26.194500,-81.755300,apolloshield_dji,dji,,,2414500000,RADAR-A2D2-B2F6,Sensor Naples / Southwest Gulf Coast,160,YELLOW,YELLOW
1772041312036,A2D2-B2F6,FLT-B2F6-001,26.194015,-81.751434,119.9,9,0,Mini 3,true,drone_images/Mini 3_withpayload.png,26.195000,-81.755000,26.194500,-81.755300,apolloshield_dji,dji,,,2414500000,RADAR-A2D2-B2F6,Sensor Naples / Southwest Gulf Coast,160,YELLOW,YELLOW
1772041312447,A2D2-B2F6,FLT-B2F6-001,26.194015,-81.751428,119.9,9,0,Mini 3,true,drone_images/Mini 3_withpayload.png,26.195000,-81.755000,26.194500,-81.755300,apolloshield_dji,dji,,,2414500000,RADAR-A2D2-B2F6,Sensor Naples / Southwest Gulf Coast,160,YELLOW,YELLOW
1772041313084,A2D2-B2F6,FLT-B2F6-001,26.194015,-81.751428,119.9,9,0,Mini 3,true,drone_images/Mini 3_withpayload.png,26.195000,-81.755000,26.194500,-81.755300,apolloshield_dji,dji,,,2414500000,RADAR-A2D2-B2F6,Sensor Naples / Southwest Gulf Coast,160,YELLOW,YELLOW
1772041313808,A2D2-B2F6,FLT-B2F6-001,26.194015,-81.751428,119.9,9,0,Mini 3,true,drone_images/Mini 3_withpayload.png,26.195000,-81.755000,26.194500,-81.755300,apolloshield_dji,dji,,,2414500000,RADAR-A2D2-B2F6,Sensor Naples / Southwest Gulf Coast,160,YELLOW,YELLOW
1772041315912,A2D2-B2F6,FLT-B2F6-001,26.194015,-81.751428,119.9,9,0,Mini 3,true,drone_images/Mini 3_withpayload.png,26.195000,-81.755000,26.194500,-81.755300,apolloshield_dji,dji,,,2414500000,RADAR-A2D2-B2F6,Sensor Naples / Southwest Gulf Coast,160,YELLOW,YELLOW
1772041316954,A2D2-B2F6,FLT-B2F6-001,26.194010,-81.751514,119.9,0.1,0,Mini 3,true,drone_images/Mini 3_withpayload.png,26.195000,-81.755000,26.194500,-81.755300,apolloshield_dji,dji,,,2414500000,RADAR-A2D2-B2F6,Sensor Naples / Southwest Gulf Coast,160,YELLOW,YELLOW
1772041318217,A2D2-B2F6,FLT-B2F6-001,26.194010,-81.751514,119.9,9,0,Mini 3,true,drone_images/Mini 3_withpayload.png,26.195000,-81.755000,26.194500,-81.755300,apolloshield_dji,dji,,,2414500000,RADAR-A2D2-B2F6,Sensor Naples / Southwest Gulf Coast,160,YELLOW,YELLOW
1772041318596,A2D2-B2F6,FLT-B2F6-001,26.194010,-81.751514,119.9,9,0,Mini 3,true,drone_images/Mini 3_withpayload.png,26.195000,-81.755000,26.194500,-81.755300,apolloshield_dji,dji,,,2414500000,RADAR-A2D2-B2F6,Sensor Naples / Southwest Gulf Coast,160,YELLOW,YELLOW
1772041319867,A2D2-B2F6,FLT-B2F6-001,26.194010,-81.751514,119.9,9,0,Mini 3,true,drone_images/Mini 3_withpayload.png,26.195000,-81.755000,26.194500,-81.755300,apolloshield_dji,dji,,,2414500000,RADAR-A2D2-B2F6,Sensor Naples / Southwest Gulf Coast,160,YELLOW,YELLOW
1772041319878,A2D2-B2F6,FLT-B2F6-001,26.194010,-81.751514,119.9,9,0,Mini 3,true,drone_images/Mini 3_withpayload.png,26.195000,-81.755000,26.194500,-81.755300,apolloshield_dji,dji,,,2414500000,RADAR-A2D2-B2F6,Sensor Naples / Southwest Gulf Coast,160,YELLOW,YELLOW
1772041320946,A2D2-B2F6,FLT-B2F6-001,26.193992,-81.751514,119.9,0.2,0,Mini 3,true,drone_images/Mini 3_withpayload.png,26.195000,-81.755000,26.194500,-81.755300,apolloshield_dji,dji,,,2414500000,RADAR-A2D2-B2F6,Sensor Naples / Southwest Gulf Coast,160,YELLOW,YELLOW
1772041321978,A2D2-B2F6,FLT-B2F6-001,26.193992,-81.751514,119.9,9,0,Mini 3,true,drone_images/Mini 3_withpayload.png,26.195000,-81.755000,26.194500,-81.755300,apolloshield_dji,dji,,,2414500000,RADAR-A2D2-B2F6,Sensor Naples / Southwest Gulf Coast,160,YELLOW,YELLOW
1772041323327,A2D2-B2F6,FLT-B2F6-001,26.193992,-81.751514,119.9,9,0,Mini 3,true,drone_images/Mini 3_withpayload.png,26.195000,-81.755000,26.194500,-81.755300,apolloshield_dji,dji,,,2414500000,RADAR-A2D2-B2F6,Sensor Naples / Southwest Gulf Coast,160,YELLOW,YELLOW
1772041325015,A2D2-B2F6,FLT-B2F6-001,26.193992,-81.751514,119.9,9,0,Mini 3,true,drone_images/Mini 3_withpayload.png,26.195000,-81.755000,26.194500,-81.755300,apolloshield_dji,dji,,,2414500000,RADAR-A2D2-B2F6,Sensor Naples / Southwest Gulf Coast,160,YELLOW,YELLOW
1772041326391,A2D2-B2F6,FLT-B2F6-001,26.193992,-81.751514,119.9,9,0,Mini 3,true,drone_images/Mini 3_withpayload.png,26.195000,-81.755000,26.194500,-81.755300,apolloshield_dji,dji,,,2414500000,RADAR-A2D2-B2F6,Sensor Naples / Southwest Gulf Coast,160,YELLOW,YELLOW
1772041326916,A2D2-B2F6,FLT-B2F6-001,26.193992,-81.751514,119.9,9,0,Mini 3,true,drone_images/Mini 3_withpayload.png,26.195000,-81.755000,26.194500,-81.755300,apolloshield_dji,dji,,,2414500000,RADAR-A2D2-B2F6,Sensor Naples / Southwest Gulf Coast,160,YELLOW,YELLOW
1772041327317,A2D2-B2F6,FLT-B2F6-001,26.193992,-81.751514,119.9,9,0,Mini 3,true,drone_images/Mini 3_withpayload.png,26.195000,-81.755000,26.194500,-81.755300,apolloshield_dji,dji,,,2414500000,RADAR-A2D2-B2F6,Sensor Naples / Southwest Gulf Coast,160,YELLOW,YELLOW
1772041329085,A2D2-B2F6,FLT-B2F6-001,26.193992,-81.751514,119.9,9,0,Mini 3,true,drone_images/Mini 3_withpayload.png,26.195000,-81.755000,26.194500,-81.755300,apolloshield_dji,dji,,,2414500000,RADAR-A2D2-B2F6,Sensor Naples / Southwest Gulf Coast,160,YELLOW,YELLOW
1772041330150,A2D2-B2F6,FLT-B2F6-001,26.193992,-81.751514,119.9,9,0,Mini 3,true,drone_images/Mini 3_withpayload.png,26.195000,-81.755000,26.194500,-81.755300,apolloshield_dji,dji,,,2414500000,RADAR-A2D2-B2F6,Sensor Naples / Southwest Gulf Coast,160,YELLOW,YELLOW
1772041330657,A2D2-B2F6,FLT-B2F6-001,26.193935,-81.751514,119.8,0.1,0,Mini 3,true,drone_images/Mini 3_withpayload.png,26.195000,-81.755000,26.194500,-81.755300,apolloshield_dji,dji,,,2414500000,RADAR-A2D2-B2F6,Sensor Naples / Southwest Gulf Coast,160,YELLOW,YELLOW
1772041331200,A2D2-B2F6,FLT-B2F6-001,26.193935,-81.751514,119.8,0.1,0,Mini 3,true,drone_images/Mini 3_withpayload.png,26.195000,-81.755000,26.194500,-81.755300,apolloshield_dji,dji,,,2414500000,RADAR-A2D2-B2F6,Sensor Naples / Southwest Gulf Coast,160,YELLOW,YELLOW
1772041332226,A2D2-B2F6,FLT-B2F6-001,26.193935,-81.751514,119.8,9,0,Mini 3,true,drone_images/Mini 3_withpayload.png,26.195000,-81.755000,26.194500,-81.755300,apolloshield_dji,dji,,,2414500000,RADAR-A2D2-B2F6,Sensor Naples / Southwest Gulf Coast,160,YELLOW,YELLOW
1772041333303,A2D2-B2F6,FLT-B2F6-001,26.193935,-81.751514,119.8,9,0,Mini 3,true,drone_images/Mini 3_withpayload.png,26.195000,-81.755000,26.194500,-81.755300,apolloshield_dji,dji,,,2414500000,RADAR-A2D2-B2F6,Sensor Naples / Southwest Gulf Coast,160,YELLOW,YELLOW
1772041334860,A2D2-B2F6,FLT-B2F6-001,26.193935,-81.751514,119.8,9,0,Mini 3,true,drone_images/Mini 3_withpayload.png,26.195000,-81.755000,26.194500,-81.755300,apolloshield_dji,dji,,,2414500000,RADAR-A2D2-B2F6,Sensor Naples / Southwest Gulf Coast,160,YELLOW,YELLOW
1772041334945,A2D2-B2F6,FLT-B2F6-001,26.193935,-81.751514,119.8,9,0,Mini 3,true,drone_images/Mini 3_withpayload.png,26.195000,-81.755000,26.194500,-81.755300,apolloshield_dji,dji,,,2414500000,RADAR-A2D2-B2F6,Sensor Naples / Southwest Gulf Coast,160,YELLOW,YELLOW
1772041335830,A2D2-B2F6,FLT-B2F6-001,26.193935,-81.751514,119.8,9,0,Mini 3,true,drone_images/Mini 3_withpayload.png,26.195000,-81.755000,26.194500,-81.755300,apolloshield_dji,dji,,,2414500000,RADAR-A2D2-B2F6,Sensor Naples / Southwest Gulf Coast,160,YELLOW,YELLOW
1772041337108,A2D2-B2F6,FLT-B2F6-001,26.193935,-81.751514,119.8,9,0,Mini 3,true,drone_images/Mini 3_withpayload.png,26.195000,-81.755000,26.194500,-81.755300,apolloshield_dji,dji,,,2414500000,RADAR-A2D2-B2F6,Sensor Naples / Southwest Gulf Coast,160,YELLOW,YELLOW
1772041338359,A2D2-B2F6,FLT-B2F6-001,26.193935,-81.751514,119.8,9,0,Mini 3,true,drone_images/Mini 3_withpayload.png,26.195000,-81.755000,26.194500,-81.755300,apolloshield_dji,dji,,,2414500000,RADAR-A2D2-B2F6,Sensor Naples / Southwest Gulf Coast,160,YELLOW,YELLOW
1772041339795,A2D2-B2F6,FLT-B2F6-001,26.193935,-81.751514,119.8,9,0,Mini 3,true,drone_images/Mini 3_withpayload.png,26.195000,-81.755000,26.194500,-81.755300,apolloshield_dji,dji,,,2414500000,RADAR-A2D2-B2F6,Sensor Naples / Southwest Gulf Coast,160,YELLOW,YELLOW
1772041341069,A2D2-B2F6,FLT-B2F6-001,26.193935,-81.751514,119.8,9,0,Mini 3,true,drone_images/Mini 3_withpayload.png,26.195000,-81.755000,26.194500,-81.755300,apolloshield_dji,dji,,,2414500000,RADAR-A2D2-B2F6,Sensor Naples / Southwest Gulf Coast,160,YELLOW,YELLOW
1772041341470,A2D2-B2F6,FLT-B2F6-001,26.193935,-81.751514,119.8,9,0,Mini 3,true,drone_images/Mini 3_withpayload.png,26.195000,-81.755000,26.194500,-81.755300,apolloshield_dji,dji,,,2414500000,RADAR-A2D2-B2F6,Sensor Naples / Southwest Gulf Coast,160,YELLOW,YELLOW
1772041342480,A2D2-B2F6,FLT-B2F6-001,26.193935,-81.751514,119.8,9,0,Mini 3,true,drone_images/Mini 3_withpayload.png,26.195000,-81.755000,26.194500,-81.755300,apolloshield_dji,dji,,,2414500000,RADAR-A2D2-B2F6,Sensor Naples / Southwest Gulf Coast,160,YELLOW,YELLOW
1772041342977,A2D2-B2F6,FLT-B2F6-001,26.193935,-81.751497,119.9,0.1,0,Mini 3,true,drone_images/Mini 3_withpayload.png,26.195000,-81.755000,26.194500,-81.755300,apolloshield_dji,dji,,,2414500000,RADAR-A2D2-B2F6,Sensor Naples / Southwest Gulf Coast,160,YELLOW,YELLOW
1772041344570,A2D2-B2F6,FLT-B2F6-001,26.193935,-81.751497,119.9,0.1,0,Mini 3,true,drone_images/Mini 3_withpayload.png,26.195000,-81.755000,26.194500,-81.755300,apolloshield_dji,dji,,,2414500000,RADAR-A2D2-B2F6,Sensor Naples / Southwest Gulf Coast,160,YELLOW,YELLOW
1772041344945,A2D2-B2F6,FLT-B2F6-001,26.193935,-81.751497,119.9,0.1,0,Mini 3,true,drone_images/Mini 3_withpayload.png,26.195000,-81.755000,26.194500,-81.755300,apolloshield_dji,dji,,,2414500000,RADAR-A2D2-B2F6,Sensor Naples / Southwest Gulf Coast,160,YELLOW,YELLOW
1772041346130,A2D2-B2F6,FLT-B2F6-001,26.193935,-81.751497,119.9,0.1,0,Mini 3,true,drone_images/Mini 3_withpayload.png,26.195000,-81.755000,26.194500,-81.755300,apolloshield_dji,dji,,,2414500000,RADAR-A2D2-B2F6,Sensor Naples / Southwest Gulf Coast,160,YELLOW,YELLOW
1772041346946,A2D2-B2F6,FLT-B2F6-001,26.193935,-81.751497,119.9,0.1,0,Mini 3,true,drone_images/Mini 3_withpayload.png,26.195000,-81.755000,26.194500,-81.755300,apolloshield_dji,dji,,,2414500000,RADAR-A2D2-B2F6,Sensor Naples / Southwest Gulf Coast,160,YELLOW,YELLOW
1772041349186,A2D2-B2F6,FLT-B2F6-001,26.193935,-81.751497,119.9,0.1,0,Mini 3,true,drone_images/Mini 3_withpayload.png,26.195000,-81.755000,26.194500,-81.755300,apolloshield_dji,dji,,,2414500000,RADAR-A2D2-B2F6,Sensor Naples / Southwest Gulf Coast,160,YELLOW,YELLOW
1772041349230,A2D2-B2F6,FLT-B2F6-001,26.193935,-81.751497,119.9,0.1,0,Mini 3,true,drone_images/Mini 3_withpayload.png,26.195000,-81.755000,26.194500,-81.755300,apolloshield_dji,dji,,,2414500000,RADAR-A2D2-B2F6,Sensor Naples / Southwest Gulf Coast,160,YELLOW,YELLOW
1772041351136,A2D2-B2F6,FLT-B2F6-001,26.193935,-81.751497,119.9,0.1,0,Mini 3,true,drone_images/Mini 3_withpayload.png,26.195000,-81.755000,26.194500,-81.755300,apolloshield_dji,dji,,,2414500000,RADAR-A2D2-B2F6,Sensor Naples / Southwest Gulf Coast,160,YELLOW,YELLOW
1772041351555,A2D2-B2F6,FLT-B2F6-001,26.193935,-81.751497,119.9,0.1,0,Mini 3,true,drone_images/Mini 3_withpayload.png,26.195000,-81.755000,26.194500,-81.755300,apolloshield_dji,dji,,,2414500000,RADAR-A2D2-B2F6,Sensor Naples / Southwest Gulf Coast,160,YELLOW,YELLOW
1772041352284,A2D2-B2F6,FLT-B2F6-001,26.193935,-81.751497,119.9,0.1,0,Mini 3,true,drone_images/Mini 3_withpayload.png,26.195000,-81.755000,26.194500,-81.755300,apolloshield_dji,dji,,,2414500000,RADAR-A2D2-B2F6,Sensor Naples / Southwest Gulf Coast,160,YELLOW,YELLOW
1772041352867,A2D2-B2F6,FLT-B2F6-001,26.193935,-81.751497,119.9,0.1,0,Mini 3,true,drone_images/Mini 3_withpayload.png,26.195000,-81.755000,26.194500,-81.755300,apolloshield_dji,dji,,,2414500000,RADAR-A2D2-B2F6,Sensor Naples / Southwest Gulf Coast,160,YELLOW,YELLOW
1772041354059,A2D2-B2F6,FLT-B2F6-001,26.193935,-81.751497,119.9,0.1,0,Mini 3,true,drone_images/Mini 3_withpayload.png,26.195000,-81.755000,26.194500,-81.755300,apolloshield_dji,dji,,,2414500000,RADAR-A2D2-B2F6,Sensor Naples / Southwest Gulf Coast,160,YELLOW,YELLOW
1772041355076,A2D2-B2F6,FLT-B2F6-001,26.193935,-81.751497,119.9,0.1,0,Mini 3,true,drone_images/Mini 3_withpayload.png,26.195000,-81.755000,26.194500,-81.755300,apolloshield_dji,dji,,,2414500000,RADAR-A2D2-B2F6,Sensor Naples / Southwest Gulf Coast,160,YELLOW,YELLOW
1772041355938,A2D2-B2F6,FLT-B2F6-001,26.193935,-81.751497,119.9,0.1,0,Mini 3,true,drone_images/Mini 3_withpayload.png,26.195000,-81.755000,26.194500,-81.755300,apolloshield_dji,dji,,,2414500000,RADAR-A2D2-B2F6,Sensor Naples / Southwest Gulf Coast,160,YELLOW,YELLOW
1772041357086,A2D2-B2F6,FLT-B2F6-001,26.193935,-81.751497,119.9,0.1,0,Mini 3,true,drone_images/Mini 3_withpayload.png,26.195000,-81.755000,26.194500,-81.755300,apolloshield_dji,dji,,,2414500000,RADAR-A2D2-B2F6,Sensor Naples / Southwest Gulf Coast,160,YELLOW,YELLOW
1772041357932,A2D2-B2F6,FLT-B2F6-001,26.193935,-81.751497,119.9,0.1,0,Mini 3,true,drone_images/Mini 3_withpayload.png,26.195000,-81.755000,26.194500,-81.755300,apolloshield_dji,dji,,,2414500000,RADAR-A2D2-B2F6,Sensor Naples / Southwest Gulf Coast,160,YELLOW,YELLOW
1772041359420,A2D2-B2F6,FLT-B2F6-001,26.193947,-81.752769,120.1,10.6,0,Mini 3,true,drone_images/Mini 3_withpayload.png,26.195000,-81.755000,26.194500,-81.755300,apolloshield_dji,dji,,,2414500000,RADAR-A2D2-B2F6,Sensor Naples / Southwest Gulf Coast,160,YELLOW,YELLOW
1772041360247,A2D2-B2F6,FLT-B2F6-001,26.193947,-81.752769,120.1,10.6,0,Mini 3,true,drone_images/Mini 3_withpayload.png,26.195000,-81.755000,26.194500,-81.755300,apolloshield_dji,dji,,,2414500000,RADAR-A2D2-B2F6,Sensor Naples / Southwest Gulf Coast,160,YELLOW,YELLOW
1772041362042,A2D2-B2F6,FLT-B2F6-001,26.193947,-81.752769,120.1,10.6,0,Mini 3,true,drone_images/Mini 3_withpayload.png,26.195000,-81.755000,26.194500,-81.755300,apolloshield_dji,dji,,,2414500000,RADAR-A2D2-B2F6,Sensor Naples / Southwest Gulf Coast,160,YELLOW,YELLOW
1772041362362,A2D2-B2F6,FLT-B2F6-001,26.193947,-81.752769,120.1,10.6,0,Mini 3,true,drone_images/Mini 3_withpayload.png,26.195000,-81.755000,26.194500,-81.755300,apolloshield_dji,dji,,,2414500000,RADAR-A2D2-B2F6,Sensor Naples / Southwest Gulf Coast,160,YELLOW,YELLOW
1772041363199,A2D2-B2F6,FLT-B2F6-001,26.194147,-81.753216,119.9,10.6,0,Mini 3,true,drone_images/Mini 3_withpayload.png,26.195000,-81.755000,26.194500,-81.755300,apolloshield_dji,dji,,,2414500000,RADAR-A2D2-B2F6,Sensor Naples / Southwest Gulf Coast,160,YELLOW,YELLOW
1772041363959,A2D2-B2F6,FLT-B2F6-001,26.194147,-81.753216,119.9,10.6,0,Mini 3,true,drone_images/Mini 3_withpayload.png,26.195000,-81.755000,26.194500,-81.755300,apolloshield_dji,dji,,,2414500000,RADAR-A2D2-B2F6,Sensor Naples / Southwest Gulf Coast,160,YELLOW,YELLOW
1772041364921,A2D2-B2F6,FLT-B2F6-001,26.194147,-81.753216,119.9,10.6,0,Mini 3,true,drone_images/Mini 3_withpayload.png,26.195000,-81.755000,26.194500,-81.755300,apolloshield_dji,dji,,,2414500000,RADAR-A2D2-B2F6,Sensor Naples / Southwest Gulf Coast,160,YELLOW,YELLOW
1772041366101,A2D2-B2F6,FLT-B2F6-001,26.194147,-81.753216,119.9,10.6,0,Mini 3,true,drone_images/Mini 3_withpayload.png,26.195000,-81.755000,26.194500,-81.755300,apolloshield_dji,dji,,,2414500000,RADAR-A2D2-B2F6,Sensor Naples / Southwest Gulf Coast,160,YELLOW,YELLOW
1772041367049,A2D2-B2F6,FLT-B2F6-001,26.194147,-81.753216,119.9,10.6,0,Mini 3,true,drone_images/Mini 3_withpayload.png,26.195000,-81.755000,26.194500,-81.755300,apolloshield_dji,dji,,,2414500000,RADAR-A2D2-B2F6,Sensor Naples / Southwest Gulf Coast,160,YELLOW,YELLOW
1772041367938,A2D2-B2F6,FLT-B2F6-001,26.194147,-81.753216,119.9,10.6,0,Mini 3,true,drone_images/Mini 3_withpayload.png,26.195000,-81.755000,26.194500,-81.755300,apolloshield_dji,dji,,,2414500000,RADAR-A2D2-B2F6,Sensor Naples / Southwest Gulf Coast,160,YELLOW,YELLOW
1772041369740,A2D2-B2F6,FLT-B2F6-001,26.194147,-81.753216,119.9,10.6,0,Mini 3,true,drone_images/Mini 3_withpayload.png,26.195000,-81.755000,26.194500,-81.755300,apolloshield_dji,dji,,,2414500000,RADAR-A2D2-B2F6,Sensor Naples / Southwest Gulf Coast,160,YELLOW,YELLOW
1772041370495,A2D2-B2F6,FLT-B2F6-001,26.194147,-81.753216,119.9,10.6,0,Mini 3,true,drone_images/Mini 3_withpayload.png,26.195000,-81.755000,26.194500,-81.755300,apolloshield_dji,dji,,,2414500000,RADAR-A2D2-B2F6,Sensor Naples / Southwest Gulf Coast,160,YELLOW,YELLOW
1772041371581,A2D2-B2F6,FLT-B2F6-001,26.194147,-81.753216,119.9,10.6,0,Mini 3,true,drone_images/Mini 3_withpayload.png,26.195000,-81.755000,26.194500,-81.755300,apolloshield_dji,dji,,,2414500000,RADAR-A2D2-B2F6,Sensor Naples / Southwest Gulf Coast,160,YELLOW,YELLOW
1772041372082,A2D2-B2F6,FLT-B2F6-001,26.194537,-81.753302,119.9,9.8,0,Mini 3,true,drone_images/Mini 3_withpayload.png,26.195000,-81.755000,26.194500,-81.755300,apolloshield_dji,dji,,,2414500000,RADAR-A2D2-B2F6,Sensor Naples / Southwest Gulf Coast,160,YELLOW,YELLOW
1772041373084,A2D2-B2F6,FLT-B2F6-001,26.194537,-81.753302,119.9,9.8,0,Mini 3,true,drone_images/Mini 3_withpayload.png,26.195000,-81.755000,26.194500,-81.755300,apolloshield_dji,dji,,,2414500000,RADAR-A2D2-B2F6,Sensor Naples / Southwest Gulf Coast,160,YELLOW,YELLOW
1772041374265,A2D2-B2F6,FLT-B2F6-001,26.194537,-81.753302,119.9,9.8,0,Mini 3,true,drone_images/Mini 3_withpayload.png,26.195000,-81.755000,26.194500,-81.755300,apolloshield_dji,dji,,,2414500000,RADAR-A2D2-B2F6,Sensor Naples / Southwest Gulf Coast,160,YELLOW,YELLOW
1772041376064,A2D2-B2F6,FLT-B2F6-001,26.194537,-81.753302,119.9,9.8,0,Mini 3,true,drone_images/Mini 3_withpayload.png,26.195000,-81.755000,26.194500,-81.755300,apolloshield_dji,dji,,,2414500000,RADAR-A2D2-B2F6,Sensor Naples / Southwest Gulf Coast,160,YELLOW,YELLOW
1772041376268,A2D2-B2F6,FLT-B2F6-001,26.194537,-81.753302,119.9,9.8,0,Mini 3,true,drone_images/Mini 3_withpayload.png,26.195000,-81.755000,26.194500,-81.755300,apolloshield_dji,dji,,,2414500000,RADAR-A2D2-B2F6,Sensor Naples / Southwest Gulf Coast,160,YELLOW,YELLOW
1772041377243,A2D2-B2F6,FLT-B2F6-001,26.194537,-81.753302,119.9,9.8,0,Mini 3,true,drone_images/Mini 3_withpayload.png,26.195000,-81.755000,26.194500,-81.755300,apolloshield_dji,dji,,,2414500000,RADAR-A2D2-B2F6,Sensor Naples / Southwest Gulf Coast,160,YELLOW,YELLOW
1772041378295,A2D2-B2F6,FLT-B2F6-001,26.194537,-81.753302,119.9,9.8,0,Mini 3,true,drone_images/Mini 3_withpayload.png,26.195000,-81.755000,26.194500,-81.755300,apolloshield_dji,dji,,,2414500000,RADAR-A2D2-B2F6,Sensor Naples / Southwest Gulf Coast,160,YELLOW,YELLOW
1772041379360,A2D2-B2F6,FLT-B2F6-001,26.194537,-81.753302,119.9,9.8,0,Mini 3,true,drone_images/Mini 3_withpayload.png,26.195000,-81.755000,26.194500,-81.755300,apolloshield_dji,dji,,,2414500000,RADAR-A2D2-B2F6,Sensor Naples / Southwest Gulf Coast,160,YELLOW,YELLOW
1772041380724,A2D2-B2F6,FLT-B2F6-001,26.194537,-81.753302,119.9,9.8,0,Mini 3,true,drone_images/Mini 3_withpayload.png,26.195000,-81.755000,26.194500,-81.755300,apolloshield_dji,dji,,,2414500000,RADAR-A2D2-B2F6,Sensor Naples / Southwest Gulf Coast,160,YELLOW,YELLOW
1772041380944,A2D2-B2F6,FLT-B2F6-001,26.195052,-81.753136,119.9,9,0,Mini 3,true,drone_images/Mini 3_withpayload.png,26.195000,-81.755000,26.194500,-81.755300,apolloshield_dji,dji,,,2414500000,RADAR-A2D2-B2F6,Sensor Naples / Southwest Gulf Coast,160,YELLOW,YELLOW
1772041382261,A2D2-B2F6,FLT-B2F6-001,26.195052,-81.753136,119.9,9,0,Mini 3,true,drone_images/Mini 3_withpayload.png,26.195000,-81.755000,26.194500,-81.755300,apolloshield_dji,dji,,,2414500000,RADAR-A2D2-B2F6,Sensor Naples / Southwest Gulf Coast,160,YELLOW,YELLOW
1772041383266,A2D2-B2F6,FLT-B2F6-001,26.195207,-81.753061,119.9,10,0,Mini 3,true,drone_images/Mini 3_withpayload.png,26.195000,-81.755000,26.194500,-81.755300,apolloshield_dji,dji,,,2414500000,RADAR-A2D2-B2F6,Sensor Naples / Southwest Gulf Coast,160,YELLOW,YELLOW
1772041383917,A2D2-B2F6,FLT-B2F6-001,26.195207,-81.753061,119.9,10,0,Mini 3,true,drone_images/Mini 3_withpayload.png,26.195000,-81.755000,26.194500,-81.755300,apolloshield_dji,dji,,,2414500000,RADAR-A2D2-B2F6,Sensor Naples / Southwest Gulf Coast,160,YELLOW,YELLOW
1772041384693,A2D2-B2F6,FLT-B2F6-001,26.195207,-81.753061,119.9,10,0,Mini 3,true,drone_images/Mini 3_withpayload.png,26.195000,-81.755000,26.194500,-81.755300,apolloshield_dji,dji,,,2414500000,RADAR-A2D2-B2F6,Sensor Naples / Southwest Gulf Coast,160,YELLOW,YELLOW
1772041385867,A2D2-B2F6,FLT-B2F6-001,26.195207,-81.753061,119.9,10,0,Mini 3,true,drone_images/Mini 3_withpayload.png,26.195000,-81.755000,26.194500,-81.755300,apolloshield_dji,dji,,,2414500000,RADAR-A2D2-B2F6,Sensor Naples / Southwest Gulf Coast,160,YELLOW,YELLOW
1772041387317,A2D2-B2F6,FLT-B2F6-001,26.195207,-81.753061,119.9,10,0,Mini 3,true,drone_images/Mini 3_withpayload.png,26.195000,-81.755000,26.194500,-81.755300,apolloshield_dji,dji,,,2414500000,RADAR-A2D2-B2F6,Sensor Naples / Southwest Gulf Coast,160,YELLOW,YELLOW
1772041388255,A2D2-B2F6,FLT-B2F6-001,26.195207,-81.753061,119.9,10,0,Mini 3,true,drone_images/Mini 3_withpayload.png,26.195000,-81.755000,26.194500,-81.755300,apolloshield_dji,dji,,,2414500000,RADAR-A2D2-B2F6,Sensor Naples / Southwest Gulf Coast,160,YELLOW,YELLOW
1772041389732,A2D2-B2F6,FLT-B2F6-001,26.195207,-81.753061,119.9,10,0,Mini 3,true,drone_images/Mini 3_withpayload.png,26.195000,-81.755000,26.194500,-81.755300,apolloshield_dji,dji,,,2414500000,RADAR-A2D2-B2F6,Sensor Naples / Southwest Gulf Coast,160,YELLOW,YELLOW
1772041390172,A2D2-B2F6,FLT-B2F6-001,26.195207,-81.753061,119.9,10,0,Mini 3,true,drone_images/Mini 3_withpayload.png,26.195000,-81.755000,26.194500,-81.755300,apolloshield_dji,dji,,,2414500000,RADAR-A2D2-B2F6,Sensor Naples / Southwest Gulf Coast,160,YELLOW,YELLOW
1772041391071,A2D2-B2F6,FLT-B2F6-001,26.195207,-81.753061,119.9,10,0,Mini 3,true,drone_images/Mini 3_withpayload.png,26.195000,-81.755000,26.194500,-81.755300,apolloshield_dji,dji,,,2414500000,RADAR-A2D2-B2F6,Sensor Naples / Southwest Gulf Coast,160,YELLOW,YELLOW
1772041394689,A2D2-B2F6,FLT-B2F6-001,26.195207,-81.753061,119.9,10,0,Mini 3,true,drone_images/Mini 3_withpayload.png,26.195000,-81.755000,26.194500,-81.755300,apolloshield_dji,dji,,,2414500000,RADAR-A2D2-B2F6,Sensor Naples / Southwest Gulf Coast,160,YELLOW,YELLOW
1772041395070,A2D2-B2F6,FLT-B2F6-001,26.195408,-81.753113,120,3.2,0,Mini 3,true,drone_images/Mini 3_withpayload.png,26.195000,-81.755000,26.194500,-81.755300,apolloshield_dji,dji,,,2414500000,RADAR-A2D2-B2F6,Sensor Naples / Southwest Gulf Coast,160,YELLOW,YELLOW
1772041395595,A2D2-B2F6,FLT-B2F6-001,26.195207,-81.753061,119.9,10,0,Mini 3,true,drone_images/Mini 3_withpayload.png,26.195000,-81.755000,26.194500,-81.755300,apolloshield_dji,dji,,,2414500000,RADAR-A2D2-B2F6,Sensor Naples / Southwest Gulf Coast,160,YELLOW,YELLOW
1772041395864,A2D2-B2F6,FLT-B2F6-001,26.195408,-81.753113,120,3.2,0,Mini 3,true,drone_images/Mini 3_withpayload.png,26.195000,-81.755000,26.194500,-81.755300,apolloshield_dji,dji,,,2414500000,RADAR-A2D2-B2F6,Sensor Naples / Southwest Gulf Coast,160,YELLOW,YELLOW
1772041396119,A2D2-B2F6,FLT-B2F6-001,26.195408,-81.753113,120,3.2,0,Mini 3,true,drone_images/Mini 3_withpayload.png,26.195000,-81.755000,26.194500,-81.755300,apolloshield_dji,dji,,,2414500000,RADAR-A2D2-B2F6,Sensor Naples / Southwest Gulf Coast,160,YELLOW,YELLOW
1772041398421,A2D2-B2F6,FLT-B2F6-001,26.195408,-81.753113,120,3.2,0,Mini 3,true,drone_images/Mini 3_withpayload.png,26.195000,-81.755000,26.194500,-81.755300,apolloshield_dji,dji,,,2414500000,RADAR-A2D2-B2F6,Sensor Naples / Southwest Gulf Coast,160,YELLOW,YELLOW
1772041399265,A2D2-B2F6,FLT-B2F6-001,26.195408,-81.753113,120,3.2,0,Mini 3,true,drone_images/Mini 3_withpayload.png,26.195000,-81.755000,26.194500,-81.755300,apolloshield_dji,dji,,,2414500000,RADAR-A2D2-B2F6,Sensor Naples / Southwest Gulf Coast,160,YELLOW,YELLOW
1772041400469,A2D2-B2F6,FLT-B2F6-001,26.195408,-81.753113,120,3.2,0,Mini 3,true,drone_images/Mini 3_withpayload.png,26.195000,-81.755000,26.194500,-81.755300,apolloshield_dji,dji,,,2414500000,RADAR-A2D2-B2F6,Sensor Naples / Southwest Gulf Coast,160,YELLOW,YELLOW
1772041400841,A2D2-B2F6,FLT-B2F6-001,26.195408,-81.753113,120,3.2,0,Mini 3,true,drone_images/Mini 3_withpayload.png,26.195000,-81.755000,26.194500,-81.755300,apolloshield_dji,dji,,,2414500000,RADAR-A2D2-B2F6,Sensor Naples / Southwest Gulf Coast,160,YELLOW,YELLOW
1772041402098,A2D2-B2F6,FLT-B2F6-001,26.195408,-81.753113,120,3.2,0,Mini 3,true,drone_images/Mini 3_withpayload.png,26.195000,-81.755000,26.194500,-81.755300,apolloshield_dji,dji,,,2414500000,RADAR-A2D2-B2F6,Sensor Naples / Southwest Gulf Coast,160,YELLOW,YELLOW
1772041402949,A2D2-B2F6,FLT-B2F6-001,26.195408,-81.753113,120,3.2,0,Mini 3,true,drone_images/Mini 3_withpayload.png,26.195000,-81.755000,26.194500,-81.755300,apolloshield_dji,dji,,,2414500000,RADAR-A2D2-B2F6,Sensor Naples / Southwest Gulf Coast,160,YELLOW,YELLOW
1772041403983,A2D2-B2F6,FLT-B2F6-001,26.195408,-81.753113,120,3.2,0,Mini 3,true,drone_images/Mini 3_withpayload.png,26.195000,-81.755000,26.194500,-81.755300,apolloshield_dji,dji,,,2414500000,RADAR-A2D2-B2F6,Sensor Naples / Southwest Gulf Coast,160,YELLOW,YELLOW
1772041404779,A2D2-B2F6,FLT-B2F6-001,26.195408,-81.753113,120,3.2,0,Mini 3,true,drone_images/Mini 3_withpayload.png,26.195000,-81.755000,26.194500,-81.755300,apolloshield_dji,dji,,,2414500000,RADAR-A2D2-B2F6,Sensor Naples / Southwest Gulf Coast,160,YELLOW,YELLOW
1772041405031,A2D2-B2F6,FLT-B2F6-001,26.195408,-81.753113,120,3.2,0,Mini 3,true,drone_images/Mini 3_withpayload.png,26.195000,-81.755000,26.194500,-81.755300,apolloshield_dji,dji,,,2414500000,RADAR-A2D2-B2F6,Sensor Naples / Southwest Gulf Coast,160,YELLOW,YELLOW
1772041405941,A2D2-B2F6,FLT-B2F6-001,26.195408,-81.753113,120,3.2,0,Mini 3,true,drone_images/Mini 3_withpayload.png,26.195000,-81.755000,26.194500,-81.755300,apolloshield_dji,dji,,,2414500000,RADAR-A2D2-B2F6,Sensor Naples / Southwest Gulf Coast,160,YELLOW,YELLOW
1772041408176,A2D2-B2F6,FLT-B2F6-001,26.195408,-81.753113,120,3.2,0,Mini 3,true,drone_images/Mini 3_withpayload.png,26.195000,-81.755000,26.194500,-81.755300,apolloshield_dji,dji,,,2414500000,RADAR-A2D2-B2F6,Sensor Naples / Southwest Gulf Coast,160,YELLOW,YELLOW
1772041408494,A2D2-B2F6,FLT-B2F6-001,26.195408,-81.753113,120,3.2,0,Mini 3,true,drone_images/Mini 3_withpayload.png,26.195000,-81.755000,26.194500,-81.755300,apolloshield_dji,dji,,,2414500000,RADAR-A2D2-B2F6,Sensor Naples / Southwest Gulf Coast,160,YELLOW,YELLOW
1772041409226,A2D2-B2F6,FLT-B2F6-001,26.195408,-81.753113,120,3.2,0,Mini 3,true,drone_images/Mini 3_withpayload.png,26.195000,-81.755000,26.194500,-81.755300,apolloshield_dji,dji,,,2414500000,RADAR-A2D2-B2F6,Sensor Naples / Southwest Gulf Coast,160,YELLOW,YELLOW
1772041409794,A2D2-B2F6,FLT-B2F6-001,26.195408,-81.753113,120,3.2,0,Mini 3,true,drone_images/Mini 3_withpayload.png,26.195000,-81.755000,26.194500,-81.755300,apolloshield_dji,dji,,,2414500000,RADAR-A2D2-B2F6,Sensor Naples / Southwest Gulf Coast,160,YELLOW,YELLOW
1772041410932,A2D2-B2F6,FLT-B2F6-001,26.195408,-81.753113,120,3.2,0,Mini 3,true,drone_images/Mini 3_withpayload.png,26.195000,-81.755000,26.194500,-81.755300,apolloshield_dji,dji,,,2414500000,RADAR-A2D2-B2F6,Sensor Naples / Southwest Gulf Coast,160,YELLOW,YELLOW
1772041411952,A2D2-B2F6,FLT-B2F6-001,26.195448,-81.753113,119.9,0.3,0,Mini 3,true,drone_images/Mini 3_withpayload.png,26.195000,-81.755000,26.194500,-81.755300,apolloshield_dji,dji,,,2414500000,RADAR-A2D2-B2F6,Sensor Naples / Southwest Gulf Coast,160,YELLOW,YELLOW
1772041412895,A2D2-B2F6,FLT-B2F6-001,26.195448,-81.753113,119.9,0.3,0,Mini 3,true,drone_images/Mini 3_withpayload.png,26.195000,-81.755000,26.194500,-81.755300,apolloshield_dji,dji,,,2414500000,RADAR-A2D2-B2F6,Sensor Naples / Southwest Gulf Coast,160,YELLOW,YELLOW
1772041414531,A2D2-B2F6,FLT-B2F6-001,26.195448,-81.753113,119.9,0.3,0,Mini 3,true,drone_images/Mini 3_withpayload.png,26.195000,-81.755000,26.194500,-81.755300,apolloshield_dji,dji,,,2414500000,RADAR-A2D2-B2F6,Sensor Naples / Southwest Gulf Coast,160,YELLOW,YELLOW
1772041415057,A2D2-B2F6,FLT-B2F6-001,26.195448,-81.753113,119.9,9,0,Mini 3,true,drone_images/Mini 3_withpayload.png,26.195000,-81.755000,26.194500,-81.755300,apolloshield_dji,dji,,,2414500000,RADAR-A2D2-B2F6,Sensor Naples / Southwest Gulf Coast,160,YELLOW,YELLOW
1772041416055,A2D2-B2F6,FLT-B2F6-001,26.195448,-81.753113,119.9,9,0,Mini 3,true,drone_images/Mini 3_withpayload.png,26.195000,-81.755000,26.194500,-81.755300,apolloshield_dji,dji,,,2414500000,RADAR-A2D2-B2F6,Sensor Naples / Southwest Gulf Coast,160,YELLOW,YELLOW
1772041417236,A2D2-B2F6,FLT-B2F6-001,26.195448,-81.753113,119.9,9,0,Mini 3,true,drone_images/Mini 3_withpayload.png,26.195000,-81.755000,26.194500,-81.755300,apolloshield_dji,dji,,,2414500000,RADAR-A2D2-B2F6,Sensor Naples / Southwest Gulf Coast,160,YELLOW,YELLOW
1772041418813,A2D2-B2F6,FLT-B2F6-001,26.195448,-81.753113,119.9,9,0,Mini 3,true,drone_images/Mini 3_withpayload.png,26.195000,-81.755000,26.194500,-81.755300,apolloshield_dji,dji,,,2414500000,RADAR-A2D2-B2F6,Sensor Naples / Southwest Gulf Coast,160,YELLOW,YELLOW
1772041419571,A2D2-B2F6,FLT-B2F6-001,26.195448,-81.753113,119.9,9,0,Mini 3,true,drone_images/Mini 3_withpayload.png,26.195000,-81.755000,26.194500,-81.755300,apolloshield_dji,dji,,,2414500000,RADAR-A2D2-B2F6,Sensor Naples / Southwest Gulf Coast,160,YELLOW,YELLOW
1772041420107,A2D2-B2F6,FLT-B2F6-001,26.195448,-81.753113,119.9,9,0,Mini 3,true,drone_images/Mini 3_withpayload.png,26.195000,-81.755000,26.194500,-81.755300,apolloshield_dji,dji,,,2414500000,RADAR-A2D2-B2F6,Sensor Naples / Southwest Gulf Coast,160,YELLOW,YELLOW
1772041421295,A2D2-B2F6,FLT-B2F6-001,26.195448,-81.753113,119.9,9,0,Mini 3,true,drone_images/Mini 3_withpayload.png,26.195000,-81.755000,26.194500,-81.755300,apolloshield_dji,dji,,,2414500000,RADAR-A2D2-B2F6,Sensor Naples / Southwest Gulf Coast,160,YELLOW,YELLOW
1772041422215,A2D2-B2F6,FLT-B2F6-001,26.195448,-81.753113,119.9,9,0,Mini 3,true,drone_images/Mini 3_withpayload.png,26.195000,-81.755000,26.194500,-81.755300,apolloshield_dji,dji,,,2414500000,RADAR-A2D2-B2F6,Sensor Naples / Southwest Gulf Coast,160,YELLOW,YELLOW
1772041422905,A2D2-B2F6,FLT-B2F6-001,26.195448,-81.753113,119.9,9,0,Mini 3,true,drone_images/Mini 3_withpayload.png,26.195000,-81.755000,26.194500,-81.755300,apolloshield_dji,dji,,,2414500000,RADAR-A2D2-B2F6,Sensor Naples / Southwest Gulf Coast,160,YELLOW,YELLOW
1772041424955,A2D2-B2F6,FLT-B2F6-001,26.195448,-81.753113,119.9,9,0,Mini 3,true,drone_images/Mini 3_withpayload.png,26.195000,-81.755000,26.194500,-81.755300,apolloshield_dji,dji,,,2414500000,RADAR-A2D2-B2F6,Sensor Naples / Southwest Gulf Coast,160,YELLOW,YELLOW
1772041425202,A2D2-B2F6,FLT-B2F6-001,26.195448,-81.753113,119.9,9,0,Mini 3,true,drone_images/Mini 3_withpayload.png,26.195000,-81.755000,26.194500,-81.755300,apolloshield_dji,dji,,,2414500000,RADAR-A2D2-B2F6,Sensor Naples / Southwest Gulf Coast,160,YELLOW,YELLOW
1772041426010,A2D2-B2F6,FLT-B2F6-001,26.195448,-81.753113,119.9,9,0,Mini 3,true,drone_images/Mini 3_withpayload.png,26.195000,-81.755000,26.194500,-81.755300,apolloshield_dji,dji,,,2414500000,RADAR-A2D2-B2F6,Sensor Naples / Southwest Gulf Coast,160,YELLOW,YELLOW
1772041427321,A2D2-B2F6,FLT-B2F6-001,26.195448,-81.753113,119.9,9,0,Mini 3,true,drone_images/Mini 3_withpayload.png,26.195000,-81.755000,26.194500,-81.755300,apolloshield_dji,dji,,,2414500000,RADAR-A2D2-B2F6,Sensor Naples / Southwest Gulf Coast,160,YELLOW,YELLOW
1772041428106,A2D2-B2F6,FLT-B2F6-001,26.195448,-81.753113,119.9,9,0,Mini 3,true,drone_images/Mini 3_withpayload.png,26.195000,-81.755000,26.194500,-81.755300,apolloshield_dji,dji,,,2414500000,RADAR-A2D2-B2F6,Sensor Naples / Southwest Gulf Coast,160,YELLOW,YELLOW
1772041429259,A2D2-B2F6,FLT-B2F6-001,26.195448,-81.753113,119.9,9,0,Mini 3,true,drone_images/Mini 3_withpayload.png,26.195000,-81.755000,26.194500,-81.755300,apolloshield_dji,dji,,,2414500000,RADAR-A2D2-B2F6,Sensor Naples / Southwest Gulf Coast,160,YELLOW,YELLOW
1772041430413,A2D2-B2F6,FLT-B2F6-001,26.195448,-81.753113,119.9,9,0,Mini 3,true,drone_images/Mini 3_withpayload.png,26.195000,-81.755000,26.194500,-81.755300,apolloshield_dji,dji,,,2414500000,RADAR-A2D2-B2F6,Sensor Naples / Southwest Gulf Coast,160,YELLOW,YELLOW
1772041431056,A2D2-B2F6,FLT-B2F6-001,26.195448,-81.753113,119.9,9,0,Mini 3,true,drone_images/Mini 3_withpayload.png,26.195000,-81.755000,26.194500,-81.755300,apolloshield_dji,dji,,,2414500000,RADAR-A2D2-B2F6,Sensor Naples / Southwest Gulf Coast,160,YELLOW,YELLOW
1772041432096,A2D2-B2F6,FLT-B2F6-001,26.195448,-81.753113,119.9,9,0,Mini 3,true,drone_images/Mini 3_withpayload.png,26.195000,-81.755000,26.194500,-81.755300,apolloshield_dji,dji,,,2414500000,RADAR-A2D2-B2F6,Sensor Naples / Southwest Gulf Coast,160,YELLOW,YELLOW
1772041433714,A2D2-B2F6,FLT-B2F6-001,26.195448,-81.753113,119.9,9,0,Mini 3,true,drone_images/Mini 3_withpayload.png,26.195000,-81.755000,26.194500,-81.755300,apolloshield_dji,dji,,,2414500000,RADAR-A2D2-B2F6,Sensor Naples / Southwest Gulf Coast,160,YELLOW,YELLOW
1772041433866,A2D2-B2F6,FLT-B2F6-001,26.195448,-81.753113,119.9,9,0,Mini 3,true,drone_images/Mini 3_withpayload.png,26.195000,-81.755000,26.194500,-81.755300,apolloshield_dji,dji,,,2414500000,RADAR-A2D2-B2F6,Sensor Naples / Southwest Gulf Coast,160,YELLOW,YELLOW
1772041435142,A2D2-B2F6,FLT-B2F6-001,26.195448,-81.753113,119.9,9,0,Mini 3,true,drone_images/Mini 3_withpayload.png,26.195000,-81.755000,26.194500,-81.755300,apolloshield_dji,dji,,,2414500000,RADAR-A2D2-B2F6,Sensor Naples / Southwest Gulf Coast,160,YELLOW,YELLOW
1772041436108,A2D2-B2F6,FLT-B2F6-001,26.195448,-81.753113,119.9,9,0,Mini 3,true,drone_images/Mini 3_withpayload.png,26.195000,-81.755000,26.194500,-81.755300,apolloshield_dji,dji,,,2414500000,RADAR-A2D2-B2F6,Sensor Naples / Southwest Gulf Coast,160,YELLOW,YELLOW
1772041437230,A2D2-B2F6,FLT-B2F6-001,26.195448,-81.753113,119.9,9,0,Mini 3,true,drone_images/Mini 3_withpayload.png,26.195000,-81.755000,26.194500,-81.755300,apolloshield_dji,dji,,,2414500000,RADAR-A2D2-B2F6,Sensor Naples / Southwest Gulf Coast,160,YELLOW,YELLOW
1772041438981,A2D2-B2F6,FLT-B2F6-001,26.195448,-81.753113,119.9,9,0,Mini 3,true,drone_images/Mini 3_withpayload.png,26.195000,-81.755000,26.194500,-81.755300,apolloshield_dji,dji,,,2414500000,RADAR-A2D2-B2F6,Sensor Naples / Southwest Gulf Coast,160,YELLOW,YELLOW
1772041439480,A2D2-B2F6,FLT-B2F6-001,26.195448,-81.753113,119.9,9,0,Mini 3,true,drone_images/Mini 3_withpayload.png,26.195000,-81.755000,26.194500,-81.755300,apolloshield_dji,dji,,,2414500000,RADAR-A2D2-B2F6,Sensor Naples / Southwest Gulf Coast,160,YELLOW,YELLOW
1772041440283,A2D2-B2F6,FLT-B2F6-001,26.195436,-81.753038,119.9,2.8,0,Mini 3,true,drone_images/Mini 3_withpayload.png,26.195000,-81.755000,26.194500,-81.755300,apolloshield_dji,dji,,,2414500000,RADAR-A2D2-B2F6,Sensor Naples / Southwest Gulf Coast,160,YELLOW,YELLOW
1772041441578,A2D2-B2F6,FLT-B2F6-001,26.195436,-81.753038,119.9,2.8,0,Mini 3,true,drone_images/Mini 3_withpayload.png,26.195000,-81.755000,26.194500,-81.755300,apolloshield_dji,dji,,,2414500000,RADAR-A2D2-B2F6,Sensor Naples / Southwest Gulf Coast,160,YELLOW,YELLOW
1772041442145,A2D2-B2F6,FLT-B2F6-001,26.195436,-81.753038,119.9,2.8,0,Mini 3,true,drone_images/Mini 3_withpayload.png,26.195000,-81.755000,26.194500,-81.755300,apolloshield_dji,dji,,,2414500000,RADAR-A2D2-B2F6,Sensor Naples / Southwest Gulf Coast,160,YELLOW,YELLOW
1772041443431,A2D2-B2F6,FLT-B2F6-001,26.195436,-81.753038,119.9,2.8,0,Mini 3,true,drone_images/Mini 3_withpayload.png,26.195000,-81.755000,26.194500,-81.755300,apolloshield_dji,dji,,,2414500000,RADAR-A2D2-B2F6,Sensor Naples / Southwest Gulf Coast,160,YELLOW,YELLOW
1772041444756,A2D2-B2F6,FLT-B2F6-001,26.195253,-81.753233,119.8,8.1,0,Mini 3,true,drone_images/Mini 3_withpayload.png,26.195000,-81.755000,26.194500,-81.755300,apolloshield_dji,dji,,,2414500000,RADAR-A2D2-B2F6,Sensor Naples / Southwest Gulf Coast,160,YELLOW,YELLOW
1772041445205,A2D2-B2F6,FLT-B2F6-001,26.195253,-81.753233,119.8,8.1,0,Mini 3,true,drone_images/Mini 3_withpayload.png,26.195000,-81.755000,26.194500,-81.755300,apolloshield_dji,dji,,,2414500000,RADAR-A2D2-B2F6,Sensor Naples / Southwest Gulf Coast,160,YELLOW,YELLOW
1772041446449,A2D2-B2F6,FLT-B2F6-001,26.195161,-81.753313,119.9,8.9,0,Mini 3,true,drone_images/Mini 3_withpayload.png,26.195000,-81.755000,26.194500,-81.755300,apolloshield_dji,dji,,,2414500000,RADAR-A2D2-B2F6,Sensor Naples / Southwest Gulf Coast,160,YELLOW,YELLOW
1772041448204,A2D2-B2F6,FLT-B2F6-001,26.195161,-81.753313,119.9,8.9,0,Mini 3,true,drone_images/Mini 3_withpayload.png,26.195000,-81.755000,26.194500,-81.755300,apolloshield_dji,dji,,,2414500000,RADAR-A2D2-B2F6,Sensor Naples / Southwest Gulf Coast,160,YELLOW,YELLOW
1772041449073,A2D2-B2F6,FLT-B2F6-001,26.195161,-81.753313,119.9,8.9,0,Mini 3,true,drone_images/Mini 3_withpayload.png,26.195000,-81.755000,26.194500,-81.755300,apolloshield_dji,dji,,,2414500000,RADAR-A2D2-B2F6,Sensor Naples / Southwest Gulf Coast,160,YELLOW,YELLOW
1772041449869,A2D2-B2F6,FLT-B2F6-001,26.195161,-81.753313,119.9,8.9,0,Mini 3,true,drone_images/Mini 3_withpayload.png,26.195000,-81.755000,26.194500,-81.755300,apolloshield_dji,dji,,,2414500000,RADAR-A2D2-B2F6,Sensor Naples / Southwest Gulf Coast,160,YELLOW,YELLOW
1772041451512,A2D2-B2F6,FLT-B2F6-001,26.194892,-81.753519,119.8,8.3,0,Mini 3,true,drone_images/Mini 3_withpayload.png,26.195000,-81.755000,26.194500,-81.755300,apolloshield_dji,dji,,,2414500000,RADAR-A2D2-B2F6,Sensor Naples / Southwest Gulf Coast,160,YELLOW,YELLOW
1772041452351,A2D2-B2F6,FLT-B2F6-001,26.194892,-81.753519,119.8,8.3,0,Mini 3,true,drone_images/Mini 3_withpayload.png,26.195000,-81.755000,26.194500,-81.755300,apolloshield_dji,dji,,,2414500000,RADAR-A2D2-B2F6,Sensor Naples / Southwest Gulf Coast,160,YELLOW,YELLOW
1772041452459,A2D2-B2F6,FLT-B2F6-001,26.194892,-81.753519,119.8,8.3,0,Mini 3,true,drone_images/Mini 3_withpayload.png,26.195000,-81.755000,26.194500,-81.755300,apolloshield_dji,dji,,,2414500000,RADAR-A2D2-B2F6,Sensor Naples / Southwest Gulf Coast,160,YELLOW,YELLOW
1772041453387,A2D2-B2F6,FLT-B2F6-001,26.194892,-81.753519,119.8,8.3,0,Mini 3,true,drone_images/Mini 3_withpayload.png,26.195000,-81.755000,26.194500,-81.755300,apolloshield_dji,dji,,,2414500000,RADAR-A2D2-B2F6,Sensor Naples / Southwest Gulf Coast,160,YELLOW,YELLOW
1772041454391,A2D2-B2F6,FLT-B2F6-001,26.194892,-81.753519,119.8,8.3,0,Mini 3,true,drone_images/Mini 3_withpayload.png,26.195000,-81.755000,26.194500,-81.755300,apolloshield_dji,dji,,,2414500000,RADAR-A2D2-B2F6,Sensor Naples / Southwest Gulf Coast,160,YELLOW,YELLOW
1772041455654,A2D2-B2F6,FLT-B2F6-001,26.194600,-81.753663,119.8,7.4,0,Mini 3,true,drone_images/Mini 3_withpayload.png,26.195000,-81.755000,26.194500,-81.755300,apolloshield_dji,dji,,,2414500000,RADAR-A2D2-B2F6,Sensor Naples / Southwest Gulf Coast,160,YELLOW,YELLOW
1772041456633,A2D2-B2F6,FLT-B2F6-001,26.194502,-81.753697,119.8,7.6,0,Mini 3,true,drone_images/Mini 3_withpayload.png,26.195000,-81.755000,26.194500,-81.755300,apolloshield_dji,dji,,,2414500000,RADAR-A2D2-B2F6,Sensor Naples / Southwest Gulf Coast,160,YELLOW,YELLOW
1772041457634,A2D2-B2F6,FLT-B2F6-001,26.194502,-81.753697,119.8,7.6,0,Mini 3,true,drone_images/Mini 3_withpayload.png,26.195000,-81.755000,26.194500,-81.755300,apolloshield_dji,dji,,,2414500000,RADAR-A2D2-B2F6,Sensor Naples / Southwest Gulf Coast,160,YELLOW,YELLOW
1772041457989,A2D2-B2F6,FLT-B2F6-001,26.194502,-81.753697,119.8,7.6,0,Mini 3,true,drone_images/Mini 3_withpayload.png,26.195000,-81.755000,26.194500,-81.755300,apolloshield_dji,dji,,,2414500000,RADAR-A2D2-B2F6,Sensor Naples / Southwest Gulf Coast,160,YELLOW,YELLOW
1772041459335,A2D2-B2F6,FLT-B2F6-001,26.194502,-81.753697,119.8,7.6,0,Mini 3,true,drone_images/Mini 3_withpayload.png,26.195000,-81.755000,26.194500,-81.755300,apolloshield_dji,dji,,,2414500000,RADAR-A2D2-B2F6,Sensor Naples / Southwest Gulf Coast,160,YELLOW,YELLOW
1772041461401,A2D2-B2F6,FLT-B2F6-001,26.194502,-81.753697,119.8,7.6,0,Mini 3,true,drone_images/Mini 3_withpayload.png,26.195000,-81.755000,26.194500,-81.755300,apolloshield_dji,dji,,,2414500000,RADAR-A2D2-B2F6,Sensor Naples / Southwest Gulf Coast,160,YELLOW,YELLOW
1772041461550,A2D2-B2F6,FLT-B2F6-001,26.194502,-81.753697,119.8,7.6,0,Mini 3,true,drone_images/Mini 3_withpayload.png,26.195000,-81.755000,26.194500,-81.755300,apolloshield_dji,dji,,,2414500000,RADAR-A2D2-B2F6,Sensor Naples / Southwest Gulf Coast,160,YELLOW,YELLOW
1772041462285,A2D2-B2F6,FLT-B2F6-001,26.194502,-81.753697,119.8,7.6,0,Mini 3,true,drone_images/Mini 3_withpayload.png,26.195000,-81.755000,26.194500,-81.755300,apolloshield_dji,dji,,,2414500000,RADAR-A2D2-B2F6,Sensor Naples / Southwest Gulf Coast,160,YELLOW,YELLOW
1772041463660,A2D2-B2F6,FLT-B2F6-001,26.194502,-81.753697,119.8,7.6,0,Mini 3,true,drone_images/Mini 3_withpayload.png,26.195000,-81.755000,26.194500,-81.755300,apolloshield_dji,dji,,,2414500000,RADAR-A2D2-B2F6,Sensor Naples / Southwest Gulf Coast,160,YELLOW,YELLOW
1772041463912,A2D2-B2F6,FLT-B2F6-001,26.194502,-81.753697,119.8,7.6,0,Mini 3,true,drone_images/Mini 3_withpayload.png,26.195000,-81.755000,26.194500,-81.755300,apolloshield_dji,dji,,,2414500000,RADAR-A2D2-B2F6,Sensor Naples / Southwest Gulf Coast,160,YELLOW,YELLOW
1772041465000,A2D2-B2F6,FLT-B2F6-001,26.194497,-81.753623,119.8,6.2,0,Mini 3,true,drone_images/Mini 3_withpayload.png,26.195000,-81.755000,26.194500,-81.755300,apolloshield_dji,dji,,,2414500000,RADAR-A2D2-B2F6,Sensor Naples / Southwest Gulf Coast,160,YELLOW,YELLOW
1772041466715,A2D2-B2F6,FLT-B2F6-001,26.194497,-81.753623,119.8,6.2,0,Mini 3,true,drone_images/Mini 3_withpayload.png,26.195000,-81.755000,26.194500,-81.755300,apolloshield_dji,dji,,,2414500000,RADAR-A2D2-B2F6,Sensor Naples / Southwest Gulf Coast,160,YELLOW,YELLOW
1772041467216,A2D2-B2F6,FLT-B2F6-001,26.194497,-81.753623,119.8,6.2,0,Mini 3,true,drone_images/Mini 3_withpayload.png,26.195000,-81.755000,26.194500,-81.755300,apolloshield_dji,dji,,,2414500000,RADAR-A2D2-B2F6,Sensor Naples / Southwest Gulf Coast,160,YELLOW,YELLOW
1772041468096,A2D2-B2F6,FLT-B2F6-001,26.194497,-81.753623,119.8,6.2,0,Mini 3,true,drone_images/Mini 3_withpayload.png,26.195000,-81.755000,26.194500,-81.755300,apolloshield_dji,dji,,,2414500000,RADAR-A2D2-B2F6,Sensor Naples / Southwest Gulf Coast,160,YELLOW,YELLOW
1772041469192,A2D2-B2F6,FLT-B2F6-001,26.194497,-81.753623,119.8,6.2,0,Mini 3,true,drone_images/Mini 3_withpayload.png,26.195000,-81.755000,26.194500,-81.755300,apolloshield_dji,dji,,,2414500000,RADAR-A2D2-B2F6,Sensor Naples / Southwest Gulf Coast,160,YELLOW,YELLOW
1772041469908,A2D2-B2F6,FLT-B2F6-001,26.194497,-81.753623,119.8,6.2,0,Mini 3,true,drone_images/Mini 3_withpayload.png,26.195000,-81.755000,26.194500,-81.755300,apolloshield_dji,dji,,,2414500000,RADAR-A2D2-B2F6,Sensor Naples / Southwest Gulf Coast,160,YELLOW,YELLOW
1772041471090,A2D2-B2F6,FLT-B2F6-001,26.194497,-81.753623,119.8,6.2,0,Mini 3,true,drone_images/Mini 3_withpayload.png,26.195000,-81.755000,26.194500,-81.755300,apolloshield_dji,dji,,,2414500000,RADAR-A2D2-B2F6,Sensor Naples / Southwest Gulf Coast,160,YELLOW,YELLOW
1772041473026,A2D2-B2F6,FLT-B2F6-001,26.194497,-81.753623,119.8,6.2,0,Mini 3,true,drone_images/Mini 3_withpayload.png,26.195000,-81.755000,26.194500,-81.755300,apolloshield_dji,dji,,,2414500000,RADAR-A2D2-B2F6,Sensor Naples / Southwest Gulf Coast,160,YELLOW,YELLOW
1772041473187,A2D2-B2F6,FLT-B2F6-001,26.194560,-81.753497,118.5,9,0,Mini 3,true,drone_images/Mini 3_withpayload.png,26.195000,-81.755000,26.194500,-81.755300,apolloshield_dji,dji,,,2414500000,RADAR-A2D2-B2F6,Sensor Naples / Southwest Gulf Coast,160,YELLOW,YELLOW
1772041474434,A2D2-B2F6,FLT-B2F6-001,26.194560,-81.753497,118.5,9,0,Mini 3,true,drone_images/Mini 3_withpayload.png,26.195000,-81.755000,26.194500,-81.755300,apolloshield_dji,dji,,,2414500000,RADAR-A2D2-B2F6,Sensor Naples / Southwest Gulf Coast,160,YELLOW,YELLOW
1772041475940,A2D2-B2F6,FLT-B2F6-001,26.194560,-81.753497,118.5,9,0,Mini 3,true,drone_images/Mini 3_withpayload.png,26.195000,-81.755000,26.194500,-81.755300,apolloshield_dji,dji,,,2414500000,RADAR-A2D2-B2F6,Sensor Naples / Southwest Gulf Coast,160,YELLOW,YELLOW
1772041476017,A2D2-B2F6,FLT-B2F6-001,26.194560,-81.753497,118.5,9,0,Mini 3,true,drone_images/Mini 3_withpayload.png,26.195000,-81.755000,26.194500,-81.755300,apolloshield_dji,dji,,,2414500000,RADAR-A2D2-B2F6,Sensor Naples / Southwest Gulf Coast,160,YELLOW,YELLOW
1772041477275,A2D2-B2F6,FLT-B2F6-001,26.194560,-81.753497,118.5,9,0,Mini 3,true,drone_images/Mini 3_withpayload.png,26.195000,-81.755000,26.194500,-81.755300,apolloshield_dji,dji,,,2414500000,RADAR-A2D2-B2F6,Sensor Naples / Southwest Gulf Coast,160,YELLOW,YELLOW
1772041478428,A2D2-B2F6,FLT-B2F6-001,26.194560,-81.753497,118.5,9,0,Mini 3,true,drone_images/Mini 3_withpayload.png,26.195000,-81.755000,26.194500,-81.755300,apolloshield_dji,dji,,,2414500000,RADAR-A2D2-B2F6,Sensor Naples / Southwest Gulf Coast,160,YELLOW,YELLOW
1772041479031,A2D2-B2F6,FLT-B2F6-001,26.194560,-81.753497,118.5,9,0,Mini 3,true,drone_images/Mini 3_withpayload.png,26.195000,-81.755000,26.194500,-81.755300,apolloshield_dji,dji,,,2414500000,RADAR-A2D2-B2F6,Sensor Naples / Southwest Gulf Coast,160,YELLOW,YELLOW
1772041480591,A2D2-B2F6,FLT-B2F6-001,26.194560,-81.753497,118.5,9,0,Mini 3,true,drone_images/Mini 3_withpayload.png,26.195000,-81.755000,26.194500,-81.755300,apolloshield_dji,dji,,,2414500000,RADAR-A2D2-B2F6,Sensor Naples / Southwest Gulf Coast,160,YELLOW,YELLOW
1772041481061,A2D2-B2F6,FLT-B2F6-001,26.194588,-81.753439,118.5,0.2,0,Mini 3,true,drone_images/Mini 3_withpayload.png,26.195000,-81.755000,26.194500,-81.755300,apolloshield_dji,dji,,,2414500000,RADAR-A2D2-B2F6,Sensor Naples / Southwest Gulf Coast,160,YELLOW,YELLOW
1772041481921,A2D2-B2F6,FLT-B2F6-001,26.194588,-81.753439,118.5,0.2,0,Mini 3,true,drone_images/Mini 3_withpayload.png,26.195000,-81.755000,26.194500,-81.755300,apolloshield_dji,dji,,,2414500000,RADAR-A2D2-B2F6,Sensor Naples / Southwest Gulf Coast,160,YELLOW,YELLOW
1772041482882,A2D2-B2F6,FLT-B2F6-001,26.194588,-81.753445,118.5,9,0,Mini 3,true,drone_images/Mini 3_withpayload.png,26.195000,-81.755000,26.194500,-81.755300,apolloshield_dji,dji,,,2414500000,RADAR-A2D2-B2F6,Sensor Naples / Southwest Gulf Coast,160,YELLOW,YELLOW
1772041484196,A2D2-B2F6,FLT-B2F6-001,26.194588,-81.753445,118.5,9,0,Mini 3,true,drone_images/Mini 3_withpayload.png,26.195000,-81.755000,26.194500,-81.755300,apolloshield_dji,dji,,,2414500000,RADAR-A2D2-B2F6,Sensor Naples / Southwest Gulf Coast,160,YELLOW,YELLOW
1772041484755,A2D2-B2F6,FLT-B2F6-001,26.194588,-81.753445,118.5,9,0,Mini 3,true,drone_images/Mini 3_withpayload.png,26.195000,-81.755000,26.194500,-81.755300,apolloshield_dji,dji,,,2414500000,RADAR-A2D2-B2F6,Sensor Naples / Southwest Gulf Coast,160,YELLOW,YELLOW
1772041485981,A2D2-B2F6,FLT-B2F6-001,26.194588,-81.753445,118.5,9,0,Mini 3,true,drone_images/Mini 3_withpayload.png,26.195000,-81.755000,26.194500,-81.755300,apolloshield_dji,dji,,,2414500000,RADAR-A2D2-B2F6,Sensor Naples / Southwest Gulf Coast,160,YELLOW,YELLOW
1772041487341,A2D2-B2F6,FLT-B2F6-001,26.194588,-81.753445,118.5,9,0,Mini 3,true,drone_images/Mini 3_withpayload.png,26.195000,-81.755000,26.194500,-81.755300,apolloshield_dji,dji,,,2414500000,RADAR-A2D2-B2F6,Sensor Naples / Southwest Gulf Coast,160,YELLOW,YELLOW
1772041488105,A2D2-B2F6,FLT-B2F6-001,26.194588,-81.753445,118.5,0.1,0,Mini 3,true,drone_images/Mini 3_withpayload.png,26.195000,-81.755000,26.194500,-81.755300,apolloshield_dji,dji,,,2414500000,RADAR-A2D2-B2F6,Sensor Naples / Southwest Gulf Coast,160,YELLOW,YELLOW
1772041488785,A2D2-B2F6,FLT-B2F6-001,26.194588,-81.753445,118.5,0.1,0,Mini 3,true,drone_images/Mini 3_withpayload.png,26.195000,-81.755000,26.194500,-81.755300,apolloshield_dji,dji,,,2414500000,RADAR-A2D2-B2F6,Sensor Naples / Southwest Gulf Coast,160,YELLOW,YELLOW
1772041490318,A2D2-B2F6,FLT-B2F6-001,26.194588,-81.753445,118.5,9,0,Mini 3,true,drone_images/Mini 3_withpayload.png,26.195000,-81.755000,26.194500,-81.755300,apolloshield_dji,dji,,,2414500000,RADAR-A2D2-B2F6,Sensor Naples / Southwest Gulf Coast,160,YELLOW,YELLOW
1772041491012,A2D2-B2F6,FLT-B2F6-001,26.194588,-81.753445,118.5,9,0,Mini 3,true,drone_images/Mini 3_withpayload.png,26.195000,-81.755000,26.194500,-81.755300,apolloshield_dji,dji,,,2414500000,RADAR-A2D2-B2F6,Sensor Naples / Southwest Gulf Coast,160,YELLOW,YELLOW
1772041492163,A2D2-B2F6,FLT-B2F6-001,26.194588,-81.753445,118.5,9,0,Mini 3,true,drone_images/Mini 3_withpayload.png,26.195000,-81.755000,26.194500,-81.755300,apolloshield_dji,dji,,,2414500000,RADAR-A2D2-B2F6,Sensor Naples / Southwest Gulf Coast,160,YELLOW,YELLOW
1772041493195,A2D2-B2F6,FLT-B2F6-001,26.194588,-81.753445,118.5,9,0,Mini 3,true,drone_images/Mini 3_withpayload.png,26.195000,-81.755000,26.194500,-81.755300,apolloshield_dji,dji,,,2414500000,RADAR-A2D2-B2F6,Sensor Naples / Southwest Gulf Coast,160,YELLOW,YELLOW
1772041494791,A2D2-B2F6,FLT-B2F6-001,26.194588,-81.753445,118.5,9,0,Mini 3,true,drone_images/Mini 3_withpayload.png,26.195000,-81.755000,26.194500,-81.755300,apolloshield_dji,dji,,,2414500000,RADAR-A2D2-B2F6,Sensor Naples / Southwest Gulf Coast,160,YELLOW,YELLOW
1772041495090,A2D2-B2F6,FLT-B2F6-001,26.194588,-81.753445,118.5,9,0,Mini 3,true,drone_images/Mini 3_withpayload.png,26.195000,-81.755000,26.194500,-81.755300,apolloshield_dji,dji,,,2414500000,RADAR-A2D2-B2F6,Sensor Naples / Southwest Gulf Coast,160,YELLOW,YELLOW
1772041496105,A2D2-B2F6,FLT-B2F6-001,26.194588,-81.753445,118.5,9,0,Mini 3,true,drone_images/Mini 3_withpayload.png,26.195000,-81.755000,26.194500,-81.755300,apolloshield_dji,dji,,,2414500000,RADAR-A2D2-B2F6,Sensor Naples / Southwest Gulf Coast,160,YELLOW,YELLOW
1772041497148,A2D2-B2F6,FLT-B2F6-001,26.194588,-81.753445,118.5,9,0,Mini 3,true,drone_images/Mini 3_withpayload.png,26.195000,-81.755000,26.194500,-81.755300,apolloshield_dji,dji,,,2414500000,RADAR-A2D2-B2F6,Sensor Naples / Southwest Gulf Coast,160,YELLOW,YELLOW
1772041498142,A2D2-B2F6,FLT-B2F6-001,26.194588,-81.753445,118.5,9,0,Mini 3,true,drone_images/Mini 3_withpayload.png,26.195000,-81.755000,26.194500,-81.755300,apolloshield_dji,dji,,,2414500000,RADAR-A2D2-B2F6,Sensor Naples / Southwest Gulf Coast,160,YELLOW,YELLOW
1772041499169,A2D2-B2F6,FLT-B2F6-001,26.194588,-81.753445,118.5,9,0,Mini 3,true,drone_images/Mini 3_withpayload.png,26.195000,-81.755000,26.194500,-81.755300,apolloshield_dji,dji,,,2414500000,RADAR-A2D2-B2F6,Sensor Naples / Southwest Gulf Coast,160,YELLOW,YELLOW
1772041500174,A2D2-B2F6,FLT-B2F6-001,26.194588,-81.753445,118.5,9,0,Mini 3,true,drone_images/Mini 3_withpayload.png,26.195000,-81.755000,26.194500,-81.755300,apolloshield_dji,dji,,,2414500000,RADAR-A2D2-B2F6,Sensor Naples / Southwest Gulf Coast,160,YELLOW,YELLOW
1772041501184,A2D2-B2F6,FLT-B2F6-001,26.194588,-81.753445,118.5,9,0,Mini 3,true,drone_images/Mini 3_withpayload.png,26.195000,-81.755000,26.194500,-81.755300,apolloshield_dji,dji,,,2414500000,RADAR-A2D2-B2F6,Sensor Naples / Southwest Gulf Coast,160,YELLOW,YELLOW
1772041502244,A2D2-B2F6,FLT-B2F6-001,26.194588,-81.753445,118.5,9,0,Mini 3,true,drone_images/Mini 3_withpayload.png,26.195000,-81.755000,26.194500,-81.755300,apolloshield_dji,dji,,,2414500000,RADAR-A2D2-B2F6,Sensor Naples / Southwest Gulf Coast,160,YELLOW,YELLOW
1772041503075,A2D2-B2F6,FLT-B2F6-001,26.194588,-81.753445,118.5,9,0,Mini 3,true,drone_images/Mini 3_withpayload.png,26.195000,-81.755000,26.194500,-81.755300,apolloshield_dji,dji,,,2414500000,RADAR-A2D2-B2F6,Sensor Naples / Southwest Gulf Coast,160,YELLOW,YELLOW
1772041504898,A2D2-B2F6,FLT-B2F6-001,26.194588,-81.753445,118.5,9,0,Mini 3,true,drone_images/Mini 3_withpayload.png,26.195000,-81.755000,26.194500,-81.755300,apolloshield_dji,dji,,,2414500000,RADAR-A2D2-B2F6,Sensor Naples / Southwest Gulf Coast,160,YELLOW,YELLOW
1772041505772,A2D2-B2F6,FLT-B2F6-001,26.194588,-81.753445,118.5,9,0,Mini 3,true,drone_images/Mini 3_withpayload.png,26.195000,-81.755000,26.194500,-81.755300,apolloshield_dji,dji,,,2414500000,RADAR-A2D2-B2F6,Sensor Naples / Southwest Gulf Coast,160,YELLOW,YELLOW
1772041506945,A2D2-B2F6,FLT-B2F6-001,26.194588,-81.753445,118.5,9,0,Mini 3,true,drone_images/Mini 3_withpayload.png,26.195000,-81.755000,26.194500,-81.755300,apolloshield_dji,dji,,,2414500000,RADAR-A2D2-B2F6,Sensor Naples / Southwest Gulf Coast,160,YELLOW,YELLOW
1772041507623,A2D2-B2F6,FLT-B2F6-001,26.194588,-81.753445,118.5,9,0,Mini 3,true,drone_images/Mini 3_withpayload.png,26.195000,-81.755000,26.194500,-81.755300,apolloshield_dji,dji,,,2414500000,RADAR-A2D2-B2F6,Sensor Naples / Southwest Gulf Coast,160,YELLOW,YELLOW
1772041508112,A2D2-B2F6,FLT-B2F6-001,26.194588,-81.753445,118.5,9,0,Mini 3,true,drone_images/Mini 3_withpayload.png,26.195000,-81.755000,26.194500,-81.755300,apolloshield_dji,dji,,,2414500000,RADAR-A2D2-B2F6,Sensor Naples / Southwest Gulf Coast,160,YELLOW,YELLOW
1772041509398,A2D2-B2F6,FLT-B2F6-001,26.194588,-81.753445,118.5,9,0,Mini 3,true,drone_images/Mini 3_withpayload.png,26.195000,-81.755000,26.194500,-81.755300,apolloshield_dji,dji,,,2414500000,RADAR-A2D2-B2F6,Sensor Naples / Southwest Gulf Coast,160,YELLOW,YELLOW
1772041510074,A2D2-B2F6,FLT-B2F6-001,26.194588,-81.753445,118.5,9,0,Mini 3,true,drone_images/Mini 3_withpayload.png,26.195000,-81.755000,26.194500,-81.755300,apolloshield_dji,dji,,,2414500000,RADAR-A2D2-B2F6,Sensor Naples / Southwest Gulf Coast,160,YELLOW,YELLOW
1772041510940,A2D2-B2F6,FLT-B2F6-001,26.194588,-81.753445,118.5,9,0,Mini 3,true,drone_images/Mini 3_withpayload.png,26.195000,-81.755000,26.194500,-81.755300,apolloshield_dji,dji,,,2414500000,RADAR-A2D2-B2F6,Sensor Naples / Southwest Gulf Coast,160,YELLOW,YELLOW
1772041512106,A2D2-B2F6,FLT-B2F6-001,26.195098,-81.752259,118.2,11,0,Mini 3,true,drone_images/Mini 3_withpayload.png,26.195000,-81.755000,26.194500,-81.755300,apolloshield_dji,dji,,,2414500000,RADAR-A2D2-B2F6,Sensor Naples / Southwest Gulf Coast,160,YELLOW,YELLOW
1772041513563,A2D2-B2F6,FLT-B2F6-001,26.195098,-81.752259,118.2,11,0,Mini 3,true,drone_images/Mini 3_withpayload.png,26.195000,-81.755000,26.194500,-81.755300,apolloshield_dji,dji,,,2414500000,RADAR-A2D2-B2F6,Sensor Naples / Southwest Gulf Coast,160,YELLOW,YELLOW
1772041514078,A2D2-B2F6,FLT-B2F6-001,26.195098,-81.752259,118.2,11,0,Mini 3,true,drone_images/Mini 3_withpayload.png,26.195000,-81.755000,26.194500,-81.755300,apolloshield_dji,dji,,,2414500000,RADAR-A2D2-B2F6,Sensor Naples / Southwest Gulf Coast,160,YELLOW,YELLOW
1772041515127,A2D2-B2F6,FLT-B2F6-001,26.195098,-81.752259,118.2,11,0,Mini 3,true,drone_images/Mini 3_withpayload.png,26.195000,-81.755000,26.194500,-81.755300,apolloshield_dji,dji,,,2414500000,RADAR-A2D2-B2F6,Sensor Naples / Southwest Gulf Coast,160,YELLOW,YELLOW
1772041515975,A2D2-B2F6,FLT-B2F6-001,26.195150,-81.751869,118.3,9.8,0,Mini 3,true,drone_images/Mini 3_withpayload.png,26.195000,-81.755000,26.194500,-81.755300,apolloshield_dji,dji,,,2414500000,RADAR-A2D2-B2F6,Sensor Naples / Southwest Gulf Coast,160,YELLOW,YELLOW
1772041517230,A2D2-B2F6,FLT-B2F6-001,26.195150,-81.751869,118.3,9.8,0,Mini 3,true,drone_images/Mini 3_withpayload.png,26.195000,-81.755000,26.194500,-81.755300,apolloshield_dji,dji,,,2414500000,RADAR-A2D2-B2F6,Sensor Naples / Southwest Gulf Coast,160,YELLOW,YELLOW
1772041517864,A2D2-B2F6,FLT-B2F6-001,26.195150,-81.751869,118.3,9.8,0,Mini 3,true,drone_images/Mini 3_withpayload.png,26.195000,-81.755000,26.194500,-81.755300,apolloshield_dji,dji,,,2414500000,RADAR-A2D2-B2F6,Sensor Naples / Southwest Gulf Coast,160,YELLOW,YELLOW
1772041519046,A2D2-B2F6,FLT-B2F6-001,26.195150,-81.751869,118.3,9.8,0,Mini 3,true,drone_images/Mini 3_withpayload.png,26.195000,-81.755000,26.194500,-81.755300,apolloshield_dji,dji,,,2414500000,RADAR-A2D2-B2F6,Sensor Naples / Southwest Gulf Coast,160,YELLOW,YELLOW
1772041520005,A2D2-B2F6,FLT-B2F6-001,26.195150,-81.751869,118.3,9.8,0,Mini 3,true,drone_images/Mini 3_withpayload.png,26.195000,-81.755000,26.194500,-81.755300,apolloshield_dji,dji,,,2414500000,RADAR-A2D2-B2F6,Sensor Naples / Southwest Gulf Coast,160,YELLOW,YELLOW
1772041521945,A2D2-B2F6,FLT-B2F6-001,26.195150,-81.751869,118.3,9.8,0,Mini 3,true,drone_images/Mini 3_withpayload.png,26.195000,-81.755000,26.194500,-81.755300,apolloshield_dji,dji,,,2414500000,RADAR-A2D2-B2F6,Sensor Naples / Southwest Gulf Coast,160,YELLOW,YELLOW
1772041521976,A2D2-B2F6,FLT-B2F6-001,26.195368,-81.751508,118.2,0.6,0,Mini 3,true,drone_images/Mini 3_withpayload.png,26.195000,-81.755000,26.194500,-81.755300,apolloshield_dji,dji,,,2414500000,RADAR-A2D2-B2F6,Sensor Naples / Southwest Gulf Coast,160,YELLOW,YELLOW
1772041522995,A2D2-B2F6,FLT-B2F6-001,26.195368,-81.751508,118.2,0.6,0,Mini 3,true,drone_images/Mini 3_withpayload.png,26.195000,-81.755000,26.194500,-81.755300,apolloshield_dji,dji,,,2414500000,RADAR-A2D2-B2F6,Sensor Naples / Southwest Gulf Coast,160,YELLOW,YELLOW
1772041523917,A2D2-B2F6,FLT-B2F6-001,26.195368,-81.751508,118.2,0.6,0,Mini 3,true,drone_images/Mini 3_withpayload.png,26.195000,-81.755000,26.194500,-81.755300,apolloshield_dji,dji,,,2414500000,RADAR-A2D2-B2F6,Sensor Naples / Southwest Gulf Coast,160,YELLOW,YELLOW
1772041525088,A2D2-B2F6,FLT-B2F6-001,26.195368,-81.751508,118.2,0.6,0,Mini 3,true,drone_images/Mini 3_withpayload.png,26.195000,-81.755000,26.194500,-81.755300,apolloshield_dji,dji,,,2414500000,RADAR-A2D2-B2F6,Sensor Naples / Southwest Gulf Coast,160,YELLOW,YELLOW
1772041526335,A2D2-B2F6,FLT-B2F6-001,26.195368,-81.751508,118.2,0.6,0,Mini 3,true,drone_images/Mini 3_withpayload.png,26.195000,-81.755000,26.194500,-81.755300,apolloshield_dji,dji,,,2414500000,RADAR-A2D2-B2F6,Sensor Naples / Southwest Gulf Coast,160,YELLOW,YELLOW
1772041527185,A2D2-B2F6,FLT-B2F6-001,26.195368,-81.751508,118.2,0.6,0,Mini 3,true,drone_images/Mini 3_withpayload.png,26.195000,-81.755000,26.194500,-81.755300,apolloshield_dji,dji,,,2414500000,RADAR-A2D2-B2F6,Sensor Naples / Southwest Gulf Coast,160,YELLOW,YELLOW
1772041528827,A2D2-B2F6,FLT-B2F6-001,26.195368,-81.751508,118.2,0.6,0,Mini 3,true,drone_images/Mini 3_withpayload.png,26.195000,-81.755000,26.194500,-81.755300,apolloshield_dji,dji,,,2414500000,RADAR-A2D2-B2F6,Sensor Naples / Southwest Gulf Coast,160,YELLOW,YELLOW
1772041529467,A2D2-B2F6,FLT-B2F6-001,26.195368,-81.751508,118.2,0.6,0,Mini 3,true,drone_images/Mini 3_withpayload.png,26.195000,-81.755000,26.194500,-81.755300,apolloshield_dji,dji,,,2414500000,RADAR-A2D2-B2F6,Sensor Naples / Southwest Gulf Coast,160,YELLOW,YELLOW
1772041529880,A2D2-B2F6,FLT-B2F6-001,26.195368,-81.751508,118.2,0.6,0,Mini 3,true,drone_images/Mini 3_withpayload.png,26.195000,-81.755000,26.194500,-81.755300,apolloshield_dji,dji,,,2414500000,RADAR-A2D2-B2F6,Sensor Naples / Southwest Gulf Coast,160,YELLOW,YELLOW
1772041531061,A2D2-B2F6,FLT-B2F6-001,26.195368,-81.751508,118.2,0.6,0,Mini 3,true,drone_images/Mini 3_withpayload.png,26.195000,-81.755000,26.194500,-81.755300,apolloshield_dji,dji,,,2414500000,RADAR-A2D2-B2F6,Sensor Naples / Southwest Gulf Coast,160,YELLOW,YELLOW
1772041532988,A2D2-B2F6,FLT-B2F6-001,26.195368,-81.751508,118.2,0.6,0,Mini 3,true,drone_images/Mini 3_withpayload.png,26.195000,-81.755000,26.194500,-81.755300,apolloshield_dji,dji,,,2414500000,RADAR-A2D2-B2F6,Sensor Naples / Southwest Gulf Coast,160,YELLOW,YELLOW
1772041533716,A2D2-B2F6,FLT-B2F6-001,26.195368,-81.751508,118.2,0.6,0,Mini 3,true,drone_images/Mini 3_withpayload.png,26.195000,-81.755000,26.194500,-81.755300,apolloshield_dji,dji,,,2414500000,RADAR-A2D2-B2F6,Sensor Naples / Southwest Gulf Coast,160,YELLOW,YELLOW
1772041535322,A2D2-B2F6,FLT-B2F6-001,26.195368,-81.751508,118.2,0.6,0,Mini 3,true,drone_images/Mini 3_withpayload.png,26.195000,-81.755000,26.194500,-81.755300,apolloshield_dji,dji,,,2414500000,RADAR-A2D2-B2F6,Sensor Naples / Southwest Gulf Coast,160,YELLOW,YELLOW
1772041535334,A2D2-B2F6,FLT-B2F6-001,26.195368,-81.751508,118.2,0.6,0,Mini 3,true,drone_images/Mini 3_withpayload.png,26.195000,-81.755000,26.194500,-81.755300,apolloshield_dji,dji,,,2414500000,RADAR-A2D2-B2F6,Sensor Naples / Southwest Gulf Coast,160,YELLOW,YELLOW
1772041536622,A2D2-B2F6,FLT-B2F6-001,26.195368,-81.751508,118.2,0.6,0,Mini 3,true,drone_images/Mini 3_withpayload.png,26.195000,-81.755000,26.194500,-81.755300,apolloshield_dji,dji,,,2414500000,RADAR-A2D2-B2F6,Sensor Naples / Southwest Gulf Coast,160,YELLOW,YELLOW
1772041536912,A2D2-B2F6,FLT-B2F6-001,26.195368,-81.751508,118.2,0.6,0,Mini 3,true,drone_images/Mini 3_withpayload.png,26.195000,-81.755000,26.194500,-81.755300,apolloshield_dji,dji,,,2414500000,RADAR-A2D2-B2F6,Sensor Naples / Southwest Gulf Coast,160,YELLOW,YELLOW
1772041537835,A2D2-B2F6,FLT-B2F6-001,26.195368,-81.751508,118.2,0.6,0,Mini 3,true,drone_images/Mini 3_withpayload.png,26.195000,-81.755000,26.194500,-81.755300,apolloshield_dji,dji,,,2414500000,RADAR-A2D2-B2F6,Sensor Naples / Southwest Gulf Coast,160,YELLOW,YELLOW
1772041538873,A2D2-B2F6,FLT-B2F6-001,26.195368,-81.751508,118.2,0.6,0,Mini 3,true,drone_images/Mini 3_withpayload.png,26.195000,-81.755000,26.194500,-81.755300,apolloshield_dji,dji,,,2414500000,RADAR-A2D2-B2F6,Sensor Naples / Southwest Gulf Coast,160,YELLOW,YELLOW
1772041540293,A2D2-B2F6,FLT-B2F6-001,26.195368,-81.751508,118.2,0.6,0,Mini 3,true,drone_images/Mini 3_withpayload.png,26.195000,-81.755000,26.194500,-81.755300,apolloshield_dji,dji,,,2414500000,RADAR-A2D2-B2F6,Sensor Naples / Southwest Gulf Coast,160,YELLOW,YELLOW
1772041541523,A2D2-B2F6,FLT-B2F6-001,26.195368,-81.751508,118.2,0.6,0,Mini 3,true,drone_images/Mini 3_withpayload.png,26.195000,-81.755000,26.194500,-81.755300,apolloshield_dji,dji,,,2414500000,RADAR-A2D2-B2F6,Sensor Naples / Southwest Gulf Coast,160,YELLOW,YELLOW
1772041542137,A2D2-B2F6,FLT-B2F6-001,26.195368,-81.751508,118.2,0.6,0,Mini 3,true,drone_images/Mini 3_withpayload.png,26.195000,-81.755000,26.194500,-81.755300,apolloshield_dji,dji,,,2414500000,RADAR-A2D2-B2F6,Sensor Naples / Southwest Gulf Coast,160,YELLOW,YELLOW
1772041543543,A2D2-B2F6,FLT-B2F6-001,26.195368,-81.751508,118.2,0.6,0,Mini 3,true,drone_images/Mini 3_withpayload.png,26.195000,-81.755000,26.194500,-81.755300,apolloshield_dji,dji,,,2414500000,RADAR-A2D2-B2F6,Sensor Naples / Southwest Gulf Coast,160,YELLOW,YELLOW
1772041544364,A2D2-B2F6,FLT-B2F6-001,26.195368,-81.751508,118.2,0.6,0,Mini 3,true,drone_images/Mini 3_withpayload.png,26.195000,-81.755000,26.194500,-81.755300,apolloshield_dji,dji,,,2414500000,RADAR-A2D2-B2F6,Sensor Naples / Southwest Gulf Coast,160,YELLOW,YELLOW
1772041545243,A2D2-B2F6,FLT-B2F6-001,26.195333,-81.751526,81.6,0.1,0,Mini 3,true,drone_images/Mini 3_withpayload.png,26.195000,-81.755000,26.194500,-81.755300,apolloshield_dji,dji,,,2414500000,RADAR-A2D2-B2F6,Sensor Naples / Southwest Gulf Coast,160,YELLOW,YELLOW
1772041546372,A2D2-B2F6,FLT-B2F6-001,26.195333,-81.751526,81.6,0.1,0,Mini 3,true,drone_images/Mini 3_withpayload.png,26.195000,-81.755000,26.194500,-81.755300,apolloshield_dji,dji,,,2414500000,RADAR-A2D2-B2F6,Sensor Naples / Southwest Gulf Coast,160,YELLOW,YELLOW
1772041547239,A2D2-B2F6,FLT-B2F6-001,26.195333,-81.751526,81.6,0.1,0,Mini 3,true,drone_images/Mini 3_withpayload.png,26.195000,-81.755000,26.194500,-81.755300,apolloshield_dji,dji,,,2414500000,RADAR-A2D2-B2F6,Sensor Naples / Southwest Gulf Coast,160,YELLOW,YELLOW
1772041554841,A2D2-B2F6,FLT-B2F6-001,26.195333,-81.751526,81.6,0.1,0,Mini 3,true,drone_images/Mini 3_withpayload.png,26.195000,-81.755000,26.194500,-81.755300,apolloshield_dji,dji,,,2414500000,RADAR-A2D2-B2F6,Sensor Naples / Southwest Gulf Coast,160,YELLOW,YELLOW
1772041555087,A2D2-B2F6,FLT-B2F6-001,26.195333,-81.751526,81.6,0.1,0,Mini 3,true,drone_images/Mini 3_withpayload.png,26.195000,-81.755000,26.194500,-81.755300,apolloshield_dji,dji,,,2414500000,RADAR-A2D2-B2F6,Sensor Naples / Southwest Gulf Coast,160,YELLOW,YELLOW
1772041556347,A2D2-B2F6,FLT-B2F6-001,26.195333,-81.751526,81.6,0.1,0,Mini 3,true,drone_images/Mini 3_withpayload.png,26.195000,-81.755000,26.194500,-81.755300,apolloshield_dji,dji,,,2414500000,RADAR-A2D2-B2F6,Sensor Naples / Southwest Gulf Coast,160,YELLOW,YELLOW
1772041557595,A2D2-B2F6,FLT-B2F6-001,26.195333,-81.751526,81.6,0.1,0,Mini 3,true,drone_images/Mini 3_withpayload.png,26.195000,-81.755000,26.194500,-81.755300,apolloshield_dji,dji,,,2414500000,RADAR-A2D2-B2F6,Sensor Naples / Southwest Gulf Coast,160,YELLOW,YELLOW
1772041558120,A2D2-B2F6,FLT-B2F6-001,26.195333,-81.751526,81.6,0.1,0,Mini 3,true,drone_images/Mini 3_withpayload.png,26.195000,-81.755000,26.194500,-81.755300,apolloshield_dji,dji,,,2414500000,RADAR-A2D2-B2F6,Sensor Naples / Southwest Gulf Coast,160,YELLOW,YELLOW
1772041559932,A2D2-B2F6,FLT-B2F6-001,26.195333,-81.751526,81.6,0.1,0,Mini 3,true,drone_images/Mini 3_withpayload.png,26.195000,-81.755000,26.194500,-81.755300,apolloshield_dji,dji,,,2414500000,RADAR-A2D2-B2F6,Sensor Naples / Southwest Gulf Coast,160,YELLOW,YELLOW
1772041559995,A2D2-B2F6,FLT-B2F6-001,26.195333,-81.751526,81.6,0.1,0,Mini 3,true,drone_images/Mini 3_withpayload.png,26.195000,-81.755000,26.194500,-81.755300,apolloshield_dji,dji,,,2414500000,RADAR-A2D2-B2F6,Sensor Naples / Southwest Gulf Coast,160,YELLOW,YELLOW
1772041560751,A2D2-B2F6,FLT-B2F6-001,26.195339,-81.751577,42.5,2,0,Mini 3,true,drone_images/Mini 3_withpayload.png,26.195000,-81.755000,26.194500,-81.755300,apolloshield_dji,dji,,,2414500000,RADAR-A2D2-B2F6,Sensor Naples / Southwest Gulf Coast,160,YELLOW,YELLOW
1772041562007,A2D2-B2F6,FLT-B2F6-001,26.195339,-81.751577,42.5,2,0,Mini 3,true,drone_images/Mini 3_withpayload.png,26.195000,-81.755000,26.194500,-81.755300,apolloshield_dji,dji,,,2414500000,RADAR-A2D2-B2F6,Sensor Naples / Southwest Gulf Coast,160,YELLOW,YELLOW
1772041563154,A2D2-B2F6,FLT-B2F6-001,26.195339,-81.751577,42.5,2,0,Mini 3,true,drone_images/Mini 3_withpayload.png,26.195000,-81.755000,26.194500,-81.755300,apolloshield_dji,dji,,,2414500000,RADAR-A2D2-B2F6,Sensor Naples / Southwest Gulf Coast,160,YELLOW,YELLOW
1772041564412,A2D2-B2F6,FLT-B2F6-001,26.195339,-81.751577,42.5,2,0,Mini 3,true,drone_images/Mini 3_withpayload.png,26.195000,-81.755000,26.194500,-81.755300,apolloshield_dji,dji,,,2414500000,RADAR-A2D2-B2F6,Sensor Naples / Southwest Gulf Coast,160,YELLOW,YELLOW
1772041565275,A2D2-B2F6,FLT-B2F6-001,26.195339,-81.751577,42.5,2,0,Mini 3,true,drone_images/Mini 3_withpayload.png,26.195000,-81.755000,26.194500,-81.755300,apolloshield_dji,dji,,,2414500000,RADAR-A2D2-B2F6,Sensor Naples / Southwest Gulf Coast,160,YELLOW,YELLOW
1772041566861,A2D2-B2F6,FLT-B2F6-001,26.195339,-81.751571,40.2,0.2,0,Mini 3,true,drone_images/Mini 3_withpayload.png,26.195000,-81.755000,26.194500,-81.755300,apolloshield_dji,dji,,,2414500000,RADAR-A2D2-B2F6,Sensor Naples / Southwest Gulf Coast,160,YELLOW,YELLOW
1772041567098,A2D2-B2F6,FLT-B2F6-001,26.195339,-81.751571,40.2,0.2,0,Mini 3,true,drone_images/Mini 3_withpayload.png,26.195000,-81.755000,26.194500,-81.755300,apolloshield_dji,dji,,,2414500000,RADAR-A2D2-B2F6,Sensor Naples / Southwest Gulf Coast,160,YELLOW,YELLOW
1772041568355,A2D2-B2F6,FLT-B2F6-001,26.195339,-81.751571,40.2,0.2,0,Mini 3,true,drone_images/Mini 3_withpayload.png,26.195000,-81.755000,26.194500,-81.755300,apolloshield_dji,dji,,,2414500000,RADAR-A2D2-B2F6,Sensor Naples / Southwest Gulf Coast,160,YELLOW,YELLOW
1772041569406,A2D2-B2F6,FLT-B2F6-001,26.195339,-81.751571,40.2,0.2,0,Mini 3,true,drone_images/Mini 3_withpayload.png,26.195000,-81.755000,26.194500,-81.755300,apolloshield_dji,dji,,,2414500000,RADAR-A2D2-B2F6,Sensor Naples / Southwest Gulf Coast,160,YELLOW,YELLOW
1772041570285,A2D2-B2F6,FLT-B2F6-001,26.195339,-81.751571,40.2,0.2,0,Mini 3,true,drone_images/Mini 3_withpayload.png,26.195000,-81.755000,26.194500,-81.755300,apolloshield_dji,dji,,,2414500000,RADAR-A2D2-B2F6,Sensor Naples / Southwest Gulf Coast,160,YELLOW,YELLOW
1772041570915,A2D2-B2F6,FLT-B2F6-001,26.195339,-81.751577,40.3,0.1,0,Mini 3,true,drone_images/Mini 3_withpayload.png,26.195000,-81.755000,26.194500,-81.755300,apolloshield_dji,dji,,,2414500000,RADAR-A2D2-B2F6,Sensor Naples / Southwest Gulf Coast,160,YELLOW,YELLOW
1772041571977,A2D2-B2F6,FLT-B2F6-001,26.195339,-81.751577,40.3,0.1,0,Mini 3,true,drone_images/Mini 3_withpayload.png,26.195000,-81.755000,26.194500,-81.755300,apolloshield_dji,dji,,,2414500000,RADAR-A2D2-B2F6,Sensor Naples / Southwest Gulf Coast,160,YELLOW,YELLOW
1772041572863,A2D2-B2F6,FLT-B2F6-001,26.195339,-81.751577,40.3,0.1,0,Mini 3,true,drone_images/Mini 3_withpayload.png,26.195000,-81.755000,26.194500,-81.755300,apolloshield_dji,dji,,,2414500000,RADAR-A2D2-B2F6,Sensor Naples / Southwest Gulf Coast,160,YELLOW,YELLOW
1772041573955,A2D2-B2F6,FLT-B2F6-001,26.195339,-81.751577,40.3,0.1,0,Mini 3,true,drone_images/Mini 3_withpayload.png,26.195000,-81.755000,26.194500,-81.755300,apolloshield_dji,dji,,,2414500000,RADAR-A2D2-B2F6,Sensor Naples / Southwest Gulf Coast,160,YELLOW,YELLOW
1772041574799,A2D2-B2F6,FLT-B2F6-001,26.195339,-81.751577,40.3,0.1,0,Mini 3,true,drone_images/Mini 3_withpayload.png,26.195000,-81.755000,26.194500,-81.755300,apolloshield_dji,dji,,,2414500000,RADAR-A2D2-B2F6,Sensor Naples / Southwest Gulf Coast,160,YELLOW,YELLOW
1772041576020,A2D2-B2F6,FLT-B2F6-001,26.195339,-81.751577,40.3,0.1,0,Mini 3,true,drone_images/Mini 3_withpayload.png,26.195000,-81.755000,26.194500,-81.755300,apolloshield_dji,dji,,,2414500000,RADAR-A2D2-B2F6,Sensor Naples / Southwest Gulf Coast,160,YELLOW,YELLOW
1772041576849,A2D2-B2F6,FLT-B2F6-001,26.195339,-81.751577,40.3,0.1,0,Mini 3,true,drone_images/Mini 3_withpayload.png,26.195000,-81.755000,26.194500,-81.755300,apolloshield_dji,dji,,,2414500000,RADAR-A2D2-B2F6,Sensor Naples / Southwest Gulf Coast,160,YELLOW,YELLOW
1772041577923,A2D2-B2F6,FLT-B2F6-001,26.195339,-81.751577,40.3,0.1,0,Mini 3,true,drone_images/Mini 3_withpayload.png,26.195000,-81.755000,26.194500,-81.755300,apolloshield_dji,dji,,,2414500000,RADAR-A2D2-B2F6,Sensor Naples / Southwest Gulf Coast,160,YELLOW,YELLOW
1772041579236,A2D2-B2F6,FLT-B2F6-001,26.195339,-81.751577,40.3,0.1,0,Mini 3,true,drone_images/Mini 3_withpayload.png,26.195000,-81.755000,26.194500,-81.755300,apolloshield_dji,dji,,,2414500000,RADAR-A2D2-B2F6,Sensor Naples / Southwest Gulf Coast,160,YELLOW,YELLOW
1772041580766,A2D2-B2F6,FLT-B2F6-001,26.195339,-81.751577,40.3,0.1,0,Mini 3,true,drone_images/Mini 3_withpayload.png,26.195000,-81.755000,26.194500,-81.755300,apolloshield_dji,dji,,,2414500000,RADAR-A2D2-B2F6,Sensor Naples / Southwest Gulf Coast,160,YELLOW,YELLOW
1772041580877,A2D2-B2F6,FLT-B2F6-001,26.195339,-81.751577,40.3,0.1,0,Mini 3,true,drone_images/Mini 3_withpayload.png,26.195000,-81.755000,26.194500,-81.755300,apolloshield_dji,dji,,,2414500000,RADAR-A2D2-B2F6,Sensor Naples / Southwest Gulf Coast,160,YELLOW,YELLOW
1772041581802,A2D2-B2F6,FLT-B2F6-001,26.195339,-81.751577,40.3,0.1,0,Mini 3,true,drone_images/Mini 3_withpayload.png,26.195000,-81.755000,26.194500,-81.755300,apolloshield_dji,dji,,,2414500000,RADAR-A2D2-B2F6,Sensor Naples / Southwest Gulf Coast,160,YELLOW,YELLOW
1772041582996,A2D2-B2F6,FLT-B2F6-001,26.195339,-81.751577,40.3,0.1,0,Mini 3,true,drone_images/Mini 3_withpayload.png,26.195000,-81.755000,26.194500,-81.755300,apolloshield_dji,dji,,,2414500000,RADAR-A2D2-B2F6,Sensor Naples / Southwest Gulf Coast,160,YELLOW,YELLOW
1772041584330,A2D2-B2F6,FLT-B2F6-001,26.195339,-81.751577,40.3,0.1,0,Mini 3,true,drone_images/Mini 3_withpayload.png,26.195000,-81.755000,26.194500,-81.755300,apolloshield_dji,dji,,,2414500000,RADAR-A2D2-B2F6,Sensor Naples / Southwest Gulf Coast,160,YELLOW,YELLOW
1772041585385,A2D2-B2F6,FLT-B2F6-001,26.195339,-81.751577,40.3,0.1,0,Mini 3,true,drone_images/Mini 3_withpayload.png,26.195000,-81.755000,26.194500,-81.755300,apolloshield_dji,dji,,,2414500000,RADAR-A2D2-B2F6,Sensor Naples / Southwest Gulf Coast,160,YELLOW,YELLOW
1772041585805,A2D2-B2F6,FLT-B2F6-001,26.195339,-81.751577,40.3,0.1,0,Mini 3,true,drone_images/Mini 3_withpayload.png,26.195000,-81.755000,26.194500,-81.755300,apolloshield_dji,dji,,,2414500000,RADAR-A2D2-B2F6,Sensor Naples / Southwest Gulf Coast,160,YELLOW,YELLOW
1772041587366,A2D2-B2F6,FLT-B2F6-001,26.195339,-81.751577,40.3,0.1,0,Mini 3,true,drone_images/Mini 3_withpayload.png,26.195000,-81.755000,26.194500,-81.755300,apolloshield_dji,dji,,,2414500000,RADAR-A2D2-B2F6,Sensor Naples / Southwest Gulf Coast,160,YELLOW,YELLOW
1772041587785,A2D2-B2F6,FLT-B2F6-001,26.195322,-81.751480,32.4,0.1,0,Mini 3,true,drone_images/Mini 3_withpayload.png,26.195000,-81.755000,26.194500,-81.755300,apolloshield_dji,dji,,,2414500000,RADAR-A2D2-B2F6,Sensor Naples / Southwest Gulf Coast,160,YELLOW,YELLOW
1772041588813,A2D2-B2F6,FLT-B2F6-001,26.195322,-81.751480,32.4,0.1,0,Mini 3,true,drone_images/Mini 3_withpayload.png,26.195000,-81.755000,26.194500,-81.755300,apolloshield_dji,dji,,,2414500000,RADAR-A2D2-B2F6,Sensor Naples / Southwest Gulf Coast,160,YELLOW,YELLOW
1772041590407,A2D2-B2F6,FLT-B2F6-001,26.195322,-81.751480,32.4,0.1,0,Mini 3,true,drone_images/Mini 3_withpayload.png,26.195000,-81.755000,26.194500,-81.755300,apolloshield_dji,dji,,,2414500000,RADAR-A2D2-B2F6,Sensor Naples / Southwest Gulf Coast,160,YELLOW,YELLOW
1772041590779,A2D2-B2F6,FLT-B2F6-001,26.195322,-81.751480,32.4,0.1,0,Mini 3,true,drone_images/Mini 3_withpayload.png,26.195000,-81.755000,26.194500,-81.755300,apolloshield_dji,dji,,,2414500000,RADAR-A2D2-B2F6,Sensor Naples / Southwest Gulf Coast,160,YELLOW,YELLOW
1772041592093,A2D2-B2F6,FLT-B2F6-001,26.195322,-81.751480,32.4,0.1,0,Mini 3,true,drone_images/Mini 3_withpayload.png,26.195000,-81.755000,26.194500,-81.755300,apolloshield_dji,dji,,,2414500000,RADAR-A2D2-B2F6,Sensor Naples / Southwest Gulf Coast,160,YELLOW,YELLOW
1772041592719,A2D2-B2F6,FLT-B2F6-001,26.195322,-81.751480,26.5,0.1,0,Mini 3,true,drone_images/Mini 3_withpayload.png,26.195000,-81.755000,26.194500,-81.755300,apolloshield_dji,dji,,,2414500000,RADAR-A2D2-B2F6,Sensor Naples / Southwest Gulf Coast,160,YELLOW,YELLOW
1772041593792,A2D2-B2F6,FLT-B2F6-001,26.195322,-81.751480,26.5,0.1,0,Mini 3,true,drone_images/Mini 3_withpayload.png,26.195000,-81.755000,26.194500,-81.755300,apolloshield_dji,dji,,,2414500000,RADAR-A2D2-B2F6,Sensor Naples / Southwest Gulf Coast,160,YELLOW,YELLOW
1772041595121,A2D2-B2F6,FLT-B2F6-001,26.195322,-81.751480,26.5,0.1,0,Mini 3,true,drone_images/Mini 3_withpayload.png,26.195000,-81.755000,26.194500,-81.755300,apolloshield_dji,dji,,,2414500000,RADAR-A2D2-B2F6,Sensor Naples / Southwest Gulf Coast,160,YELLOW,YELLOW
1772041596407,A2D2-B2F6,FLT-B2F6-001,26.195322,-81.751480,26.5,0.1,0,Mini 3,true,drone_images/Mini 3_withpayload.png,26.195000,-81.755000,26.194500,-81.755300,apolloshield_dji,dji,,,2414500000,RADAR-A2D2-B2F6,Sensor Naples / Southwest Gulf Coast,160,YELLOW,YELLOW
1772041597107,A2D2-B2F6,FLT-B2F6-001,26.195322,-81.751480,26.5,0.1,0,Mini 3,true,drone_images/Mini 3_withpayload.png,26.195000,-81.755000,26.194500,-81.755300,apolloshield_dji,dji,,,2414500000,RADAR-A2D2-B2F6,Sensor Naples / Southwest Gulf Coast,160,YELLOW,YELLOW
1772041598393,A2D2-B2F6,FLT-B2F6-001,26.195322,-81.751480,26.5,0.1,0,Mini 3,true,drone_images/Mini 3_withpayload.png,26.195000,-81.755000,26.194500,-81.755300,apolloshield_dji,dji,,,2414500000,RADAR-A2D2-B2F6,Sensor Naples / Southwest Gulf Coast,160,YELLOW,YELLOW
1772041599378,A2D2-B2F6,FLT-B2F6-001,26.195322,-81.751480,26.5,0.1,0,Mini 3,true,drone_images/Mini 3_withpayload.png,26.195000,-81.755000,26.194500,-81.755300,apolloshield_dji,dji,,,2414500000,RADAR-A2D2-B2F6,Sensor Naples / Southwest Gulf Coast,160,YELLOW,YELLOW
1772041600179,A2D2-B2F6,FLT-B2F6-001,26.195322,-81.751480,26.5,0.1,0,Mini 3,true,drone_images/Mini 3_withpayload.png,26.195000,-81.755000,26.194500,-81.755300,apolloshield_dji,dji,,,2414500000,RADAR-A2D2-B2F6,Sensor Naples / Southwest Gulf Coast,160,YELLOW,YELLOW
1772041601123,A2D2-B2F6,FLT-B2F6-001,26.195322,-81.751480,26.5,0.1,0,Mini 3,true,drone_images/Mini 3_withpayload.png,26.195000,-81.755000,26.194500,-81.755300,apolloshield_dji,dji,,,2414500000,RADAR-A2D2-B2F6,Sensor Naples / Southwest Gulf Coast,160,YELLOW,YELLOW
1772041602030,A2D2-B2F6,FLT-B2F6-001,26.195322,-81.751480,26.5,0.1,0,Mini 3,true,drone_images/Mini 3_withpayload.png,26.195000,-81.755000,26.194500,-81.755300,apolloshield_dji,dji,,,2414500000,RADAR-A2D2-B2F6,Sensor Naples / Southwest Gulf Coast,160,YELLOW,YELLOW
1772041604272,A2D2-B2F6,FLT-B2F6-001,26.195322,-81.751480,26.5,0.1,0,Mini 3,true,drone_images/Mini 3_withpayload.png,26.195000,-81.755000,26.194500,-81.755300,apolloshield_dji,dji,,,2414500000,RADAR-A2D2-B2F6,Sensor Naples / Southwest Gulf Coast,160,YELLOW,YELLOW
1772041604810,A2D2-B2F6,FLT-B2F6-001,26.195322,-81.751480,26.5,0.1,0,Mini 3,true,drone_images/Mini 3_withpayload.png,26.195000,-81.755000,26.194500,-81.755300,apolloshield_dji,dji,,,2414500000,RADAR-A2D2-B2F6,Sensor Naples / Southwest Gulf Coast,160,YELLOW,YELLOW
1772041606115,A2D2-B2F6,FLT-B2F6-001,26.195322,-81.751480,26.5,0.1,0,Mini 3,true,drone_images/Mini 3_withpayload.png,26.195000,-81.755000,26.194500,-81.755300,apolloshield_dji,dji,,,2414500000,RADAR-A2D2-B2F6,Sensor Naples / Southwest Gulf Coast,160,YELLOW,YELLOW
1772041606479,A2D2-B2F6,FLT-B2F6-001,26.195322,-81.751480,26.5,0.1,0,Mini 3,true,drone_images/Mini 3_withpayload.png,26.195000,-81.755000,26.194500,-81.755300,apolloshield_dji,dji,,,2414500000,RADAR-A2D2-B2F6,Sensor Naples / Southwest Gulf Coast,160,YELLOW,YELLOW
1772041607767,A2D2-B2F6,FLT-B2F6-001,26.195322,-81.751480,26.5,0.1,0,Mini 3,true,drone_images/Mini 3_withpayload.png,26.195000,-81.755000,26.194500,-81.755300,apolloshield_dji,dji,,,2414500000,RADAR-A2D2-B2F6,Sensor Naples / Southwest Gulf Coast,160,YELLOW,YELLOW
1772041608317,A2D2-B2F6,FLT-B2F6-001,26.195322,-81.751291,22.6,0.1,0,Mini 3,true,drone_images/Mini 3_withpayload.png,26.195000,-81.755000,26.194500,-81.755300,apolloshield_dji,dji,,,2414500000,RADAR-A2D2-B2F6,Sensor Naples / Southwest Gulf Coast,160,YELLOW,YELLOW
1772041609495,A2D2-B2F6,FLT-B2F6-001,26.195322,-81.751291,22.6,0.1,0,Mini 3,true,drone_images/Mini 3_withpayload.png,26.195000,-81.755000,26.194500,-81.755300,apolloshield_dji,dji,,,2414500000,RADAR-A2D2-B2F6,Sensor Naples / Southwest Gulf Coast,160,YELLOW,YELLOW
1772041611187,A2D2-B2F6,FLT-B2F6-001,26.195322,-81.751291,22.6,0.1,0,Mini 3,true,drone_images/Mini 3_withpayload.png,26.195000,-81.755000,26.194500,-81.755300,apolloshield_dji,dji,,,2414500000,RADAR-A2D2-B2F6,Sensor Naples / Southwest Gulf Coast,160,YELLOW,YELLOW
1772041611594,A2D2-B2F6,FLT-B2F6-001,26.195322,-81.751291,22.6,0.1,0,Mini 3,true,drone_images/Mini 3_withpayload.png,26.195000,-81.755000,26.194500,-81.755300,apolloshield_dji,dji,,,2414500000,RADAR-A2D2-B2F6,Sensor Naples / Southwest Gulf Coast,160,YELLOW,YELLOW
1772041612239,A2D2-B2F6,FLT-B2F6-001,26.195322,-81.751291,22.6,0.1,0,Mini 3,true,drone_images/Mini 3_withpayload.png,26.195000,-81.755000,26.194500,-81.755300,apolloshield_dji,dji,,,2414500000,RADAR-A2D2-B2F6,Sensor Naples / Southwest Gulf Coast,160,YELLOW,YELLOW
1772041612924,A2D2-B2F6,FLT-B2F6-001,26.195322,-81.751291,22.5,9,0,Mini 3,true,drone_images/Mini 3_withpayload.png,26.195000,-81.755000,26.194500,-81.755300,apolloshield_dji,dji,,,2414500000,RADAR-A2D2-B2F6,Sensor Naples / Southwest Gulf Coast,160,YELLOW,YELLOW
1772041614478,A2D2-B2F6,FLT-B2F6-001,26.195322,-81.751291,22.5,9,0,Mini 3,true,drone_images/Mini 3_withpayload.png,26.195000,-81.755000,26.194500,-81.755300,apolloshield_dji,dji,,,2414500000,RADAR-A2D2-B2F6,Sensor Naples / Southwest Gulf Coast,160,YELLOW,YELLOW
1772041614861,A2D2-B2F6,FLT-B2F6-001,26.195322,-81.751291,22.5,9,0,Mini 3,true,drone_images/Mini 3_withpayload.png,26.195000,-81.755000,26.194500,-81.755300,apolloshield_dji,dji,,,2414500000,RADAR-A2D2-B2F6,Sensor Naples / Southwest Gulf Coast,160,YELLOW,YELLOW
1772041616032,A2D2-B2F6,FLT-B2F6-001,26.195322,-81.751291,22.5,9,0,Mini 3,true,drone_images/Mini 3_withpayload.png,26.195000,-81.755000,26.194500,-81.755300,apolloshield_dji,dji,,,2414500000,RADAR-A2D2-B2F6,Sensor Naples / Southwest Gulf Coast,160,YELLOW,YELLOW
1772041617672,A2D2-B2F6,FLT-B2F6-001,26.195322,-81.751291,22.5,0.1,0,Mini 3,true,drone_images/Mini 3_withpayload.png,26.195000,-81.755000,26.194500,-81.755300,apolloshield_dji,dji,,,2414500000,RADAR-A2D2-B2F6,Sensor Naples / Southwest Gulf Coast,160,YELLOW,YELLOW
1772041619067,A2D2-B2F6,FLT-B2F6-001,26.195322,-81.751291,22.5,0.1,0,Mini 3,true,drone_images/Mini 3_withpayload.png,26.195000,-81.755000,26.194500,-81.755300,apolloshield_dji,dji,,,2414500000,RADAR-A2D2-B2F6,Sensor Naples / Southwest Gulf Coast,160,YELLOW,YELLOW
1772041619458,A2D2-B2F6,FLT-B2F6-001,26.195322,-81.751291,22.5,0.1,0,Mini 3,true,drone_images/Mini 3_withpayload.png,26.195000,-81.755000,26.194500,-81.755300,apolloshield_dji,dji,,,2414500000,RADAR-A2D2-B2F6,Sensor Naples / Southwest Gulf Coast,160,YELLOW,YELLOW
1772041619868,A2D2-B2F6,FLT-B2F6-001,26.195322,-81.751291,22.5,0.1,0,Mini 3,true,drone_images/Mini 3_withpayload.png,26.195000,-81.755000,26.194500,-81.755300,apolloshield_dji,dji,,,2414500000,RADAR-A2D2-B2F6,Sensor Naples / Southwest Gulf Coast,160,YELLOW,YELLOW
1772041621824,A2D2-B2F6,FLT-B2F6-001,26.195322,-81.751291,22.5,0.1,0,Mini 3,true,drone_images/Mini 3_withpayload.png,26.195000,-81.755000,26.194500,-81.755300,apolloshield_dji,dji,,,2414500000,RADAR-A2D2-B2F6,Sensor Naples / Southwest Gulf Coast,160,YELLOW,YELLOW
1772041622095,A2D2-B2F6,FLT-B2F6-001,26.195322,-81.751291,22.5,0.1,0,Mini 3,true,drone_images/Mini 3_withpayload.png,26.195000,-81.755000,26.194500,-81.755300,apolloshield_dji,dji,,,2414500000,RADAR-A2D2-B2F6,Sensor Naples / Southwest Gulf Coast,160,YELLOW,YELLOW
1772041623311,A2D2-B2F6,FLT-B2F6-001,26.195322,-81.751291,22.5,0.1,0,Mini 3,true,drone_images/Mini 3_withpayload.png,26.195000,-81.755000,26.194500,-81.755300,apolloshield_dji,dji,,,2414500000,RADAR-A2D2-B2F6,Sensor Naples / Southwest Gulf Coast,160,YELLOW,YELLOW
1772041624082,A2D2-B2F6,FLT-B2F6-001,26.195322,-81.751291,22.5,0.1,0,Mini 3,true,drone_images/Mini 3_withpayload.png,26.195000,-81.755000,26.194500,-81.755300,apolloshield_dji,dji,,,2414500000,RADAR-A2D2-B2F6,Sensor Naples / Southwest Gulf Coast,160,YELLOW,YELLOW
1772041625518,A2D2-B2F6,FLT-B2F6-001,26.195322,-81.751291,22.5,0.1,0,Mini 3,true,drone_images/Mini 3_withpayload.png,26.195000,-81.755000,26.194500,-81.755300,apolloshield_dji,dji,,,2414500000,RADAR-A2D2-B2F6,Sensor Naples / Southwest Gulf Coast,160,YELLOW,YELLOW
1772041625837,A2D2-B2F6,FLT-B2F6-001,26.195322,-81.751291,22.5,0.1,0,Mini 3,true,drone_images/Mini 3_withpayload.png,26.195000,-81.755000,26.194500,-81.755300,apolloshield_dji,dji,,,2414500000,RADAR-A2D2-B2F6,Sensor Naples / Southwest Gulf Coast,160,YELLOW,YELLOW
1772041626797,A2D2-B2F6,FLT-B2F6-001,26.195322,-81.751291,22.5,0.1,0,Mini 3,true,drone_images/Mini 3_withpayload.png,26.195000,-81.755000,26.194500,-81.755300,apolloshield_dji,dji,,,2414500000,RADAR-A2D2-B2F6,Sensor Naples / Southwest Gulf Coast,160,YELLOW,YELLOW
1772041628041,A2D2-B2F6,FLT-B2F6-001,26.195322,-81.751291,22.5,9,0,Mini 3,true,drone_images/Mini 3_withpayload.png,26.195000,-81.755000,26.194500,-81.755300,apolloshield_dji,dji,,,2414500000,RADAR-A2D2-B2F6,Sensor Naples / Southwest Gulf Coast,160,YELLOW,YELLOW
1772041629195,A2D2-B2F6,FLT-B2F6-001,26.195322,-81.751291,22.5,9,0,Mini 3,true,drone_images/Mini 3_withpayload.png,26.195000,-81.755000,26.194500,-81.755300,apolloshield_dji,dji,,,2414500000,RADAR-A2D2-B2F6,Sensor Naples / Southwest Gulf Coast,160,YELLOW,YELLOW
1772041630164,A2D2-B2F6,FLT-B2F6-001,26.195322,-81.751291,22.5,9,0,Mini 3,true,drone_images/Mini 3_withpayload.png,26.195000,-81.755000,26.194500,-81.755300,apolloshield_dji,dji,,,2414500000,RADAR-A2D2-B2F6,Sensor Naples / Southwest Gulf Coast,160,YELLOW,YELLOW
1772041630991,A2D2-B2F6,FLT-B2F6-001,26.195322,-81.751291,22.5,9,0,Mini 3,true,drone_images/Mini 3_withpayload.png,26.195000,-81.755000,26.194500,-81.755300,apolloshield_dji,dji,,,2414500000,RADAR-A2D2-B2F6,Sensor Naples / Southwest Gulf Coast,160,YELLOW,YELLOW
1772041631847,A2D2-B2F6,FLT-B2F6-001,26.195322,-81.751291,22.5,9,0,Mini 3,true,drone_images/Mini 3_withpayload.png,26.195000,-81.755000,26.194500,-81.755300,apolloshield_dji,dji,,,2414500000,RADAR-A2D2-B2F6,Sensor Naples / Southwest Gulf Coast,160,YELLOW,YELLOW
1772041633090,A2D2-B2F6,FLT-B2F6-001,26.195322,-81.751291,22.5,9,0,Mini 3,true,drone_images/Mini 3_withpayload.png,26.195000,-81.755000,26.194500,-81.755300,apolloshield_dji,dji,,,2414500000,RADAR-A2D2-B2F6,Sensor Naples / Southwest Gulf Coast,160,YELLOW,YELLOW
1772041634039,A2D2-B2F6,FLT-B2F6-001,26.195322,-81.751291,22.5,9,0,Mini 3,true,drone_images/Mini 3_withpayload.png,26.195000,-81.755000,26.194500,-81.755300,apolloshield_dji,dji,,,2414500000,RADAR-A2D2-B2F6,Sensor Naples / Southwest Gulf Coast,160,YELLOW,YELLOW
1772041634949,A2D2-B2F6,FLT-B2F6-001,26.195322,-81.751291,22.5,9,0,Mini 3,true,drone_images/Mini 3_withpayload.png,26.195000,-81.755000,26.194500,-81.755300,apolloshield_dji,dji,,,2414500000,RADAR-A2D2-B2F6,Sensor Naples / Southwest Gulf Coast,160,YELLOW,YELLOW
1772041635799,A2D2-B2F6,FLT-B2F6-001,26.195322,-81.751291,22.5,9,0,Mini 3,true,drone_images/Mini 3_withpayload.png,26.195000,-81.755000,26.194500,-81.755300,apolloshield_dji,dji,,,2414500000,RADAR-A2D2-B2F6,Sensor Naples / Southwest Gulf Coast,160,YELLOW,YELLOW
1772041636908,A2D2-B2F6,FLT-B2F6-001,26.195322,-81.751291,22.5,9,0,Mini 3,true,drone_images/Mini 3_withpayload.png,26.195000,-81.755000,26.194500,-81.755300,apolloshield_dji,dji,,,2414500000,RADAR-A2D2-B2F6,Sensor Naples / Southwest Gulf Coast,160,YELLOW,YELLOW
1772041638491,A2D2-B2F6,FLT-B2F6-001,26.195322,-81.751296,22.5,1.6,0,Mini 3,true,drone_images/Mini 3_withpayload.png,26.195000,-81.755000,26.194500,-81.755300,apolloshield_dji,dji,,,2414500000,RADAR-A2D2-B2F6,Sensor Naples / Southwest Gulf Coast,160,YELLOW,YELLOW
1772041638855,A2D2-B2F6,FLT-B2F6-001,26.195322,-81.751296,22.5,1.6,0,Mini 3,true,drone_images/Mini 3_withpayload.png,26.195000,-81.755000,26.194500,-81.755300,apolloshield_dji,dji,,,2414500000,RADAR-A2D2-B2F6,Sensor Naples / Southwest Gulf Coast,160,YELLOW,YELLOW
1772041639767,A2D2-B2F6,FLT-B2F6-001,26.195322,-81.751296,22.5,1.6,0,Mini 3,true,drone_images/Mini 3_withpayload.png,26.195000,-81.755000,26.194500,-81.755300,apolloshield_dji,dji,,,2414500000,RADAR-A2D2-B2F6,Sensor Naples / Southwest Gulf Coast,160,YELLOW,YELLOW
1772041641384,A2D2-B2F6,FLT-B2F6-001,26.195322,-81.751296,22.5,1.6,0,Mini 3,true,drone_images/Mini 3_withpayload.png,26.195000,-81.755000,26.194500,-81.755300,apolloshield_dji,dji,,,2414500000,RADAR-A2D2-B2F6,Sensor Naples / Southwest Gulf Coast,160,YELLOW,YELLOW
1772041641765,A2D2-B2F6,FLT-B2F6-001,26.195322,-81.751296,22.5,1.6,0,Mini 3,true,drone_images/Mini 3_withpayload.png,26.195000,-81.755000,26.194500,-81.755300,apolloshield_dji,dji,,,2414500000,RADAR-A2D2-B2F6,Sensor Naples / Southwest Gulf Coast,160,YELLOW,YELLOW
1772041642851,A2D2-B2F6,FLT-B2F6-001,26.195322,-81.751296,22.5,1.6,0,Mini 3,true,drone_images/Mini 3_withpayload.png,26.195000,-81.755000,26.194500,-81.755300,apolloshield_dji,dji,,,2414500000,RADAR-A2D2-B2F6,Sensor Naples / Southwest Gulf Coast,160,YELLOW,YELLOW
1772041644098,A2D2-B2F6,FLT-B2F6-001,26.195322,-81.751296,22.5,1.6,0,Mini 3,true,drone_images/Mini 3_withpayload.png,26.195000,-81.755000,26.194500,-81.755300,apolloshield_dji,dji,,,2414500000,RADAR-A2D2-B2F6,Sensor Naples / Southwest Gulf Coast,160,YELLOW,YELLOW
1772041644875,A2D2-B2F6,FLT-B2F6-001,26.195322,-81.751296,22.5,1.6,0,Mini 3,true,drone_images/Mini 3_withpayload.png,26.195000,-81.755000,26.194500,-81.755300,apolloshield_dji,dji,,,2414500000,RADAR-A2D2-B2F6,Sensor Naples / Southwest Gulf Coast,160,YELLOW,YELLOW
1772041646197,A2D2-B2F6,FLT-B2F6-001,26.195322,-81.751296,22.5,1.6,0,Mini 3,true,drone_images/Mini 3_withpayload.png,26.195000,-81.755000,26.194500,-81.755300,apolloshield_dji,dji,,,2414500000,RADAR-A2D2-B2F6,Sensor Naples / Southwest Gulf Coast,160,YELLOW,YELLOW
1772041646720,A2D2-B2F6,FLT-B2F6-001,26.195322,-81.751296,22.5,1.6,0,Mini 3,true,drone_images/Mini 3_withpayload.png,26.195000,-81.755000,26.194500,-81.755300,apolloshield_dji,dji,,,2414500000,RADAR-A2D2-B2F6,Sensor Naples / Southwest Gulf Coast,160,YELLOW,YELLOW
1772041648292,A2D2-B2F6,FLT-B2F6-001,26.195322,-81.751296,22.5,1.6,0,Mini 3,true,drone_images/Mini 3_withpayload.png,26.195000,-81.755000,26.194500,-81.755300,apolloshield_dji,dji,,,2414500000,RADAR-A2D2-B2F6,Sensor Naples / Southwest Gulf Coast,160,YELLOW,YELLOW
1772041649341,A2D2-B2F6,FLT-B2F6-001,26.195322,-81.751296,22.5,1.6,0,Mini 3,true,drone_images/Mini 3_withpayload.png,26.195000,-81.755000,26.194500,-81.755300,apolloshield_dji,dji,,,2414500000,RADAR-A2D2-B2F6,Sensor Naples / Southwest Gulf Coast,160,YELLOW,YELLOW
1772041650086,A2D2-B2F6,FLT-B2F6-001,26.195322,-81.751296,22.5,1.6,0,Mini 3,true,drone_images/Mini 3_withpayload.png,26.195000,-81.755000,26.194500,-81.755300,apolloshield_dji,dji,,,2414500000,RADAR-A2D2-B2F6,Sensor Naples / Southwest Gulf Coast,160,YELLOW,YELLOW
1772041650915,A2D2-B2F6,FLT-B2F6-001,26.195356,-81.751864,22.4,9,0,Mini 3,true,drone_images/Mini 3_withpayload.png,26.195000,-81.755000,26.194500,-81.755300,apolloshield_dji,dji,,,2414500000,RADAR-A2D2-B2F6,Sensor Naples / Southwest Gulf Coast,160,YELLOW,YELLOW
1772041652161,A2D2-B2F6,FLT-B2F6-001,26.195356,-81.751864,22.4,9,0,Mini 3,true,drone_images/Mini 3_withpayload.png,26.195000,-81.755000,26.194500,-81.755300,apolloshield_dji,dji,,,2414500000,RADAR-A2D2-B2F6,Sensor Naples / Southwest Gulf Coast,160,YELLOW,YELLOW
1772041653619,A2D2-B2F6,FLT-B2F6-001,26.195356,-81.751864,22.4,9,0,Mini 3,true,drone_images/Mini 3_withpayload.png,26.195000,-81.755000,26.194500,-81.755300,apolloshield_dji,dji,,,2414500000,RADAR-A2D2-B2F6,Sensor Naples / Southwest Gulf Coast,160,YELLOW,YELLOW
1772041654859,A2D2-B2F6,FLT-B2F6-001,26.195356,-81.751864,22.4,9,0,Mini 3,true,drone_images/Mini 3_withpayload.png,26.195000,-81.755000,26.194500,-81.755300,apolloshield_dji,dji,,,2414500000,RADAR-A2D2-B2F6,Sensor Naples / Southwest Gulf Coast,160,YELLOW,YELLOW
1772041654980,A2D2-B2F6,FLT-B2F6-001,26.195356,-81.751864,22.4,9,0,Mini 3,true,drone_images/Mini 3_withpayload.png,26.195000,-81.755000,26.194500,-81.755300,apolloshield_dji,dji,,,2414500000,RADAR-A2D2-B2F6,Sensor Naples / Southwest Gulf Coast,160,YELLOW,YELLOW
1772041655855,A2D2-B2F6,FLT-B2F6-001,26.195356,-81.751864,22.4,9,0,Mini 3,true,drone_images/Mini 3_withpayload.png,26.195000,-81.755000,26.194500,-81.755300,apolloshield_dji,dji,,,2414500000,RADAR-A2D2-B2F6,Sensor Naples / Southwest Gulf Coast,160,YELLOW,YELLOW
1772041656985,A2D2-B2F6,FLT-B2F6-001,26.195356,-81.751864,22.4,9,0,Mini 3,true,drone_images/Mini 3_withpayload.png,26.195000,-81.755000,26.194500,-81.755300,apolloshield_dji,dji,,,2414500000,RADAR-A2D2-B2F6,Sensor Naples / Southwest Gulf Coast,160,YELLOW,YELLOW
1772041658144,A2D2-B2F6,FLT-B2F6-001,26.195356,-81.751864,22.4,9,0,Mini 3,true,drone_images/Mini 3_withpayload.png,26.195000,-81.755000,26.194500,-81.755300,apolloshield_dji,dji,,,2414500000,RADAR-A2D2-B2F6,Sensor Naples / Southwest Gulf Coast,160,YELLOW,YELLOW
1772041659012,A2D2-B2F6,FLT-B2F6-001,26.195356,-81.751864,22.4,9,0,Mini 3,true,drone_images/Mini 3_withpayload.png,26.195000,-81.755000,26.194500,-81.755300,apolloshield_dji,dji,,,2414500000,RADAR-A2D2-B2F6,Sensor Naples / Southwest Gulf Coast,160,YELLOW,YELLOW
1772041660908,A2D2-B2F6,FLT-B2F6-001,26.195356,-81.751864,22.4,9,0,Mini 3,true,drone_images/Mini 3_withpayload.png,26.195000,-81.755000,26.194500,-81.755300,apolloshield_dji,dji,,,2414500000,RADAR-A2D2-B2F6,Sensor Naples / Southwest Gulf Coast,160,YELLOW,YELLOW
1772041661182,A2D2-B2F6,FLT-B2F6-001,26.195356,-81.751864,22.4,9,0,Mini 3,true,drone_images/Mini 3_withpayload.png,26.195000,-81.755000,26.194500,-81.755300,apolloshield_dji,dji,,,2414500000,RADAR-A2D2-B2F6,Sensor Naples / Southwest Gulf Coast,160,YELLOW,YELLOW
1772041662145,A2D2-B2F6,FLT-B2F6-001,26.195356,-81.751864,22.4,9,0,Mini 3,true,drone_images/Mini 3_withpayload.png,26.195000,-81.755000,26.194500,-81.755300,apolloshield_dji,dji,,,2414500000,RADAR-A2D2-B2F6,Sensor Naples / Southwest Gulf Coast,160,YELLOW,YELLOW
1772041663058,A2D2-B2F6,FLT-B2F6-001,26.195356,-81.751864,22.4,9,0,Mini 3,true,drone_images/Mini 3_withpayload.png,26.195000,-81.755000,26.194500,-81.755300,apolloshield_dji,dji,,,2414500000,RADAR-A2D2-B2F6,Sensor Naples / Southwest Gulf Coast,160,YELLOW,YELLOW
1772041664020,A2D2-B2F6,FLT-B2F6-001,26.195356,-81.751864,22.4,9,0,Mini 3,true,drone_images/Mini 3_withpayload.png,26.195000,-81.755000,26.194500,-81.755300,apolloshield_dji,dji,,,2414500000,RADAR-A2D2-B2F6,Sensor Naples / Southwest Gulf Coast,160,YELLOW,YELLOW
1772041664845,A2D2-B2F6,FLT-B2F6-001,26.195356,-81.751864,22.4,9,0,Mini 3,true,drone_images/Mini 3_withpayload.png,26.195000,-81.755000,26.194500,-81.755300,apolloshield_dji,dji,,,2414500000,RADAR-A2D2-B2F6,Sensor Naples / Southwest Gulf Coast,160,YELLOW,YELLOW
1772041665815,A2D2-B2F6,FLT-B2F6-001,26.195356,-81.751864,22.4,9,0,Mini 3,true,drone_images/Mini 3_withpayload.png,26.195000,-81.755000,26.194500,-81.755300,apolloshield_dji,dji,,,2414500000,RADAR-A2D2-B2F6,Sensor Naples / Southwest Gulf Coast,160,YELLOW,YELLOW
1772041666947,A2D2-B2F6,FLT-B2F6-001,26.195356,-81.751864,22.4,9,0,Mini 3,true,drone_images/Mini 3_withpayload.png,26.195000,-81.755000,26.194500,-81.755300,apolloshield_dji,dji,,,2414500000,RADAR-A2D2-B2F6,Sensor Naples / Southwest Gulf Coast,160,YELLOW,YELLOW
1772041667972,A2D2-B2F6,FLT-B2F6-001,26.195356,-81.751864,22.4,9,0,Mini 3,true,drone_images/Mini 3_withpayload.png,26.195000,-81.755000,26.194500,-81.755300,apolloshield_dji,dji,,,2414500000,RADAR-A2D2-B2F6,Sensor Naples / Southwest Gulf Coast,160,YELLOW,YELLOW
1772041669264,A2D2-B2F6,FLT-B2F6-001,26.195356,-81.751864,22.4,9,0,Mini 3,true,drone_images/Mini 3_withpayload.png,26.195000,-81.755000,26.194500,-81.755300,apolloshield_dji,dji,,,2414500000,RADAR-A2D2-B2F6,Sensor Naples / Southwest Gulf Coast,160,YELLOW,YELLOW
1772041670836,A2D2-B2F6,FLT-B2F6-001,26.195356,-81.751864,22.4,9,0,Mini 3,true,drone_images/Mini 3_withpayload.png,26.195000,-81.755000,26.194500,-81.755300,apolloshield_dji,dji,,,2414500000,RADAR-A2D2-B2F6,Sensor Naples / Southwest Gulf Coast,160,YELLOW,YELLOW
1772041671024,A2D2-B2F6,FLT-B2F6-001,26.195356,-81.751864,22.4,9,0,Mini 3,true,drone_images/Mini 3_withpayload.png,26.195000,-81.755000,26.194500,-81.755300,apolloshield_dji,dji,,,2414500000,RADAR-A2D2-B2F6,Sensor Naples / Southwest Gulf Coast,160,YELLOW,YELLOW
1772041671990,A2D2-B2F6,FLT-B2F6-001,26.195356,-81.751864,22.4,9,0,Mini 3,true,drone_images/Mini 3_withpayload.png,26.195000,-81.755000,26.194500,-81.755300,apolloshield_dji,dji,,,2414500000,RADAR-A2D2-B2F6,Sensor Naples / Southwest Gulf Coast,160,YELLOW,YELLOW
1772041673056,A2D2-B2F6,FLT-B2F6-001,26.195356,-81.751864,22.4,9,0,Mini 3,true,drone_images/Mini 3_withpayload.png,26.195000,-81.755000,26.194500,-81.755300,apolloshield_dji,dji,,,2414500000,RADAR-A2D2-B2F6,Sensor Naples / Southwest Gulf Coast,160,YELLOW,YELLOW
1772041673838,A2D2-B2F6,FLT-B2F6-001,26.195356,-81.751864,22.4,9,0,Mini 3,true,drone_images/Mini 3_withpayload.png,26.195000,-81.755000,26.194500,-81.755300,apolloshield_dji,dji,,,2414500000,RADAR-A2D2-B2F6,Sensor Naples / Southwest Gulf Coast,160,YELLOW,YELLOW
1772041675228,A2D2-B2F6,FLT-B2F6-001,26.195356,-81.751864,22.4,9,0,Mini 3,true,drone_images/Mini 3_withpayload.png,26.195000,-81.755000,26.194500,-81.755300,apolloshield_dji,dji,,,2414500000,RADAR-A2D2-B2F6,Sensor Naples / Southwest Gulf Coast,160,YELLOW,YELLOW
1772041675836,A2D2-B2F6,FLT-B2F6-001,26.195350,-81.751806,22.4,9,0,Mini 3,true,drone_images/Mini 3_withpayload.png,26.195000,-81.755000,26.194500,-81.755300,apolloshield_dji,dji,,,2414500000,RADAR-A2D2-B2F6,Sensor Naples / Southwest Gulf Coast,160,YELLOW,YELLOW
1772041677651,A2D2-B2F6,FLT-B2F6-001,26.195350,-81.751806,22.4,9,0,Mini 3,true,drone_images/Mini 3_withpayload.png,26.195000,-81.755000,26.194500,-81.755300,apolloshield_dji,dji,,,2414500000,RADAR-A2D2-B2F6,Sensor Naples / Southwest Gulf Coast,160,YELLOW,YELLOW
1772041678046,A2D2-B2F6,FLT-B2F6-001,26.195350,-81.751806,22.4,9,0,Mini 3,true,drone_images/Mini 3_withpayload.png,26.195000,-81.755000,26.194500,-81.755300,apolloshield_dji,dji,,,2414500000,RADAR-A2D2-B2F6,Sensor Naples / Southwest Gulf Coast,160,YELLOW,YELLOW
1772041678831,A2D2-B2F6,FLT-B2F6-001,26.195350,-81.751806,22.4,9,0,Mini 3,true,drone_images/Mini 3_withpayload.png,26.195000,-81.755000,26.194500,-81.755300,apolloshield_dji,dji,,,2414500000,RADAR-A2D2-B2F6,Sensor Naples / Southwest Gulf Coast,160,YELLOW,YELLOW
1772041680407,A2D2-B2F6,FLT-B2F6-001,26.195350,-81.751806,22.4,9,0,Mini 3,true,drone_images/Mini 3_withpayload.png,26.195000,-81.755000,26.194500,-81.755300,apolloshield_dji,dji,,,2414500000,RADAR-A2D2-B2F6,Sensor Naples / Southwest Gulf Coast,160,YELLOW,YELLOW
1772041681390,A2D2-B2F6,FLT-B2F6-001,26.195350,-81.751806,22.4,9,0,Mini 3,true,drone_images/Mini 3_withpayload.png,26.195000,-81.755000,26.194500,-81.755300,apolloshield_dji,dji,,,2414500000,RADAR-A2D2-B2F6,Sensor Naples / Southwest Gulf Coast,160,YELLOW,YELLOW
1772041681979,A2D2-B2F6,FLT-B2F6-001,26.195350,-81.751806,22.4,9,0,Mini 3,true,drone_images/Mini 3_withpayload.png,26.195000,-81.755000,26.194500,-81.755300,apolloshield_dji,dji,,,2414500000,RADAR-A2D2-B2F6,Sensor Naples / Southwest Gulf Coast,160,YELLOW,YELLOW
1772041683416,A2D2-B2F6,FLT-B2F6-001,26.195350,-81.751806,22.4,9,0,Mini 3,true,drone_images/Mini 3_withpayload.png,26.195000,-81.755000,26.194500,-81.755300,apolloshield_dji,dji,,,2414500000,RADAR-A2D2-B2F6,Sensor Naples / Southwest Gulf Coast,160,YELLOW,YELLOW
1772041683985,A2D2-B2F6,FLT-B2F6-001,26.195350,-81.751806,22.4,9,0,Mini 3,true,drone_images/Mini 3_withpayload.png,26.195000,-81.755000,26.194500,-81.755300,apolloshield_dji,dji,,,2414500000,RADAR-A2D2-B2F6,Sensor Naples / Southwest Gulf Coast,160,YELLOW,YELLOW
1772041685006,A2D2-B2F6,FLT-B2F6-001,26.195350,-81.751806,22.4,9,0,Mini 3,true,drone_images/Mini 3_withpayload.png,26.195000,-81.755000,26.194500,-81.755300,apolloshield_dji,dji,,,2414500000,RADAR-A2D2-B2F6,Sensor Naples / Southwest Gulf Coast,160,YELLOW,YELLOW
1772041685657,A2D2-B2F6,FLT-B2F6-001,26.195350,-81.751806,22.4,9,0,Mini 3,true,drone_images/Mini 3_withpayload.png,26.195000,-81.755000,26.194500,-81.755300,apolloshield_dji,dji,,,2414500000,RADAR-A2D2-B2F6,Sensor Naples / Southwest Gulf Coast,160,YELLOW,YELLOW
1772041687007,A2D2-B2F6,FLT-B2F6-001,26.195350,-81.751806,22.4,9,0,Mini 3,true,drone_images/Mini 3_withpayload.png,26.195000,-81.755000,26.194500,-81.755300,apolloshield_dji,dji,,,2414500000,RADAR-A2D2-B2F6,Sensor Naples / Southwest Gulf Coast,160,YELLOW,YELLOW
1772041687991,A2D2-B2F6,FLT-B2F6-001,26.195350,-81.751806,22.4,9,0,Mini 3,true,drone_images/Mini 3_withpayload.png,26.195000,-81.755000,26.194500,-81.755300,apolloshield_dji,dji,,,2414500000,RADAR-A2D2-B2F6,Sensor Naples / Southwest Gulf Coast,160,YELLOW,YELLOW
1772041688723,A2D2-B2F6,FLT-B2F6-001,26.195350,-81.751806,22.4,9,0,Mini 3,true,drone_images/Mini 3_withpayload.png,26.195000,-81.755000,26.194500,-81.755300,apolloshield_dji,dji,,,2414500000,RADAR-A2D2-B2F6,Sensor Naples / Southwest Gulf Coast,160,YELLOW,YELLOW
1772041689712,A2D2-B2F6,FLT-B2F6-001,26.195350,-81.751806,22.4,9,0,Mini 3,true,drone_images/Mini 3_withpayload.png,26.195000,-81.755000,26.194500,-81.755300,apolloshield_dji,dji,,,2414500000,RADAR-A2D2-B2F6,Sensor Naples / Southwest Gulf Coast,160,YELLOW,YELLOW
1772041690759,A2D2-B2F6,FLT-B2F6-001,26.195350,-81.751806,22.4,9,0,Mini 3,true,drone_images/Mini 3_withpayload.png,26.195000,-81.755000,26.194500,-81.755300,apolloshield_dji,dji,,,2414500000,RADAR-A2D2-B2F6,Sensor Naples / Southwest Gulf Coast,160,YELLOW,YELLOW
1772041691807,A2D2-B2F6,FLT-B2F6-001,26.195350,-81.751806,22.4,9,0,Mini 3,true,drone_images/Mini 3_withpayload.png,26.195000,-81.755000,26.194500,-81.755300,apolloshield_dji,dji,,,2414500000,RADAR-A2D2-B2F6,Sensor Naples / Southwest Gulf Coast,160,YELLOW,YELLOW
1772041693074,A2D2-B2F6,FLT-B2F6-001,26.195350,-81.751806,22.4,9,0,Mini 3,true,drone_images/Mini 3_withpayload.png,26.195000,-81.755000,26.194500,-81.755300,apolloshield_dji,dji,,,2414500000,RADAR-A2D2-B2F6,Sensor Naples / Southwest Gulf Coast,160,YELLOW,YELLOW
1772041693915,A2D2-B2F6,FLT-B2F6-001,26.195345,-81.751359,22.4,0.5,0,Mini 3,true,drone_images/Mini 3_withpayload.png,26.195000,-81.755000,26.194500,-81.755300,apolloshield_dji,dji,,,2414500000,RADAR-A2D2-B2F6,Sensor Naples / Southwest Gulf Coast,160,YELLOW,YELLOW
1772041695205,A2D2-B2F6,FLT-B2F6-001,26.195345,-81.751359,22.4,0.5,0,Mini 3,true,drone_images/Mini 3_withpayload.png,26.195000,-81.755000,26.194500,-81.755300,apolloshield_dji,dji,,,2414500000,RADAR-A2D2-B2F6,Sensor Naples / Southwest Gulf Coast,160,YELLOW,YELLOW
1772041695838,A2D2-B2F6,FLT-B2F6-001,26.195345,-81.751359,22.4,0.5,0,Mini 3,true,drone_images/Mini 3_withpayload.png,26.195000,-81.755000,26.194500,-81.755300,apolloshield_dji,dji,,,2414500000,RADAR-A2D2-B2F6,Sensor Naples / Southwest Gulf Coast,160,YELLOW,YELLOW
1772041697049,A2D2-B2F6,FLT-B2F6-001,26.195345,-81.751359,22.4,0.5,0,Mini 3,true,drone_images/Mini 3_withpayload.png,26.195000,-81.755000,26.194500,-81.755300,apolloshield_dji,dji,,,2414500000,RADAR-A2D2-B2F6,Sensor Naples / Southwest Gulf Coast,160,YELLOW,YELLOW
1772041698099,A2D2-B2F6,FLT-B2F6-001,26.195345,-81.751359,22.4,0.5,0,Mini 3,true,drone_images/Mini 3_withpayload.png,26.195000,-81.755000,26.194500,-81.755300,apolloshield_dji,dji,,,2414500000,RADAR-A2D2-B2F6,Sensor Naples / Southwest Gulf Coast,160,YELLOW,YELLOW
1772041698685,A2D2-B2F6,FLT-B2F6-001,26.195345,-81.751359,22.4,0.5,0,Mini 3,true,drone_images/Mini 3_withpayload.png,26.195000,-81.755000,26.194500,-81.755300,apolloshield_dji,dji,,,2414500000,RADAR-A2D2-B2F6,Sensor Naples / Southwest Gulf Coast,160,YELLOW,YELLOW
1772041699779,A2D2-B2F6,FLT-B2F6-001,26.195345,-81.751359,22.4,0.5,0,Mini 3,true,drone_images/Mini 3_withpayload.png,26.195000,-81.755000,26.194500,-81.755300,apolloshield_dji,dji,,,2414500000,RADAR-A2D2-B2F6,Sensor Naples / Southwest Gulf Coast,160,YELLOW,YELLOW
1772041700719,A2D2-B2F6,FLT-B2F6-001,26.195345,-81.751359,22.4,0.5,0,Mini 3,true,drone_images/Mini 3_withpayload.png,26.195000,-81.755000,26.194500,-81.755300,apolloshield_dji,dji,,,2414500000,RADAR-A2D2-B2F6,Sensor Naples / Southwest Gulf Coast,160,YELLOW,YELLOW
1772041701890,A2D2-B2F6,FLT-B2F6-001,26.195345,-81.751359,22.4,0.5,0,Mini 3,true,drone_images/Mini 3_withpayload.png,26.195000,-81.755000,26.194500,-81.755300,apolloshield_dji,dji,,,2414500000,RADAR-A2D2-B2F6,Sensor Naples / Southwest Gulf Coast,160,YELLOW,YELLOW
1772041702946,A2D2-B2F6,FLT-B2F6-001,26.195345,-81.751359,22.4,0.5,0,Mini 3,true,drone_images/Mini 3_withpayload.png,26.195000,-81.755000,26.194500,-81.755300,apolloshield_dji,dji,,,2414500000,RADAR-A2D2-B2F6,Sensor Naples / Southwest Gulf Coast,160,YELLOW,YELLOW
1772041704047,A2D2-B2F6,FLT-B2F6-001,26.195345,-81.751359,22.4,0.5,0,Mini 3,true,drone_images/Mini 3_withpayload.png,26.195000,-81.755000,26.194500,-81.755300,apolloshield_dji,dji,,,2414500000,RADAR-A2D2-B2F6,Sensor Naples / Southwest Gulf Coast,160,YELLOW,YELLOW
1772041704915,A2D2-B2F6,FLT-B2F6-001,26.195345,-81.751359,22.4,0.5,0,Mini 3,true,drone_images/Mini 3_withpayload.png,26.195000,-81.755000,26.194500,-81.755300,apolloshield_dji,dji,,,2414500000,RADAR-A2D2-B2F6,Sensor Naples / Southwest Gulf Coast,160,YELLOW,YELLOW
1772041705721,A2D2-B2F6,FLT-B2F6-001,26.195345,-81.751359,22.4,0.5,0,Mini 3,true,drone_images/Mini 3_withpayload.png,26.195000,-81.755000,26.194500,-81.755300,apolloshield_dji,dji,,,2414500000,RADAR-A2D2-B2F6,Sensor Naples / Southwest Gulf Coast,160,YELLOW,YELLOW
1772041706766,A2D2-B2F6,FLT-B2F6-001,26.195345,-81.751359,22.4,0.5,0,Mini 3,true,drone_images/Mini 3_withpayload.png,26.195000,-81.755000,26.194500,-81.755300,apolloshield_dji,dji,,,2414500000,RADAR-A2D2-B2F6,Sensor Naples / Southwest Gulf Coast,160,YELLOW,YELLOW
1772041707807,A2D2-B2F6,FLT-B2F6-001,26.195345,-81.751359,22.4,0.5,0,Mini 3,true,drone_images/Mini 3_withpayload.png,26.195000,-81.755000,26.194500,-81.755300,apolloshield_dji,dji,,,2414500000,RADAR-A2D2-B2F6,Sensor Naples / Southwest Gulf Coast,160,YELLOW,YELLOW
1772041709113,A2D2-B2F6,FLT-B2F6-001,26.195345,-81.751359,22.4,0.5,0,Mini 3,true,drone_images/Mini 3_withpayload.png,26.195000,-81.755000,26.194500,-81.755300,apolloshield_dji,dji,,,2414500000,RADAR-A2D2-B2F6,Sensor Naples / Southwest Gulf Coast,160,YELLOW,YELLOW
1772041709657,A2D2-B2F6,FLT-B2F6-001,26.195345,-81.751359,22.4,0.5,0,Mini 3,true,drone_images/Mini 3_withpayload.png,26.195000,-81.755000,26.194500,-81.755300,apolloshield_dji,dji,,,2414500000,RADAR-A2D2-B2F6,Sensor Naples / Southwest Gulf Coast,160,YELLOW,YELLOW
1772041710687,A2D2-B2F6,FLT-B2F6-001,26.195345,-81.751359,22.4,0.5,0,Mini 3,true,drone_images/Mini 3_withpayload.png,26.195000,-81.755000,26.194500,-81.755300,apolloshield_dji,dji,,,2414500000,RADAR-A2D2-B2F6,Sensor Naples / Southwest Gulf Coast,160,YELLOW,YELLOW
1772041711729,A2D2-B2F6,FLT-B2F6-001,26.195345,-81.751359,22.4,0.5,0,Mini 3,true,drone_images/Mini 3_withpayload.png,26.195000,-81.755000,26.194500,-81.755300,apolloshield_dji,dji,,,2414500000,RADAR-A2D2-B2F6,Sensor Naples / Southwest Gulf Coast,160,YELLOW,YELLOW
1772041713302,A2D2-B2F6,FLT-B2F6-001,26.195345,-81.751359,22.4,0.5,0,Mini 3,true,drone_images/Mini 3_withpayload.png,26.195000,-81.755000,26.194500,-81.755300,apolloshield_dji,dji,,,2414500000,RADAR-A2D2-B2F6,Sensor Naples / Southwest Gulf Coast,160,YELLOW,YELLOW
1772041713617,A2D2-B2F6,FLT-B2F6-001,26.195345,-81.751359,22.4,0.5,0,Mini 3,true,drone_images/Mini 3_withpayload.png,26.195000,-81.755000,26.194500,-81.755300,apolloshield_dji,dji,,,2414500000,RADAR-A2D2-B2F6,Sensor Naples / Southwest Gulf Coast,160,YELLOW,YELLOW
1772041715061,A2D2-B2F6,FLT-B2F6-001,26.195345,-81.751359,22.4,0.5,0,Mini 3,true,drone_images/Mini 3_withpayload.png,26.195000,-81.755000,26.194500,-81.755300,apolloshield_dji,dji,,,2414500000,RADAR-A2D2-B2F6,Sensor Naples / Southwest Gulf Coast,160,YELLOW,YELLOW
1772041715713,A2D2-B2F6,FLT-B2F6-001,26.195345,-81.751359,22.4,0.5,0,Mini 3,true,drone_images/Mini 3_withpayload.png,26.195000,-81.755000,26.194500,-81.755300,apolloshield_dji,dji,,,2414500000,RADAR-A2D2-B2F6,Sensor Naples / Southwest Gulf Coast,160,YELLOW,YELLOW
1772041716863,A2D2-B2F6,FLT-B2F6-001,26.195345,-81.751359,22.4,0.5,0,Mini 3,true,drone_images/Mini 3_withpayload.png,26.195000,-81.755000,26.194500,-81.755300,apolloshield_dji,dji,,,2414500000,RADAR-A2D2-B2F6,Sensor Naples / Southwest Gulf Coast,160,YELLOW,YELLOW
1772041717791,A2D2-B2F6,FLT-B2F6-001,26.195345,-81.751359,22.4,0.5,0,Mini 3,true,drone_images/Mini 3_withpayload.png,26.195000,-81.755000,26.194500,-81.755300,apolloshield_dji,dji,,,2414500000,RADAR-A2D2-B2F6,Sensor Naples / Southwest Gulf Coast,160,YELLOW,YELLOW
1772041718956,A2D2-B2F6,FLT-B2F6-001,26.195345,-81.751359,22.4,0.5,0,Mini 3,true,drone_images/Mini 3_withpayload.png,26.195000,-81.755000,26.194500,-81.755300,apolloshield_dji,dji,,,2414500000,RADAR-A2D2-B2F6,Sensor Naples / Southwest Gulf Coast,160,YELLOW,YELLOW
1772041719887,A2D2-B2F6,FLT-B2F6-001,26.195345,-81.751359,22.4,0.5,0,Mini 3,true,drone_images/Mini 3_withpayload.png,26.195000,-81.755000,26.194500,-81.755300,apolloshield_dji,dji,,,2414500000,RADAR-A2D2-B2F6,Sensor Naples / Southwest Gulf Coast,160,YELLOW,YELLOW
1772041721378,A2D2-B2F6,FLT-B2F6-001,26.195345,-81.751359,22.4,0.5,0,Mini 3,true,drone_images/Mini 3_withpayload.png,26.195000,-81.755000,26.194500,-81.755300,apolloshield_dji,dji,,,2414500000,RADAR-A2D2-B2F6,Sensor Naples / Southwest Gulf Coast,160,YELLOW,YELLOW
1772041721844,A2D2-B2F6,FLT-B2F6-001,26.195345,-81.751359,22.4,0.5,0,Mini 3,true,drone_images/Mini 3_withpayload.png,26.195000,-81.755000,26.194500,-81.755300,apolloshield_dji,dji,,,2414500000,RADAR-A2D2-B2F6,Sensor Naples / Southwest Gulf Coast,160,YELLOW,YELLOW
1772041722738,A2D2-B2F6,FLT-B2F6-001,26.195345,-81.751359,22.4,0.5,0,Mini 3,true,drone_images/Mini 3_withpayload.png,26.195000,-81.755000,26.194500,-81.755300,apolloshield_dji,dji,,,2414500000,RADAR-A2D2-B2F6,Sensor Naples / Southwest Gulf Coast,160,YELLOW,YELLOW
1772041723584,A2D2-B2F6,FLT-B2F6-001,26.195345,-81.751359,22.4,0.5,0,Mini 3,true,drone_images/Mini 3_withpayload.png,26.195000,-81.755000,26.194500,-81.755300,apolloshield_dji,dji,,,2414500000,RADAR-A2D2-B2F6,Sensor Naples / Southwest Gulf Coast,160,YELLOW,YELLOW
1772041724667,A2D2-B2F6,FLT-B2F6-001,26.195345,-81.751359,22.4,0.5,0,Mini 3,true,drone_images/Mini 3_withpayload.png,26.195000,-81.755000,26.194500,-81.755300,apolloshield_dji,dji,,,2414500000,RADAR-A2D2-B2F6,Sensor Naples / Southwest Gulf Coast,160,YELLOW,YELLOW
1772041725929,A2D2-B2F6,FLT-B2F6-001,26.195345,-81.751359,22.4,0.5,0,Mini 3,true,drone_images/Mini 3_withpayload.png,26.195000,-81.755000,26.194500,-81.755300,apolloshield_dji,dji,,,2414500000,RADAR-A2D2-B2F6,Sensor Naples / Southwest Gulf Coast,160,YELLOW,YELLOW
1772041726933,A2D2-B2F6,FLT-B2F6-001,26.195345,-81.751359,22.4,0.5,0,Mini 3,true,drone_images/Mini 3_withpayload.png,26.195000,-81.755000,26.194500,-81.755300,apolloshield_dji,dji,,,2414500000,RADAR-A2D2-B2F6,Sensor Naples / Southwest Gulf Coast,160,YELLOW,YELLOW
1772041727715,A2D2-B2F6,FLT-B2F6-001,26.195345,-81.751359,22.4,0.5,0,Mini 3,true,drone_images/Mini 3_withpayload.png,26.195000,-81.755000,26.194500,-81.755300,apolloshield_dji,dji,,,2414500000,RADAR-A2D2-B2F6,Sensor Naples / Southwest Gulf Coast,160,YELLOW,YELLOW
1772041728922,A2D2-B2F6,FLT-B2F6-001,26.195345,-81.751359,22.4,0.5,0,Mini 3,true,drone_images/Mini 3_withpayload.png,26.195000,-81.755000,26.194500,-81.755300,apolloshield_dji,dji,,,2414500000,RADAR-A2D2-B2F6,Sensor Naples / Southwest Gulf Coast,160,YELLOW,YELLOW
1772041729827,A2D2-B2F6,FLT-B2F6-001,26.195345,-81.751359,22.4,0.5,0,Mini 3,true,drone_images/Mini 3_withpayload.png,26.195000,-81.755000,26.194500,-81.755300,apolloshield_dji,dji,,,2414500000,RADAR-A2D2-B2F6,Sensor Naples / Southwest Gulf Coast,160,YELLOW,YELLOW
1772041730925,A2D2-B2F6,FLT-B2F6-001,26.195345,-81.751359,22.4,0.5,0,Mini 3,true,drone_images/Mini 3_withpayload.png,26.195000,-81.755000,26.194500,-81.755300,apolloshield_dji,dji,,,2414500000,RADAR-A2D2-B2F6,Sensor Naples / Southwest Gulf Coast,160,YELLOW,YELLOW
1772041731905,A2D2-B2F6,FLT-B2F6-001,26.195345,-81.751359,22.4,0.5,0,Mini 3,true,drone_images/Mini 3_withpayload.png,26.195000,-81.755000,26.194500,-81.755300,apolloshield_dji,dji,,,2414500000,RADAR-A2D2-B2F6,Sensor Naples / Southwest Gulf Coast,160,YELLOW,YELLOW
1772041732881,A2D2-B2F6,FLT-B2F6-001,26.195345,-81.751359,22.4,0.5,0,Mini 3,true,drone_images/Mini 3_withpayload.png,26.195000,-81.755000,26.194500,-81.755300,apolloshield_dji,dji,,,2414500000,RADAR-A2D2-B2F6,Sensor Naples / Southwest Gulf Coast,160,YELLOW,YELLOW
1772041734272,A2D2-B2F6,FLT-B2F6-001,26.195345,-81.751359,22.4,0.5,0,Mini 3,true,drone_images/Mini 3_withpayload.png,26.195000,-81.755000,26.194500,-81.755300,apolloshield_dji,dji,,,2414500000,RADAR-A2D2-B2F6,Sensor Naples / Southwest Gulf Coast,160,YELLOW,YELLOW
1772041734914,A2D2-B2F6,FLT-B2F6-001,26.195345,-81.751359,22.4,0.5,0,Mini 3,true,drone_images/Mini 3_withpayload.png,26.195000,-81.755000,26.194500,-81.755300,apolloshield_dji,dji,,,2414500000,RADAR-A2D2-B2F6,Sensor Naples / Southwest Gulf Coast,160,YELLOW,YELLOW
1772041735848,A2D2-B2F6,FLT-B2F6-001,26.195345,-81.751359,22.4,0.5,0,Mini 3,true,drone_images/Mini 3_withpayload.png,26.195000,-81.755000,26.194500,-81.755300,apolloshield_dji,dji,,,2414500000,RADAR-A2D2-B2F6,Sensor Naples / Southwest Gulf Coast,160,YELLOW,YELLOW
1772041736710,A2D2-B2F6,FLT-B2F6-001,26.195345,-81.751359,22.4,0.5,0,Mini 3,true,drone_images/Mini 3_withpayload.png,26.195000,-81.755000,26.194500,-81.755300,apolloshield_dji,dji,,,2414500000,RADAR-A2D2-B2F6,Sensor Naples / Southwest Gulf Coast,160,YELLOW,YELLOW
1772041737942,A2D2-B2F6,FLT-B2F6-001,26.195345,-81.751359,22.4,0.5,0,Mini 3,true,drone_images/Mini 3_withpayload.png,26.195000,-81.755000,26.194500,-81.755300,apolloshield_dji,dji,,,2414500000,RADAR-A2D2-B2F6,Sensor Naples / Southwest Gulf Coast,160,YELLOW,YELLOW
1772041780947,A2D2-B2F6,FLT-B2F6-001,26.195350,-81.751377,26.9,0.8,0,Mini 3,true,drone_images/Mini 3_withpayload.png,26.195000,-81.755000,26.194500,-81.755300,apolloshield_dji,dji,,,2414500000,RADAR-A2D2-B2F6,Sensor Naples / Southwest Gulf Coast,160,YELLOW,YELLOW
1772041782065,A2D2-B2F6,FLT-B2F6-001,26.195345,-81.751377,27.1,1.3,0,Mini 3,true,drone_images/Mini 3_withpayload.png,26.195000,-81.755000,26.194500,-81.755300,apolloshield_dji,dji,,,2414500000,RADAR-A2D2-B2F6,Sensor Naples / Southwest Gulf Coast,160,YELLOW,YELLOW
1772041783462,A2D2-B2F6,FLT-B2F6-001,26.195345,-81.751377,27.1,1.3,0,Mini 3,true,drone_images/Mini 3_withpayload.png,26.195000,-81.755000,26.194500,-81.755300,apolloshield_dji,dji,,,2414500000,RADAR-A2D2-B2F6,Sensor Naples / Southwest Gulf Coast,160,YELLOW,YELLOW
1772041784882,A2D2-B2F6,FLT-B2F6-001,26.195345,-81.751377,27.1,1.3,0,Mini 3,true,drone_images/Mini 3_withpayload.png,26.195000,-81.755000,26.194500,-81.755300,apolloshield_dji,dji,,,2414500000,RADAR-A2D2-B2F6,Sensor Naples / Southwest Gulf Coast,160,YELLOW,YELLOW
1772041786024,A2D2-B2F6,FLT-B2F6-001,26.195345,-81.751377,27.1,1.3,0,Mini 3,true,drone_images/Mini 3_withpayload.png,26.195000,-81.755000,26.194500,-81.755300,apolloshield_dji,dji,,,2414500000,RADAR-A2D2-B2F6,Sensor Naples / Southwest Gulf Coast,160,YELLOW,YELLOW
1772041787255,A2D2-B2F6,FLT-B2F6-001,26.195345,-81.751377,27.1,1.3,0,Mini 3,true,drone_images/Mini 3_withpayload.png,26.195000,-81.755000,26.194500,-81.755300,apolloshield_dji,dji,,,2414500000,RADAR-A2D2-B2F6,Sensor Naples / Southwest Gulf Coast,160,YELLOW,YELLOW
1772041788280,A2D2-B2F6,FLT-B2F6-001,26.195345,-81.751377,27.1,1.3,0,Mini 3,true,drone_images/Mini 3_withpayload.png,26.195000,-81.755000,26.194500,-81.755300,apolloshield_dji,dji,,,2414500000,RADAR-A2D2-B2F6,Sensor Naples / Southwest Gulf Coast,160,YELLOW,YELLOW
1772041789052,A2D2-B2F6,FLT-B2F6-001,26.195345,-81.751377,27.1,1.3,0,Mini 3,true,drone_images/Mini 3_withpayload.png,26.195000,-81.755000,26.194500,-81.755300,apolloshield_dji,dji,,,2414500000,RADAR-A2D2-B2F6,Sensor Naples / Southwest Gulf Coast,160,YELLOW,YELLOW
1772041790096,A2D2-B2F6,FLT-B2F6-001,26.195345,-81.751377,27.1,1.3,0,Mini 3,true,drone_images/Mini 3_withpayload.png,26.195000,-81.755000,26.194500,-81.755300,apolloshield_dji,dji,,,2414500000,RADAR-A2D2-B2F6,Sensor Naples / Southwest Gulf Coast,160,YELLOW,YELLOW
1772041791059,A2D2-B2F6,FLT-B2F6-001,26.195345,-81.751377,27.1,1.3,0,Mini 3,true,drone_images/Mini 3_withpayload.png,26.195000,-81.755000,26.194500,-81.755300,apolloshield_dji,dji,,,2414500000,RADAR-A2D2-B2F6,Sensor Naples / Southwest Gulf Coast,160,YELLOW,YELLOW
1772041792026,A2D2-B2F6,FLT-B2F6-001,26.195345,-81.751377,27.1,1.3,0,Mini 3,true,drone_images/Mini 3_withpayload.png,26.195000,-81.755000,26.194500,-81.755300,apolloshield_dji,dji,,,2414500000,RADAR-A2D2-B2F6,Sensor Naples / Southwest Gulf Coast,160,YELLOW,YELLOW
1772041793305,A2D2-B2F6,FLT-B2F6-001,26.195345,-81.751377,27.1,1.3,0,Mini 3,true,drone_images/Mini 3_withpayload.png,26.195000,-81.755000,26.194500,-81.755300,apolloshield_dji,dji,,,2414500000,RADAR-A2D2-B2F6,Sensor Naples / Southwest Gulf Coast,160,YELLOW,YELLOW
1772041794445,A2D2-B2F6,FLT-B2F6-001,26.195345,-81.751377,27.1,1.3,0,Mini 3,true,drone_images/Mini 3_withpayload.png,26.195000,-81.755000,26.194500,-81.755300,apolloshield_dji,dji,,,2414500000,RADAR-A2D2-B2F6,Sensor Naples / Southwest Gulf Coast,160,YELLOW,YELLOW
1772041795612,A2D2-B2F6,FLT-B2F6-001,26.195345,-81.751377,27.1,1.3,0,Mini 3,true,drone_images/Mini 3_withpayload.png,26.195000,-81.755000,26.194500,-81.755300,apolloshield_dji,dji,,,2414500000,RADAR-A2D2-B2F6,Sensor Naples / Southwest Gulf Coast,160,YELLOW,YELLOW
1772041796016,A2D2-B2F6,FLT-B2F6-001,26.195345,-81.751377,27.1,1.3,0,Mini 3,true,drone_images/Mini 3_withpayload.png,26.195000,-81.755000,26.194500,-81.755300,apolloshield_dji,dji,,,2414500000,RADAR-A2D2-B2F6,Sensor Naples / Southwest Gulf Coast,160,YELLOW,YELLOW
1772041797095,A2D2-B2F6,FLT-B2F6-001,26.195345,-81.751377,27.1,1.3,0,Mini 3,true,drone_images/Mini 3_withpayload.png,26.195000,-81.755000,26.194500,-81.755300,apolloshield_dji,dji,,,2414500000,RADAR-A2D2-B2F6,Sensor Naples / Southwest Gulf Coast,160,YELLOW,YELLOW
1772041797290,A2D2-B2F6,FLT-B2F6-001,26.195345,-81.751377,27.1,1.3,0,Mini 3,true,drone_images/Mini 3_withpayload.png,26.195000,-81.755000,26.194500,-81.755300,apolloshield_dji,dji,,,2414500000,RADAR-A2D2-B2F6,Sensor Naples / Southwest Gulf Coast,160,YELLOW,YELLOW
1772041798305,A2D2-B2F6,FLT-B2F6-001,26.195345,-81.751377,27.1,1.3,0,Mini 3,true,drone_images/Mini 3_withpayload.png,26.195000,-81.755000,26.194500,-81.755300,apolloshield_dji,dji,,,2414500000,RADAR-A2D2-B2F6,Sensor Naples / Southwest Gulf Coast,160,YELLOW,YELLOW
1772041798787,A2D2-B2F6,FLT-B2F6-001,26.195345,-81.751377,27.1,1.3,0,Mini 3,true,drone_images/Mini 3_withpayload.png,26.195000,-81.755000,26.194500,-81.755300,apolloshield_dji,dji,,,2414500000,RADAR-A2D2-B2F6,Sensor Naples / Southwest Gulf Coast,160,YELLOW,YELLOW
1772041801110,A2D2-B2F6,FLT-B2F6-001,26.195345,-81.751377,27.1,1.3,0,Mini 3,true,drone_images/Mini 3_withpayload.png,26.195000,-81.755000,26.194500,-81.755300,apolloshield_dji,dji,,,2414500000,RADAR-A2D2-B2F6,Sensor Naples / Southwest Gulf Coast,160,YELLOW,YELLOW
1772041802054,A2D2-B2F6,FLT-B2F6-001,26.195345,-81.751377,27.1,1.3,0,Mini 3,true,drone_images/Mini 3_withpayload.png,26.195000,-81.755000,26.194500,-81.755300,apolloshield_dji,dji,,,2414500000,RADAR-A2D2-B2F6,Sensor Naples / Southwest Gulf Coast,160,YELLOW,YELLOW
1772041804372,A2D2-B2F6,FLT-B2F6-001,26.195345,-81.751377,27.1,1.3,0,Mini 3,true,drone_images/Mini 3_withpayload.png,26.195000,-81.755000,26.194500,-81.755300,apolloshield_dji,dji,,,2414500000,RADAR-A2D2-B2F6,Sensor Naples / Southwest Gulf Coast,160,YELLOW,YELLOW
1772041805764,A2D2-B2F6,FLT-B2F6-001,26.195345,-81.751377,27.1,1.3,0,Mini 3,true,drone_images/Mini 3_withpayload.png,26.195000,-81.755000,26.194500,-81.755300,apolloshield_dji,dji,,,2414500000,RADAR-A2D2-B2F6,Sensor Naples / Southwest Gulf Coast,160,YELLOW,YELLOW
1772041807423,A2D2-B2F6,FLT-B2F6-001,26.195345,-81.751377,27.1,1.3,0,Mini 3,true,drone_images/Mini 3_withpayload.png,26.195000,-81.755000,26.194500,-81.755300,apolloshield_dji,dji,,,2414500000,RADAR-A2D2-B2F6,Sensor Naples / Southwest Gulf Coast,160,YELLOW,YELLOW
1772041808103,A2D2-B2F6,FLT-B2F6-001,26.195345,-81.751377,27.1,1.3,0,Mini 3,true,drone_images/Mini 3_withpayload.png,26.195000,-81.755000,26.194500,-81.755300,apolloshield_dji,dji,,,2414500000,RADAR-A2D2-B2F6,Sensor Naples / Southwest Gulf Coast,160,YELLOW,YELLOW
1772041808549,A2D2-B2F6,FLT-B2F6-001,26.195345,-81.751377,27.1,1.3,0,Mini 3,true,drone_images/Mini 3_withpayload.png,26.195000,-81.755000,26.194500,-81.755300,apolloshield_dji,dji,,,2414500000,RADAR-A2D2-B2F6,Sensor Naples / Southwest Gulf Coast,160,YELLOW,YELLOW
1772041808757,A2D2-B2F6,FLT-B2F6-001,26.195345,-81.751377,27.1,1.3,0,Mini 3,true,drone_images/Mini 3_withpayload.png,26.195000,-81.755000,26.194500,-81.755300,apolloshield_dji,dji,,,2414500000,RADAR-A2D2-B2F6,Sensor Naples / Southwest Gulf Coast,160,YELLOW,YELLOW
1772041808915,A2D2-B2F6,FLT-B2F6-001,26.195345,-81.751377,27.1,1.3,0,Mini 3,true,drone_images/Mini 3_withpayload.png,26.195000,-81.755000,26.194500,-81.755300,apolloshield_dji,dji,,,2414500000,RADAR-A2D2-B2F6,Sensor Naples / Southwest Gulf Coast,160,YELLOW,YELLOW
1772041809766,A2D2-B2F6,FLT-B2F6-001,26.195345,-81.751377,27.1,1.3,0,Mini 3,true,drone_images/Mini 3_withpayload.png,26.195000,-81.755000,26.194500,-81.755300,apolloshield_dji,dji,,,2414500000,RADAR-A2D2-B2F6,Sensor Naples / Southwest Gulf Coast,160,YELLOW,YELLOW
1772041810291,A2D2-B2F6,FLT-B2F6-001,26.195345,-81.751377,27.1,1.3,0,Mini 3,true,drone_images/Mini 3_withpayload.png,26.195000,-81.755000,26.194500,-81.755300,apolloshield_dji,dji,,,2414500000,RADAR-A2D2-B2F6,Sensor Naples / Southwest Gulf Coast,160,YELLOW,YELLOW
1772041811769,A2D2-B2F6,FLT-B2F6-001,26.195345,-81.751377,27.1,1.3,0,Mini 3,true,drone_images/Mini 3_withpayload.png,26.195000,-81.755000,26.194500,-81.755300,apolloshield_dji,dji,,,2414500000,RADAR-A2D2-B2F6,Sensor Naples / Southwest Gulf Coast,160,YELLOW,YELLOW
1772041813100,A2D2-B2F6,FLT-B2F6-001,26.195345,-81.751377,27.1,1.3,0,Mini 3,true,drone_images/Mini 3_withpayload.png,26.195000,-81.755000,26.194500,-81.755300,apolloshield_dji,dji,,,2414500000,RADAR-A2D2-B2F6,Sensor Naples / Southwest Gulf Coast,160,YELLOW,YELLOW
1772041813343,A2D2-B2F6,FLT-B2F6-001,26.195345,-81.751377,27.1,1.3,0,Mini 3,true,drone_images/Mini 3_withpayload.png,26.195000,-81.755000,26.194500,-81.755300,apolloshield_dji,dji,,,2414500000,RADAR-A2D2-B2F6,Sensor Naples / Southwest Gulf Coast,160,YELLOW,YELLOW
1772041814094,A2D2-B2F6,FLT-B2F6-001,26.195345,-81.751377,27.1,1.3,0,Mini 3,true,drone_images/Mini 3_withpayload.png,26.195000,-81.755000,26.194500,-81.755300,apolloshield_dji,dji,,,2414500000,RADAR-A2D2-B2F6,Sensor Naples / Southwest Gulf Coast,160,YELLOW,YELLOW
1772041815009,A2D2-B2F6,FLT-B2F6-001,26.195345,-81.751377,27.1,1.3,0,Mini 3,true,drone_images/Mini 3_withpayload.png,26.195000,-81.755000,26.194500,-81.755300,apolloshield_dji,dji,,,2414500000,RADAR-A2D2-B2F6,Sensor Naples / Southwest Gulf Coast,160,YELLOW,YELLOW
1772041815561,A2D2-B2F6,FLT-B2F6-001,26.195345,-81.751377,27.1,1.3,0,Mini 3,true,drone_images/Mini 3_withpayload.png,26.195000,-81.755000,26.194500,-81.755300,apolloshield_dji,dji,,,2414500000,RADAR-A2D2-B2F6,Sensor Naples / Southwest Gulf Coast,160,YELLOW,YELLOW
1772041815712,A2D2-B2F6,FLT-B2F6-001,26.195345,-81.751377,27.1,1.3,0,Mini 3,true,drone_images/Mini 3_withpayload.png,26.195000,-81.755000,26.194500,-81.755300,apolloshield_dji,dji,,,2414500000,RADAR-A2D2-B2F6,Sensor Naples / Southwest Gulf Coast,160,YELLOW,YELLOW
1772041817661,A2D2-B2F6,FLT-B2F6-001,26.195345,-81.751377,27.1,1.3,0,Mini 3,true,drone_images/Mini 3_withpayload.png,26.195000,-81.755000,26.194500,-81.755300,apolloshield_dji,dji,,,2414500000,RADAR-A2D2-B2F6,Sensor Naples / Southwest Gulf Coast,160,YELLOW,YELLOW
1772041817807,A2D2-B2F6,FLT-B2F6-001,26.195345,-81.751377,27.1,1.3,0,Mini 3,true,drone_images/Mini 3_withpayload.png,26.195000,-81.755000,26.194500,-81.755300,apolloshield_dji,dji,,,2414500000,RADAR-A2D2-B2F6,Sensor Naples / Southwest Gulf Coast,160,YELLOW,YELLOW
1772041818900,A2D2-B2F6,FLT-B2F6-001,26.195345,-81.751377,27.1,1.3,0,Mini 3,true,drone_images/Mini 3_withpayload.png,26.195000,-81.755000,26.194500,-81.755300,apolloshield_dji,dji,,,2414500000,RADAR-A2D2-B2F6,Sensor Naples / Southwest Gulf Coast,160,YELLOW,YELLOW
1772041820033,A2D2-B2F6,FLT-B2F6-001,26.195345,-81.751377,27.1,1.3,0,Mini 3,true,drone_images/Mini 3_withpayload.png,26.195000,-81.755000,26.194500,-81.755300,apolloshield_dji,dji,,,2414500000,RADAR-A2D2-B2F6,Sensor Naples / Southwest Gulf Coast,160,YELLOW,YELLOW
1772041820777,A2D2-B2F6,FLT-B2F6-001,26.195345,-81.751377,27.1,1.3,0,Mini 3,true,drone_images/Mini 3_withpayload.png,26.195000,-81.755000,26.194500,-81.755300,apolloshield_dji,dji,,,2414500000,RADAR-A2D2-B2F6,Sensor Naples / Southwest Gulf Coast,160,YELLOW,YELLOW
1772041821725,A2D2-B2F6,FLT-B2F6-001,26.195345,-81.751377,27.1,1.3,0,Mini 3,true,drone_images/Mini 3_withpayload.png,26.195000,-81.755000,26.194500,-81.755300,apolloshield_dji,dji,,,2414500000,RADAR-A2D2-B2F6,Sensor Naples / Southwest Gulf Coast,160,YELLOW,YELLOW
1772041823030,A2D2-B2F6,FLT-B2F6-001,26.195345,-81.751377,27.1,1.3,0,Mini 3,true,drone_images/Mini 3_withpayload.png,26.195000,-81.755000,26.194500,-81.755300,apolloshield_dji,dji,,,2414500000,RADAR-A2D2-B2F6,Sensor Naples / Southwest Gulf Coast,160,YELLOW,YELLOW
1772041824537,A2D2-B2F6,FLT-B2F6-001,26.195345,-81.751377,27.1,1.3,0,Mini 3,true,drone_images/Mini 3_withpayload.png,26.195000,-81.755000,26.194500,-81.755300,apolloshield_dji,dji,,,2414500000,RADAR-A2D2-B2F6,Sensor Naples / Southwest Gulf Coast,160,YELLOW,YELLOW
1772041825919,A2D2-B2F6,FLT-B2F6-001,26.195345,-81.751377,27.1,1.3,0,Mini 3,true,drone_images/Mini 3_withpayload.png,26.195000,-81.755000,26.194500,-81.755300,apolloshield_dji,dji,,,2414500000,RADAR-A2D2-B2F6,Sensor Naples / Southwest Gulf Coast,160,YELLOW,YELLOW
1772041827323,A2D2-B2F6,FLT-B2F6-001,26.195345,-81.751377,27.1,1.3,0,Mini 3,true,drone_images/Mini 3_withpayload.png,26.195000,-81.755000,26.194500,-81.755300,apolloshield_dji,dji,,,2414500000,RADAR-A2D2-B2F6,Sensor Naples / Southwest Gulf Coast,160,YELLOW,YELLOW
1772041827834,A2D2-B2F6,FLT-B2F6-001,26.195345,-81.751377,27.1,1.3,0,Mini 3,true,drone_images/Mini 3_withpayload.png,26.195000,-81.755000,26.194500,-81.755300,apolloshield_dji,dji,,,2414500000,RADAR-A2D2-B2F6,Sensor Naples / Southwest Gulf Coast,160,YELLOW,YELLOW
1772041828795,A2D2-B2F6,FLT-B2F6-001,26.195345,-81.751377,27.1,1.3,0,Mini 3,true,drone_images/Mini 3_withpayload.png,26.195000,-81.755000,26.194500,-81.755300,apolloshield_dji,dji,,,2414500000,RADAR-A2D2-B2F6,Sensor Naples / Southwest Gulf Coast,160,YELLOW,YELLOW
1772041829906,A2D2-B2F6,FLT-B2F6-001,26.195345,-81.751377,27.1,1.3,0,Mini 3,true,drone_images/Mini 3_withpayload.png,26.195000,-81.755000,26.194500,-81.755300,apolloshield_dji,dji,,,2414500000,RADAR-A2D2-B2F6,Sensor Naples / Southwest Gulf Coast,160,YELLOW,YELLOW
1772041831301,A2D2-B2F6,FLT-B2F6-001,26.195345,-81.751377,27.1,1.3,0,Mini 3,true,drone_images/Mini 3_withpayload.png,26.195000,-81.755000,26.194500,-81.755300,apolloshield_dji,dji,,,2414500000,RADAR-A2D2-B2F6,Sensor Naples / Southwest Gulf Coast,160,YELLOW,YELLOW
1772041832500,A2D2-B2F6,FLT-B2F6-001,26.195345,-81.751377,27.1,1.3,0,Mini 3,true,drone_images/Mini 3_withpayload.png,26.195000,-81.755000,26.194500,-81.755300,apolloshield_dji,dji,,,2414500000,RADAR-A2D2-B2F6,Sensor Naples / Southwest Gulf Coast,160,YELLOW,YELLOW
1772041833053,A2D2-B2F6,FLT-B2F6-001,26.195345,-81.751377,27.1,1.3,0,Mini 3,true,drone_images/Mini 3_withpayload.png,26.195000,-81.755000,26.194500,-81.755300,apolloshield_dji,dji,,,2414500000,RADAR-A2D2-B2F6,Sensor Naples / Southwest Gulf Coast,160,YELLOW,YELLOW
1772041834043,A2D2-B2F6,FLT-B2F6-001,26.195345,-81.751377,27.1,1.3,0,Mini 3,true,drone_images/Mini 3_withpayload.png,26.195000,-81.755000,26.194500,-81.755300,apolloshield_dji,dji,,,2414500000,RADAR-A2D2-B2F6,Sensor Naples / Southwest Gulf Coast,160,YELLOW,YELLOW
1772041834824,A2D2-B2F6,FLT-B2F6-001,26.195345,-81.751377,27.1,1.3,0,Mini 3,true,drone_images/Mini 3_withpayload.png,26.195000,-81.755000,26.194500,-81.755300,apolloshield_dji,dji,,,2414500000,RADAR-A2D2-B2F6,Sensor Naples / Southwest Gulf Coast,160,YELLOW,YELLOW
1772041835806,A2D2-B2F6,FLT-B2F6-001,26.195345,-81.751377,27.1,1.3,0,Mini 3,true,drone_images/Mini 3_withpayload.png,26.195000,-81.755000,26.194500,-81.755300,apolloshield_dji,dji,,,2414500000,RADAR-A2D2-B2F6,Sensor Naples / Southwest Gulf Coast,160,YELLOW,YELLOW
1772041836385,A2D2-B2F6,FLT-B2F6-001,26.195345,-81.751377,27.1,1.3,0,Mini 3,true,drone_images/Mini 3_withpayload.png,26.195000,-81.755000,26.194500,-81.755300,apolloshield_dji,dji,,,2414500000,RADAR-A2D2-B2F6,Sensor Naples / Southwest Gulf Coast,160,YELLOW,YELLOW
1772041838330,A2D2-B2F6,FLT-B2F6-001,26.195345,-81.751377,27.1,1.3,0,Mini 3,true,drone_images/Mini 3_withpayload.png,26.195000,-81.755000,26.194500,-81.755300,apolloshield_dji,dji,,,2414500000,RADAR-A2D2-B2F6,Sensor Naples / Southwest Gulf Coast,160,YELLOW,YELLOW
1772041838776,A2D2-B2F6,FLT-B2F6-001,26.195345,-81.751377,27.1,1.3,0,Mini 3,true,drone_images/Mini 3_withpayload.png,26.195000,-81.755000,26.194500,-81.755300,apolloshield_dji,dji,,,2414500000,RADAR-A2D2-B2F6,Sensor Naples / Southwest Gulf Coast,160,YELLOW,YELLOW
1772041839259,A2D2-B2F6,FLT-B2F6-001,26.195345,-81.751377,27.1,1.3,0,Mini 3,true,drone_images/Mini 3_withpayload.png,26.195000,-81.755000,26.194500,-81.755300,apolloshield_dji,dji,,,2414500000,RADAR-A2D2-B2F6,Sensor Naples / Southwest Gulf Coast,160,YELLOW,YELLOW