timestamp,drone_id,flight_id,lat,lng,altitude,speed,azimuth,drone_type,has_payload,imagePath,home_lat,home_lng,pilot_lat,pilot_lng,detection_type,sensor_type,angle,error,frequency_hz,device_id,device_name,aboveGroundLevel,threatLevel,zone
1772041319925,A2D2-7E4D,FLT-7E4D-001,26.742692,-80.997722,106.1,0.1,0,Mavic Air 2,false,drone_images/Mavic Air 2.png,26.745000,-81.005000,26.744500,-81.005300,apolloshield_dji,df,,,2414500000,RADAR-A2D2-7E4D,Sensor Lake Okeechobee / Central Inland,190,YELLOW,YELLOW
1772041321034,A2D2-7E4D,FLT-7E4D-001,26.742692,-80.997722,106.1,0.1,0,Mavic Air 2,false,drone_images/Mavic Air 2.png,26.745000,-81.005000,26.744500,-81.005300,apolloshield_dji,df,,,2414500000,RADAR-A2D2-7E4D,Sensor Lake Okeechobee / Central Inland,190,YELLOW,YELLOW
1772041322021,A2D2-7E4D,FLT-7E4D-001,26.742692,-80.997722,106.1,0.1,0,Mavic Air 2,false,drone_images/Mavic Air 2.png,26.745000,-81.005000,26.744500,-81.005300,apolloshield_dji,df,,,2414500000,RADAR-A2D2-7E4D,Sensor Lake Okeechobee / Central Inland,190,YELLOW,YELLOW
1772041323371,A2D2-7E4D,FLT-7E4D-001,26.742692,-80.997722,106.1,0.1,0,Mavic Air 2,false,drone_images/Mavic Air 2.png,26.745000,-81.005000,26.744500,-81.005300,apolloshield_dji,df,,,2414500000,RADAR-A2D2-7E4D,Sensor Lake Okeechobee / Central Inland,190,YELLOW,YELLOW
1772041325061,A2D2-7E4D,FLT-7E4D-001,26.742692,-80.997722,106.1,0.1,0,Mavic Air 2,false,drone_images/Mavic Air 2.png,26.745000,-81.005000,26.744500,-81.005300,apolloshield_dji,df,,,2414500000,RADAR-A2D2-7E4D,Sensor Lake Okeechobee / Central Inland,190,YELLOW,YELLOW
1772041326403,A2D2-7E4D,FLT-7E4D-001,26.742698,-80.997722,106.1,0.1,0,Mavic Air 2,false,drone_images/Mavic Air 2.png,26.745000,-81.005000,26.744500,-81.005300,apolloshield_dji,df,,,2414500000,RADAR-A2D2-7E4D,Sensor Lake Okeechobee / Central Inland,190,YELLOW,YELLOW
1772041326979,A2D2-7E4D,FLT-7E4D-001,26.742698,-80.997722,106.1,0.1,0,Mavic Air 2,false,drone_images/Mavic Air 2.png,26.745000,-81.005000,26.744500,-81.005300,apolloshield_dji,df,,,2414500000,RADAR-A2D2-7E4D,Sensor Lake Okeechobee / Central Inland,190,YELLOW,YELLOW
1772041327440,A2D2-7E4D,FLT-7E4D-001,26.742698,-80.997722,106.1,0.1,0,Mavic Air 2,false,drone_images/Mavic Air 2.png,26.745000,-81.005000,26.744500,-81.005300,apolloshield_dji,df,,,2414500000,RADAR-A2D2-7E4D,Sensor Lake Okeechobee / Central Inland,190,YELLOW,YELLOW
1772041329121,A2D2-7E4D,FLT-7E4D-001,26.742698,-80.997722,106.1,0.1,0,Mavic Air 2,false,drone_images/Mavic Air 2.png,26.745000,-81.005000,26.744500,-81.005300,apolloshield_dji,df,,,2414500000,RADAR-A2D2-7E4D,Sensor Lake Okeechobee / Central Inland,190,YELLOW,YELLOW
1772041330172,A2D2-7E4D,FLT-7E4D-001,26.742698,-80.997722,106.1,0.1,0,Mavic Air 2,false,drone_images/Mavic Air 2.png,26.745000,-81.005000,26.744500,-81.005300,apolloshield_dji,df,,,2414500000,RADAR-A2D2-7E4D,Sensor Lake Okeechobee / Central Inland,190,YELLOW,YELLOW
1772041330686,A2D2-7E4D,FLT-7E4D-001,26.742698,-80.997722,106.1,0.1,0,Mavic Air 2,false,drone_images/Mavic Air 2.png,26.745000,-81.005000,26.744500,-81.005300,apolloshield_dji,df,,,2414500000,RADAR-A2D2-7E4D,Sensor Lake Okeechobee / Central Inland,190,YELLOW,YELLOW
1772041331207,A2D2-7E4D,FLT-7E4D-001,26.742698,-80.997722,106.1,0.1,0,Mavic Air 2,false,drone_images/Mavic Air 2.png,26.745000,-81.005000,26.744500,-81.005300,apolloshield_dji,df,,,2414500000,RADAR-A2D2-7E4D,Sensor Lake Okeechobee / Central Inland,190,YELLOW,YELLOW
1772041332250,A2D2-7E4D,FLT-7E4D-001,26.742698,-80.997722,106.1,0.1,0,Mavic Air 2,false,drone_images/Mavic Air 2.png,26.745000,-81.005000,26.744500,-81.005300,apolloshield_dji,df,,,2414500000,RADAR-A2D2-7E4D,Sensor Lake Okeechobee / Central Inland,190,YELLOW,YELLOW
1772041333323,A2D2-7E4D,FLT-7E4D-001,26.742698,-80.997722,106.1,0.1,0,Mavic Air 2,false,drone_images/Mavic Air 2.png,26.745000,-81.005000,26.744500,-81.005300,apolloshield_dji,df,,,2414500000,RADAR-A2D2-7E4D,Sensor Lake Okeechobee / Central Inland,190,YELLOW,YELLOW
1772041334874,A2D2-7E4D,FLT-7E4D-001,26.742698,-80.997722,106.1,0.1,0,Mavic Air 2,false,drone_images/Mavic Air 2.png,26.745000,-81.005000,26.744500,-81.005300,apolloshield_dji,df,,,2414500000,RADAR-A2D2-7E4D,Sensor Lake Okeechobee / Central Inland,190,YELLOW,YELLOW
1772041334967,A2D2-7E4D,FLT-7E4D-001,26.742698,-80.997722,106.1,0.1,0,Mavic Air 2,false,drone_images/Mavic Air 2.png,26.745000,-81.005000,26.744500,-81.005300,apolloshield_dji,df,,,2414500000,RADAR-A2D2-7E4D,Sensor Lake Okeechobee / Central Inland,190,YELLOW,YELLOW
1772041335831,A2D2-7E4D,FLT-7E4D-001,26.742698,-80.997722,106.1,0.1,0,Mavic Air 2,false,drone_images/Mavic Air 2.png,26.745000,-81.005000,26.744500,-81.005300,apolloshield_dji,df,,,2414500000,RADAR-A2D2-7E4D,Sensor Lake Okeechobee / Central Inland,190,YELLOW,YELLOW
1772041337128,A2D2-7E4D,FLT-7E4D-001,26.742698,-80.997722,106.1,0.1,0,Mavic Air 2,false,drone_images/Mavic Air 2.png,26.745000,-81.005000,26.744500,-81.005300,apolloshield_dji,df,,,2414500000,RADAR-A2D2-7E4D,Sensor Lake Okeechobee / Central Inland,190,YELLOW,YELLOW
1772041338450,A2D2-7E4D,FLT-7E4D-001,26.742698,-80.997722,106.1,0.1,0,Mavic Air 2,false,drone_images/Mavic Air 2.png,26.745000,-81.005000,26.744500,-81.005300,apolloshield_dji,df,,,2414500000,RADAR-A2D2-7E4D,Sensor Lake Okeechobee / Central Inland,190,YELLOW,YELLOW
1772041339829,A2D2-7E4D,FLT-7E4D-001,26.742698,-80.997722,106.1,0.1,0,Mavic Air 2,false,drone_images/Mavic Air 2.png,26.745000,-81.005000,26.744500,-81.005300,apolloshield_dji,df,,,2414500000,RADAR-A2D2-7E4D,Sensor Lake Okeechobee / Central Inland,190,YELLOW,YELLOW
1772041341070,A2D2-7E4D,FLT-7E4D-001,26.742698,-80.997722,106.1,0.1,0,Mavic Air 2,false,drone_images/Mavic Air 2.png,26.745000,-81.005000,26.744500,-81.005300,apolloshield_dji,df,,,2414500000,RADAR-A2D2-7E4D,Sensor Lake Okeechobee / Central Inland,190,YELLOW,YELLOW
1772041341489,A2D2-7E4D,FLT-7E4D-001,26.742698,-80.997722,106.1,0.1,0,Mavic Air 2,false,drone_images/Mavic Air 2.png,26.745000,-81.005000,26.744500,-81.005300,apolloshield_dji,df,,,2414500000,RADAR-A2D2-7E4D,Sensor Lake Okeechobee / Central Inland,190,YELLOW,YELLOW
1772041342507,A2D2-7E4D,FLT-7E4D-001,26.742698,-80.997722,106.1,0.1,0,Mavic Air 2,false,drone_images/Mavic Air 2.png,26.745000,-81.005000,26.744500,-81.005300,apolloshield_dji,df,,,2414500000,RADAR-A2D2-7E4D,Sensor Lake Okeechobee / Central Inland,190,YELLOW,YELLOW
1772041343035,A2D2-7E4D,FLT-7E4D-001,26.742624,-80.997717,106.6,1.8,0,Mavic Air 2,false,drone_images/Mavic Air 2.png,26.745000,-81.005000,26.744500,-81.005300,apolloshield_dji,df,,,2414500000,RADAR-A2D2-7E4D,Sensor Lake Okeechobee / Central Inland,190,YELLOW,YELLOW
1772041344582,A2D2-7E4D,FLT-7E4D-001,26.742624,-80.997717,106.6,1.8,0,Mavic Air 2,false,drone_images/Mavic Air 2.png,26.745000,-81.005000,26.744500,-81.005300,apolloshield_dji,df,,,2414500000,RADAR-A2D2-7E4D,Sensor Lake Okeechobee / Central Inland,190,YELLOW,YELLOW
1772041344986,A2D2-7E4D,FLT-7E4D-001,26.742624,-80.997717,106.6,1.8,0,Mavic Air 2,false,drone_images/Mavic Air 2.png,26.745000,-81.005000,26.744500,-81.005300,apolloshield_dji,df,,,2414500000,RADAR-A2D2-7E4D,Sensor Lake Okeechobee / Central Inland,190,YELLOW,YELLOW
1772041346149,A2D2-7E4D,FLT-7E4D-001,26.742624,-80.997717,106.6,1.8,0,Mavic Air 2,false,drone_images/Mavic Air 2.png,26.745000,-81.005000,26.744500,-81.005300,apolloshield_dji,df,,,2414500000,RADAR-A2D2-7E4D,Sensor Lake Okeechobee / Central Inland,190,YELLOW,YELLOW
1772041347008,A2D2-7E4D,FLT-7E4D-001,26.742555,-80.997705,106.6,1.4,0,Mavic Air 2,false,drone_images/Mavic Air 2.png,26.745000,-81.005000,26.744500,-81.005300,apolloshield_dji,df,,,2414500000,RADAR-A2D2-7E4D,Sensor Lake Okeechobee / Central Inland,190,YELLOW,YELLOW
1772041349246,A2D2-7E4D,FLT-7E4D-001,26.742555,-80.997705,106.6,1.4,0,Mavic Air 2,false,drone_images/Mavic Air 2.png,26.745000,-81.005000,26.744500,-81.005300,apolloshield_dji,df,,,2414500000,RADAR-A2D2-7E4D,Sensor Lake Okeechobee / Central Inland,190,YELLOW,YELLOW
1772041349302,A2D2-7E4D,FLT-7E4D-001,26.742555,-80.997705,106.6,1.4,0,Mavic Air 2,false,drone_images/Mavic Air 2.png,26.745000,-81.005000,26.744500,-81.005300,apolloshield_dji,df,,,2414500000,RADAR-A2D2-7E4D,Sensor Lake Okeechobee / Central Inland,190,YELLOW,YELLOW
1772041351168,A2D2-7E4D,FLT-7E4D-001,26.742555,-80.997705,106.6,1.4,0,Mavic Air 2,false,drone_images/Mavic Air 2.png,26.745000,-81.005000,26.744500,-81.005300,apolloshield_dji,df,,,2414500000,RADAR-A2D2-7E4D,Sensor Lake Okeechobee / Central Inland,190,YELLOW,YELLOW
1772041351563,A2D2-7E4D,FLT-7E4D-001,26.742555,-80.997705,106.6,1.4,0,Mavic Air 2,false,drone_images/Mavic Air 2.png,26.745000,-81.005000,26.744500,-81.005300,apolloshield_dji,df,,,2414500000,RADAR-A2D2-7E4D,Sensor Lake Okeechobee / Central Inland,190,YELLOW,YELLOW
1772041352310,A2D2-7E4D,FLT-7E4D-001,26.742555,-80.997705,106.6,1.4,0,Mavic Air 2,false,drone_images/Mavic Air 2.png,26.745000,-81.005000,26.744500,-81.005300,apolloshield_dji,df,,,2414500000,RADAR-A2D2-7E4D,Sensor Lake Okeechobee / Central Inland,190,YELLOW,YELLOW
1772041352883,A2D2-7E4D,FLT-7E4D-001,26.742555,-80.997705,106.6,1.4,0,Mavic Air 2,false,drone_images/Mavic Air 2.png,26.745000,-81.005000,26.744500,-81.005300,apolloshield_dji,df,,,2414500000,RADAR-A2D2-7E4D,Sensor Lake Okeechobee / Central Inland,190,YELLOW,YELLOW
1772041354091,A2D2-7E4D,FLT-7E4D-001,26.742555,-80.997705,106.6,1.4,0,Mavic Air 2,false,drone_images/Mavic Air 2.png,26.745000,-81.005000,26.744500,-81.005300,apolloshield_dji,df,,,2414500000,RADAR-A2D2-7E4D,Sensor Lake Okeechobee / Central Inland,190,YELLOW,YELLOW
1772041355106,A2D2-7E4D,FLT-7E4D-001,26.742555,-80.997705,106.6,1.4,0,Mavic Air 2,false,drone_images/Mavic Air 2.png,26.745000,-81.005000,26.744500,-81.005300,apolloshield_dji,df,,,2414500000,RADAR-A2D2-7E4D,Sensor Lake Okeechobee / Central Inland,190,YELLOW,YELLOW
1772041355986,A2D2-7E4D,FLT-7E4D-001,26.742555,-80.997705,106.6,1.4,0,Mavic Air 2,false,drone_images/Mavic Air 2.png,26.745000,-81.005000,26.744500,-81.005300,apolloshield_dji,df,,,2414500000,RADAR-A2D2-7E4D,Sensor Lake Okeechobee / Central Inland,190,YELLOW,YELLOW
1772041357101,A2D2-7E4D,FLT-7E4D-001,26.742555,-80.997705,106.6,1.4,0,Mavic Air 2,false,drone_images/Mavic Air 2.png,26.745000,-81.005000,26.744500,-81.005300,apolloshield_dji,df,,,2414500000,RADAR-A2D2-7E4D,Sensor Lake Okeechobee / Central Inland,190,YELLOW,YELLOW
1772041357956,A2D2-7E4D,FLT-7E4D-001,26.742555,-80.997705,106.6,1.4,0,Mavic Air 2,false,drone_images/Mavic Air 2.png,26.745000,-81.005000,26.744500,-81.005300,apolloshield_dji,df,,,2414500000,RADAR-A2D2-7E4D,Sensor Lake Okeechobee / Central Inland,190,YELLOW,YELLOW
1772041359433,A2D2-7E4D,FLT-7E4D-001,26.742555,-80.997705,106.6,1.4,0,Mavic Air 2,false,drone_images/Mavic Air 2.png,26.745000,-81.005000,26.744500,-81.005300,apolloshield_dji,df,,,2414500000,RADAR-A2D2-7E4D,Sensor Lake Okeechobee / Central Inland,190,YELLOW,YELLOW
1772041360264,A2D2-7E4D,FLT-7E4D-001,26.742555,-80.997705,106.6,1.4,0,Mavic Air 2,false,drone_images/Mavic Air 2.png,26.745000,-81.005000,26.744500,-81.005300,apolloshield_dji,df,,,2414500000,RADAR-A2D2-7E4D,Sensor Lake Okeechobee / Central Inland,190,YELLOW,YELLOW
1772041362042,A2D2-7E4D,FLT-7E4D-001,26.742555,-80.997705,106.6,1.4,0,Mavic Air 2,false,drone_images/Mavic Air 2.png,26.745000,-81.005000,26.744500,-81.005300,apolloshield_dji,df,,,2414500000,RADAR-A2D2-7E4D,Sensor Lake Okeechobee / Central Inland,190,YELLOW,YELLOW
1772041362376,A2D2-7E4D,FLT-7E4D-001,26.742555,-80.997705,106.6,1.4,0,Mavic Air 2,false,drone_images/Mavic Air 2.png,26.745000,-81.005000,26.744500,-81.005300,apolloshield_dji,df,,,2414500000,RADAR-A2D2-7E4D,Sensor Lake Okeechobee / Central Inland,190,YELLOW,YELLOW
1772041363234,A2D2-7E4D,FLT-7E4D-001,26.742555,-80.997705,106.6,1.4,0,Mavic Air 2,false,drone_images/Mavic Air 2.png,26.745000,-81.005000,26.744500,-81.005300,apolloshield_dji,df,,,2414500000,RADAR-A2D2-7E4D,Sensor Lake Okeechobee / Central Inland,190,YELLOW,YELLOW
1772041363988,A2D2-7E4D,FLT-7E4D-001,26.742555,-80.997705,106.6,1.4,0,Mavic Air 2,false,drone_images/Mavic Air 2.png,26.745000,-81.005000,26.744500,-81.005300,apolloshield_dji,df,,,2414500000,RADAR-A2D2-7E4D,Sensor Lake Okeechobee / Central Inland,190,YELLOW,YELLOW
1772041364942,A2D2-7E4D,FLT-7E4D-001,26.742555,-80.997705,106.6,1.4,0,Mavic Air 2,false,drone_images/Mavic Air 2.png,26.745000,-81.005000,26.744500,-81.005300,apolloshield_dji,df,,,2414500000,RADAR-A2D2-7E4D,Sensor Lake Okeechobee / Central Inland,190,YELLOW,YELLOW
1772041366129,A2D2-7E4D,FLT-7E4D-001,26.742555,-80.997705,106.6,1.4,0,Mavic Air 2,false,drone_images/Mavic Air 2.png,26.745000,-81.005000,26.744500,-81.005300,apolloshield_dji,df,,,2414500000,RADAR-A2D2-7E4D,Sensor Lake Okeechobee / Central Inland,190,YELLOW,YELLOW
1772041367069,A2D2-7E4D,FLT-7E4D-001,26.742555,-80.997705,106.6,1.4,0,Mavic Air 2,false,drone_images/Mavic Air 2.png,26.745000,-81.005000,26.744500,-81.005300,apolloshield_dji,df,,,2414500000,RADAR-A2D2-7E4D,Sensor Lake Okeechobee / Central Inland,190,YELLOW,YELLOW
1772041367957,A2D2-7E4D,FLT-7E4D-001,26.742555,-80.997705,106.6,1.4,0,Mavic Air 2,false,drone_images/Mavic Air 2.png,26.745000,-81.005000,26.744500,-81.005300,apolloshield_dji,df,,,2414500000,RADAR-A2D2-7E4D,Sensor Lake Okeechobee / Central Inland,190,YELLOW,YELLOW
1772041369747,A2D2-7E4D,FLT-7E4D-001,26.742555,-80.997705,106.6,1.4,0,Mavic Air 2,false,drone_images/Mavic Air 2.png,26.745000,-81.005000,26.744500,-81.005300,apolloshield_dji,df,,,2414500000,RADAR-A2D2-7E4D,Sensor Lake Okeechobee / Central Inland,190,YELLOW,YELLOW
1772041370520,A2D2-7E4D,FLT-7E4D-001,26.742555,-80.997705,106.6,1.4,0,Mavic Air 2,false,drone_images/Mavic Air 2.png,26.745000,-81.005000,26.744500,-81.005300,apolloshield_dji,df,,,2414500000,RADAR-A2D2-7E4D,Sensor Lake Okeechobee / Central Inland,190,YELLOW,YELLOW
1772041371602,A2D2-7E4D,FLT-7E4D-001,26.742555,-80.997705,106.6,1.4,0,Mavic Air 2,false,drone_images/Mavic Air 2.png,26.745000,-81.005000,26.744500,-81.005300,apolloshield_dji,df,,,2414500000,RADAR-A2D2-7E4D,Sensor Lake Okeechobee / Central Inland,190,YELLOW,YELLOW
1772041372101,A2D2-7E4D,FLT-7E4D-001,26.742555,-80.997705,106.6,1.4,0,Mavic Air 2,false,drone_images/Mavic Air 2.png,26.745000,-81.005000,26.744500,-81.005300,apolloshield_dji,df,,,2414500000,RADAR-A2D2-7E4D,Sensor Lake Okeechobee / Central Inland,190,YELLOW,YELLOW
1772041373172,A2D2-7E4D,FLT-7E4D-001,26.742555,-80.997705,106.6,1.4,0,Mavic Air 2,false,drone_images/Mavic Air 2.png,26.745000,-81.005000,26.744500,-81.005300,apolloshield_dji,df,,,2414500000,RADAR-A2D2-7E4D,Sensor Lake Okeechobee / Central Inland,190,YELLOW,YELLOW
1772041374285,A2D2-7E4D,FLT-7E4D-001,26.742555,-80.997705,106.6,1.4,0,Mavic Air 2,false,drone_images/Mavic Air 2.png,26.745000,-81.005000,26.744500,-81.005300,apolloshield_dji,df,,,2414500000,RADAR-A2D2-7E4D,Sensor Lake Okeechobee / Central Inland,190,YELLOW,YELLOW
1772041376200,A2D2-7E4D,FLT-7E4D-001,26.742555,-80.997705,106.6,1.4,0,Mavic Air 2,false,drone_images/Mavic Air 2.png,26.745000,-81.005000,26.744500,-81.005300,apolloshield_dji,df,,,2414500000,RADAR-A2D2-7E4D,Sensor Lake Okeechobee / Central Inland,190,YELLOW,YELLOW
1772041376311,A2D2-7E4D,FLT-7E4D-001,26.742555,-80.997705,106.6,1.4,0,Mavic Air 2,false,drone_images/Mavic Air 2.png,26.745000,-81.005000,26.744500,-81.005300,apolloshield_dji,df,,,2414500000,RADAR-A2D2-7E4D,Sensor Lake Okeechobee / Central Inland,190,YELLOW,YELLOW
1772041377253,A2D2-7E4D,FLT-7E4D-001,26.742555,-80.997705,106.6,1.4,0,Mavic Air 2,false,drone_images/Mavic Air 2.png,26.745000,-81.005000,26.744500,-81.005300,apolloshield_dji,df,,,2414500000,RADAR-A2D2-7E4D,Sensor Lake Okeechobee / Central Inland,190,YELLOW,YELLOW
1772041378296,A2D2-7E4D,FLT-7E4D-001,26.742555,-80.997705,106.6,1.4,0,Mavic Air 2,false,drone_images/Mavic Air 2.png,26.745000,-81.005000,26.744500,-81.005300,apolloshield_dji,df,,,2414500000,RADAR-A2D2-7E4D,Sensor Lake Okeechobee / Central Inland,190,YELLOW,YELLOW
1772041379390,A2D2-7E4D,FLT-7E4D-001,26.742555,-80.997705,106.6,1.4,0,Mavic Air 2,false,drone_images/Mavic Air 2.png,26.745000,-81.005000,26.744500,-81.005300,apolloshield_dji,df,,,2414500000,RADAR-A2D2-7E4D,Sensor Lake Okeechobee / Central Inland,190,YELLOW,YELLOW
1772041380753,A2D2-7E4D,FLT-7E4D-001,26.742555,-80.997705,106.6,1.4,0,Mavic Air 2,false,drone_images/Mavic Air 2.png,26.745000,-81.005000,26.744500,-81.005300,apolloshield_dji,df,,,2414500000,RADAR-A2D2-7E4D,Sensor Lake Okeechobee / Central Inland,190,YELLOW,YELLOW
1772041380968,A2D2-7E4D,FLT-7E4D-001,26.742555,-80.997705,106.6,1.4,0,Mavic Air 2,false,drone_images/Mavic Air 2.png,26.745000,-81.005000,26.744500,-81.005300,apolloshield_dji,df,,,2414500000,RADAR-A2D2-7E4D,Sensor Lake Okeechobee / Central Inland,190,YELLOW,YELLOW
1772041382294,A2D2-7E4D,FLT-7E4D-001,26.742555,-80.997705,106.6,1.4,0,Mavic Air 2,false,drone_images/Mavic Air 2.png,26.745000,-81.005000,26.744500,-81.005300,apolloshield_dji,df,,,2414500000,RADAR-A2D2-7E4D,Sensor Lake Okeechobee / Central Inland,190,YELLOW,YELLOW
1772041383298,A2D2-7E4D,FLT-7E4D-001,26.742555,-80.997705,106.6,1.4,0,Mavic Air 2,false,drone_images/Mavic Air 2.png,26.745000,-81.005000,26.744500,-81.005300,apolloshield_dji,df,,,2414500000,RADAR-A2D2-7E4D,Sensor Lake Okeechobee / Central Inland,190,YELLOW,YELLOW
1772041383936,A2D2-7E4D,FLT-7E4D-001,26.742555,-80.997705,106.6,1.4,0,Mavic Air 2,false,drone_images/Mavic Air 2.png,26.745000,-81.005000,26.744500,-81.005300,apolloshield_dji,df,,,2414500000,RADAR-A2D2-7E4D,Sensor Lake Okeechobee / Central Inland,190,YELLOW,YELLOW
1772041384714,A2D2-7E4D,FLT-7E4D-001,26.742555,-80.997705,106.6,1.4,0,Mavic Air 2,false,drone_images/Mavic Air 2.png,26.745000,-81.005000,26.744500,-81.005300,apolloshield_dji,df,,,2414500000,RADAR-A2D2-7E4D,Sensor Lake Okeechobee / Central Inland,190,YELLOW,YELLOW
1772041385885,A2D2-7E4D,FLT-7E4D-001,26.742555,-80.997705,106.6,1.4,0,Mavic Air 2,false,drone_images/Mavic Air 2.png,26.745000,-81.005000,26.744500,-81.005300,apolloshield_dji,df,,,2414500000,RADAR-A2D2-7E4D,Sensor Lake Okeechobee / Central Inland,190,YELLOW,YELLOW
1772041387401,A2D2-7E4D,FLT-7E4D-001,26.742555,-80.997705,106.6,1.4,0,Mavic Air 2,false,drone_images/Mavic Air 2.png,26.745000,-81.005000,26.744500,-81.005300,apolloshield_dji,df,,,2414500000,RADAR-A2D2-7E4D,Sensor Lake Okeechobee / Central Inland,190,YELLOW,YELLOW
1772041388255,A2D2-7E4D,FLT-7E4D-001,26.742555,-80.997705,106.6,1.4,0,Mavic Air 2,false,drone_images/Mavic Air 2.png,26.745000,-81.005000,26.744500,-81.005300,apolloshield_dji,df,,,2414500000,RADAR-A2D2-7E4D,Sensor Lake Okeechobee / Central Inland,190,YELLOW,YELLOW
1772041389827,A2D2-7E4D,FLT-7E4D-001,26.742555,-80.997705,106.6,1.4,0,Mavic Air 2,false,drone_images/Mavic Air 2.png,26.745000,-81.005000,26.744500,-81.005300,apolloshield_dji,df,,,2414500000,RADAR-A2D2-7E4D,Sensor Lake Okeechobee / Central Inland,190,YELLOW,YELLOW
1772041390200,A2D2-7E4D,FLT-7E4D-001,26.742555,-80.997705,106.6,1.4,0,Mavic Air 2,false,drone_images/Mavic Air 2.png,26.745000,-81.005000,26.744500,-81.005300,apolloshield_dji,df,,,2414500000,RADAR-A2D2-7E4D,Sensor Lake Okeechobee / Central Inland,190,YELLOW,YELLOW
1772041391093,A2D2-7E4D,FLT-7E4D-001,26.742555,-80.997705,106.6,1.4,0,Mavic Air 2,false,drone_images/Mavic Air 2.png,26.745000,-81.005000,26.744500,-81.005300,apolloshield_dji,df,,,2414500000,RADAR-A2D2-7E4D,Sensor Lake Okeechobee / Central Inland,190,YELLOW,YELLOW
1772041395924,A2D2-7E4D,FLT-7E4D-001,26.742538,-80.997705,106.6,0.1,0,Mavic Air 2,false,drone_images/Mavic Air 2.png,26.745000,-81.005000,26.744500,-81.005300,apolloshield_dji,df,,,2414500000,RADAR-A2D2-7E4D,Sensor Lake Okeechobee / Central Inland,190,YELLOW,YELLOW
1772041398444,A2D2-7E4D,FLT-7E4D-001,26.742538,-80.997705,106.6,0.1,0,Mavic Air 2,false,drone_images/Mavic Air 2.png,26.745000,-81.005000,26.744500,-81.005300,apolloshield_dji,df,,,2414500000,RADAR-A2D2-7E4D,Sensor Lake Okeechobee / Central Inland,190,YELLOW,YELLOW
1772041399265,A2D2-7E4D,FLT-7E4D-001,26.742538,-80.997705,106.6,0.1,0,Mavic Air 2,false,drone_images/Mavic Air 2.png,26.745000,-81.005000,26.744500,-81.005300,apolloshield_dji,df,,,2414500000,RADAR-A2D2-7E4D,Sensor Lake Okeechobee / Central Inland,190,YELLOW,YELLOW
1772041400494,A2D2-7E4D,FLT-7E4D-001,26.742538,-80.997705,106.6,0.1,0,Mavic Air 2,false,drone_images/Mavic Air 2.png,26.745000,-81.005000,26.744500,-81.005300,apolloshield_dji,df,,,2414500000,RADAR-A2D2-7E4D,Sensor Lake Okeechobee / Central Inland,190,YELLOW,YELLOW
1772041400868,A2D2-7E4D,FLT-7E4D-001,26.742538,-80.997705,106.6,0.1,0,Mavic Air 2,false,drone_images/Mavic Air 2.png,26.745000,-81.005000,26.744500,-81.005300,apolloshield_dji,df,,,2414500000,RADAR-A2D2-7E4D,Sensor Lake Okeechobee / Central Inland,190,YELLOW,YELLOW
1772041402117,A2D2-7E4D,FLT-7E4D-001,26.742538,-80.997705,106.6,0.1,0,Mavic Air 2,false,drone_images/Mavic Air 2.png,26.745000,-81.005000,26.744500,-81.005300,apolloshield_dji,df,,,2414500000,RADAR-A2D2-7E4D,Sensor Lake Okeechobee / Central Inland,190,YELLOW,YELLOW
1772041402969,A2D2-7E4D,FLT-7E4D-001,26.742538,-80.997705,106.6,0.1,0,Mavic Air 2,false,drone_images/Mavic Air 2.png,26.745000,-81.005000,26.744500,-81.005300,apolloshield_dji,df,,,2414500000,RADAR-A2D2-7E4D,Sensor Lake Okeechobee / Central Inland,190,YELLOW,YELLOW
1772041403983,A2D2-7E4D,FLT-7E4D-001,26.742538,-80.997705,106.6,0.1,0,Mavic Air 2,false,drone_images/Mavic Air 2.png,26.745000,-81.005000,26.744500,-81.005300,apolloshield_dji,df,,,2414500000,RADAR-A2D2-7E4D,Sensor Lake Okeechobee / Central Inland,190,YELLOW,YELLOW
1772041404808,A2D2-7E4D,FLT-7E4D-001,26.742538,-80.997705,106.6,0.1,0,Mavic Air 2,false,drone_images/Mavic Air 2.png,26.745000,-81.005000,26.744500,-81.005300,apolloshield_dji,df,,,2414500000,RADAR-A2D2-7E4D,Sensor Lake Okeechobee / Central Inland,190,YELLOW,YELLOW
1772041405032,A2D2-7E4D,FLT-7E4D-001,26.742538,-80.997705,106.6,0.1,0,Mavic Air 2,false,drone_images/Mavic Air 2.png,26.745000,-81.005000,26.744500,-81.005300,apolloshield_dji,df,,,2414500000,RADAR-A2D2-7E4D,Sensor Lake Okeechobee / Central Inland,190,YELLOW,YELLOW
1772041405967,A2D2-7E4D,FLT-7E4D-001,26.742538,-80.997705,106.6,0.1,0,Mavic Air 2,false,drone_images/Mavic Air 2.png,26.745000,-81.005000,26.744500,-81.005300,apolloshield_dji,df,,,2414500000,RADAR-A2D2-7E4D,Sensor Lake Okeechobee / Central Inland,190,YELLOW,YELLOW
1772041408188,A2D2-7E4D,FLT-7E4D-001,26.742538,-80.997705,106.6,0.1,0,Mavic Air 2,false,drone_images/Mavic Air 2.png,26.745000,-81.005000,26.744500,-81.005300,apolloshield_dji,df,,,2414500000,RADAR-A2D2-7E4D,Sensor Lake Okeechobee / Central Inland,190,YELLOW,YELLOW
1772041408518,A2D2-7E4D,FLT-7E4D-001,26.742538,-80.997705,106.6,0.1,0,Mavic Air 2,false,drone_images/Mavic Air 2.png,26.745000,-81.005000,26.744500,-81.005300,apolloshield_dji,df,,,2414500000,RADAR-A2D2-7E4D,Sensor Lake Okeechobee / Central Inland,190,YELLOW,YELLOW
1772041409226,A2D2-7E4D,FLT-7E4D-001,26.742538,-80.997705,106.6,0.1,0,Mavic Air 2,false,drone_images/Mavic Air 2.png,26.745000,-81.005000,26.744500,-81.005300,apolloshield_dji,df,,,2414500000,RADAR-A2D2-7E4D,Sensor Lake Okeechobee / Central Inland,190,YELLOW,YELLOW
1772041409822,A2D2-7E4D,FLT-7E4D-001,26.742538,-80.997705,106.6,0.1,0,Mavic Air 2,false,drone_images/Mavic Air 2.png,26.745000,-81.005000,26.744500,-81.005300,apolloshield_dji,df,,,2414500000,RADAR-A2D2-7E4D,Sensor Lake Okeechobee / Central Inland,190,YELLOW,YELLOW
1772041410951,A2D2-7E4D,FLT-7E4D-001,26.742538,-80.997705,106.6,0.1,0,Mavic Air 2,false,drone_images/Mavic Air 2.png,26.745000,-81.005000,26.744500,-81.005300,apolloshield_dji,df,,,2414500000,RADAR-A2D2-7E4D,Sensor Lake Okeechobee / Central Inland,190,YELLOW,YELLOW
1772041411970,A2D2-7E4D,FLT-7E4D-001,26.742538,-80.997705,106.6,0.1,0,Mavic Air 2,false,drone_images/Mavic Air 2.png,26.745000,-81.005000,26.744500,-81.005300,apolloshield_dji,df,,,2414500000,RADAR-A2D2-7E4D,Sensor Lake Okeechobee / Central Inland,190,YELLOW,YELLOW
1772041412909,A2D2-7E4D,FLT-7E4D-001,26.742538,-80.997705,106.6,0.1,0,Mavic Air 2,false,drone_images/Mavic Air 2.png,26.745000,-81.005000,26.744500,-81.005300,apolloshield_dji,df,,,2414500000,RADAR-A2D2-7E4D,Sensor Lake Okeechobee / Central Inland,190,YELLOW,YELLOW
1772041414559,A2D2-7E4D,FLT-7E4D-001,26.742538,-80.997705,106.6,0.1,0,Mavic Air 2,false,drone_images/Mavic Air 2.png,26.745000,-81.005000,26.744500,-81.005300,apolloshield_dji,df,,,2414500000,RADAR-A2D2-7E4D,Sensor Lake Okeechobee / Central Inland,190,YELLOW,YELLOW
1772041415085,A2D2-7E4D,FLT-7E4D-001,26.742538,-80.997705,106.6,0.1,0,Mavic Air 2,false,drone_images/Mavic Air 2.png,26.745000,-81.005000,26.744500,-81.005300,apolloshield_dji,df,,,2414500000,RADAR-A2D2-7E4D,Sensor Lake Okeechobee / Central Inland,190,YELLOW,YELLOW
1772041416077,A2D2-7E4D,FLT-7E4D-001,26.742538,-80.997705,106.6,0.1,0,Mavic Air 2,false,drone_images/Mavic Air 2.png,26.745000,-81.005000,26.744500,-81.005300,apolloshield_dji,df,,,2414500000,RADAR-A2D2-7E4D,Sensor Lake Okeechobee / Central Inland,190,YELLOW,YELLOW
1772041417256,A2D2-7E4D,FLT-7E4D-001,26.742538,-80.997705,106.6,0.1,0,Mavic Air 2,false,drone_images/Mavic Air 2.png,26.745000,-81.005000,26.744500,-81.005300,apolloshield_dji,df,,,2414500000,RADAR-A2D2-7E4D,Sensor Lake Okeechobee / Central Inland,190,YELLOW,YELLOW
1772041418845,A2D2-7E4D,FLT-7E4D-001,26.742538,-80.997705,106.6,0.1,0,Mavic Air 2,false,drone_images/Mavic Air 2.png,26.745000,-81.005000,26.744500,-81.005300,apolloshield_dji,df,,,2414500000,RADAR-A2D2-7E4D,Sensor Lake Okeechobee / Central Inland,190,YELLOW,YELLOW
1772041419591,A2D2-7E4D,FLT-7E4D-001,26.742538,-80.997705,106.6,0.1,0,Mavic Air 2,false,drone_images/Mavic Air 2.png,26.745000,-81.005000,26.744500,-81.005300,apolloshield_dji,df,,,2414500000,RADAR-A2D2-7E4D,Sensor Lake Okeechobee / Central Inland,190,YELLOW,YELLOW
1772041420127,A2D2-7E4D,FLT-7E4D-001,26.742538,-80.997705,106.6,0.1,0,Mavic Air 2,false,drone_images/Mavic Air 2.png,26.745000,-81.005000,26.744500,-81.005300,apolloshield_dji,df,,,2414500000,RADAR-A2D2-7E4D,Sensor Lake Okeechobee / Central Inland,190,YELLOW,YELLOW
1772041421335,A2D2-7E4D,FLT-7E4D-001,26.742538,-80.997705,106.6,0.1,0,Mavic Air 2,false,drone_images/Mavic Air 2.png,26.745000,-81.005000,26.744500,-81.005300,apolloshield_dji,df,,,2414500000,RADAR-A2D2-7E4D,Sensor Lake Okeechobee / Central Inland,190,YELLOW,YELLOW
1772041422232,A2D2-7E4D,FLT-7E4D-001,26.742538,-80.997705,106.6,0.1,0,Mavic Air 2,false,drone_images/Mavic Air 2.png,26.745000,-81.005000,26.744500,-81.005300,apolloshield_dji,df,,,2414500000,RADAR-A2D2-7E4D,Sensor Lake Okeechobee / Central Inland,190,YELLOW,YELLOW
1772041422926,A2D2-7E4D,FLT-7E4D-001,26.742538,-80.997705,106.6,0.1,0,Mavic Air 2,false,drone_images/Mavic Air 2.png,26.745000,-81.005000,26.744500,-81.005300,apolloshield_dji,df,,,2414500000,RADAR-A2D2-7E4D,Sensor Lake Okeechobee / Central Inland,190,YELLOW,YELLOW
1772041424955,A2D2-7E4D,FLT-7E4D-001,26.742538,-80.997705,106.6,0.1,0,Mavic Air 2,false,drone_images/Mavic Air 2.png,26.745000,-81.005000,26.744500,-81.005300,apolloshield_dji,df,,,2414500000,RADAR-A2D2-7E4D,Sensor Lake Okeechobee / Central Inland,190,YELLOW,YELLOW
1772041425229,A2D2-7E4D,FLT-7E4D-001,26.742538,-80.997705,106.6,0.1,0,Mavic Air 2,false,drone_images/Mavic Air 2.png,26.745000,-81.005000,26.744500,-81.005300,apolloshield_dji,df,,,2414500000,RADAR-A2D2-7E4D,Sensor Lake Okeechobee / Central Inland,190,YELLOW,YELLOW
1772041426011,A2D2-7E4D,FLT-7E4D-001,26.742538,-80.997705,106.6,0.1,0,Mavic Air 2,false,drone_images/Mavic Air 2.png,26.745000,-81.005000,26.744500,-81.005300,apolloshield_dji,df,,,2414500000,RADAR-A2D2-7E4D,Sensor Lake Okeechobee / Central Inland,190,YELLOW,YELLOW
1772041427341,A2D2-7E4D,FLT-7E4D-001,26.742538,-80.997705,106.6,0.1,0,Mavic Air 2,false,drone_images/Mavic Air 2.png,26.745000,-81.005000,26.744500,-81.005300,apolloshield_dji,df,,,2414500000,RADAR-A2D2-7E4D,Sensor Lake Okeechobee / Central Inland,190,YELLOW,YELLOW
1772041428119,A2D2-7E4D,FLT-7E4D-001,26.742538,-80.997705,106.6,0.1,0,Mavic Air 2,false,drone_images/Mavic Air 2.png,26.745000,-81.005000,26.744500,-81.005300,apolloshield_dji,df,,,2414500000,RADAR-A2D2-7E4D,Sensor Lake Okeechobee / Central Inland,190,YELLOW,YELLOW
1772041429286,A2D2-7E4D,FLT-7E4D-001,26.742538,-80.997705,106.6,0.1,0,Mavic Air 2,false,drone_images/Mavic Air 2.png,26.745000,-81.005000,26.744500,-81.005300,apolloshield_dji,df,,,2414500000,RADAR-A2D2-7E4D,Sensor Lake Okeechobee / Central Inland,190,YELLOW,YELLOW
1772041430436,A2D2-7E4D,FLT-7E4D-001,26.742538,-80.997705,106.6,0.1,0,Mavic Air 2,false,drone_images/Mavic Air 2.png,26.745000,-81.005000,26.744500,-81.005300,apolloshield_dji,df,,,2414500000,RADAR-A2D2-7E4D,Sensor Lake Okeechobee / Central Inland,190,YELLOW,YELLOW
1772041431079,A2D2-7E4D,FLT-7E4D-001,26.742538,-80.997705,106.6,0.1,0,Mavic Air 2,false,drone_images/Mavic Air 2.png,26.745000,-81.005000,26.744500,-81.005300,apolloshield_dji,df,,,2414500000,RADAR-A2D2-7E4D,Sensor Lake Okeechobee / Central Inland,190,YELLOW,YELLOW
1772041432118,A2D2-7E4D,FLT-7E4D-001,26.742538,-80.997705,106.6,0.1,0,Mavic Air 2,false,drone_images/Mavic Air 2.png,26.745000,-81.005000,26.744500,-81.005300,apolloshield_dji,df,,,2414500000,RADAR-A2D2-7E4D,Sensor Lake Okeechobee / Central Inland,190,YELLOW,YELLOW
1772041433738,A2D2-7E4D,FLT-7E4D-001,26.742538,-80.997705,106.6,0.1,0,Mavic Air 2,false,drone_images/Mavic Air 2.png,26.745000,-81.005000,26.744500,-81.005300,apolloshield_dji,df,,,2414500000,RADAR-A2D2-7E4D,Sensor Lake Okeechobee / Central Inland,190,YELLOW,YELLOW
1772041433867,A2D2-7E4D,FLT-7E4D-001,26.742538,-80.997705,106.6,0.1,0,Mavic Air 2,false,drone_images/Mavic Air 2.png,26.745000,-81.005000,26.744500,-81.005300,apolloshield_dji,df,,,2414500000,RADAR-A2D2-7E4D,Sensor Lake Okeechobee / Central Inland,190,YELLOW,YELLOW
1772041435144,A2D2-7E4D,FLT-7E4D-001,26.742538,-80.997705,106.6,0.1,0,Mavic Air 2,false,drone_images/Mavic Air 2.png,26.745000,-81.005000,26.744500,-81.005300,apolloshield_dji,df,,,2414500000,RADAR-A2D2-7E4D,Sensor Lake Okeechobee / Central Inland,190,YELLOW,YELLOW
1772041436132,A2D2-7E4D,FLT-7E4D-001,26.742538,-80.997705,106.6,0.1,0,Mavic Air 2,false,drone_images/Mavic Air 2.png,26.745000,-81.005000,26.744500,-81.005300,apolloshield_dji,df,,,2414500000,RADAR-A2D2-7E4D,Sensor Lake Okeechobee / Central Inland,190,YELLOW,YELLOW
1772041437256,A2D2-7E4D,FLT-7E4D-001,26.742538,-80.997705,106.6,0.1,0,Mavic Air 2,false,drone_images/Mavic Air 2.png,26.745000,-81.005000,26.744500,-81.005300,apolloshield_dji,df,,,2414500000,RADAR-A2D2-7E4D,Sensor Lake Okeechobee / Central Inland,190,YELLOW,YELLOW
1772041439006,A2D2-7E4D,FLT-7E4D-001,26.742538,-80.997705,106.6,0.1,0,Mavic Air 2,false,drone_images/Mavic Air 2.png,26.745000,-81.005000,26.744500,-81.005300,apolloshield_dji,df,,,2414500000,RADAR-A2D2-7E4D,Sensor Lake Okeechobee / Central Inland,190,YELLOW,YELLOW
1772041439502,A2D2-7E4D,FLT-7E4D-001,26.742538,-80.997705,106.6,0.1,0,Mavic Air 2,false,drone_images/Mavic Air 2.png,26.745000,-81.005000,26.744500,-81.005300,apolloshield_dji,df,,,2414500000,RADAR-A2D2-7E4D,Sensor Lake Okeechobee / Central Inland,190,YELLOW,YELLOW
1772041440303,A2D2-7E4D,FLT-7E4D-001,26.742538,-80.997705,106.6,0.1,0,Mavic Air 2,false,drone_images/Mavic Air 2.png,26.745000,-81.005000,26.744500,-81.005300,apolloshield_dji,df,,,2414500000,RADAR-A2D2-7E4D,Sensor Lake Okeechobee / Central Inland,190,YELLOW,YELLOW
1772041497197,A2D2-7E4D,FLT-7E4D-001,26.747998,-80.997001,106.5,11,0,Mavic Air 2,false,drone_images/Mavic Air 2.png,26.745000,-81.005000,26.744500,-81.005300,apolloshield_dji,df,,,2414500000,RADAR-A2D2-7E4D,Sensor Lake Okeechobee / Central Inland,190,YELLOW,YELLOW
1772041498190,A2D2-7E4D,FLT-7E4D-001,26.747998,-80.997001,106.5,11,0,Mavic Air 2,false,drone_images/Mavic Air 2.png,26.745000,-81.005000,26.744500,-81.005300,apolloshield_dji,df,,,2414500000,RADAR-A2D2-7E4D,Sensor Lake Okeechobee / Central Inland,190,YELLOW,YELLOW
1772041499213,A2D2-7E4D,FLT-7E4D-001,26.747998,-80.997001,106.5,11,0,Mavic Air 2,false,drone_images/Mavic Air 2.png,26.745000,-81.005000,26.744500,-81.005300,apolloshield_dji,df,,,2414500000,RADAR-A2D2-7E4D,Sensor Lake Okeechobee / Central Inland,190,YELLOW,YELLOW
1772041500198,A2D2-7E4D,FLT-7E4D-001,26.747998,-80.997001,106.5,11,0,Mavic Air 2,false,drone_images/Mavic Air 2.png,26.745000,-81.005000,26.744500,-81.005300,apolloshield_dji,df,,,2414500000,RADAR-A2D2-7E4D,Sensor Lake Okeechobee / Central Inland,190,YELLOW,YELLOW
1772041501204,A2D2-7E4D,FLT-7E4D-001,26.747998,-80.997001,106.5,11,0,Mavic Air 2,false,drone_images/Mavic Air 2.png,26.745000,-81.005000,26.744500,-81.005300,apolloshield_dji,df,,,2414500000,RADAR-A2D2-7E4D,Sensor Lake Okeechobee / Central Inland,190,YELLOW,YELLOW
1772041502265,A2D2-7E4D,FLT-7E4D-001,26.747998,-80.997001,106.5,11,0,Mavic Air 2,false,drone_images/Mavic Air 2.png,26.745000,-81.005000,26.744500,-81.005300,apolloshield_dji,df,,,2414500000,RADAR-A2D2-7E4D,Sensor Lake Okeechobee / Central Inland,190,YELLOW,YELLOW
1772041503075,A2D2-7E4D,FLT-7E4D-001,26.747998,-80.997001,106.5,11,0,Mavic Air 2,false,drone_images/Mavic Air 2.png,26.745000,-81.005000,26.744500,-81.005300,apolloshield_dji,df,,,2414500000,RADAR-A2D2-7E4D,Sensor Lake Okeechobee / Central Inland,190,YELLOW,YELLOW
1772041504918,A2D2-7E4D,FLT-7E4D-001,26.747998,-80.997001,106.5,11,0,Mavic Air 2,false,drone_images/Mavic Air 2.png,26.745000,-81.005000,26.744500,-81.005300,apolloshield_dji,df,,,2414500000,RADAR-A2D2-7E4D,Sensor Lake Okeechobee / Central Inland,190,YELLOW,YELLOW
1772041505790,A2D2-7E4D,FLT-7E4D-001,26.747998,-80.997001,106.5,11,0,Mavic Air 2,false,drone_images/Mavic Air 2.png,26.745000,-81.005000,26.744500,-81.005300,apolloshield_dji,df,,,2414500000,RADAR-A2D2-7E4D,Sensor Lake Okeechobee / Central Inland,190,YELLOW,YELLOW
1772041506961,A2D2-7E4D,FLT-7E4D-001,26.747998,-80.997001,106.5,11,0,Mavic Air 2,false,drone_images/Mavic Air 2.png,26.745000,-81.005000,26.744500,-81.005300,apolloshield_dji,df,,,2414500000,RADAR-A2D2-7E4D,Sensor Lake Okeechobee / Central Inland,190,YELLOW,YELLOW
1772041507647,A2D2-7E4D,FLT-7E4D-001,26.747998,-80.997001,106.5,11,0,Mavic Air 2,false,drone_images/Mavic Air 2.png,26.745000,-81.005000,26.744500,-81.005300,apolloshield_dji,df,,,2414500000,RADAR-A2D2-7E4D,Sensor Lake Okeechobee / Central Inland,190,YELLOW,YELLOW
1772041508151,A2D2-7E4D,FLT-7E4D-001,26.747998,-80.997001,106.5,11,0,Mavic Air 2,false,drone_images/Mavic Air 2.png,26.745000,-81.005000,26.744500,-81.005300,apolloshield_dji,df,,,2414500000,RADAR-A2D2-7E4D,Sensor Lake Okeechobee / Central Inland,190,YELLOW,YELLOW
1772041509417,A2D2-7E4D,FLT-7E4D-001,26.747998,-80.997001,106.5,11,0,Mavic Air 2,false,drone_images/Mavic Air 2.png,26.745000,-81.005000,26.744500,-81.005300,apolloshield_dji,df,,,2414500000,RADAR-A2D2-7E4D,Sensor Lake Okeechobee / Central Inland,190,YELLOW,YELLOW
1772041510098,A2D2-7E4D,FLT-7E4D-001,26.747998,-80.997001,106.5,11,0,Mavic Air 2,false,drone_images/Mavic Air 2.png,26.745000,-81.005000,26.744500,-81.005300,apolloshield_dji,df,,,2414500000,RADAR-A2D2-7E4D,Sensor Lake Okeechobee / Central Inland,190,YELLOW,YELLOW
1772041510960,A2D2-7E4D,FLT-7E4D-001,26.747998,-80.997001,106.5,11,0,Mavic Air 2,false,drone_images/Mavic Air 2.png,26.745000,-81.005000,26.744500,-81.005300,apolloshield_dji,df,,,2414500000,RADAR-A2D2-7E4D,Sensor Lake Okeechobee / Central Inland,190,YELLOW,YELLOW
1772041512126,A2D2-7E4D,FLT-7E4D-001,26.747998,-80.997001,106.5,11,0,Mavic Air 2,false,drone_images/Mavic Air 2.png,26.745000,-81.005000,26.744500,-81.005300,apolloshield_dji,df,,,2414500000,RADAR-A2D2-7E4D,Sensor Lake Okeechobee / Central Inland,190,YELLOW,YELLOW
1772041513563,A2D2-7E4D,FLT-7E4D-001,26.747998,-80.997001,106.5,11,0,Mavic Air 2,false,drone_images/Mavic Air 2.png,26.745000,-81.005000,26.744500,-81.005300,apolloshield_dji,df,,,2414500000,RADAR-A2D2-7E4D,Sensor Lake Okeechobee / Central Inland,190,YELLOW,YELLOW
1772041514096,A2D2-7E4D,FLT-7E4D-001,26.747998,-80.997001,106.5,11,0,Mavic Air 2,false,drone_images/Mavic Air 2.png,26.745000,-81.005000,26.744500,-81.005300,apolloshield_dji,df,,,2414500000,RADAR-A2D2-7E4D,Sensor Lake Okeechobee / Central Inland,190,YELLOW,YELLOW
1772041515128,A2D2-7E4D,FLT-7E4D-001,26.747998,-80.997001,106.5,11,0,Mavic Air 2,false,drone_images/Mavic Air 2.png,26.745000,-81.005000,26.744500,-81.005300,apolloshield_dji,df,,,2414500000,RADAR-A2D2-7E4D,Sensor Lake Okeechobee / Central Inland,190,YELLOW,YELLOW
1772041515998,A2D2-7E4D,FLT-7E4D-001,26.747998,-80.997001,106.5,11,0,Mavic Air 2,false,drone_images/Mavic Air 2.png,26.745000,-81.005000,26.744500,-81.005300,apolloshield_dji,df,,,2414500000,RADAR-A2D2-7E4D,Sensor Lake Okeechobee / Central Inland,190,YELLOW,YELLOW
1772041517230,A2D2-7E4D,FLT-7E4D-001,26.747998,-80.997001,106.5,11,0,Mavic Air 2,false,drone_images/Mavic Air 2.png,26.745000,-81.005000,26.744500,-81.005300,apolloshield_dji,df,,,2414500000,RADAR-A2D2-7E4D,Sensor Lake Okeechobee / Central Inland,190,YELLOW,YELLOW
1772041517885,A2D2-7E4D,FLT-7E4D-001,26.747998,-80.997001,106.5,11,0,Mavic Air 2,false,drone_images/Mavic Air 2.png,26.745000,-81.005000,26.744500,-81.005300,apolloshield_dji,df,,,2414500000,RADAR-A2D2-7E4D,Sensor Lake Okeechobee / Central Inland,190,YELLOW,YELLOW
1772041519066,A2D2-7E4D,FLT-7E4D-001,26.747998,-80.997001,106.5,11,0,Mavic Air 2,false,drone_images/Mavic Air 2.png,26.745000,-81.005000,26.744500,-81.005300,apolloshield_dji,df,,,2414500000,RADAR-A2D2-7E4D,Sensor Lake Okeechobee / Central Inland,190,YELLOW,YELLOW
1772041520046,A2D2-7E4D,FLT-7E4D-001,26.747998,-80.997001,106.5,11,0,Mavic Air 2,false,drone_images/Mavic Air 2.png,26.745000,-81.005000,26.744500,-81.005300,apolloshield_dji,df,,,2414500000,RADAR-A2D2-7E4D,Sensor Lake Okeechobee / Central Inland,190,YELLOW,YELLOW
1772041521945,A2D2-7E4D,FLT-7E4D-001,26.747998,-80.997001,106.5,11,0,Mavic Air 2,false,drone_images/Mavic Air 2.png,26.745000,-81.005000,26.744500,-81.005300,apolloshield_dji,df,,,2414500000,RADAR-A2D2-7E4D,Sensor Lake Okeechobee / Central Inland,190,YELLOW,YELLOW
1772041521998,A2D2-7E4D,FLT-7E4D-001,26.747998,-80.997001,106.5,11,0,Mavic Air 2,false,drone_images/Mavic Air 2.png,26.745000,-81.005000,26.744500,-81.005300,apolloshield_dji,df,,,2414500000,RADAR-A2D2-7E4D,Sensor Lake Okeechobee / Central Inland,190,YELLOW,YELLOW
1772041523015,A2D2-7E4D,FLT-7E4D-001,26.747998,-80.997001,106.5,11,0,Mavic Air 2,false,drone_images/Mavic Air 2.png,26.745000,-81.005000,26.744500,-81.005300,apolloshield_dji,df,,,2414500000,RADAR-A2D2-7E4D,Sensor Lake Okeechobee / Central Inland,190,YELLOW,YELLOW
1772041523937,A2D2-7E4D,FLT-7E4D-001,26.747998,-80.997001,106.5,11,0,Mavic Air 2,false,drone_images/Mavic Air 2.png,26.745000,-81.005000,26.744500,-81.005300,apolloshield_dji,df,,,2414500000,RADAR-A2D2-7E4D,Sensor Lake Okeechobee / Central Inland,190,YELLOW,YELLOW
1772041525088,A2D2-7E4D,FLT-7E4D-001,26.747998,-80.997001,106.5,11,0,Mavic Air 2,false,drone_images/Mavic Air 2.png,26.745000,-81.005000,26.744500,-81.005300,apolloshield_dji,df,,,2414500000,RADAR-A2D2-7E4D,Sensor Lake Okeechobee / Central Inland,190,YELLOW,YELLOW
1772041526361,A2D2-7E4D,FLT-7E4D-001,26.747998,-80.997001,106.5,11,0,Mavic Air 2,false,drone_images/Mavic Air 2.png,26.745000,-81.005000,26.744500,-81.005300,apolloshield_dji,df,,,2414500000,RADAR-A2D2-7E4D,Sensor Lake Okeechobee / Central Inland,190,YELLOW,YELLOW
1772041527195,A2D2-7E4D,FLT-7E4D-001,26.747998,-80.997001,106.5,11,0,Mavic Air 2,false,drone_images/Mavic Air 2.png,26.745000,-81.005000,26.744500,-81.005300,apolloshield_dji,df,,,2414500000,RADAR-A2D2-7E4D,Sensor Lake Okeechobee / Central Inland,190,YELLOW,YELLOW
1772041528850,A2D2-7E4D,FLT-7E4D-001,26.747998,-80.997001,106.5,11,0,Mavic Air 2,false,drone_images/Mavic Air 2.png,26.745000,-81.005000,26.744500,-81.005300,apolloshield_dji,df,,,2414500000,RADAR-A2D2-7E4D,Sensor Lake Okeechobee / Central Inland,190,YELLOW,YELLOW
1772041529487,A2D2-7E4D,FLT-7E4D-001,26.747998,-80.997001,106.5,11,0,Mavic Air 2,false,drone_images/Mavic Air 2.png,26.745000,-81.005000,26.744500,-81.005300,apolloshield_dji,df,,,2414500000,RADAR-A2D2-7E4D,Sensor Lake Okeechobee / Central Inland,190,YELLOW,YELLOW
1772041529901,A2D2-7E4D,FLT-7E4D-001,26.747998,-80.997001,106.5,11,0,Mavic Air 2,false,drone_images/Mavic Air 2.png,26.745000,-81.005000,26.744500,-81.005300,apolloshield_dji,df,,,2414500000,RADAR-A2D2-7E4D,Sensor Lake Okeechobee / Central Inland,190,YELLOW,YELLOW
1772041531085,A2D2-7E4D,FLT-7E4D-001,26.747998,-80.997001,106.5,11,0,Mavic Air 2,false,drone_images/Mavic Air 2.png,26.745000,-81.005000,26.744500,-81.005300,apolloshield_dji,df,,,2414500000,RADAR-A2D2-7E4D,Sensor Lake Okeechobee / Central Inland,190,YELLOW,YELLOW
1772041533021,A2D2-7E4D,FLT-7E4D-001,26.747998,-80.997001,106.5,11,0,Mavic Air 2,false,drone_images/Mavic Air 2.png,26.745000,-81.005000,26.744500,-81.005300,apolloshield_dji,df,,,2414500000,RADAR-A2D2-7E4D,Sensor Lake Okeechobee / Central Inland,190,YELLOW,YELLOW
1772041533737,A2D2-7E4D,FLT-7E4D-001,26.747998,-80.997001,106.5,11,0,Mavic Air 2,false,drone_images/Mavic Air 2.png,26.745000,-81.005000,26.744500,-81.005300,apolloshield_dji,df,,,2414500000,RADAR-A2D2-7E4D,Sensor Lake Okeechobee / Central Inland,190,YELLOW,YELLOW
1772041535346,A2D2-7E4D,FLT-7E4D-001,26.747998,-80.997001,106.5,11,0,Mavic Air 2,false,drone_images/Mavic Air 2.png,26.745000,-81.005000,26.744500,-81.005300,apolloshield_dji,df,,,2414500000,RADAR-A2D2-7E4D,Sensor Lake Okeechobee / Central Inland,190,YELLOW,YELLOW
1772041535353,A2D2-7E4D,FLT-7E4D-001,26.747998,-80.997001,106.5,11,0,Mavic Air 2,false,drone_images/Mavic Air 2.png,26.745000,-81.005000,26.744500,-81.005300,apolloshield_dji,df,,,2414500000,RADAR-A2D2-7E4D,Sensor Lake Okeechobee / Central Inland,190,YELLOW,YELLOW
1772041536625,A2D2-7E4D,FLT-7E4D-001,26.747998,-80.997001,106.5,11,0,Mavic Air 2,false,drone_images/Mavic Air 2.png,26.745000,-81.005000,26.744500,-81.005300,apolloshield_dji,df,,,2414500000,RADAR-A2D2-7E4D,Sensor Lake Okeechobee / Central Inland,190,YELLOW,YELLOW
1772041536948,A2D2-7E4D,FLT-7E4D-001,26.747998,-80.997001,106.5,11,0,Mavic Air 2,false,drone_images/Mavic Air 2.png,26.745000,-81.005000,26.744500,-81.005300,apolloshield_dji,df,,,2414500000,RADAR-A2D2-7E4D,Sensor Lake Okeechobee / Central Inland,190,YELLOW,YELLOW
1772041537839,A2D2-7E4D,FLT-7E4D-001,26.747998,-80.997001,106.5,11,0,Mavic Air 2,false,drone_images/Mavic Air 2.png,26.745000,-81.005000,26.744500,-81.005300,apolloshield_dji,df,,,2414500000,RADAR-A2D2-7E4D,Sensor Lake Okeechobee / Central Inland,190,YELLOW,YELLOW
1772041538892,A2D2-7E4D,FLT-7E4D-001,26.747998,-80.997001,106.5,11,0,Mavic Air 2,false,drone_images/Mavic Air 2.png,26.745000,-81.005000,26.744500,-81.005300,apolloshield_dji,df,,,2414500000,RADAR-A2D2-7E4D,Sensor Lake Okeechobee / Central Inland,190,YELLOW,YELLOW
1772041540294,A2D2-7E4D,FLT-7E4D-001,26.747998,-80.997001,106.5,11,0,Mavic Air 2,false,drone_images/Mavic Air 2.png,26.745000,-81.005000,26.744500,-81.005300,apolloshield_dji,df,,,2414500000,RADAR-A2D2-7E4D,Sensor Lake Okeechobee / Central Inland,190,YELLOW,YELLOW
1772041541551,A2D2-7E4D,FLT-7E4D-001,26.747998,-80.997001,106.5,11,0,Mavic Air 2,false,drone_images/Mavic Air 2.png,26.745000,-81.005000,26.744500,-81.005300,apolloshield_dji,df,,,2414500000,RADAR-A2D2-7E4D,Sensor Lake Okeechobee / Central Inland,190,YELLOW,YELLOW
1772041542157,A2D2-7E4D,FLT-7E4D-001,26.747998,-80.997001,106.5,11,0,Mavic Air 2,false,drone_images/Mavic Air 2.png,26.745000,-81.005000,26.744500,-81.005300,apolloshield_dji,df,,,2414500000,RADAR-A2D2-7E4D,Sensor Lake Okeechobee / Central Inland,190,YELLOW,YELLOW
1772041572912,A2D2-7E4D,FLT-7E4D-001,26.755332,-80.996754,106.4,5.6,0,Mavic Air 2,false,drone_images/Mavic Air 2.png,26.745000,-81.005000,26.744500,-81.005300,apolloshield_dji,df,,,2414500000,RADAR-A2D2-7E4D,Sensor Lake Okeechobee / Central Inland,190,YELLOW,YELLOW
1772041574004,A2D2-7E4D,FLT-7E4D-001,26.755332,-80.996754,106.4,5.6,0,Mavic Air 2,false,drone_images/Mavic Air 2.png,26.745000,-81.005000,26.744500,-81.005300,apolloshield_dji,df,,,2414500000,RADAR-A2D2-7E4D,Sensor Lake Okeechobee / Central Inland,190,YELLOW,YELLOW
1772041574946,A2D2-7E4D,FLT-7E4D-001,26.755332,-80.996754,106.4,5.6,0,Mavic Air 2,false,drone_images/Mavic Air 2.png,26.745000,-81.005000,26.744500,-81.005300,apolloshield_dji,df,,,2414500000,RADAR-A2D2-7E4D,Sensor Lake Okeechobee / Central Inland,190,YELLOW,YELLOW
1772041576061,A2D2-7E4D,FLT-7E4D-001,26.755332,-80.996754,106.4,5.6,0,Mavic Air 2,false,drone_images/Mavic Air 2.png,26.745000,-81.005000,26.744500,-81.005300,apolloshield_dji,df,,,2414500000,RADAR-A2D2-7E4D,Sensor Lake Okeechobee / Central Inland,190,YELLOW,YELLOW
1772041576874,A2D2-7E4D,FLT-7E4D-001,26.755332,-80.996754,106.4,5.6,0,Mavic Air 2,false,drone_images/Mavic Air 2.png,26.745000,-81.005000,26.744500,-81.005300,apolloshield_dji,df,,,2414500000,RADAR-A2D2-7E4D,Sensor Lake Okeechobee / Central Inland,190,YELLOW,YELLOW
1772041577944,A2D2-7E4D,FLT-7E4D-001,26.755332,-80.996754,106.4,5.6,0,Mavic Air 2,false,drone_images/Mavic Air 2.png,26.745000,-81.005000,26.744500,-81.005300,apolloshield_dji,df,,,2414500000,RADAR-A2D2-7E4D,Sensor Lake Okeechobee / Central Inland,190,YELLOW,YELLOW
1772041579257,A2D2-7E4D,FLT-7E4D-001,26.755332,-80.996754,106.4,5.6,0,Mavic Air 2,false,drone_images/Mavic Air 2.png,26.745000,-81.005000,26.744500,-81.005300,apolloshield_dji,df,,,2414500000,RADAR-A2D2-7E4D,Sensor Lake Okeechobee / Central Inland,190,YELLOW,YELLOW
1772041580782,A2D2-7E4D,FLT-7E4D-001,26.755332,-80.996754,106.4,5.6,0,Mavic Air 2,false,drone_images/Mavic Air 2.png,26.745000,-81.005000,26.744500,-81.005300,apolloshield_dji,df,,,2414500000,RADAR-A2D2-7E4D,Sensor Lake Okeechobee / Central Inland,190,YELLOW,YELLOW
1772041580896,A2D2-7E4D,FLT-7E4D-001,26.755332,-80.996754,106.4,5.6,0,Mavic Air 2,false,drone_images/Mavic Air 2.png,26.745000,-81.005000,26.744500,-81.005300,apolloshield_dji,df,,,2414500000,RADAR-A2D2-7E4D,Sensor Lake Okeechobee / Central Inland,190,YELLOW,YELLOW
1772041581833,A2D2-7E4D,FLT-7E4D-001,26.755332,-80.996754,106.4,5.6,0,Mavic Air 2,false,drone_images/Mavic Air 2.png,26.745000,-81.005000,26.744500,-81.005300,apolloshield_dji,df,,,2414500000,RADAR-A2D2-7E4D,Sensor Lake Okeechobee / Central Inland,190,YELLOW,YELLOW
1772041583015,A2D2-7E4D,FLT-7E4D-001,26.755332,-80.996754,106.4,5.6,0,Mavic Air 2,false,drone_images/Mavic Air 2.png,26.745000,-81.005000,26.744500,-81.005300,apolloshield_dji,df,,,2414500000,RADAR-A2D2-7E4D,Sensor Lake Okeechobee / Central Inland,190,YELLOW,YELLOW
1772041584331,A2D2-7E4D,FLT-7E4D-001,26.755332,-80.996754,106.4,5.6,0,Mavic Air 2,false,drone_images/Mavic Air 2.png,26.745000,-81.005000,26.744500,-81.005300,apolloshield_dji,df,,,2414500000,RADAR-A2D2-7E4D,Sensor Lake Okeechobee / Central Inland,190,YELLOW,YELLOW
1772041585386,A2D2-7E4D,FLT-7E4D-001,26.755332,-80.996754,106.4,5.6,0,Mavic Air 2,false,drone_images/Mavic Air 2.png,26.745000,-81.005000,26.744500,-81.005300,apolloshield_dji,df,,,2414500000,RADAR-A2D2-7E4D,Sensor Lake Okeechobee / Central Inland,190,YELLOW,YELLOW
1772041585906,A2D2-7E4D,FLT-7E4D-001,26.755332,-80.996754,106.4,5.6,0,Mavic Air 2,false,drone_images/Mavic Air 2.png,26.745000,-81.005000,26.744500,-81.005300,apolloshield_dji,df,,,2414500000,RADAR-A2D2-7E4D,Sensor Lake Okeechobee / Central Inland,190,YELLOW,YELLOW
1772041587373,A2D2-7E4D,FLT-7E4D-001,26.755332,-80.996754,106.4,5.6,0,Mavic Air 2,false,drone_images/Mavic Air 2.png,26.745000,-81.005000,26.744500,-81.005300,apolloshield_dji,df,,,2414500000,RADAR-A2D2-7E4D,Sensor Lake Okeechobee / Central Inland,190,YELLOW,YELLOW
1772041587805,A2D2-7E4D,FLT-7E4D-001,26.755332,-80.996754,106.4,5.6,0,Mavic Air 2,false,drone_images/Mavic Air 2.png,26.745000,-81.005000,26.744500,-81.005300,apolloshield_dji,df,,,2414500000,RADAR-A2D2-7E4D,Sensor Lake Okeechobee / Central Inland,190,YELLOW,YELLOW
1772041588832,A2D2-7E4D,FLT-7E4D-001,26.755332,-80.996754,106.4,5.6,0,Mavic Air 2,false,drone_images/Mavic Air 2.png,26.745000,-81.005000,26.744500,-81.005300,apolloshield_dji,df,,,2414500000,RADAR-A2D2-7E4D,Sensor Lake Okeechobee / Central Inland,190,YELLOW,YELLOW
1772041590435,A2D2-7E4D,FLT-7E4D-001,26.755332,-80.996754,106.4,5.6,0,Mavic Air 2,false,drone_images/Mavic Air 2.png,26.745000,-81.005000,26.744500,-81.005300,apolloshield_dji,df,,,2414500000,RADAR-A2D2-7E4D,Sensor Lake Okeechobee / Central Inland,190,YELLOW,YELLOW
1772041590801,A2D2-7E4D,FLT-7E4D-001,26.755332,-80.996754,106.4,5.6,0,Mavic Air 2,false,drone_images/Mavic Air 2.png,26.745000,-81.005000,26.744500,-81.005300,apolloshield_dji,df,,,2414500000,RADAR-A2D2-7E4D,Sensor Lake Okeechobee / Central Inland,190,YELLOW,YELLOW
1772041592200,A2D2-7E4D,FLT-7E4D-001,26.755332,-80.996754,106.4,5.6,0,Mavic Air 2,false,drone_images/Mavic Air 2.png,26.745000,-81.005000,26.744500,-81.005300,apolloshield_dji,df,,,2414500000,RADAR-A2D2-7E4D,Sensor Lake Okeechobee / Central Inland,190,YELLOW,YELLOW
1772041592725,A2D2-7E4D,FLT-7E4D-001,26.755332,-80.996754,106.4,5.6,0,Mavic Air 2,false,drone_images/Mavic Air 2.png,26.745000,-81.005000,26.744500,-81.005300,apolloshield_dji,df,,,2414500000,RADAR-A2D2-7E4D,Sensor Lake Okeechobee / Central Inland,190,YELLOW,YELLOW
1772041593822,A2D2-7E4D,FLT-7E4D-001,26.755332,-80.996754,106.4,5.6,0,Mavic Air 2,false,drone_images/Mavic Air 2.png,26.745000,-81.005000,26.744500,-81.005300,apolloshield_dji,df,,,2414500000,RADAR-A2D2-7E4D,Sensor Lake Okeechobee / Central Inland,190,YELLOW,YELLOW
1772041595151,A2D2-7E4D,FLT-7E4D-001,26.755332,-80.996754,106.4,5.6,0,Mavic Air 2,false,drone_images/Mavic Air 2.png,26.745000,-81.005000,26.744500,-81.005300,apolloshield_dji,df,,,2414500000,RADAR-A2D2-7E4D,Sensor Lake Okeechobee / Central Inland,190,YELLOW,YELLOW
1772041596438,A2D2-7E4D,FLT-7E4D-001,26.755332,-80.996754,106.4,5.6,0,Mavic Air 2,false,drone_images/Mavic Air 2.png,26.745000,-81.005000,26.744500,-81.005300,apolloshield_dji,df,,,2414500000,RADAR-A2D2-7E4D,Sensor Lake Okeechobee / Central Inland,190,YELLOW,YELLOW
1772041597127,A2D2-7E4D,FLT-7E4D-001,26.755332,-80.996754,106.4,5.6,0,Mavic Air 2,false,drone_images/Mavic Air 2.png,26.745000,-81.005000,26.744500,-81.005300,apolloshield_dji,df,,,2414500000,RADAR-A2D2-7E4D,Sensor Lake Okeechobee / Central Inland,190,YELLOW,YELLOW
1772041598486,A2D2-7E4D,FLT-7E4D-001,26.755332,-80.996754,106.4,5.6,0,Mavic Air 2,false,drone_images/Mavic Air 2.png,26.745000,-81.005000,26.744500,-81.005300,apolloshield_dji,df,,,2414500000,RADAR-A2D2-7E4D,Sensor Lake Okeechobee / Central Inland,190,YELLOW,YELLOW
1772041599407,A2D2-7E4D,FLT-7E4D-001,26.755332,-80.996754,106.4,5.6,0,Mavic Air 2,false,drone_images/Mavic Air 2.png,26.745000,-81.005000,26.744500,-81.005300,apolloshield_dji,df,,,2414500000,RADAR-A2D2-7E4D,Sensor Lake Okeechobee / Central Inland,190,YELLOW,YELLOW
1772041600204,A2D2-7E4D,FLT-7E4D-001,26.755332,-80.996754,106.4,5.6,0,Mavic Air 2,false,drone_images/Mavic Air 2.png,26.745000,-81.005000,26.744500,-81.005300,apolloshield_dji,df,,,2414500000,RADAR-A2D2-7E4D,Sensor Lake Okeechobee / Central Inland,190,YELLOW,YELLOW
1772041601150,A2D2-7E4D,FLT-7E4D-001,26.755332,-80.996754,106.4,5.6,0,Mavic Air 2,false,drone_images/Mavic Air 2.png,26.745000,-81.005000,26.744500,-81.005300,apolloshield_dji,df,,,2414500000,RADAR-A2D2-7E4D,Sensor Lake Okeechobee / Central Inland,190,YELLOW,YELLOW
1772041602065,A2D2-7E4D,FLT-7E4D-001,26.755332,-80.996754,106.4,5.6,0,Mavic Air 2,false,drone_images/Mavic Air 2.png,26.745000,-81.005000,26.744500,-81.005300,apolloshield_dji,df,,,2414500000,RADAR-A2D2-7E4D,Sensor Lake Okeechobee / Central Inland,190,YELLOW,YELLOW
1772041604299,A2D2-7E4D,FLT-7E4D-001,26.755332,-80.996754,106.4,5.6,0,Mavic Air 2,false,drone_images/Mavic Air 2.png,26.745000,-81.005000,26.744500,-81.005300,apolloshield_dji,df,,,2414500000,RADAR-A2D2-7E4D,Sensor Lake Okeechobee / Central Inland,190,YELLOW,YELLOW
1772041604833,A2D2-7E4D,FLT-7E4D-001,26.755332,-80.996754,106.4,5.6,0,Mavic Air 2,false,drone_images/Mavic Air 2.png,26.745000,-81.005000,26.744500,-81.005300,apolloshield_dji,df,,,2414500000,RADAR-A2D2-7E4D,Sensor Lake Okeechobee / Central Inland,190,YELLOW,YELLOW
1772041606134,A2D2-7E4D,FLT-7E4D-001,26.755332,-80.996754,106.4,5.6,0,Mavic Air 2,false,drone_images/Mavic Air 2.png,26.745000,-81.005000,26.744500,-81.005300,apolloshield_dji,df,,,2414500000,RADAR-A2D2-7E4D,Sensor Lake Okeechobee / Central Inland,190,YELLOW,YELLOW
1772041606505,A2D2-7E4D,FLT-7E4D-001,26.755332,-80.996754,106.4,5.6,0,Mavic Air 2,false,drone_images/Mavic Air 2.png,26.745000,-81.005000,26.744500,-81.005300,apolloshield_dji,df,,,2414500000,RADAR-A2D2-7E4D,Sensor Lake Okeechobee / Central Inland,190,YELLOW,YELLOW
1772041607792,A2D2-7E4D,FLT-7E4D-001,26.755332,-80.996754,106.4,5.6,0,Mavic Air 2,false,drone_images/Mavic Air 2.png,26.745000,-81.005000,26.744500,-81.005300,apolloshield_dji,df,,,2414500000,RADAR-A2D2-7E4D,Sensor Lake Okeechobee / Central Inland,190,YELLOW,YELLOW
1772041608343,A2D2-7E4D,FLT-7E4D-001,26.755332,-80.996754,106.4,5.6,0,Mavic Air 2,false,drone_images/Mavic Air 2.png,26.745000,-81.005000,26.744500,-81.005300,apolloshield_dji,df,,,2414500000,RADAR-A2D2-7E4D,Sensor Lake Okeechobee / Central Inland,190,YELLOW,YELLOW
1772041609519,A2D2-7E4D,FLT-7E4D-001,26.755332,-80.996754,106.4,5.6,0,Mavic Air 2,false,drone_images/Mavic Air 2.png,26.745000,-81.005000,26.744500,-81.005300,apolloshield_dji,df,,,2414500000,RADAR-A2D2-7E4D,Sensor Lake Okeechobee / Central Inland,190,YELLOW,YELLOW
1772041611207,A2D2-7E4D,FLT-7E4D-001,26.755332,-80.996754,106.4,5.6,0,Mavic Air 2,false,drone_images/Mavic Air 2.png,26.745000,-81.005000,26.744500,-81.005300,apolloshield_dji,df,,,2414500000,RADAR-A2D2-7E4D,Sensor Lake Okeechobee / Central Inland,190,YELLOW,YELLOW
1772041611595,A2D2-7E4D,FLT-7E4D-001,26.755332,-80.996754,106.4,5.6,0,Mavic Air 2,false,drone_images/Mavic Air 2.png,26.745000,-81.005000,26.744500,-81.005300,apolloshield_dji,df,,,2414500000,RADAR-A2D2-7E4D,Sensor Lake Okeechobee / Central Inland,190,YELLOW,YELLOW
1772041612263,A2D2-7E4D,FLT-7E4D-001,26.755332,-80.996754,106.4,5.6,0,Mavic Air 2,false,drone_images/Mavic Air 2.png,26.745000,-81.005000,26.744500,-81.005300,apolloshield_dji,df,,,2414500000,RADAR-A2D2-7E4D,Sensor Lake Okeechobee / Central Inland,190,YELLOW,YELLOW
1772041612946,A2D2-7E4D,FLT-7E4D-001,26.755332,-80.996754,106.4,5.6,0,Mavic Air 2,false,drone_images/Mavic Air 2.png,26.745000,-81.005000,26.744500,-81.005300,apolloshield_dji,df,,,2414500000,RADAR-A2D2-7E4D,Sensor Lake Okeechobee / Central Inland,190,YELLOW,YELLOW
1772041614498,A2D2-7E4D,FLT-7E4D-001,26.755332,-80.996754,106.4,5.6,0,Mavic Air 2,false,drone_images/Mavic Air 2.png,26.745000,-81.005000,26.744500,-81.005300,apolloshield_dji,df,,,2414500000,RADAR-A2D2-7E4D,Sensor Lake Okeechobee / Central Inland,190,YELLOW,YELLOW
1772041614881,A2D2-7E4D,FLT-7E4D-001,26.755332,-80.996754,106.4,5.6,0,Mavic Air 2,false,drone_images/Mavic Air 2.png,26.745000,-81.005000,26.744500,-81.005300,apolloshield_dji,df,,,2414500000,RADAR-A2D2-7E4D,Sensor Lake Okeechobee / Central Inland,190,YELLOW,YELLOW
1772041616052,A2D2-7E4D,FLT-7E4D-001,26.755332,-80.996754,106.4,5.6,0,Mavic Air 2,false,drone_images/Mavic Air 2.png,26.745000,-81.005000,26.744500,-81.005300,apolloshield_dji,df,,,2414500000,RADAR-A2D2-7E4D,Sensor Lake Okeechobee / Central Inland,190,YELLOW,YELLOW
1772041617673,A2D2-7E4D,FLT-7E4D-001,26.755332,-80.996754,106.4,5.6,0,Mavic Air 2,false,drone_images/Mavic Air 2.png,26.745000,-81.005000,26.744500,-81.005300,apolloshield_dji,df,,,2414500000,RADAR-A2D2-7E4D,Sensor Lake Okeechobee / Central Inland,190,YELLOW,YELLOW
1772041670836,A2D2-7E4D,FLT-7E4D-001,26.750238,-80.996393,106.5,11,0,Mavic Air 2,false,drone_images/Mavic Air 2.png,26.745000,-81.005000,26.744500,-81.005300,apolloshield_dji,df,,,2414500000,RADAR-A2D2-7E4D,Sensor Lake Okeechobee / Central Inland,190,YELLOW,YELLOW
1772041671139,A2D2-7E4D,FLT-7E4D-001,26.750238,-80.996393,106.5,11,0,Mavic Air 2,false,drone_images/Mavic Air 2.png,26.745000,-81.005000,26.744500,-81.005300,apolloshield_dji,df,,,2414500000,RADAR-A2D2-7E4D,Sensor Lake Okeechobee / Central Inland,190,YELLOW,YELLOW
1772041672012,A2D2-7E4D,FLT-7E4D-001,26.750238,-80.996393,106.5,11,0,Mavic Air 2,false,drone_images/Mavic Air 2.png,26.745000,-81.005000,26.744500,-81.005300,apolloshield_dji,df,,,2414500000,RADAR-A2D2-7E4D,Sensor Lake Okeechobee / Central Inland,190,YELLOW,YELLOW
1772041673074,A2D2-7E4D,FLT-7E4D-001,26.750238,-80.996393,106.5,11,0,Mavic Air 2,false,drone_images/Mavic Air 2.png,26.745000,-81.005000,26.744500,-81.005300,apolloshield_dji,df,,,2414500000,RADAR-A2D2-7E4D,Sensor Lake Okeechobee / Central Inland,190,YELLOW,YELLOW
1772041673863,A2D2-7E4D,FLT-7E4D-001,26.750238,-80.996393,106.5,11,0,Mavic Air 2,false,drone_images/Mavic Air 2.png,26.745000,-81.005000,26.744500,-81.005300,apolloshield_dji,df,,,2414500000,RADAR-A2D2-7E4D,Sensor Lake Okeechobee / Central Inland,190,YELLOW,YELLOW
1772041675248,A2D2-7E4D,FLT-7E4D-001,26.750238,-80.996393,106.5,11,0,Mavic Air 2,false,drone_images/Mavic Air 2.png,26.745000,-81.005000,26.744500,-81.005300,apolloshield_dji,df,,,2414500000,RADAR-A2D2-7E4D,Sensor Lake Okeechobee / Central Inland,190,YELLOW,YELLOW
1772041675836,A2D2-7E4D,FLT-7E4D-001,26.750238,-80.996393,106.5,11,0,Mavic Air 2,false,drone_images/Mavic Air 2.png,26.745000,-81.005000,26.744500,-81.005300,apolloshield_dji,df,,,2414500000,RADAR-A2D2-7E4D,Sensor Lake Okeechobee / Central Inland,190,YELLOW,YELLOW
1772041677651,A2D2-7E4D,FLT-7E4D-001,26.750238,-80.996393,106.5,11,0,Mavic Air 2,false,drone_images/Mavic Air 2.png,26.745000,-81.005000,26.744500,-81.005300,apolloshield_dji,df,,,2414500000,RADAR-A2D2-7E4D,Sensor Lake Okeechobee / Central Inland,190,YELLOW,YELLOW
1772041678070,A2D2-7E4D,FLT-7E4D-001,26.750238,-80.996393,106.5,11,0,Mavic Air 2,false,drone_images/Mavic Air 2.png,26.745000,-81.005000,26.744500,-81.005300,apolloshield_dji,df,,,2414500000,RADAR-A2D2-7E4D,Sensor Lake Okeechobee / Central Inland,190,YELLOW,YELLOW
1772041678850,A2D2-7E4D,FLT-7E4D-001,26.750238,-80.996393,106.5,11,0,Mavic Air 2,false,drone_images/Mavic Air 2.png,26.745000,-81.005000,26.744500,-81.005300,apolloshield_dji,df,,,2414500000,RADAR-A2D2-7E4D,Sensor Lake Okeechobee / Central Inland,190,YELLOW,YELLOW
1772041680453,A2D2-7E4D,FLT-7E4D-001,26.750238,-80.996393,106.5,11,0,Mavic Air 2,false,drone_images/Mavic Air 2.png,26.745000,-81.005000,26.744500,-81.005300,apolloshield_dji,df,,,2414500000,RADAR-A2D2-7E4D,Sensor Lake Okeechobee / Central Inland,190,YELLOW,YELLOW
1772041681411,A2D2-7E4D,FLT-7E4D-001,26.750238,-80.996393,106.5,11,0,Mavic Air 2,false,drone_images/Mavic Air 2.png,26.745000,-81.005000,26.744500,-81.005300,apolloshield_dji,df,,,2414500000,RADAR-A2D2-7E4D,Sensor Lake Okeechobee / Central Inland,190,YELLOW,YELLOW
1772041682004,A2D2-7E4D,FLT-7E4D-001,26.750238,-80.996393,106.5,11,0,Mavic Air 2,false,drone_images/Mavic Air 2.png,26.745000,-81.005000,26.744500,-81.005300,apolloshield_dji,df,,,2414500000,RADAR-A2D2-7E4D,Sensor Lake Okeechobee / Central Inland,190,YELLOW,YELLOW
1772041683436,A2D2-7E4D,FLT-7E4D-001,26.750238,-80.996393,106.5,11,0,Mavic Air 2,false,drone_images/Mavic Air 2.png,26.745000,-81.005000,26.744500,-81.005300,apolloshield_dji,df,,,2414500000,RADAR-A2D2-7E4D,Sensor Lake Okeechobee / Central Inland,190,YELLOW,YELLOW
1772041684013,A2D2-7E4D,FLT-7E4D-001,26.750238,-80.996393,106.5,11,0,Mavic Air 2,false,drone_images/Mavic Air 2.png,26.745000,-81.005000,26.744500,-81.005300,apolloshield_dji,df,,,2414500000,RADAR-A2D2-7E4D,Sensor Lake Okeechobee / Central Inland,190,YELLOW,YELLOW
1772041685032,A2D2-7E4D,FLT-7E4D-001,26.750238,-80.996393,106.5,11,0,Mavic Air 2,false,drone_images/Mavic Air 2.png,26.745000,-81.005000,26.744500,-81.005300,apolloshield_dji,df,,,2414500000,RADAR-A2D2-7E4D,Sensor Lake Okeechobee / Central Inland,190,YELLOW,YELLOW
1772041685677,A2D2-7E4D,FLT-7E4D-001,26.750238,-80.996393,106.5,11,0,Mavic Air 2,false,drone_images/Mavic Air 2.png,26.745000,-81.005000,26.744500,-81.005300,apolloshield_dji,df,,,2414500000,RADAR-A2D2-7E4D,Sensor Lake Okeechobee / Central Inland,190,YELLOW,YELLOW
1772041687012,A2D2-7E4D,FLT-7E4D-001,26.750238,-80.996393,106.5,11,0,Mavic Air 2,false,drone_images/Mavic Air 2.png,26.745000,-81.005000,26.744500,-81.005300,apolloshield_dji,df,,,2414500000,RADAR-A2D2-7E4D,Sensor Lake Okeechobee / Central Inland,190,YELLOW,YELLOW
1772041688021,A2D2-7E4D,FLT-7E4D-001,26.750238,-80.996393,106.5,11,0,Mavic Air 2,false,drone_images/Mavic Air 2.png,26.745000,-81.005000,26.744500,-81.005300,apolloshield_dji,df,,,2414500000,RADAR-A2D2-7E4D,Sensor Lake Okeechobee / Central Inland,190,YELLOW,YELLOW
1772041688747,A2D2-7E4D,FLT-7E4D-001,26.750238,-80.996393,106.5,11,0,Mavic Air 2,false,drone_images/Mavic Air 2.png,26.745000,-81.005000,26.744500,-81.005300,apolloshield_dji,df,,,2414500000,RADAR-A2D2-7E4D,Sensor Lake Okeechobee / Central Inland,190,YELLOW,YELLOW
1772041689712,A2D2-7E4D,FLT-7E4D-001,26.750238,-80.996393,106.5,11,0,Mavic Air 2,false,drone_images/Mavic Air 2.png,26.745000,-81.005000,26.744500,-81.005300,apolloshield_dji,df,,,2414500000,RADAR-A2D2-7E4D,Sensor Lake Okeechobee / Central Inland,190,YELLOW,YELLOW
1772041690791,A2D2-7E4D,FLT-7E4D-001,26.750238,-80.996393,106.5,11,0,Mavic Air 2,false,drone_images/Mavic Air 2.png,26.745000,-81.005000,26.744500,-81.005300,apolloshield_dji,df,,,2414500000,RADAR-A2D2-7E4D,Sensor Lake Okeechobee / Central Inland,190,YELLOW,YELLOW
1772041691807,A2D2-7E4D,FLT-7E4D-001,26.750238,-80.996393,106.5,11,0,Mavic Air 2,false,drone_images/Mavic Air 2.png,26.745000,-81.005000,26.744500,-81.005300,apolloshield_dji,df,,,2414500000,RADAR-A2D2-7E4D,Sensor Lake Okeechobee / Central Inland,190,YELLOW,YELLOW
1772041693101,A2D2-7E4D,FLT-7E4D-001,26.750238,-80.996393,106.5,11,0,Mavic Air 2,false,drone_images/Mavic Air 2.png,26.745000,-81.005000,26.744500,-81.005300,apolloshield_dji,df,,,2414500000,RADAR-A2D2-7E4D,Sensor Lake Okeechobee / Central Inland,190,YELLOW,YELLOW
1772041693915,A2D2-7E4D,FLT-7E4D-001,26.750238,-80.996393,106.5,11,0,Mavic Air 2,false,drone_images/Mavic Air 2.png,26.745000,-81.005000,26.744500,-81.005300,apolloshield_dji,df,,,2414500000,RADAR-A2D2-7E4D,Sensor Lake Okeechobee / Central Inland,190,YELLOW,YELLOW
1772041695225,A2D2-7E4D,FLT-7E4D-001,26.750238,-80.996393,106.5,11,0,Mavic Air 2,false,drone_images/Mavic Air 2.png,26.745000,-81.005000,26.744500,-81.005300,apolloshield_dji,df,,,2414500000,RADAR-A2D2-7E4D,Sensor Lake Okeechobee / Central Inland,190,YELLOW,YELLOW
1772041695857,A2D2-7E4D,FLT-7E4D-001,26.750238,-80.996393,106.5,11,0,Mavic Air 2,false,drone_images/Mavic Air 2.png,26.745000,-81.005000,26.744500,-81.005300,apolloshield_dji,df,,,2414500000,RADAR-A2D2-7E4D,Sensor Lake Okeechobee / Central Inland,190,YELLOW,YELLOW
1772041697049,A2D2-7E4D,FLT-7E4D-001,26.750238,-80.996393,106.5,11,0,Mavic Air 2,false,drone_images/Mavic Air 2.png,26.745000,-81.005000,26.744500,-81.005300,apolloshield_dji,df,,,2414500000,RADAR-A2D2-7E4D,Sensor Lake Okeechobee / Central Inland,190,YELLOW,YELLOW
1772041698155,A2D2-7E4D,FLT-7E4D-001,26.747471,-80.996479,106.5,11,0,Mavic Air 2,false,drone_images/Mavic Air 2.png,26.745000,-81.005000,26.744500,-81.005300,apolloshield_dji,df,,,2414500000,RADAR-A2D2-7E4D,Sensor Lake Okeechobee / Central Inland,190,YELLOW,YELLOW
1772041698727,A2D2-7E4D,FLT-7E4D-001,26.747471,-80.996479,106.5,11,0,Mavic Air 2,false,drone_images/Mavic Air 2.png,26.745000,-81.005000,26.744500,-81.005300,apolloshield_dji,df,,,2414500000,RADAR-A2D2-7E4D,Sensor Lake Okeechobee / Central Inland,190,YELLOW,YELLOW
1772041699822,A2D2-7E4D,FLT-7E4D-001,26.747471,-80.996479,106.5,11,0,Mavic Air 2,false,drone_images/Mavic Air 2.png,26.745000,-81.005000,26.744500,-81.005300,apolloshield_dji,df,,,2414500000,RADAR-A2D2-7E4D,Sensor Lake Okeechobee / Central Inland,190,YELLOW,YELLOW
1772041700743,A2D2-7E4D,FLT-7E4D-001,26.747471,-80.996479,106.5,11,0,Mavic Air 2,false,drone_images/Mavic Air 2.png,26.745000,-81.005000,26.744500,-81.005300,apolloshield_dji,df,,,2414500000,RADAR-A2D2-7E4D,Sensor Lake Okeechobee / Central Inland,190,YELLOW,YELLOW
1772041701934,A2D2-7E4D,FLT-7E4D-001,26.747471,-80.996479,106.5,11,0,Mavic Air 2,false,drone_images/Mavic Air 2.png,26.745000,-81.005000,26.744500,-81.005300,apolloshield_dji,df,,,2414500000,RADAR-A2D2-7E4D,Sensor Lake Okeechobee / Central Inland,190,YELLOW,YELLOW
1772041702999,A2D2-7E4D,FLT-7E4D-001,26.747471,-80.996479,106.5,11,0,Mavic Air 2,false,drone_images/Mavic Air 2.png,26.745000,-81.005000,26.744500,-81.005300,apolloshield_dji,df,,,2414500000,RADAR-A2D2-7E4D,Sensor Lake Okeechobee / Central Inland,190,YELLOW,YELLOW
1772041704091,A2D2-7E4D,FLT-7E4D-001,26.747471,-80.996479,106.5,11,0,Mavic Air 2,false,drone_images/Mavic Air 2.png,26.745000,-81.005000,26.744500,-81.005300,apolloshield_dji,df,,,2414500000,RADAR-A2D2-7E4D,Sensor Lake Okeechobee / Central Inland,190,YELLOW,YELLOW
1772041704915,A2D2-7E4D,FLT-7E4D-001,26.747471,-80.996479,106.5,11,0,Mavic Air 2,false,drone_images/Mavic Air 2.png,26.745000,-81.005000,26.744500,-81.005300,apolloshield_dji,df,,,2414500000,RADAR-A2D2-7E4D,Sensor Lake Okeechobee / Central Inland,190,YELLOW,YELLOW
1772041705767,A2D2-7E4D,FLT-7E4D-001,26.747471,-80.996479,106.5,11,0,Mavic Air 2,false,drone_images/Mavic Air 2.png,26.745000,-81.005000,26.744500,-81.005300,apolloshield_dji,df,,,2414500000,RADAR-A2D2-7E4D,Sensor Lake Okeechobee / Central Inland,190,YELLOW,YELLOW
1772041706825,A2D2-7E4D,FLT-7E4D-001,26.747471,-80.996479,106.5,11,0,Mavic Air 2,false,drone_images/Mavic Air 2.png,26.745000,-81.005000,26.744500,-81.005300,apolloshield_dji,df,,,2414500000,RADAR-A2D2-7E4D,Sensor Lake Okeechobee / Central Inland,190,YELLOW,YELLOW
1772041707851,A2D2-7E4D,FLT-7E4D-001,26.747471,-80.996479,106.5,11,0,Mavic Air 2,false,drone_images/Mavic Air 2.png,26.745000,-81.005000,26.744500,-81.005300,apolloshield_dji,df,,,2414500000,RADAR-A2D2-7E4D,Sensor Lake Okeechobee / Central Inland,190,YELLOW,YELLOW
1772041709219,A2D2-7E4D,FLT-7E4D-001,26.747471,-80.996479,106.5,11,0,Mavic Air 2,false,drone_images/Mavic Air 2.png,26.745000,-81.005000,26.744500,-81.005300,apolloshield_dji,df,,,2414500000,RADAR-A2D2-7E4D,Sensor Lake Okeechobee / Central Inland,190,YELLOW,YELLOW
1772041709694,A2D2-7E4D,FLT-7E4D-001,26.747471,-80.996479,106.5,11,0,Mavic Air 2,false,drone_images/Mavic Air 2.png,26.745000,-81.005000,26.744500,-81.005300,apolloshield_dji,df,,,2414500000,RADAR-A2D2-7E4D,Sensor Lake Okeechobee / Central Inland,190,YELLOW,YELLOW
1772041710731,A2D2-7E4D,FLT-7E4D-001,26.747471,-80.996479,106.5,11,0,Mavic Air 2,false,drone_images/Mavic Air 2.png,26.745000,-81.005000,26.744500,-81.005300,apolloshield_dji,df,,,2414500000,RADAR-A2D2-7E4D,Sensor Lake Okeechobee / Central Inland,190,YELLOW,YELLOW
1772041711783,A2D2-7E4D,FLT-7E4D-001,26.747471,-80.996479,106.5,11,0,Mavic Air 2,false,drone_images/Mavic Air 2.png,26.745000,-81.005000,26.744500,-81.005300,apolloshield_dji,df,,,2414500000,RADAR-A2D2-7E4D,Sensor Lake Okeechobee / Central Inland,190,YELLOW,YELLOW
1772041713302,A2D2-7E4D,FLT-7E4D-001,26.747471,-80.996479,106.5,11,0,Mavic Air 2,false,drone_images/Mavic Air 2.png,26.745000,-81.005000,26.744500,-81.005300,apolloshield_dji,df,,,2414500000,RADAR-A2D2-7E4D,Sensor Lake Okeechobee / Central Inland,190,YELLOW,YELLOW
1772041713657,A2D2-7E4D,FLT-7E4D-001,26.747471,-80.996479,106.5,11,0,Mavic Air 2,false,drone_images/Mavic Air 2.png,26.745000,-81.005000,26.744500,-81.005300,apolloshield_dji,df,,,2414500000,RADAR-A2D2-7E4D,Sensor Lake Okeechobee / Central Inland,190,YELLOW,YELLOW
1772041715099,A2D2-7E4D,FLT-7E4D-001,26.747471,-80.996479,106.5,11,0,Mavic Air 2,false,drone_images/Mavic Air 2.png,26.745000,-81.005000,26.744500,-81.005300,apolloshield_dji,df,,,2414500000,RADAR-A2D2-7E4D,Sensor Lake Okeechobee / Central Inland,190,YELLOW,YELLOW
1772041715765,A2D2-7E4D,FLT-7E4D-001,26.747471,-80.996479,106.5,11,0,Mavic Air 2,false,drone_images/Mavic Air 2.png,26.745000,-81.005000,26.744500,-81.005300,apolloshield_dji,df,,,2414500000,RADAR-A2D2-7E4D,Sensor Lake Okeechobee / Central Inland,190,YELLOW,YELLOW
1772041716973,A2D2-7E4D,FLT-7E4D-001,26.747471,-80.996479,106.5,11,0,Mavic Air 2,false,drone_images/Mavic Air 2.png,26.745000,-81.005000,26.744500,-81.005300,apolloshield_dji,df,,,2414500000,RADAR-A2D2-7E4D,Sensor Lake Okeechobee / Central Inland,190,YELLOW,YELLOW
1772041717815,A2D2-7E4D,FLT-7E4D-001,26.747471,-80.996479,106.5,11,0,Mavic Air 2,false,drone_images/Mavic Air 2.png,26.745000,-81.005000,26.744500,-81.005300,apolloshield_dji,df,,,2414500000,RADAR-A2D2-7E4D,Sensor Lake Okeechobee / Central Inland,190,YELLOW,YELLOW
1772041718974,A2D2-7E4D,FLT-7E4D-001,26.747471,-80.996479,106.5,11,0,Mavic Air 2,false,drone_images/Mavic Air 2.png,26.745000,-81.005000,26.744500,-81.005300,apolloshield_dji,df,,,2414500000,RADAR-A2D2-7E4D,Sensor Lake Okeechobee / Central Inland,190,YELLOW,YELLOW
1772041719909,A2D2-7E4D,FLT-7E4D-001,26.747471,-80.996479,106.5,11,0,Mavic Air 2,false,drone_images/Mavic Air 2.png,26.745000,-81.005000,26.744500,-81.005300,apolloshield_dji,df,,,2414500000,RADAR-A2D2-7E4D,Sensor Lake Okeechobee / Central Inland,190,YELLOW,YELLOW
1772041721397,A2D2-7E4D,FLT-7E4D-001,26.747471,-80.996479,106.5,11,0,Mavic Air 2,false,drone_images/Mavic Air 2.png,26.745000,-81.005000,26.744500,-81.005300,apolloshield_dji,df,,,2414500000,RADAR-A2D2-7E4D,Sensor Lake Okeechobee / Central Inland,190,YELLOW,YELLOW
1772041721865,A2D2-7E4D,FLT-7E4D-001,26.747471,-80.996479,106.5,11,0,Mavic Air 2,false,drone_images/Mavic Air 2.png,26.745000,-81.005000,26.744500,-81.005300,apolloshield_dji,df,,,2414500000,RADAR-A2D2-7E4D,Sensor Lake Okeechobee / Central Inland,190,YELLOW,YELLOW
1772041722738,A2D2-7E4D,FLT-7E4D-001,26.747471,-80.996479,106.5,11,0,Mavic Air 2,false,drone_images/Mavic Air 2.png,26.745000,-81.005000,26.744500,-81.005300,apolloshield_dji,df,,,2414500000,RADAR-A2D2-7E4D,Sensor Lake Okeechobee / Central Inland,190,YELLOW,YELLOW
1772041723617,A2D2-7E4D,FLT-7E4D-001,26.747471,-80.996479,106.5,11,0,Mavic Air 2,false,drone_images/Mavic Air 2.png,26.745000,-81.005000,26.744500,-81.005300,apolloshield_dji,df,,,2414500000,RADAR-A2D2-7E4D,Sensor Lake Okeechobee / Central Inland,190,YELLOW,YELLOW
1772041724701,A2D2-7E4D,FLT-7E4D-001,26.747471,-80.996479,106.5,11,0,Mavic Air 2,false,drone_images/Mavic Air 2.png,26.745000,-81.005000,26.744500,-81.005300,apolloshield_dji,df,,,2414500000,RADAR-A2D2-7E4D,Sensor Lake Okeechobee / Central Inland,190,YELLOW,YELLOW
1772041725959,A2D2-7E4D,FLT-7E4D-001,26.747471,-80.996479,106.5,11,0,Mavic Air 2,false,drone_images/Mavic Air 2.png,26.745000,-81.005000,26.744500,-81.005300,apolloshield_dji,df,,,2414500000,RADAR-A2D2-7E4D,Sensor Lake Okeechobee / Central Inland,190,YELLOW,YELLOW
1772041726947,A2D2-7E4D,FLT-7E4D-001,26.747471,-80.996479,106.5,11,0,Mavic Air 2,false,drone_images/Mavic Air 2.png,26.745000,-81.005000,26.744500,-81.005300,apolloshield_dji,df,,,2414500000,RADAR-A2D2-7E4D,Sensor Lake Okeechobee / Central Inland,190,YELLOW,YELLOW
1772041727736,A2D2-7E4D,FLT-7E4D-001,26.747471,-80.996479,106.5,11,0,Mavic Air 2,false,drone_images/Mavic Air 2.png,26.745000,-81.005000,26.744500,-81.005300,apolloshield_dji,df,,,2414500000,RADAR-A2D2-7E4D,Sensor Lake Okeechobee / Central Inland,190,YELLOW,YELLOW
1772041729287,A2D2-7E4D,FLT-7E4D-001,26.747471,-80.996479,106.5,11,0,Mavic Air 2,false,drone_images/Mavic Air 2.png,26.745000,-81.005000,26.744500,-81.005300,apolloshield_dji,df,,,2414500000,RADAR-A2D2-7E4D,Sensor Lake Okeechobee / Central Inland,190,YELLOW,YELLOW
1772041729848,A2D2-7E4D,FLT-7E4D-001,26.747471,-80.996479,106.5,11,0,Mavic Air 2,false,drone_images/Mavic Air 2.png,26.745000,-81.005000,26.744500,-81.005300,apolloshield_dji,df,,,2414500000,RADAR-A2D2-7E4D,Sensor Lake Okeechobee / Central Inland,190,YELLOW,YELLOW
1772041730953,A2D2-7E4D,FLT-7E4D-001,26.747471,-80.996479,106.5,11,0,Mavic Air 2,false,drone_images/Mavic Air 2.png,26.745000,-81.005000,26.744500,-81.005300,apolloshield_dji,df,,,2414500000,RADAR-A2D2-7E4D,Sensor Lake Okeechobee / Central Inland,190,YELLOW,YELLOW
1772041731949,A2D2-7E4D,FLT-7E4D-001,26.747471,-80.996479,106.5,11,0,Mavic Air 2,false,drone_images/Mavic Air 2.png,26.745000,-81.005000,26.744500,-81.005300,apolloshield_dji,df,,,2414500000,RADAR-A2D2-7E4D,Sensor Lake Okeechobee / Central Inland,190,YELLOW,YELLOW
1772041732902,A2D2-7E4D,FLT-7E4D-001,26.747471,-80.996479,106.5,11,0,Mavic Air 2,false,drone_images/Mavic Air 2.png,26.745000,-81.005000,26.744500,-81.005300,apolloshield_dji,df,,,2414500000,RADAR-A2D2-7E4D,Sensor Lake Okeechobee / Central Inland,190,YELLOW,YELLOW
1772041734273,A2D2-7E4D,FLT-7E4D-001,26.747471,-80.996479,106.5,11,0,Mavic Air 2,false,drone_images/Mavic Air 2.png,26.745000,-81.005000,26.744500,-81.005300,apolloshield_dji,df,,,2414500000,RADAR-A2D2-7E4D,Sensor Lake Okeechobee / Central Inland,190,YELLOW,YELLOW
1772041734951,A2D2-7E4D,FLT-7E4D-001,26.747471,-80.996479,106.5,11,0,Mavic Air 2,false,drone_images/Mavic Air 2.png,26.745000,-81.005000,26.744500,-81.005300,apolloshield_dji,df,,,2414500000,RADAR-A2D2-7E4D,Sensor Lake Okeechobee / Central Inland,190,YELLOW,YELLOW
1772041735848,A2D2-7E4D,FLT-7E4D-001,26.747471,-80.996479,106.5,11,0,Mavic Air 2,false,drone_images/Mavic Air 2.png,26.745000,-81.005000,26.744500,-81.005300,apolloshield_dji,df,,,2414500000,RADAR-A2D2-7E4D,Sensor Lake Okeechobee / Central Inland,190,YELLOW,YELLOW
1772041736738,A2D2-7E4D,FLT-7E4D-001,26.747471,-80.996479,106.5,11,0,Mavic Air 2,false,drone_images/Mavic Air 2.png,26.745000,-81.005000,26.744500,-81.005300,apolloshield_dji,df,,,2414500000,RADAR-A2D2-7E4D,Sensor Lake Okeechobee / Central Inland,190,YELLOW,YELLOW
1772041737942,A2D2-7E4D,FLT-7E4D-001,26.747471,-80.996479,106.5,11,0,Mavic Air 2,false,drone_images/Mavic Air 2.png,26.745000,-81.005000,26.744500,-81.005300,apolloshield_dji,df,,,2414500000,RADAR-A2D2-7E4D,Sensor Lake Okeechobee / Central Inland,190,YELLOW,YELLOW
1772041738884,A2D2-7E4D,FLT-7E4D-001,26.747471,-80.996479,106.5,11,0,Mavic Air 2,false,drone_images/Mavic Air 2.png,26.745000,-81.005000,26.744500,-81.005300,apolloshield_dji,df,,,2414500000,RADAR-A2D2-7E4D,Sensor Lake Okeechobee / Central Inland,190,YELLOW,YELLOW
1772041739640,A2D2-7E4D,FLT-7E4D-001,26.747471,-80.996479,106.5,11,0,Mavic Air 2,false,drone_images/Mavic Air 2.png,26.745000,-81.005000,26.744500,-81.005300,apolloshield_dji,df,,,2414500000,RADAR-A2D2-7E4D,Sensor Lake Okeechobee / Central Inland,190,YELLOW,YELLOW
1772041740728,A2D2-7E4D,FLT-7E4D-001,26.747471,-80.996479,106.5,11,0,Mavic Air 2,false,drone_images/Mavic Air 2.png,26.745000,-81.005000,26.744500,-81.005300,apolloshield_dji,df,,,2414500000,RADAR-A2D2-7E4D,Sensor Lake Okeechobee / Central Inland,190,YELLOW,YELLOW
1772041742193,A2D2-7E4D,FLT-7E4D-001,26.747471,-80.996479,106.5,11,0,Mavic Air 2,false,drone_images/Mavic Air 2.png,26.745000,-81.005000,26.744500,-81.005300,apolloshield_dji,df,,,2414500000,RADAR-A2D2-7E4D,Sensor Lake Okeechobee / Central Inland,190,YELLOW,YELLOW
1772041798850,A2D2-7E4D,FLT-7E4D-001,26.746325,-80.996932,106.2,8,0,Mavic Air 2,false,drone_images/Mavic Air 2.png,26.745000,-81.005000,26.744500,-81.005300,apolloshield_dji,df,,,2414500000,RADAR-A2D2-7E4D,Sensor Lake Okeechobee / Central Inland,190,YELLOW,YELLOW
1772041801164,A2D2-7E4D,FLT-7E4D-001,26.746325,-80.996932,106.2,8,0,Mavic Air 2,false,drone_images/Mavic Air 2.png,26.745000,-81.005000,26.744500,-81.005300,apolloshield_dji,df,,,2414500000,RADAR-A2D2-7E4D,Sensor Lake Okeechobee / Central Inland,190,YELLOW,YELLOW
1772041802101,A2D2-7E4D,FLT-7E4D-001,26.746325,-80.996932,106.2,8,0,Mavic Air 2,false,drone_images/Mavic Air 2.png,26.745000,-81.005000,26.744500,-81.005300,apolloshield_dji,df,,,2414500000,RADAR-A2D2-7E4D,Sensor Lake Okeechobee / Central Inland,190,YELLOW,YELLOW
1772041804414,A2D2-7E4D,FLT-7E4D-001,26.746325,-80.996932,106.2,8,0,Mavic Air 2,false,drone_images/Mavic Air 2.png,26.745000,-81.005000,26.744500,-81.005300,apolloshield_dji,df,,,2414500000,RADAR-A2D2-7E4D,Sensor Lake Okeechobee / Central Inland,190,YELLOW,YELLOW
1772041805806,A2D2-7E4D,FLT-7E4D-001,26.746382,-80.996955,105.5,0.3,0,Mavic Air 2,false,drone_images/Mavic Air 2.png,26.745000,-81.005000,26.744500,-81.005300,apolloshield_dji,df,,,2414500000,RADAR-A2D2-7E4D,Sensor Lake Okeechobee / Central Inland,190,YELLOW,YELLOW
1772041807448,A2D2-7E4D,FLT-7E4D-001,26.746382,-80.996955,105.5,0.3,0,Mavic Air 2,false,drone_images/Mavic Air 2.png,26.745000,-81.005000,26.744500,-81.005300,apolloshield_dji,df,,,2414500000,RADAR-A2D2-7E4D,Sensor Lake Okeechobee / Central Inland,190,YELLOW,YELLOW
1772041808195,A2D2-7E4D,FLT-7E4D-001,26.746382,-80.996955,105.5,0.3,0,Mavic Air 2,false,drone_images/Mavic Air 2.png,26.745000,-81.005000,26.744500,-81.005300,apolloshield_dji,df,,,2414500000,RADAR-A2D2-7E4D,Sensor Lake Okeechobee / Central Inland,190,YELLOW,YELLOW
1772041808574,A2D2-7E4D,FLT-7E4D-001,26.746382,-80.996955,105.5,0.3,0,Mavic Air 2,false,drone_images/Mavic Air 2.png,26.745000,-81.005000,26.744500,-81.005300,apolloshield_dji,df,,,2414500000,RADAR-A2D2-7E4D,Sensor Lake Okeechobee / Central Inland,190,YELLOW,YELLOW
1772041808779,A2D2-7E4D,FLT-7E4D-001,26.746382,-80.996955,105.5,0.3,0,Mavic Air 2,false,drone_images/Mavic Air 2.png,26.745000,-81.005000,26.744500,-81.005300,apolloshield_dji,df,,,2414500000,RADAR-A2D2-7E4D,Sensor Lake Okeechobee / Central Inland,190,YELLOW,YELLOW
1772041808940,A2D2-7E4D,FLT-7E4D-001,26.746382,-80.996955,105.5,0.3,0,Mavic Air 2,false,drone_images/Mavic Air 2.png,26.745000,-81.005000,26.744500,-81.005300,apolloshield_dji,df,,,2414500000,RADAR-A2D2-7E4D,Sensor Lake Okeechobee / Central Inland,190,YELLOW,YELLOW
1772041809767,A2D2-7E4D,FLT-7E4D-001,26.746382,-80.996955,105.5,0.3,0,Mavic Air 2,false,drone_images/Mavic Air 2.png,26.745000,-81.005000,26.744500,-81.005300,apolloshield_dji,df,,,2414500000,RADAR-A2D2-7E4D,Sensor Lake Okeechobee / Central Inland,190,YELLOW,YELLOW
1772041810318,A2D2-7E4D,FLT-7E4D-001,26.746382,-80.996955,105.5,0.3,0,Mavic Air 2,false,drone_images/Mavic Air 2.png,26.745000,-81.005000,26.744500,-81.005300,apolloshield_dji,df,,,2414500000,RADAR-A2D2-7E4D,Sensor Lake Okeechobee / Central Inland,190,YELLOW,YELLOW
1772041811865,A2D2-7E4D,FLT-7E4D-001,26.746382,-80.996955,105.5,0.3,0,Mavic Air 2,false,drone_images/Mavic Air 2.png,26.745000,-81.005000,26.744500,-81.005300,apolloshield_dji,df,,,2414500000,RADAR-A2D2-7E4D,Sensor Lake Okeechobee / Central Inland,190,YELLOW,YELLOW
1772041813129,A2D2-7E4D,FLT-7E4D-001,26.746382,-80.996955,105.5,0.3,0,Mavic Air 2,false,drone_images/Mavic Air 2.png,26.745000,-81.005000,26.744500,-81.005300,apolloshield_dji,df,,,2414500000,RADAR-A2D2-7E4D,Sensor Lake Okeechobee / Central Inland,190,YELLOW,YELLOW
1772041813439,A2D2-7E4D,FLT-7E4D-001,26.746382,-80.996955,105.5,0.3,0,Mavic Air 2,false,drone_images/Mavic Air 2.png,26.745000,-81.005000,26.744500,-81.005300,apolloshield_dji,df,,,2414500000,RADAR-A2D2-7E4D,Sensor Lake Okeechobee / Central Inland,190,YELLOW,YELLOW
1772041814111,A2D2-7E4D,FLT-7E4D-001,26.746382,-80.996955,105.5,0.3,0,Mavic Air 2,false,drone_images/Mavic Air 2.png,26.745000,-81.005000,26.744500,-81.005300,apolloshield_dji,df,,,2414500000,RADAR-A2D2-7E4D,Sensor Lake Okeechobee / Central Inland,190,YELLOW,YELLOW
1772041815011,A2D2-7E4D,FLT-7E4D-001,26.746382,-80.996955,105.5,0.3,0,Mavic Air 2,false,drone_images/Mavic Air 2.png,26.745000,-81.005000,26.744500,-81.005300,apolloshield_dji,df,,,2414500000,RADAR-A2D2-7E4D,Sensor Lake Okeechobee / Central Inland,190,YELLOW,YELLOW
1772041815580,A2D2-7E4D,FLT-7E4D-001,26.746382,-80.996955,105.5,0.3,0,Mavic Air 2,false,drone_images/Mavic Air 2.png,26.745000,-81.005000,26.744500,-81.005300,apolloshield_dji,df,,,2414500000,RADAR-A2D2-7E4D,Sensor Lake Okeechobee / Central Inland,190,YELLOW,YELLOW
1772041815733,A2D2-7E4D,FLT-7E4D-001,26.746382,-80.996955,105.5,0.3,0,Mavic Air 2,false,drone_images/Mavic Air 2.png,26.745000,-81.005000,26.744500,-81.005300,apolloshield_dji,df,,,2414500000,RADAR-A2D2-7E4D,Sensor Lake Okeechobee / Central Inland,190,YELLOW,YELLOW
1772041817679,A2D2-7E4D,FLT-7E4D-001,26.746382,-80.996955,105.5,0.3,0,Mavic Air 2,false,drone_images/Mavic Air 2.png,26.745000,-81.005000,26.744500,-81.005300,apolloshield_dji,df,,,2414500000,RADAR-A2D2-7E4D,Sensor Lake Okeechobee / Central Inland,190,YELLOW,YELLOW
1772041817830,A2D2-7E4D,FLT-7E4D-001,26.746382,-80.996955,105.5,0.3,0,Mavic Air 2,false,drone_images/Mavic Air 2.png,26.745000,-81.005000,26.744500,-81.005300,apolloshield_dji,df,,,2414500000,RADAR-A2D2-7E4D,Sensor Lake Okeechobee / Central Inland,190,YELLOW,YELLOW
1772041818922,A2D2-7E4D,FLT-7E4D-001,26.746382,-80.996955,105.5,0.3,0,Mavic Air 2,false,drone_images/Mavic Air 2.png,26.745000,-81.005000,26.744500,-81.005300,apolloshield_dji,df,,,2414500000,RADAR-A2D2-7E4D,Sensor Lake Okeechobee / Central Inland,190,YELLOW,YELLOW
1772041820056,A2D2-7E4D,FLT-7E4D-001,26.746382,-80.996955,105.5,0.3,0,Mavic Air 2,false,drone_images/Mavic Air 2.png,26.745000,-81.005000,26.744500,-81.005300,apolloshield_dji,df,,,2414500000,RADAR-A2D2-7E4D,Sensor Lake Okeechobee / Central Inland,190,YELLOW,YELLOW
1772041820796,A2D2-7E4D,FLT-7E4D-001,26.746382,-80.996955,105.5,0.3,0,Mavic Air 2,false,drone_images/Mavic Air 2.png,26.745000,-81.005000,26.744500,-81.005300,apolloshield_dji,df,,,2414500000,RADAR-A2D2-7E4D,Sensor Lake Okeechobee / Central Inland,190,YELLOW,YELLOW
1772041821827,A2D2-7E4D,FLT-7E4D-001,26.746382,-80.996955,105.5,0.3,0,Mavic Air 2,false,drone_images/Mavic Air 2.png,26.745000,-81.005000,26.744500,-81.005300,apolloshield_dji,df,,,2414500000,RADAR-A2D2-7E4D,Sensor Lake Okeechobee / Central Inland,190,YELLOW,YELLOW
1772041823054,A2D2-7E4D,FLT-7E4D-001,26.746382,-80.996955,105.5,0.3,0,Mavic Air 2,false,drone_images/Mavic Air 2.png,26.745000,-81.005000,26.744500,-81.005300,apolloshield_dji,df,,,2414500000,RADAR-A2D2-7E4D,Sensor Lake Okeechobee / Central Inland,190,YELLOW,YELLOW
1772041824556,A2D2-7E4D,FLT-7E4D-001,26.746382,-80.996955,105.5,0.3,0,Mavic Air 2,false,drone_images/Mavic Air 2.png,26.745000,-81.005000,26.744500,-81.005300,apolloshield_dji,df,,,2414500000,RADAR-A2D2-7E4D,Sensor Lake Okeechobee / Central Inland,190,YELLOW,YELLOW
1772041826019,A2D2-7E4D,FLT-7E4D-001,26.746382,-80.996955,105.5,0.3,0,Mavic Air 2,false,drone_images/Mavic Air 2.png,26.745000,-81.005000,26.744500,-81.005300,apolloshield_dji,df,,,2414500000,RADAR-A2D2-7E4D,Sensor Lake Okeechobee / Central Inland,190,YELLOW,YELLOW
1772041827340,A2D2-7E4D,FLT-7E4D-001,26.746382,-80.996955,105.5,0.3,0,Mavic Air 2,false,drone_images/Mavic Air 2.png,26.745000,-81.005000,26.744500,-81.005300,apolloshield_dji,df,,,2414500000,RADAR-A2D2-7E4D,Sensor Lake Okeechobee / Central Inland,190,YELLOW,YELLOW
1772041827858,A2D2-7E4D,FLT-7E4D-001,26.746382,-80.996955,105.5,0.3,0,Mavic Air 2,false,drone_images/Mavic Air 2.png,26.745000,-81.005000,26.744500,-81.005300,apolloshield_dji,df,,,2414500000,RADAR-A2D2-7E4D,Sensor Lake Okeechobee / Central Inland,190,YELLOW,YELLOW
1772041828816,A2D2-7E4D,FLT-7E4D-001,26.746382,-80.996955,105.5,0.3,0,Mavic Air 2,false,drone_images/Mavic Air 2.png,26.745000,-81.005000,26.744500,-81.005300,apolloshield_dji,df,,,2414500000,RADAR-A2D2-7E4D,Sensor Lake Okeechobee / Central Inland,190,YELLOW,YELLOW
1772041829932,A2D2-7E4D,FLT-7E4D-001,26.746382,-80.996955,105.5,0.3,0,Mavic Air 2,false,drone_images/Mavic Air 2.png,26.745000,-81.005000,26.744500,-81.005300,apolloshield_dji,df,,,2414500000,RADAR-A2D2-7E4D,Sensor Lake Okeechobee / Central Inland,190,YELLOW,YELLOW
1772041831323,A2D2-7E4D,FLT-7E4D-001,26.746382,-80.996955,105.5,0.3,0,Mavic Air 2,false,drone_images/Mavic Air 2.png,26.745000,-81.005000,26.744500,-81.005300,apolloshield_dji,df,,,2414500000,RADAR-A2D2-7E4D,Sensor Lake Okeechobee / Central Inland,190,YELLOW,YELLOW
1772041832502,A2D2-7E4D,FLT-7E4D-001,26.746382,-80.996955,105.5,0.3,0,Mavic Air 2,false,drone_images/Mavic Air 2.png,26.745000,-81.005000,26.744500,-81.005300,apolloshield_dji,df,,,2414500000,RADAR-A2D2-7E4D,Sensor Lake Okeechobee / Central Inland,190,YELLOW,YELLOW
1772041833076,A2D2-7E4D,FLT-7E4D-001,26.746382,-80.996955,105.5,0.3,0,Mavic Air 2,false,drone_images/Mavic Air 2.png,26.745000,-81.005000,26.744500,-81.005300,apolloshield_dji,df,,,2414500000,RADAR-A2D2-7E4D,Sensor Lake Okeechobee / Central Inland,190,YELLOW,YELLOW
1772041834073,A2D2-7E4D,FLT-7E4D-001,26.746382,-80.996955,105.5,0.3,0,Mavic Air 2,false,drone_images/Mavic Air 2.png,26.745000,-81.005000,26.744500,-81.005300,apolloshield_dji,df,,,2414500000,RADAR-A2D2-7E4D,Sensor Lake Okeechobee / Central Inland,190,YELLOW,YELLOW
1772041834843,A2D2-7E4D,FLT-7E4D-001,26.746382,-80.996955,105.5,0.3,0,Mavic Air 2,false,drone_images/Mavic Air 2.png,26.745000,-81.005000,26.744500,-81.005300,apolloshield_dji,df,,,2414500000,RADAR-A2D2-7E4D,Sensor Lake Okeechobee / Central Inland,190,YELLOW,YELLOW
1772041836385,A2D2-7E4D,FLT-7E4D-001,26.746382,-80.996955,105.5,0.3,0,Mavic Air 2,false,drone_images/Mavic Air 2.png,26.745000,-81.005000,26.744500,-81.005300,apolloshield_dji,df,,,2414500000,RADAR-A2D2-7E4D,Sensor Lake Okeechobee / Central Inland,190,YELLOW,YELLOW
1772041836385,A2D2-7E4D,FLT-7E4D-001,26.746382,-80.996955,105.5,0.3,0,Mavic Air 2,false,drone_images/Mavic Air 2.png,26.745000,-81.005000,26.744500,-81.005300,apolloshield_dji,df,,,2414500000,RADAR-A2D2-7E4D,Sensor Lake Okeechobee / Central Inland,190,YELLOW,YELLOW
1772041838356,A2D2-7E4D,FLT-7E4D-001,26.746382,-80.996955,105.5,0.3,0,Mavic Air 2,false,drone_images/Mavic Air 2.png,26.745000,-81.005000,26.744500,-81.005300,apolloshield_dji,df,,,2414500000,RADAR-A2D2-7E4D,Sensor Lake Okeechobee / Central Inland,190,YELLOW,YELLOW
1772041838801,A2D2-7E4D,FLT-7E4D-001,26.746382,-80.996955,105.5,0.3,0,Mavic Air 2,false,drone_images/Mavic Air 2.png,26.745000,-81.005000,26.744500,-81.005300,apolloshield_dji,df,,,2414500000,RADAR-A2D2-7E4D,Sensor Lake Okeechobee / Central Inland,190,YELLOW,YELLOW
1772041839288,A2D2-7E4D,FLT-7E4D-001,26.746382,-80.996955,105.5,0.3,0,Mavic Air 2,false,drone_images/Mavic Air 2.png,26.745000,-81.005000,26.744500,-81.005300,apolloshield_dji,df,,,2414500000,RADAR-A2D2-7E4D,Sensor Lake Okeechobee / Central Inland,190,YELLOW,YELLOW
1772041840699,A2D2-7E4D,FLT-7E4D-001,26.746382,-80.996955,105.5,0.3,0,Mavic Air 2,false,drone_images/Mavic Air 2.png,26.745000,-81.005000,26.744500,-81.005300,apolloshield_dji,df,,,2414500000,RADAR-A2D2-7E4D,Sensor Lake Okeechobee / Central Inland,190,YELLOW,YELLOW
1772041841224,A2D2-7E4D,FLT-7E4D-001,26.746382,-80.996955,105.5,0.3,0,Mavic Air 2,false,drone_images/Mavic Air 2.png,26.745000,-81.005000,26.744500,-81.005300,apolloshield_dji,df,,,2414500000,RADAR-A2D2-7E4D,Sensor Lake Okeechobee / Central Inland,190,YELLOW,YELLOW
1772041841749,A2D2-7E4D,FLT-7E4D-001,26.746382,-80.996955,105.5,0.3,0,Mavic Air 2,false,drone_images/Mavic Air 2.png,26.745000,-81.005000,26.744500,-81.005300,apolloshield_dji,df,,,2414500000,RADAR-A2D2-7E4D,Sensor Lake Okeechobee / Central Inland,190,YELLOW,YELLOW
1772041842796,A2D2-7E4D,FLT-7E4D-001,26.746382,-80.996955,105.5,0.3,0,Mavic Air 2,false,drone_images/Mavic Air 2.png,26.745000,-81.005000,26.744500,-81.005300,apolloshield_dji,df,,,2414500000,RADAR-A2D2-7E4D,Sensor Lake Okeechobee / Central Inland,190,YELLOW,YELLOW
1772041843852,A2D2-7E4D,FLT-7E4D-001,26.746382,-80.996955,105.5,0.3,0,Mavic Air 2,false,drone_images/Mavic Air 2.png,26.745000,-81.005000,26.744500,-81.005300,apolloshield_dji,df,,,2414500000,RADAR-A2D2-7E4D,Sensor Lake Okeechobee / Central Inland,190,YELLOW,YELLOW
1772041845116,A2D2-7E4D,FLT-7E4D-001,26.746382,-80.996955,105.5,0.3,0,Mavic Air 2,false,drone_images/Mavic Air 2.png,26.745000,-81.005000,26.744500,-81.005300,apolloshield_dji,df,,,2414500000,RADAR-A2D2-7E4D,Sensor Lake Okeechobee / Central Inland,190,YELLOW,YELLOW
1772041846136,A2D2-7E4D,FLT-7E4D-001,26.746382,-80.996955,105.5,0.3,0,Mavic Air 2,false,drone_images/Mavic Air 2.png,26.745000,-81.005000,26.744500,-81.005300,apolloshield_dji,df,,,2414500000,RADAR-A2D2-7E4D,Sensor Lake Okeechobee / Central Inland,190,YELLOW,YELLOW
1772041847163,A2D2-7E4D,FLT-7E4D-001,26.746382,-80.996955,105.5,0.3,0,Mavic Air 2,false,drone_images/Mavic Air 2.png,26.745000,-81.005000,26.744500,-81.005300,apolloshield_dji,df,,,2414500000,RADAR-A2D2-7E4D,Sensor Lake Okeechobee / Central Inland,190,YELLOW,YELLOW
1772041875305,A2D2-7E4D,FLT-7E4D-001,26.748983,-80.999676,106.5,9.6,0,Mavic Air 2,false,drone_images/Mavic Air 2.png,26.745000,-81.005000,26.744500,-81.005300,apolloshield_dji,df,,,2414500000,RADAR-A2D2-7E4D,Sensor Lake Okeechobee / Central Inland,190,YELLOW,YELLOW
1772041876708,A2D2-7E4D,FLT-7E4D-001,26.748983,-80.999676,106.5,9.6,0,Mavic Air 2,false,drone_images/Mavic Air 2.png,26.745000,-81.005000,26.744500,-81.005300,apolloshield_dji,df,,,2414500000,RADAR-A2D2-7E4D,Sensor Lake Okeechobee / Central Inland,190,YELLOW,YELLOW
1772041877699,A2D2-7E4D,FLT-7E4D-001,26.748983,-80.999676,106.5,9.6,0,Mavic Air 2,false,drone_images/Mavic Air 2.png,26.745000,-81.005000,26.744500,-81.005300,apolloshield_dji,df,,,2414500000,RADAR-A2D2-7E4D,Sensor Lake Okeechobee / Central Inland,190,YELLOW,YELLOW
1772041877924,A2D2-7E4D,FLT-7E4D-001,26.748983,-80.999676,106.5,9.6,0,Mavic Air 2,false,drone_images/Mavic Air 2.png,26.745000,-81.005000,26.744500,-81.005300,apolloshield_dji,df,,,2414500000,RADAR-A2D2-7E4D,Sensor Lake Okeechobee / Central Inland,190,YELLOW,YELLOW
1772041878977,A2D2-7E4D,FLT-7E4D-001,26.748983,-80.999676,106.5,9.6,0,Mavic Air 2,false,drone_images/Mavic Air 2.png,26.745000,-81.005000,26.744500,-81.005300,apolloshield_dji,df,,,2414500000,RADAR-A2D2-7E4D,Sensor Lake Okeechobee / Central Inland,190,YELLOW,YELLOW
1772041879811,A2D2-7E4D,FLT-7E4D-001,26.748983,-80.999676,106.5,9.6,0,Mavic Air 2,false,drone_images/Mavic Air 2.png,26.745000,-81.005000,26.744500,-81.005300,apolloshield_dji,df,,,2414500000,RADAR-A2D2-7E4D,Sensor Lake Okeechobee / Central Inland,190,YELLOW,YELLOW
1772041881068,A2D2-7E4D,FLT-7E4D-001,26.748983,-80.999676,106.5,9.6,0,Mavic Air 2,false,drone_images/Mavic Air 2.png,26.745000,-81.005000,26.744500,-81.005300,apolloshield_dji,df,,,2414500000,RADAR-A2D2-7E4D,Sensor Lake Okeechobee / Central Inland,190,YELLOW,YELLOW
1772041882011,A2D2-7E4D,FLT-7E4D-001,26.748983,-80.999676,106.5,9.6,0,Mavic Air 2,false,drone_images/Mavic Air 2.png,26.745000,-81.005000,26.744500,-81.005300,apolloshield_dji,df,,,2414500000,RADAR-A2D2-7E4D,Sensor Lake Okeechobee / Central Inland,190,YELLOW,YELLOW
1772041884748,A2D2-7E4D,FLT-7E4D-001,26.748983,-80.999676,106.5,9.6,0,Mavic Air 2,false,drone_images/Mavic Air 2.png,26.745000,-81.005000,26.744500,-81.005300,apolloshield_dji,df,,,2414500000,RADAR-A2D2-7E4D,Sensor Lake Okeechobee / Central Inland,190,YELLOW,YELLOW
1772041885092,A2D2-7E4D,FLT-7E4D-001,26.748983,-80.999676,106.5,9.6,0,Mavic Air 2,false,drone_images/Mavic Air 2.png,26.745000,-81.005000,26.744500,-81.005300,apolloshield_dji,df,,,2414500000,RADAR-A2D2-7E4D,Sensor Lake Okeechobee / Central Inland,190,YELLOW,YELLOW
1772041885363,A2D2-7E4D,FLT-7E4D-001,26.748983,-80.999676,106.5,9.6,0,Mavic Air 2,false,drone_images/Mavic Air 2.png,26.745000,-81.005000,26.744500,-81.005300,apolloshield_dji,df,,,2414500000,RADAR-A2D2-7E4D,Sensor Lake Okeechobee / Central Inland,190,YELLOW,YELLOW
1772041886079,A2D2-7E4D,FLT-7E4D-001,26.748983,-80.999676,106.5,9.6,0,Mavic Air 2,false,drone_images/Mavic Air 2.png,26.745000,-81.005000,26.744500,-81.005300,apolloshield_dji,df,,,2414500000,RADAR-A2D2-7E4D,Sensor Lake Okeechobee / Central Inland,190,YELLOW,YELLOW
1772041887211,A2D2-7E4D,FLT-7E4D-001,26.748983,-80.999676,106.5,9.6,0,Mavic Air 2,false,drone_images/Mavic Air 2.png,26.745000,-81.005000,26.744500,-81.005300,apolloshield_dji,df,,,2414500000,RADAR-A2D2-7E4D,Sensor Lake Okeechobee / Central Inland,190,YELLOW,YELLOW
1772041888249,A2D2-7E4D,FLT-7E4D-001,26.748983,-80.999676,106.5,9.6,0,Mavic Air 2,false,drone_images/Mavic Air 2.png,26.745000,-81.005000,26.744500,-81.005300,apolloshield_dji,df,,,2414500000,RADAR-A2D2-7E4D,Sensor Lake Okeechobee / Central Inland,190,YELLOW,YELLOW
1772041888935,A2D2-7E4D,FLT-7E4D-001,26.748983,-80.999676,106.5,9.6,0,Mavic Air 2,false,drone_images/Mavic Air 2.png,26.745000,-81.005000,26.744500,-81.005300,apolloshield_dji,df,,,2414500000,RADAR-A2D2-7E4D,Sensor Lake Okeechobee / Central Inland,190,YELLOW,YELLOW
1772041889801,A2D2-7E4D,FLT-7E4D-001,26.748983,-80.999676,106.5,9.6,0,Mavic Air 2,false,drone_images/Mavic Air 2.png,26.745000,-81.005000,26.744500,-81.005300,apolloshield_dji,df,,,2414500000,RADAR-A2D2-7E4D,Sensor Lake Okeechobee / Central Inland,190,YELLOW,YELLOW
1772041891310,A2D2-7E4D,FLT-7E4D-001,26.748983,-80.999676,106.5,9.6,0,Mavic Air 2,false,drone_images/Mavic Air 2.png,26.745000,-81.005000,26.744500,-81.005300,apolloshield_dji,df,,,2414500000,RADAR-A2D2-7E4D,Sensor Lake Okeechobee / Central Inland,190,YELLOW,YELLOW
1772041891764,A2D2-7E4D,FLT-7E4D-001,26.748983,-80.999676,106.5,9.6,0,Mavic Air 2,false,drone_images/Mavic Air 2.png,26.745000,-81.005000,26.744500,-81.005300,apolloshield_dji,df,,,2414500000,RADAR-A2D2-7E4D,Sensor Lake Okeechobee / Central Inland,190,YELLOW,YELLOW
1772041892912,A2D2-7E4D,FLT-7E4D-001,26.748983,-80.999676,106.5,9.6,0,Mavic Air 2,false,drone_images/Mavic Air 2.png,26.745000,-81.005000,26.744500,-81.005300,apolloshield_dji,df,,,2414500000,RADAR-A2D2-7E4D,Sensor Lake Okeechobee / Central Inland,190,YELLOW,YELLOW
1772041893888,A2D2-7E4D,FLT-7E4D-001,26.748983,-80.999676,106.5,9.6,0,Mavic Air 2,false,drone_images/Mavic Air 2.png,26.745000,-81.005000,26.744500,-81.005300,apolloshield_dji,df,,,2414500000,RADAR-A2D2-7E4D,Sensor Lake Okeechobee / Central Inland,190,YELLOW,YELLOW
1772041895048,A2D2-7E4D,FLT-7E4D-001,26.748983,-80.999676,106.5,9.6,0,Mavic Air 2,false,drone_images/Mavic Air 2.png,26.745000,-81.005000,26.744500,-81.005300,apolloshield_dji,df,,,2414500000,RADAR-A2D2-7E4D,Sensor Lake Okeechobee / Central Inland,190,YELLOW,YELLOW
1772041896937,A2D2-7E4D,FLT-7E4D-001,26.748983,-80.999676,106.5,9.6,0,Mavic Air 2,false,drone_images/Mavic Air 2.png,26.745000,-81.005000,26.744500,-81.005300,apolloshield_dji,df,,,2414500000,RADAR-A2D2-7E4D,Sensor Lake Okeechobee / Central Inland,190,YELLOW,YELLOW
1772041897325,A2D2-7E4D,FLT-7E4D-001,26.748983,-80.999676,106.5,9.6,0,Mavic Air 2,false,drone_images/Mavic Air 2.png,26.745000,-81.005000,26.744500,-81.005300,apolloshield_dji,df,,,2414500000,RADAR-A2D2-7E4D,Sensor Lake Okeechobee / Central Inland,190,YELLOW,YELLOW
1772041898027,A2D2-7E4D,FLT-7E4D-001,26.748983,-80.999676,106.5,9.6,0,Mavic Air 2,false,drone_images/Mavic Air 2.png,26.745000,-81.005000,26.744500,-81.005300,apolloshield_dji,df,,,2414500000,RADAR-A2D2-7E4D,Sensor Lake Okeechobee / Central Inland,190,YELLOW,YELLOW
1772041899458,A2D2-7E4D,FLT-7E4D-001,26.748983,-80.999676,106.5,9.6,0,Mavic Air 2,false,drone_images/Mavic Air 2.png,26.745000,-81.005000,26.744500,-81.005300,apolloshield_dji,df,,,2414500000,RADAR-A2D2-7E4D,Sensor Lake Okeechobee / Central Inland,190,YELLOW,YELLOW
1772041899840,A2D2-7E4D,FLT-7E4D-001,26.748983,-80.999676,106.5,9.6,0,Mavic Air 2,false,drone_images/Mavic Air 2.png,26.745000,-81.005000,26.744500,-81.005300,apolloshield_dji,df,,,2414500000,RADAR-A2D2-7E4D,Sensor Lake Okeechobee / Central Inland,190,YELLOW,YELLOW
1772041901122,A2D2-7E4D,FLT-7E4D-001,26.748983,-80.999676,106.5,9.6,0,Mavic Air 2,false,drone_images/Mavic Air 2.png,26.745000,-81.005000,26.744500,-81.005300,apolloshield_dji,df,,,2414500000,RADAR-A2D2-7E4D,Sensor Lake Okeechobee / Central Inland,190,YELLOW,YELLOW
1772041901936,A2D2-7E4D,FLT-7E4D-001,26.748983,-80.999676,106.5,9.6,0,Mavic Air 2,false,drone_images/Mavic Air 2.png,26.745000,-81.005000,26.744500,-81.005300,apolloshield_dji,df,,,2414500000,RADAR-A2D2-7E4D,Sensor Lake Okeechobee / Central Inland,190,YELLOW,YELLOW
1772041904210,A2D2-7E4D,FLT-7E4D-001,26.748983,-80.999676,106.5,9.6,0,Mavic Air 2,false,drone_images/Mavic Air 2.png,26.745000,-81.005000,26.744500,-81.005300,apolloshield_dji,df,,,2414500000,RADAR-A2D2-7E4D,Sensor Lake Okeechobee / Central Inland,190,YELLOW,YELLOW
1772041904236,A2D2-7E4D,FLT-7E4D-001,26.748983,-80.999676,106.5,9.6,0,Mavic Air 2,false,drone_images/Mavic Air 2.png,26.745000,-81.005000,26.744500,-81.005300,apolloshield_dji,df,,,2414500000,RADAR-A2D2-7E4D,Sensor Lake Okeechobee / Central Inland,190,YELLOW,YELLOW
1772041905471,A2D2-7E4D,FLT-7E4D-001,26.748983,-80.999676,106.5,9.6,0,Mavic Air 2,false,drone_images/Mavic Air 2.png,26.745000,-81.005000,26.744500,-81.005300,apolloshield_dji,df,,,2414500000,RADAR-A2D2-7E4D,Sensor Lake Okeechobee / Central Inland,190,YELLOW,YELLOW
1772041905872,A2D2-7E4D,FLT-7E4D-001,26.748983,-80.999676,106.5,9.6,0,Mavic Air 2,false,drone_images/Mavic Air 2.png,26.745000,-81.005000,26.744500,-81.005300,apolloshield_dji,df,,,2414500000,RADAR-A2D2-7E4D,Sensor Lake Okeechobee / Central Inland,190,YELLOW,YELLOW
1772041906906,A2D2-7E4D,FLT-7E4D-001,26.748983,-80.999676,106.5,9.6,0,Mavic Air 2,false,drone_images/Mavic Air 2.png,26.745000,-81.005000,26.744500,-81.005300,apolloshield_dji,df,,,2414500000,RADAR-A2D2-7E4D,Sensor Lake Okeechobee / Central Inland,190,YELLOW,YELLOW
1772041908162,A2D2-7E4D,FLT-7E4D-001,26.748983,-80.999676,106.5,9.6,0,Mavic Air 2,false,drone_images/Mavic Air 2.png,26.745000,-81.005000,26.744500,-81.005300,apolloshield_dji,df,,,2414500000,RADAR-A2D2-7E4D,Sensor Lake Okeechobee / Central Inland,190,YELLOW,YELLOW
1772041910015,A2D2-7E4D,FLT-7E4D-001,26.748983,-80.999676,106.5,9.6,0,Mavic Air 2,false,drone_images/Mavic Air 2.png,26.745000,-81.005000,26.744500,-81.005300,apolloshield_dji,df,,,2414500000,RADAR-A2D2-7E4D,Sensor Lake Okeechobee / Central Inland,190,YELLOW,YELLOW
1772041910633,A2D2-7E4D,FLT-7E4D-001,26.748983,-80.999676,106.5,9.6,0,Mavic Air 2,false,drone_images/Mavic Air 2.png,26.745000,-81.005000,26.744500,-81.005300,apolloshield_dji,df,,,2414500000,RADAR-A2D2-7E4D,Sensor Lake Okeechobee / Central Inland,190,YELLOW,YELLOW
1772041911529,A2D2-7E4D,FLT-7E4D-001,26.748983,-80.999676,106.5,9.6,0,Mavic Air 2,false,drone_images/Mavic Air 2.png,26.745000,-81.005000,26.744500,-81.005300,apolloshield_dji,df,,,2414500000,RADAR-A2D2-7E4D,Sensor Lake Okeechobee / Central Inland,190,YELLOW,YELLOW
1772041911824,A2D2-7E4D,FLT-7E4D-001,26.748983,-80.999676,106.5,9.6,0,Mavic Air 2,false,drone_images/Mavic Air 2.png,26.745000,-81.005000,26.744500,-81.005300,apolloshield_dji,df,,,2414500000,RADAR-A2D2-7E4D,Sensor Lake Okeechobee / Central Inland,190,YELLOW,YELLOW
1772041913305,A2D2-7E4D,FLT-7E4D-001,26.748983,-80.999676,106.5,9.6,0,Mavic Air 2,false,drone_images/Mavic Air 2.png,26.745000,-81.005000,26.744500,-81.005300,apolloshield_dji,df,,,2414500000,RADAR-A2D2-7E4D,Sensor Lake Okeechobee / Central Inland,190,YELLOW,YELLOW
1772041913992,A2D2-7E4D,FLT-7E4D-001,26.748983,-80.999676,106.5,9.6,0,Mavic Air 2,false,drone_images/Mavic Air 2.png,26.745000,-81.005000,26.744500,-81.005300,apolloshield_dji,df,,,2414500000,RADAR-A2D2-7E4D,Sensor Lake Okeechobee / Central Inland,190,YELLOW,YELLOW
1772041915463,A2D2-7E4D,FLT-7E4D-001,26.748983,-80.999676,106.5,9.6,0,Mavic Air 2,false,drone_images/Mavic Air 2.png,26.745000,-81.005000,26.744500,-81.005300,apolloshield_dji,df,,,2414500000,RADAR-A2D2-7E4D,Sensor Lake Okeechobee / Central Inland,190,YELLOW,YELLOW
1772041915942,A2D2-7E4D,FLT-7E4D-001,26.748983,-80.999676,106.5,9.6,0,Mavic Air 2,false,drone_images/Mavic Air 2.png,26.745000,-81.005000,26.744500,-81.005300,apolloshield_dji,df,,,2414500000,RADAR-A2D2-7E4D,Sensor Lake Okeechobee / Central Inland,190,YELLOW,YELLOW
1772041917356,A2D2-7E4D,FLT-7E4D-001,26.748983,-80.999676,106.5,9.6,0,Mavic Air 2,false,drone_images/Mavic Air 2.png,26.745000,-81.005000,26.744500,-81.005300,apolloshield_dji,df,,,2414500000,RADAR-A2D2-7E4D,Sensor Lake Okeechobee / Central Inland,190,YELLOW,YELLOW
1772041918956,A2D2-7E4D,FLT-7E4D-001,26.753395,-80.999550,106.6,11,0,Mavic Air 2,false,drone_images/Mavic Air 2.png,26.745000,-81.005000,26.744500,-81.005300,apolloshield_dji,df,,,2414500000,RADAR-A2D2-7E4D,Sensor Lake Okeechobee / Central Inland,190,YELLOW,YELLOW
1772041920992,A2D2-7E4D,FLT-7E4D-001,26.753395,-80.999550,106.6,11,0,Mavic Air 2,false,drone_images/Mavic Air 2.png,26.745000,-81.005000,26.744500,-81.005300,apolloshield_dji,df,,,2414500000,RADAR-A2D2-7E4D,Sensor Lake Okeechobee / Central Inland,190,YELLOW,YELLOW
1772041922056,A2D2-7E4D,FLT-7E4D-001,26.753395,-80.999550,106.6,11,0,Mavic Air 2,false,drone_images/Mavic Air 2.png,26.745000,-81.005000,26.744500,-81.005300,apolloshield_dji,df,,,2414500000,RADAR-A2D2-7E4D,Sensor Lake Okeechobee / Central Inland,190,YELLOW,YELLOW
1772041923378,A2D2-7E4D,FLT-7E4D-001,26.753395,-80.999550,106.6,11,0,Mavic Air 2,false,drone_images/Mavic Air 2.png,26.745000,-81.005000,26.744500,-81.005300,apolloshield_dji,df,,,2414500000,RADAR-A2D2-7E4D,Sensor Lake Okeechobee / Central Inland,190,YELLOW,YELLOW
1772041924245,A2D2-7E4D,FLT-7E4D-001,26.748983,-80.999676,106.5,9.6,0,Mavic Air 2,false,drone_images/Mavic Air 2.png,26.745000,-81.005000,26.744500,-81.005300,apolloshield_dji,df,,,2414500000,RADAR-A2D2-7E4D,Sensor Lake Okeechobee / Central Inland,190,YELLOW,YELLOW
1772041925119,A2D2-7E4D,FLT-7E4D-001,26.753395,-80.999550,106.6,11,0,Mavic Air 2,false,drone_images/Mavic Air 2.png,26.745000,-81.005000,26.744500,-81.005300,apolloshield_dji,df,,,2414500000,RADAR-A2D2-7E4D,Sensor Lake Okeechobee / Central Inland,190,YELLOW,YELLOW
1772041926064,A2D2-7E4D,FLT-7E4D-001,26.753395,-80.999550,106.6,11,0,Mavic Air 2,false,drone_images/Mavic Air 2.png,26.745000,-81.005000,26.744500,-81.005300,apolloshield_dji,df,,,2414500000,RADAR-A2D2-7E4D,Sensor Lake Okeechobee / Central Inland,190,YELLOW,YELLOW
1772041926490,A2D2-7E4D,FLT-7E4D-001,26.753395,-80.999550,106.6,11,0,Mavic Air 2,false,drone_images/Mavic Air 2.png,26.745000,-81.005000,26.744500,-81.005300,apolloshield_dji,df,,,2414500000,RADAR-A2D2-7E4D,Sensor Lake Okeechobee / Central Inland,190,YELLOW,YELLOW
1772041927342,A2D2-7E4D,FLT-7E4D-001,26.753395,-80.999550,106.6,11,0,Mavic Air 2,false,drone_images/Mavic Air 2.png,26.745000,-81.005000,26.744500,-81.005300,apolloshield_dji,df,,,2414500000,RADAR-A2D2-7E4D,Sensor Lake Okeechobee / Central Inland,190,YELLOW,YELLOW
1772041927762,A2D2-7E4D,FLT-7E4D-001,26.753395,-80.999550,106.6,11,0,Mavic Air 2,false,drone_images/Mavic Air 2.png,26.745000,-81.005000,26.744500,-81.005300,apolloshield_dji,df,,,2414500000,RADAR-A2D2-7E4D,Sensor Lake Okeechobee / Central Inland,190,YELLOW,YELLOW
1772041927900,A2D2-7E4D,FLT-7E4D-001,26.753395,-80.999550,106.6,11,0,Mavic Air 2,false,drone_images/Mavic Air 2.png,26.745000,-81.005000,26.744500,-81.005300,apolloshield_dji,df,,,2414500000,RADAR-A2D2-7E4D,Sensor Lake Okeechobee / Central Inland,190,YELLOW,YELLOW
1772041929182,A2D2-7E4D,FLT-7E4D-001,26.753395,-80.999550,106.6,11,0,Mavic Air 2,false,drone_images/Mavic Air 2.png,26.745000,-81.005000,26.744500,-81.005300,apolloshield_dji,df,,,2414500000,RADAR-A2D2-7E4D,Sensor Lake Okeechobee / Central Inland,190,YELLOW,YELLOW
1772041929853,A2D2-7E4D,FLT-7E4D-001,26.753395,-80.999550,106.6,11,0,Mavic Air 2,false,drone_images/Mavic Air 2.png,26.745000,-81.005000,26.744500,-81.005300,apolloshield_dji,df,,,2414500000,RADAR-A2D2-7E4D,Sensor Lake Okeechobee / Central Inland,190,YELLOW,YELLOW
1772041931443,A2D2-7E4D,FLT-7E4D-001,26.753395,-80.999550,106.6,11,0,Mavic Air 2,false,drone_images/Mavic Air 2.png,26.745000,-81.005000,26.744500,-81.005300,apolloshield_dji,df,,,2414500000,RADAR-A2D2-7E4D,Sensor Lake Okeechobee / Central Inland,190,YELLOW,YELLOW
1772041931709,A2D2-7E4D,FLT-7E4D-001,26.753395,-80.999550,106.6,11,0,Mavic Air 2,false,drone_images/Mavic Air 2.png,26.745000,-81.005000,26.744500,-81.005300,apolloshield_dji,df,,,2414500000,RADAR-A2D2-7E4D,Sensor Lake Okeechobee / Central Inland,190,YELLOW,YELLOW
1772041933117,A2D2-7E4D,FLT-7E4D-001,26.753395,-80.999550,106.6,11,0,Mavic Air 2,false,drone_images/Mavic Air 2.png,26.745000,-81.005000,26.744500,-81.005300,apolloshield_dji,df,,,2414500000,RADAR-A2D2-7E4D,Sensor Lake Okeechobee / Central Inland,190,YELLOW,YELLOW
1772041934407,A2D2-7E4D,FLT-7E4D-001,26.753395,-80.999550,106.6,11,0,Mavic Air 2,false,drone_images/Mavic Air 2.png,26.745000,-81.005000,26.744500,-81.005300,apolloshield_dji,df,,,2414500000,RADAR-A2D2-7E4D,Sensor Lake Okeechobee / Central Inland,190,YELLOW,YELLOW
1772041935071,A2D2-7E4D,FLT-7E4D-001,26.753395,-80.999550,106.6,11,0,Mavic Air 2,false,drone_images/Mavic Air 2.png,26.745000,-81.005000,26.744500,-81.005300,apolloshield_dji,df,,,2414500000,RADAR-A2D2-7E4D,Sensor Lake Okeechobee / Central Inland,190,YELLOW,YELLOW
1772041935989,A2D2-7E4D,FLT-7E4D-001,26.753395,-80.999550,106.6,11,0,Mavic Air 2,false,drone_images/Mavic Air 2.png,26.745000,-81.005000,26.744500,-81.005300,apolloshield_dji,df,,,2414500000,RADAR-A2D2-7E4D,Sensor Lake Okeechobee / Central Inland,190,YELLOW,YELLOW
1772041937177,A2D2-7E4D,FLT-7E4D-001,26.753395,-80.999550,106.6,11,0,Mavic Air 2,false,drone_images/Mavic Air 2.png,26.745000,-81.005000,26.744500,-81.005300,apolloshield_dji,df,,,2414500000,RADAR-A2D2-7E4D,Sensor Lake Okeechobee / Central Inland,190,YELLOW,YELLOW
1772041938564,A2D2-7E4D,FLT-7E4D-001,26.753395,-80.999550,106.6,11,0,Mavic Air 2,false,drone_images/Mavic Air 2.png,26.745000,-81.005000,26.744500,-81.005300,apolloshield_dji,df,,,2414500000,RADAR-A2D2-7E4D,Sensor Lake Okeechobee / Central Inland,190,YELLOW,YELLOW
1772041939152,A2D2-7E4D,FLT-7E4D-001,26.753395,-80.999550,106.6,11,0,Mavic Air 2,false,drone_images/Mavic Air 2.png,26.745000,-81.005000,26.744500,-81.005300,apolloshield_dji,df,,,2414500000,RADAR-A2D2-7E4D,Sensor Lake Okeechobee / Central Inland,190,YELLOW,YELLOW
1772041940018,A2D2-7E4D,FLT-7E4D-001,26.753395,-80.999550,106.6,11,0,Mavic Air 2,false,drone_images/Mavic Air 2.png,26.745000,-81.005000,26.744500,-81.005300,apolloshield_dji,df,,,2414500000,RADAR-A2D2-7E4D,Sensor Lake Okeechobee / Central Inland,190,YELLOW,YELLOW
1772041941414,A2D2-7E4D,FLT-7E4D-001,26.753395,-80.999550,106.6,11,0,Mavic Air 2,false,drone_images/Mavic Air 2.png,26.745000,-81.005000,26.744500,-81.005300,apolloshield_dji,df,,,2414500000,RADAR-A2D2-7E4D,Sensor Lake Okeechobee / Central Inland,190,YELLOW,YELLOW
1772041943056,A2D2-7E4D,FLT-7E4D-001,26.753395,-80.999550,106.6,11,0,Mavic Air 2,false,drone_images/Mavic Air 2.png,26.745000,-81.005000,26.744500,-81.005300,apolloshield_dji,df,,,2414500000,RADAR-A2D2-7E4D,Sensor Lake Okeechobee / Central Inland,190,YELLOW,YELLOW
1772041943136,A2D2-7E4D,FLT-7E4D-001,26.753395,-80.999550,106.6,11,0,Mavic Air 2,false,drone_images/Mavic Air 2.png,26.745000,-81.005000,26.744500,-81.005300,apolloshield_dji,df,,,2414500000,RADAR-A2D2-7E4D,Sensor Lake Okeechobee / Central Inland,190,YELLOW,YELLOW
1772041944839,A2D2-7E4D,FLT-7E4D-001,26.753395,-80.999550,106.6,11,0,Mavic Air 2,false,drone_images/Mavic Air 2.png,26.745000,-81.005000,26.744500,-81.005300,apolloshield_dji,df,,,2414500000,RADAR-A2D2-7E4D,Sensor Lake Okeechobee / Central Inland,190,YELLOW,YELLOW
1772041944929,A2D2-7E4D,FLT-7E4D-001,26.753395,-80.999550,106.6,11,0,Mavic Air 2,false,drone_images/Mavic Air 2.png,26.745000,-81.005000,26.744500,-81.005300,apolloshield_dji,df,,,2414500000,RADAR-A2D2-7E4D,Sensor Lake Okeechobee / Central Inland,190,YELLOW,YELLOW
1772041946149,A2D2-7E4D,FLT-7E4D-001,26.753395,-80.999550,106.6,11,0,Mavic Air 2,false,drone_images/Mavic Air 2.png,26.745000,-81.005000,26.744500,-81.005300,apolloshield_dji,df,,,2414500000,RADAR-A2D2-7E4D,Sensor Lake Okeechobee / Central Inland,190,YELLOW,YELLOW
1772041947727,A2D2-7E4D,FLT-7E4D-001,26.753395,-80.999550,106.6,11,0,Mavic Air 2,false,drone_images/Mavic Air 2.png,26.745000,-81.005000,26.744500,-81.005300,apolloshield_dji,df,,,2414500000,RADAR-A2D2-7E4D,Sensor Lake Okeechobee / Central Inland,190,YELLOW,YELLOW
1772041948079,A2D2-7E4D,FLT-7E4D-001,26.753395,-80.999550,106.6,11,0,Mavic Air 2,false,drone_images/Mavic Air 2.png,26.745000,-81.005000,26.744500,-81.005300,apolloshield_dji,df,,,2414500000,RADAR-A2D2-7E4D,Sensor Lake Okeechobee / Central Inland,190,YELLOW,YELLOW
1772041950369,A2D2-7E4D,FLT-7E4D-001,26.753395,-80.999550,106.6,11,0,Mavic Air 2,false,drone_images/Mavic Air 2.png,26.745000,-81.005000,26.744500,-81.005300,apolloshield_dji,df,,,2414500000,RADAR-A2D2-7E4D,Sensor Lake Okeechobee / Central Inland,190,YELLOW,YELLOW
1772041950493,A2D2-7E4D,FLT-7E4D-001,26.753395,-80.999550,106.6,11,0,Mavic Air 2,false,drone_images/Mavic Air 2.png,26.745000,-81.005000,26.744500,-81.005300,apolloshield_dji,df,,,2414500000,RADAR-A2D2-7E4D,Sensor Lake Okeechobee / Central Inland,190,YELLOW,YELLOW
1772041951186,A2D2-7E4D,FLT-7E4D-001,26.753395,-80.999550,106.6,11,0,Mavic Air 2,false,drone_images/Mavic Air 2.png,26.745000,-81.005000,26.744500,-81.005300,apolloshield_dji,df,,,2414500000,RADAR-A2D2-7E4D,Sensor Lake Okeechobee / Central Inland,190,YELLOW,YELLOW
1772041952371,A2D2-7E4D,FLT-7E4D-001,26.753395,-80.999550,106.6,11,0,Mavic Air 2,false,drone_images/Mavic Air 2.png,26.745000,-81.005000,26.744500,-81.005300,apolloshield_dji,df,,,2414500000,RADAR-A2D2-7E4D,Sensor Lake Okeechobee / Central Inland,190,YELLOW,YELLOW
1772041953749,A2D2-7E4D,FLT-7E4D-001,26.753395,-80.999550,106.6,11,0,Mavic Air 2,false,drone_images/Mavic Air 2.png,26.745000,-81.005000,26.744500,-81.005300,apolloshield_dji,df,,,2414500000,RADAR-A2D2-7E4D,Sensor Lake Okeechobee / Central Inland,190,YELLOW,YELLOW
1772041954259,A2D2-7E4D,FLT-7E4D-001,26.753395,-80.999550,106.6,11,0,Mavic Air 2,false,drone_images/Mavic Air 2.png,26.745000,-81.005000,26.744500,-81.005300,apolloshield_dji,df,,,2414500000,RADAR-A2D2-7E4D,Sensor Lake Okeechobee / Central Inland,190,YELLOW,YELLOW
1772041955243,A2D2-7E4D,FLT-7E4D-001,26.753395,-80.999550,106.6,11,0,Mavic Air 2,false,drone_images/Mavic Air 2.png,26.745000,-81.005000,26.744500,-81.005300,apolloshield_dji,df,,,2414500000,RADAR-A2D2-7E4D,Sensor Lake Okeechobee / Central Inland,190,YELLOW,YELLOW
1772041957089,A2D2-7E4D,FLT-7E4D-001,26.753395,-80.999550,106.6,11,0,Mavic Air 2,false,drone_images/Mavic Air 2.png,26.745000,-81.005000,26.744500,-81.005300,apolloshield_dji,df,,,2414500000,RADAR-A2D2-7E4D,Sensor Lake Okeechobee / Central Inland,190,YELLOW,YELLOW
1772041957284,A2D2-7E4D,FLT-7E4D-001,26.753395,-80.999550,106.6,11,0,Mavic Air 2,false,drone_images/Mavic Air 2.png,26.745000,-81.005000,26.744500,-81.005300,apolloshield_dji,df,,,2414500000,RADAR-A2D2-7E4D,Sensor Lake Okeechobee / Central Inland,190,YELLOW,YELLOW
1772041957950,A2D2-7E4D,FLT-7E4D-001,26.753395,-80.999550,106.6,11,0,Mavic Air 2,false,drone_images/Mavic Air 2.png,26.745000,-81.005000,26.744500,-81.005300,apolloshield_dji,df,,,2414500000,RADAR-A2D2-7E4D,Sensor Lake Okeechobee / Central Inland,190,YELLOW,YELLOW
1772041958902,A2D2-7E4D,FLT-7E4D-001,26.753395,-80.999550,106.6,11,0,Mavic Air 2,false,drone_images/Mavic Air 2.png,26.745000,-81.005000,26.744500,-81.005300,apolloshield_dji,df,,,2414500000,RADAR-A2D2-7E4D,Sensor Lake Okeechobee / Central Inland,190,YELLOW,YELLOW
1772041960528,A2D2-7E4D,FLT-7E4D-001,26.753395,-80.999550,106.6,11,0,Mavic Air 2,false,drone_images/Mavic Air 2.png,26.745000,-81.005000,26.744500,-81.005300,apolloshield_dji,df,,,2414500000,RADAR-A2D2-7E4D,Sensor Lake Okeechobee / Central Inland,190,YELLOW,YELLOW
1772041961985,A2D2-7E4D,FLT-7E4D-001,26.753395,-80.999550,106.6,11,0,Mavic Air 2,false,drone_images/Mavic Air 2.png,26.745000,-81.005000,26.744500,-81.005300,apolloshield_dji,df,,,2414500000,RADAR-A2D2-7E4D,Sensor Lake Okeechobee / Central Inland,190,YELLOW,YELLOW
1772041962083,A2D2-7E4D,FLT-7E4D-001,26.753395,-80.999550,106.6,11,0,Mavic Air 2,false,drone_images/Mavic Air 2.png,26.745000,-81.005000,26.744500,-81.005300,apolloshield_dji,df,,,2414500000,RADAR-A2D2-7E4D,Sensor Lake Okeechobee / Central Inland,190,YELLOW,YELLOW
1772041964127,A2D2-7E4D,FLT-7E4D-001,26.753395,-80.999550,106.6,11,0,Mavic Air 2,false,drone_images/Mavic Air 2.png,26.745000,-81.005000,26.744500,-81.005300,apolloshield_dji,df,,,2414500000,RADAR-A2D2-7E4D,Sensor Lake Okeechobee / Central Inland,190,YELLOW,YELLOW
1772042057600,A2D2-7E4D,FLT-7E4D-001,26.751573,-81.000685,106.7,11,0,Mavic Air 2,false,drone_images/Mavic Air 2.png,26.745000,-81.005000,26.744500,-81.005300,apolloshield_dji,df,,,2414500000,RADAR-A2D2-7E4D,Sensor Lake Okeechobee / Central Inland,190,YELLOW,YELLOW
1772042057971,A2D2-7E4D,FLT-7E4D-001,26.751573,-81.000685,106.7,11,0,Mavic Air 2,false,drone_images/Mavic Air 2.png,26.745000,-81.005000,26.744500,-81.005300,apolloshield_dji,df,,,2414500000,RADAR-A2D2-7E4D,Sensor Lake Okeechobee / Central Inland,190,YELLOW,YELLOW
1772042059028,A2D2-7E4D,FLT-7E4D-001,26.751573,-81.000685,106.7,11,0,Mavic Air 2,false,drone_images/Mavic Air 2.png,26.745000,-81.005000,26.744500,-81.005300,apolloshield_dji,df,,,2414500000,RADAR-A2D2-7E4D,Sensor Lake Okeechobee / Central Inland,190,YELLOW,YELLOW
1772042060584,A2D2-7E4D,FLT-7E4D-001,26.751573,-81.000685,106.7,11,0,Mavic Air 2,false,drone_images/Mavic Air 2.png,26.745000,-81.005000,26.744500,-81.005300,apolloshield_dji,df,,,2414500000,RADAR-A2D2-7E4D,Sensor Lake Okeechobee / Central Inland,190,YELLOW,YELLOW
1772042061046,A2D2-7E4D,FLT-7E4D-001,26.751573,-81.000685,106.7,11,0,Mavic Air 2,false,drone_images/Mavic Air 2.png,26.745000,-81.005000,26.744500,-81.005300,apolloshield_dji,df,,,2414500000,RADAR-A2D2-7E4D,Sensor Lake Okeechobee / Central Inland,190,YELLOW,YELLOW
1772042062268,A2D2-7E4D,FLT-7E4D-001,26.751573,-81.000685,106.7,11,0,Mavic Air 2,false,drone_images/Mavic Air 2.png,26.745000,-81.005000,26.744500,-81.005300,apolloshield_dji,df,,,2414500000,RADAR-A2D2-7E4D,Sensor Lake Okeechobee / Central Inland,190,YELLOW,YELLOW
1772042063371,A2D2-7E4D,FLT-7E4D-001,26.751573,-81.000685,106.7,11,0,Mavic Air 2,false,drone_images/Mavic Air 2.png,26.745000,-81.005000,26.744500,-81.005300,apolloshield_dji,df,,,2414500000,RADAR-A2D2-7E4D,Sensor Lake Okeechobee / Central Inland,190,YELLOW,YELLOW
1772042064991,A2D2-7E4D,FLT-7E4D-001,26.751573,-81.000685,106.7,11,0,Mavic Air 2,false,drone_images/Mavic Air 2.png,26.745000,-81.005000,26.744500,-81.005300,apolloshield_dji,df,,,2414500000,RADAR-A2D2-7E4D,Sensor Lake Okeechobee / Central Inland,190,YELLOW,YELLOW
1772042065924,A2D2-7E4D,FLT-7E4D-001,26.751573,-81.000685,106.7,11,0,Mavic Air 2,false,drone_images/Mavic Air 2.png,26.745000,-81.005000,26.744500,-81.005300,apolloshield_dji,df,,,2414500000,RADAR-A2D2-7E4D,Sensor Lake Okeechobee / Central Inland,190,YELLOW,YELLOW
1772042066319,A2D2-7E4D,FLT-7E4D-001,26.751573,-81.000685,106.7,11,0,Mavic Air 2,false,drone_images/Mavic Air 2.png,26.745000,-81.005000,26.744500,-81.005300,apolloshield_dji,df,,,2414500000,RADAR-A2D2-7E4D,Sensor Lake Okeechobee / Central Inland,190,YELLOW,YELLOW
1772042067551,A2D2-7E4D,FLT-7E4D-001,26.751573,-81.000685,106.7,11,0,Mavic Air 2,false,drone_images/Mavic Air 2.png,26.745000,-81.005000,26.744500,-81.005300,apolloshield_dji,df,,,2414500000,RADAR-A2D2-7E4D,Sensor Lake Okeechobee / Central Inland,190,YELLOW,YELLOW
1772042068376,A2D2-7E4D,FLT-7E4D-001,26.751573,-81.000685,106.7,11,0,Mavic Air 2,false,drone_images/Mavic Air 2.png,26.745000,-81.005000,26.744500,-81.005300,apolloshield_dji,df,,,2414500000,RADAR-A2D2-7E4D,Sensor Lake Okeechobee / Central Inland,190,YELLOW,YELLOW
1772042069413,A2D2-7E4D,FLT-7E4D-001,26.751573,-81.000685,106.7,11,0,Mavic Air 2,false,drone_images/Mavic Air 2.png,26.745000,-81.005000,26.744500,-81.005300,apolloshield_dji,df,,,2414500000,RADAR-A2D2-7E4D,Sensor Lake Okeechobee / Central Inland,190,YELLOW,YELLOW
1772042070433,A2D2-7E4D,FLT-7E4D-001,26.751573,-81.000685,106.7,11,0,Mavic Air 2,false,drone_images/Mavic Air 2.png,26.745000,-81.005000,26.744500,-81.005300,apolloshield_dji,df,,,2414500000,RADAR-A2D2-7E4D,Sensor Lake Okeechobee / Central Inland,190,YELLOW,YELLOW
1772042071784,A2D2-7E4D,FLT-7E4D-001,26.751573,-81.000685,106.7,11,0,Mavic Air 2,false,drone_images/Mavic Air 2.png,26.745000,-81.005000,26.744500,-81.005300,apolloshield_dji,df,,,2414500000,RADAR-A2D2-7E4D,Sensor Lake Okeechobee / Central Inland,190,YELLOW,YELLOW
1772042072953,A2D2-7E4D,FLT-7E4D-001,26.751573,-81.000685,106.7,11,0,Mavic Air 2,false,drone_images/Mavic Air 2.png,26.745000,-81.005000,26.744500,-81.005300,apolloshield_dji,df,,,2414500000,RADAR-A2D2-7E4D,Sensor Lake Okeechobee / Central Inland,190,YELLOW,YELLOW
1772042074761,A2D2-7E4D,FLT-7E4D-001,26.751573,-81.000685,106.7,11,0,Mavic Air 2,false,drone_images/Mavic Air 2.png,26.745000,-81.005000,26.744500,-81.005300,apolloshield_dji,df,,,2414500000,RADAR-A2D2-7E4D,Sensor Lake Okeechobee / Central Inland,190,YELLOW,YELLOW
1772042075188,A2D2-7E4D,FLT-7E4D-001,26.751573,-81.000685,106.7,11,0,Mavic Air 2,false,drone_images/Mavic Air 2.png,26.745000,-81.005000,26.744500,-81.005300,apolloshield_dji,df,,,2414500000,RADAR-A2D2-7E4D,Sensor Lake Okeechobee / Central Inland,190,YELLOW,YELLOW
1772042075955,A2D2-7E4D,FLT-7E4D-001,26.751573,-81.000685,106.7,11,0,Mavic Air 2,false,drone_images/Mavic Air 2.png,26.745000,-81.005000,26.744500,-81.005300,apolloshield_dji,df,,,2414500000,RADAR-A2D2-7E4D,Sensor Lake Okeechobee / Central Inland,190,YELLOW,YELLOW
1772042076242,A2D2-7E4D,FLT-7E4D-001,26.751573,-81.000685,106.7,11,0,Mavic Air 2,false,drone_images/Mavic Air 2.png,26.745000,-81.005000,26.744500,-81.005300,apolloshield_dji,df,,,2414500000,RADAR-A2D2-7E4D,Sensor Lake Okeechobee / Central Inland,190,YELLOW,YELLOW
1772042076868,A2D2-7E4D,FLT-7E4D-001,26.751573,-81.000685,106.7,11,0,Mavic Air 2,false,drone_images/Mavic Air 2.png,26.745000,-81.005000,26.744500,-81.005300,apolloshield_dji,df,,,2414500000,RADAR-A2D2-7E4D,Sensor Lake Okeechobee / Central Inland,190,YELLOW,YELLOW
1772042078463,A2D2-7E4D,FLT-7E4D-001,26.751573,-81.000685,106.7,11,0,Mavic Air 2,false,drone_images/Mavic Air 2.png,26.745000,-81.005000,26.744500,-81.005300,apolloshield_dji,df,,,2414500000,RADAR-A2D2-7E4D,Sensor Lake Okeechobee / Central Inland,190,YELLOW,YELLOW
1772042078749,A2D2-7E4D,FLT-7E4D-001,26.751573,-81.000685,106.7,11,0,Mavic Air 2,false,drone_images/Mavic Air 2.png,26.745000,-81.005000,26.744500,-81.005300,apolloshield_dji,df,,,2414500000,RADAR-A2D2-7E4D,Sensor Lake Okeechobee / Central Inland,190,YELLOW,YELLOW
1772042080363,A2D2-7E4D,FLT-7E4D-001,26.751573,-81.000685,106.7,11,0,Mavic Air 2,false,drone_images/Mavic Air 2.png,26.745000,-81.005000,26.744500,-81.005300,apolloshield_dji,df,,,2414500000,RADAR-A2D2-7E4D,Sensor Lake Okeechobee / Central Inland,190,YELLOW,YELLOW
1772042081095,A2D2-7E4D,FLT-7E4D-001,26.751573,-81.000685,106.7,11,0,Mavic Air 2,false,drone_images/Mavic Air 2.png,26.745000,-81.005000,26.744500,-81.005300,apolloshield_dji,df,,,2414500000,RADAR-A2D2-7E4D,Sensor Lake Okeechobee / Central Inland,190,YELLOW,YELLOW
1772042082401,A2D2-7E4D,FLT-7E4D-001,26.751573,-81.000685,106.7,11,0,Mavic Air 2,false,drone_images/Mavic Air 2.png,26.745000,-81.005000,26.744500,-81.005300,apolloshield_dji,df,,,2414500000,RADAR-A2D2-7E4D,Sensor Lake Okeechobee / Central Inland,190,YELLOW,YELLOW
1772042083486,A2D2-7E4D,FLT-7E4D-001,26.751573,-81.000685,106.7,11,0,Mavic Air 2,false,drone_images/Mavic Air 2.png,26.745000,-81.005000,26.744500,-81.005300,apolloshield_dji,df,,,2414500000,RADAR-A2D2-7E4D,Sensor Lake Okeechobee / Central Inland,190,YELLOW,YELLOW
1772042084920,A2D2-7E4D,FLT-7E4D-001,26.751573,-81.000685,106.7,11,0,Mavic Air 2,false,drone_images/Mavic Air 2.png,26.745000,-81.005000,26.744500,-81.005300,apolloshield_dji,df,,,2414500000,RADAR-A2D2-7E4D,Sensor Lake Okeechobee / Central Inland,190,YELLOW,YELLOW
1772042085387,A2D2-7E4D,FLT-7E4D-001,26.751573,-81.000685,106.7,11,0,Mavic Air 2,false,drone_images/Mavic Air 2.png,26.745000,-81.005000,26.744500,-81.005300,apolloshield_dji,df,,,2414500000,RADAR-A2D2-7E4D,Sensor Lake Okeechobee / Central Inland,190,YELLOW,YELLOW
1772042087522,A2D2-7E4D,FLT-7E4D-001,26.751573,-81.000685,106.7,11,0,Mavic Air 2,false,drone_images/Mavic Air 2.png,26.745000,-81.005000,26.744500,-81.005300,apolloshield_dji,df,,,2414500000,RADAR-A2D2-7E4D,Sensor Lake Okeechobee / Central Inland,190,YELLOW,YELLOW
1772042088003,A2D2-7E4D,FLT-7E4D-001,26.751573,-81.000685,106.7,11,0,Mavic Air 2,false,drone_images/Mavic Air 2.png,26.745000,-81.005000,26.744500,-81.005300,apolloshield_dji,df,,,2414500000,RADAR-A2D2-7E4D,Sensor Lake Okeechobee / Central Inland,190,YELLOW,YELLOW
1772042088690,A2D2-7E4D,FLT-7E4D-001,26.751573,-81.000685,106.7,11,0,Mavic Air 2,false,drone_images/Mavic Air 2.png,26.745000,-81.005000,26.744500,-81.005300,apolloshield_dji,df,,,2414500000,RADAR-A2D2-7E4D,Sensor Lake Okeechobee / Central Inland,190,YELLOW,YELLOW
1772042088980,A2D2-7E4D,FLT-7E4D-001,26.751573,-81.000685,106.7,11,0,Mavic Air 2,false,drone_images/Mavic Air 2.png,26.745000,-81.005000,26.744500,-81.005300,apolloshield_dji,df,,,2414500000,RADAR-A2D2-7E4D,Sensor Lake Okeechobee / Central Inland,190,YELLOW,YELLOW
1772042090780,A2D2-7E4D,FLT-7E4D-001,26.751573,-81.000685,106.7,11,0,Mavic Air 2,false,drone_images/Mavic Air 2.png,26.745000,-81.005000,26.744500,-81.005300,apolloshield_dji,df,,,2414500000,RADAR-A2D2-7E4D,Sensor Lake Okeechobee / Central Inland,190,YELLOW,YELLOW
1772042091826,A2D2-7E4D,FLT-7E4D-001,26.751573,-81.000685,106.7,11,0,Mavic Air 2,false,drone_images/Mavic Air 2.png,26.745000,-81.005000,26.744500,-81.005300,apolloshield_dji,df,,,2414500000,RADAR-A2D2-7E4D,Sensor Lake Okeechobee / Central Inland,190,YELLOW,YELLOW
1772042092251,A2D2-7E4D,FLT-7E4D-001,26.751573,-81.000685,106.7,11,0,Mavic Air 2,false,drone_images/Mavic Air 2.png,26.745000,-81.005000,26.744500,-81.005300,apolloshield_dji,df,,,2414500000,RADAR-A2D2-7E4D,Sensor Lake Okeechobee / Central Inland,190,YELLOW,YELLOW
1772042094069,A2D2-7E4D,FLT-7E4D-001,26.751573,-81.000685,106.7,11,0,Mavic Air 2,false,drone_images/Mavic Air 2.png,26.745000,-81.005000,26.744500,-81.005300,apolloshield_dji,df,,,2414500000,RADAR-A2D2-7E4D,Sensor Lake Okeechobee / Central Inland,190,YELLOW,YELLOW
1772042094511,A2D2-7E4D,FLT-7E4D-001,26.751573,-81.000685,106.7,11,0,Mavic Air 2,false,drone_images/Mavic Air 2.png,26.745000,-81.005000,26.744500,-81.005300,apolloshield_dji,df,,,2414500000,RADAR-A2D2-7E4D,Sensor Lake Okeechobee / Central Inland,190,YELLOW,YELLOW
1772042094975,A2D2-7E4D,FLT-7E4D-001,26.751573,-81.000685,106.7,11,0,Mavic Air 2,false,drone_images/Mavic Air 2.png,26.745000,-81.005000,26.744500,-81.005300,apolloshield_dji,df,,,2414500000,RADAR-A2D2-7E4D,Sensor Lake Okeechobee / Central Inland,190,YELLOW,YELLOW
1772042097308,A2D2-7E4D,FLT-7E4D-001,26.751573,-81.000685,106.7,11,0,Mavic Air 2,false,drone_images/Mavic Air 2.png,26.745000,-81.005000,26.744500,-81.005300,apolloshield_dji,df,,,2414500000,RADAR-A2D2-7E4D,Sensor Lake Okeechobee / Central Inland,190,YELLOW,YELLOW
1772042097432,A2D2-7E4D,FLT-7E4D-001,26.751573,-81.000685,106.7,11,0,Mavic Air 2,false,drone_images/Mavic Air 2.png,26.745000,-81.005000,26.744500,-81.005300,apolloshield_dji,df,,,2414500000,RADAR-A2D2-7E4D,Sensor Lake Okeechobee / Central Inland,190,YELLOW,YELLOW
1772042098123,A2D2-7E4D,FLT-7E4D-001,26.751573,-81.000685,106.7,11,0,Mavic Air 2,false,drone_images/Mavic Air 2.png,26.745000,-81.005000,26.744500,-81.005300,apolloshield_dji,df,,,2414500000,RADAR-A2D2-7E4D,Sensor Lake Okeechobee / Central Inland,190,YELLOW,YELLOW
1772042100214,A2D2-7E4D,FLT-7E4D-001,26.751573,-81.000685,106.7,11,0,Mavic Air 2,false,drone_images/Mavic Air 2.png,26.745000,-81.005000,26.744500,-81.005300,apolloshield_dji,df,,,2414500000,RADAR-A2D2-7E4D,Sensor Lake Okeechobee / Central Inland,190,YELLOW,YELLOW
1772042101311,A2D2-7E4D,FLT-7E4D-001,26.751573,-81.000685,106.7,11,0,Mavic Air 2,false,drone_images/Mavic Air 2.png,26.745000,-81.005000,26.744500,-81.005300,apolloshield_dji,df,,,2414500000,RADAR-A2D2-7E4D,Sensor Lake Okeechobee / Central Inland,190,YELLOW,YELLOW
1772042101838,A2D2-7E4D,FLT-7E4D-001,26.751573,-81.000685,106.7,11,0,Mavic Air 2,false,drone_images/Mavic Air 2.png,26.745000,-81.005000,26.744500,-81.005300,apolloshield_dji,df,,,2414500000,RADAR-A2D2-7E4D,Sensor Lake Okeechobee / Central Inland,190,YELLOW,YELLOW
1772042121183,A2D2-7E4D,FLT-7E4D-001,26.753590,-81.001166,106.5,11,0,Mavic Air 2,false,drone_images/Mavic Air 2.png,26.745000,-81.005000,26.744500,-81.005300,apolloshield_dji,df,,,2414500000,RADAR-A2D2-7E4D,Sensor Lake Okeechobee / Central Inland,190,YELLOW,YELLOW
1772042122117,A2D2-7E4D,FLT-7E4D-001,26.753590,-81.001166,106.5,11,0,Mavic Air 2,false,drone_images/Mavic Air 2.png,26.745000,-81.005000,26.744500,-81.005300,apolloshield_dji,df,,,2414500000,RADAR-A2D2-7E4D,Sensor Lake Okeechobee / Central Inland,190,YELLOW,YELLOW
1772042123067,A2D2-7E4D,FLT-7E4D-001,26.753590,-81.001166,106.5,11,0,Mavic Air 2,false,drone_images/Mavic Air 2.png,26.745000,-81.005000,26.744500,-81.005300,apolloshield_dji,df,,,2414500000,RADAR-A2D2-7E4D,Sensor Lake Okeechobee / Central Inland,190,YELLOW,YELLOW
1772042123982,A2D2-7E4D,FLT-7E4D-001,26.753590,-81.001166,106.5,11,0,Mavic Air 2,false,drone_images/Mavic Air 2.png,26.745000,-81.005000,26.744500,-81.005300,apolloshield_dji,df,,,2414500000,RADAR-A2D2-7E4D,Sensor Lake Okeechobee / Central Inland,190,YELLOW,YELLOW
1772042125076,A2D2-7E4D,FLT-7E4D-001,26.753590,-81.001166,106.5,11,0,Mavic Air 2,false,drone_images/Mavic Air 2.png,26.745000,-81.005000,26.744500,-81.005300,apolloshield_dji,df,,,2414500000,RADAR-A2D2-7E4D,Sensor Lake Okeechobee / Central Inland,190,YELLOW,YELLOW
1772042126441,A2D2-7E4D,FLT-7E4D-001,26.753590,-81.001166,106.5,11,0,Mavic Air 2,false,drone_images/Mavic Air 2.png,26.745000,-81.005000,26.744500,-81.005300,apolloshield_dji,df,,,2414500000,RADAR-A2D2-7E4D,Sensor Lake Okeechobee / Central Inland,190,YELLOW,YELLOW
1772042127000,A2D2-7E4D,FLT-7E4D-001,26.753590,-81.001166,106.5,11,0,Mavic Air 2,false,drone_images/Mavic Air 2.png,26.745000,-81.005000,26.744500,-81.005300,apolloshield_dji,df,,,2414500000,RADAR-A2D2-7E4D,Sensor Lake Okeechobee / Central Inland,190,YELLOW,YELLOW
1772042128344,A2D2-7E4D,FLT-7E4D-001,26.753590,-81.001166,106.5,11,0,Mavic Air 2,false,drone_images/Mavic Air 2.png,26.745000,-81.005000,26.744500,-81.005300,apolloshield_dji,df,,,2414500000,RADAR-A2D2-7E4D,Sensor Lake Okeechobee / Central Inland,190,YELLOW,YELLOW
1772042129409,A2D2-7E4D,FLT-7E4D-001,26.753590,-81.001166,106.5,11,0,Mavic Air 2,false,drone_images/Mavic Air 2.png,26.745000,-81.005000,26.744500,-81.005300,apolloshield_dji,df,,,2414500000,RADAR-A2D2-7E4D,Sensor Lake Okeechobee / Central Inland,190,YELLOW,YELLOW
1772042130920,A2D2-7E4D,FLT-7E4D-001,26.753590,-81.001166,106.5,11,0,Mavic Air 2,false,drone_images/Mavic Air 2.png,26.745000,-81.005000,26.744500,-81.005300,apolloshield_dji,df,,,2414500000,RADAR-A2D2-7E4D,Sensor Lake Okeechobee / Central Inland,190,YELLOW,YELLOW
1772042131145,A2D2-7E4D,FLT-7E4D-001,26.753590,-81.001166,106.5,11,0,Mavic Air 2,false,drone_images/Mavic Air 2.png,26.745000,-81.005000,26.744500,-81.005300,apolloshield_dji,df,,,2414500000,RADAR-A2D2-7E4D,Sensor Lake Okeechobee / Central Inland,190,YELLOW,YELLOW
1772042131931,A2D2-7E4D,FLT-7E4D-001,26.753590,-81.001166,106.5,11,0,Mavic Air 2,false,drone_images/Mavic Air 2.png,26.745000,-81.005000,26.744500,-81.005300,apolloshield_dji,df,,,2414500000,RADAR-A2D2-7E4D,Sensor Lake Okeechobee / Central Inland,190,YELLOW,YELLOW
1772042132942,A2D2-7E4D,FLT-7E4D-001,26.753590,-81.001166,106.5,11,0,Mavic Air 2,false,drone_images/Mavic Air 2.png,26.745000,-81.005000,26.744500,-81.005300,apolloshield_dji,df,,,2414500000,RADAR-A2D2-7E4D,Sensor Lake Okeechobee / Central Inland,190,YELLOW,YELLOW
1772042133840,A2D2-7E4D,FLT-7E4D-001,26.753590,-81.001166,106.5,11,0,Mavic Air 2,false,drone_images/Mavic Air 2.png,26.745000,-81.005000,26.744500,-81.005300,apolloshield_dji,df,,,2414500000,RADAR-A2D2-7E4D,Sensor Lake Okeechobee / Central Inland,190,YELLOW,YELLOW
1772042134895,A2D2-7E4D,FLT-7E4D-001,26.753590,-81.001166,106.5,11,0,Mavic Air 2,false,drone_images/Mavic Air 2.png,26.745000,-81.005000,26.744500,-81.005300,apolloshield_dji,df,,,2414500000,RADAR-A2D2-7E4D,Sensor Lake Okeechobee / Central Inland,190,YELLOW,YELLOW
1772042135863,A2D2-7E4D,FLT-7E4D-001,26.753590,-81.001166,106.5,11,0,Mavic Air 2,false,drone_images/Mavic Air 2.png,26.745000,-81.005000,26.744500,-81.005300,apolloshield_dji,df,,,2414500000,RADAR-A2D2-7E4D,Sensor Lake Okeechobee / Central Inland,190,YELLOW,YELLOW
1772042137544,A2D2-7E4D,FLT-7E4D-001,26.753590,-81.001166,106.5,11,0,Mavic Air 2,false,drone_images/Mavic Air 2.png,26.745000,-81.005000,26.744500,-81.005300,apolloshield_dji,df,,,2414500000,RADAR-A2D2-7E4D,Sensor Lake Okeechobee / Central Inland,190,YELLOW,YELLOW
1772042138186,A2D2-7E4D,FLT-7E4D-001,26.753590,-81.001166,106.5,11,0,Mavic Air 2,false,drone_images/Mavic Air 2.png,26.745000,-81.005000,26.744500,-81.005300,apolloshield_dji,df,,,2414500000,RADAR-A2D2-7E4D,Sensor Lake Okeechobee / Central Inland,190,YELLOW,YELLOW
1772042139196,A2D2-7E4D,FLT-7E4D-001,26.753590,-81.001166,106.5,11,0,Mavic Air 2,false,drone_images/Mavic Air 2.png,26.745000,-81.005000,26.744500,-81.005300,apolloshield_dji,df,,,2414500000,RADAR-A2D2-7E4D,Sensor Lake Okeechobee / Central Inland,190,YELLOW,YELLOW
1772042140073,A2D2-7E4D,FLT-7E4D-001,26.753590,-81.001166,106.5,11,0,Mavic Air 2,false,drone_images/Mavic Air 2.png,26.745000,-81.005000,26.744500,-81.005300,apolloshield_dji,df,,,2414500000,RADAR-A2D2-7E4D,Sensor Lake Okeechobee / Central Inland,190,YELLOW,YELLOW
1772042141233,A2D2-7E4D,FLT-7E4D-001,26.753590,-81.001166,106.5,11,0,Mavic Air 2,false,drone_images/Mavic Air 2.png,26.745000,-81.005000,26.744500,-81.005300,apolloshield_dji,df,,,2414500000,RADAR-A2D2-7E4D,Sensor Lake Okeechobee / Central Inland,190,YELLOW,YELLOW
1772042142785,A2D2-7E4D,FLT-7E4D-001,26.753590,-81.001166,106.5,11,0,Mavic Air 2,false,drone_images/Mavic Air 2.png,26.745000,-81.005000,26.744500,-81.005300,apolloshield_dji,df,,,2414500000,RADAR-A2D2-7E4D,Sensor Lake Okeechobee / Central Inland,190,YELLOW,YELLOW
1772042142904,A2D2-7E4D,FLT-7E4D-001,26.753590,-81.001166,106.5,11,0,Mavic Air 2,false,drone_images/Mavic Air 2.png,26.745000,-81.005000,26.744500,-81.005300,apolloshield_dji,df,,,2414500000,RADAR-A2D2-7E4D,Sensor Lake Okeechobee / Central Inland,190,YELLOW,YELLOW
1772042143769,A2D2-7E4D,FLT-7E4D-001,26.753590,-81.001166,106.5,11,0,Mavic Air 2,false,drone_images/Mavic Air 2.png,26.745000,-81.005000,26.744500,-81.005300,apolloshield_dji,df,,,2414500000,RADAR-A2D2-7E4D,Sensor Lake Okeechobee / Central Inland,190,YELLOW,YELLOW
1772042144785,A2D2-7E4D,FLT-7E4D-001,26.753590,-81.001166,106.5,11,0,Mavic Air 2,false,drone_images/Mavic Air 2.png,26.745000,-81.005000,26.744500,-81.005300,apolloshield_dji,df,,,2414500000,RADAR-A2D2-7E4D,Sensor Lake Okeechobee / Central Inland,190,YELLOW,YELLOW
1772042145971,A2D2-7E4D,FLT-7E4D-001,26.753590,-81.001166,106.5,11,0,Mavic Air 2,false,drone_images/Mavic Air 2.png,26.745000,-81.005000,26.744500,-81.005300,apolloshield_dji,df,,,2414500000,RADAR-A2D2-7E4D,Sensor Lake Okeechobee / Central Inland,190,YELLOW,YELLOW
1772042146874,A2D2-7E4D,FLT-7E4D-001,26.753590,-81.001166,106.5,11,0,Mavic Air 2,false,drone_images/Mavic Air 2.png,26.745000,-81.005000,26.744500,-81.005300,apolloshield_dji,df,,,2414500000,RADAR-A2D2-7E4D,Sensor Lake Okeechobee / Central Inland,190,YELLOW,YELLOW
1772042148524,A2D2-7E4D,FLT-7E4D-001,26.753590,-81.001166,106.5,11,0,Mavic Air 2,false,drone_images/Mavic Air 2.png,26.745000,-81.005000,26.744500,-81.005300,apolloshield_dji,df,,,2414500000,RADAR-A2D2-7E4D,Sensor Lake Okeechobee / Central Inland,190,YELLOW,YELLOW
1772042149070,A2D2-7E4D,FLT-7E4D-001,26.753590,-81.001166,106.5,11,0,Mavic Air 2,false,drone_images/Mavic Air 2.png,26.745000,-81.005000,26.744500,-81.005300,apolloshield_dji,df,,,2414500000,RADAR-A2D2-7E4D,Sensor Lake Okeechobee / Central Inland,190,YELLOW,YELLOW
1772042150020,A2D2-7E4D,FLT-7E4D-001,26.753590,-81.001166,106.5,11,0,Mavic Air 2,false,drone_images/Mavic Air 2.png,26.745000,-81.005000,26.744500,-81.005300,apolloshield_dji,df,,,2414500000,RADAR-A2D2-7E4D,Sensor Lake Okeechobee / Central Inland,190,YELLOW,YELLOW
1772042150952,A2D2-7E4D,FLT-7E4D-001,26.753590,-81.001166,106.5,11,0,Mavic Air 2,false,drone_images/Mavic Air 2.png,26.745000,-81.005000,26.744500,-81.005300,apolloshield_dji,df,,,2414500000,RADAR-A2D2-7E4D,Sensor Lake Okeechobee / Central Inland,190,YELLOW,YELLOW
1772042152120,A2D2-7E4D,FLT-7E4D-001,26.753590,-81.001166,106.5,11,0,Mavic Air 2,false,drone_images/Mavic Air 2.png,26.745000,-81.005000,26.744500,-81.005300,apolloshield_dji,df,,,2414500000,RADAR-A2D2-7E4D,Sensor Lake Okeechobee / Central Inland,190,YELLOW,YELLOW
1772042153542,A2D2-7E4D,FLT-7E4D-001,26.750330,-81.001263,106.7,11,0,Mavic Air 2,false,drone_images/Mavic Air 2.png,26.745000,-81.005000,26.744500,-81.005300,apolloshield_dji,df,,,2414500000,RADAR-A2D2-7E4D,Sensor Lake Okeechobee / Central Inland,190,YELLOW,YELLOW
1772042154073,A2D2-7E4D,FLT-7E4D-001,26.750330,-81.001263,106.7,11,0,Mavic Air 2,false,drone_images/Mavic Air 2.png,26.745000,-81.005000,26.744500,-81.005300,apolloshield_dji,df,,,2414500000,RADAR-A2D2-7E4D,Sensor Lake Okeechobee / Central Inland,190,YELLOW,YELLOW
1772042154629,A2D2-7E4D,FLT-7E4D-001,26.750330,-81.001263,106.7,11,0,Mavic Air 2,false,drone_images/Mavic Air 2.png,26.745000,-81.005000,26.744500,-81.005300,apolloshield_dji,df,,,2414500000,RADAR-A2D2-7E4D,Sensor Lake Okeechobee / Central Inland,190,YELLOW,YELLOW
1772042157406,A2D2-7E4D,FLT-7E4D-001,26.750330,-81.001263,106.7,11,0,Mavic Air 2,false,drone_images/Mavic Air 2.png,26.745000,-81.005000,26.744500,-81.005300,apolloshield_dji,df,,,2414500000,RADAR-A2D2-7E4D,Sensor Lake Okeechobee / Central Inland,190,YELLOW,YELLOW
1772042157545,A2D2-7E4D,FLT-7E4D-001,26.750330,-81.001263,106.7,11,0,Mavic Air 2,false,drone_images/Mavic Air 2.png,26.745000,-81.005000,26.744500,-81.005300,apolloshield_dji,df,,,2414500000,RADAR-A2D2-7E4D,Sensor Lake Okeechobee / Central Inland,190,YELLOW,YELLOW
1772042157895,A2D2-7E4D,FLT-7E4D-001,26.749877,-81.001275,106.4,11,0,Mavic Air 2,false,drone_images/Mavic Air 2.png,26.745000,-81.005000,26.744500,-81.005300,apolloshield_dji,df,,,2414500000,RADAR-A2D2-7E4D,Sensor Lake Okeechobee / Central Inland,190,YELLOW,YELLOW
1772042158955,A2D2-7E4D,FLT-7E4D-001,26.749877,-81.001275,106.4,11,0,Mavic Air 2,false,drone_images/Mavic Air 2.png,26.745000,-81.005000,26.744500,-81.005300,apolloshield_dji,df,,,2414500000,RADAR-A2D2-7E4D,Sensor Lake Okeechobee / Central Inland,190,YELLOW,YELLOW
1772042160918,A2D2-7E4D,FLT-7E4D-001,26.749877,-81.001275,106.4,11,0,Mavic Air 2,false,drone_images/Mavic Air 2.png,26.745000,-81.005000,26.744500,-81.005300,apolloshield_dji,df,,,2414500000,RADAR-A2D2-7E4D,Sensor Lake Okeechobee / Central Inland,190,YELLOW,YELLOW
1772042161237,A2D2-7E4D,FLT-7E4D-001,26.749877,-81.001275,106.4,11,0,Mavic Air 2,false,drone_images/Mavic Air 2.png,26.745000,-81.005000,26.744500,-81.005300,apolloshield_dji,df,,,2414500000,RADAR-A2D2-7E4D,Sensor Lake Okeechobee / Central Inland,190,YELLOW,YELLOW
1772042162604,A2D2-7E4D,FLT-7E4D-001,26.749877,-81.001275,106.4,11,0,Mavic Air 2,false,drone_images/Mavic Air 2.png,26.745000,-81.005000,26.744500,-81.005300,apolloshield_dji,df,,,2414500000,RADAR-A2D2-7E4D,Sensor Lake Okeechobee / Central Inland,190,YELLOW,YELLOW
1772042163133,A2D2-7E4D,FLT-7E4D-001,26.749877,-81.001275,106.4,11,0,Mavic Air 2,false,drone_images/Mavic Air 2.png,26.745000,-81.005000,26.744500,-81.005300,apolloshield_dji,df,,,2414500000,RADAR-A2D2-7E4D,Sensor Lake Okeechobee / Central Inland,190,YELLOW,YELLOW
1772042164183,A2D2-7E4D,FLT-7E4D-001,26.749877,-81.001275,106.4,11,0,Mavic Air 2,false,drone_images/Mavic Air 2.png,26.745000,-81.005000,26.744500,-81.005300,apolloshield_dji,df,,,2414500000,RADAR-A2D2-7E4D,Sensor Lake Okeechobee / Central Inland,190,YELLOW,YELLOW
1772042165385,A2D2-7E4D,FLT-7E4D-001,26.749877,-81.001275,106.4,11,0,Mavic Air 2,false,drone_images/Mavic Air 2.png,26.745000,-81.005000,26.744500,-81.005300,apolloshield_dji,df,,,2414500000,RADAR-A2D2-7E4D,Sensor Lake Okeechobee / Central Inland,190,YELLOW,YELLOW
1772042166105,A2D2-7E4D,FLT-7E4D-001,26.749877,-81.001275,106.4,11,0,Mavic Air 2,false,drone_images/Mavic Air 2.png,26.745000,-81.005000,26.744500,-81.005300,apolloshield_dji,df,,,2414500000,RADAR-A2D2-7E4D,Sensor Lake Okeechobee / Central Inland,190,YELLOW,YELLOW
1772042167462,A2D2-7E4D,FLT-7E4D-001,26.749877,-81.001275,106.4,11,0,Mavic Air 2,false,drone_images/Mavic Air 2.png,26.745000,-81.005000,26.744500,-81.005300,apolloshield_dji,df,,,2414500000,RADAR-A2D2-7E4D,Sensor Lake Okeechobee / Central Inland,190,YELLOW,YELLOW
1772042168495,A2D2-7E4D,FLT-7E4D-001,26.749877,-81.001275,106.4,11,0,Mavic Air 2,false,drone_images/Mavic Air 2.png,26.745000,-81.005000,26.744500,-81.005300,apolloshield_dji,df,,,2414500000,RADAR-A2D2-7E4D,Sensor Lake Okeechobee / Central Inland,190,YELLOW,YELLOW
1772042169311,A2D2-7E4D,FLT-7E4D-001,26.749877,-81.001275,106.4,11,0,Mavic Air 2,false,drone_images/Mavic Air 2.png,26.745000,-81.005000,26.744500,-81.005300,apolloshield_dji,df,,,2414500000,RADAR-A2D2-7E4D,Sensor Lake Okeechobee / Central Inland,190,YELLOW,YELLOW
1772042169944,A2D2-7E4D,FLT-7E4D-001,26.749877,-81.001275,106.4,11,0,Mavic Air 2,false,drone_images/Mavic Air 2.png,26.745000,-81.005000,26.744500,-81.005300,apolloshield_dji,df,,,2414500000,RADAR-A2D2-7E4D,Sensor Lake Okeechobee / Central Inland,190,YELLOW,YELLOW
1772042170853,A2D2-7E4D,FLT-7E4D-001,26.749877,-81.001275,106.4,11,0,Mavic Air 2,false,drone_images/Mavic Air 2.png,26.745000,-81.005000,26.744500,-81.005300,apolloshield_dji,df,,,2414500000,RADAR-A2D2-7E4D,Sensor Lake Okeechobee / Central Inland,190,YELLOW,YELLOW
1772042171952,A2D2-7E4D,FLT-7E4D-001,26.749877,-81.001275,106.4,11,0,Mavic Air 2,false,drone_images/Mavic Air 2.png,26.745000,-81.005000,26.744500,-81.005300,apolloshield_dji,df,,,2414500000,RADAR-A2D2-7E4D,Sensor Lake Okeechobee / Central Inland,190,YELLOW,YELLOW
1772042172860,A2D2-7E4D,FLT-7E4D-001,26.749877,-81.001275,106.4,11,0,Mavic Air 2,false,drone_images/Mavic Air 2.png,26.745000,-81.005000,26.744500,-81.005300,apolloshield_dji,df,,,2414500000,RADAR-A2D2-7E4D,Sensor Lake Okeechobee / Central Inland,190,YELLOW,YELLOW
1772042173812,A2D2-7E4D,FLT-7E4D-001,26.749877,-81.001275,106.4,11,0,Mavic Air 2,false,drone_images/Mavic Air 2.png,26.745000,-81.005000,26.744500,-81.005300,apolloshield_dji,df,,,2414500000,RADAR-A2D2-7E4D,Sensor Lake Okeechobee / Central Inland,190,YELLOW,YELLOW
1772042174967,A2D2-7E4D,FLT-7E4D-001,26.749877,-81.001275,106.4,11,0,Mavic Air 2,false,drone_images/Mavic Air 2.png,26.745000,-81.005000,26.744500,-81.005300,apolloshield_dji,df,,,2414500000,RADAR-A2D2-7E4D,Sensor Lake Okeechobee / Central Inland,190,YELLOW,YELLOW
1772042176780,A2D2-7E4D,FLT-7E4D-001,26.749877,-81.001275,106.4,11,0,Mavic Air 2,false,drone_images/Mavic Air 2.png,26.745000,-81.005000,26.744500,-81.005300,apolloshield_dji,df,,,2414500000,RADAR-A2D2-7E4D,Sensor Lake Okeechobee / Central Inland,190,YELLOW,YELLOW
1772042176974,A2D2-7E4D,FLT-7E4D-001,26.749877,-81.001275,106.4,11,0,Mavic Air 2,false,drone_images/Mavic Air 2.png,26.745000,-81.005000,26.744500,-81.005300,apolloshield_dji,df,,,2414500000,RADAR-A2D2-7E4D,Sensor Lake Okeechobee / Central Inland,190,YELLOW,YELLOW
1772042178017,A2D2-7E4D,FLT-7E4D-001,26.749877,-81.001275,106.4,11,0,Mavic Air 2,false,drone_images/Mavic Air 2.png,26.745000,-81.005000,26.744500,-81.005300,apolloshield_dji,df,,,2414500000,RADAR-A2D2-7E4D,Sensor Lake Okeechobee / Central Inland,190,YELLOW,YELLOW
1772042178975,A2D2-7E4D,FLT-7E4D-001,26.749877,-81.001275,106.4,11,0,Mavic Air 2,false,drone_images/Mavic Air 2.png,26.745000,-81.005000,26.744500,-81.005300,apolloshield_dji,df,,,2414500000,RADAR-A2D2-7E4D,Sensor Lake Okeechobee / Central Inland,190,YELLOW,YELLOW
1772042180828,A2D2-7E4D,FLT-7E4D-001,26.749877,-81.001275,106.4,11,0,Mavic Air 2,false,drone_images/Mavic Air 2.png,26.745000,-81.005000,26.744500,-81.005300,apolloshield_dji,df,,,2414500000,RADAR-A2D2-7E4D,Sensor Lake Okeechobee / Central Inland,190,YELLOW,YELLOW
1772042181208,A2D2-7E4D,FLT-7E4D-001,26.749877,-81.001275,106.4,11,0,Mavic Air 2,false,drone_images/Mavic Air 2.png,26.745000,-81.005000,26.744500,-81.005300,apolloshield_dji,df,,,2414500000,RADAR-A2D2-7E4D,Sensor Lake Okeechobee / Central Inland,190,YELLOW,YELLOW
1772042182248,A2D2-7E4D,FLT-7E4D-001,26.749877,-81.001275,106.4,11,0,Mavic Air 2,false,drone_images/Mavic Air 2.png,26.745000,-81.005000,26.744500,-81.005300,apolloshield_dji,df,,,2414500000,RADAR-A2D2-7E4D,Sensor Lake Okeechobee / Central Inland,190,YELLOW,YELLOW
1772042182854,A2D2-7E4D,FLT-7E4D-001,26.749877,-81.001275,106.4,11,0,Mavic Air 2,false,drone_images/Mavic Air 2.png,26.745000,-81.005000,26.744500,-81.005300,apolloshield_dji,df,,,2414500000,RADAR-A2D2-7E4D,Sensor Lake Okeechobee / Central Inland,190,YELLOW,YELLOW
1772042184827,A2D2-7E4D,FLT-7E4D-001,26.749877,-81.001275,106.4,11,0,Mavic Air 2,false,drone_images/Mavic Air 2.png,26.745000,-81.005000,26.744500,-81.005300,apolloshield_dji,df,,,2414500000,RADAR-A2D2-7E4D,Sensor Lake Okeechobee / Central Inland,190,YELLOW,YELLOW
1772042185515,A2D2-7E4D,FLT-7E4D-001,26.749877,-81.001275,106.4,11,0,Mavic Air 2,false,drone_images/Mavic Air 2.png,26.745000,-81.005000,26.744500,-81.005300,apolloshield_dji,df,,,2414500000,RADAR-A2D2-7E4D,Sensor Lake Okeechobee / Central Inland,190,YELLOW,YELLOW
1772042185892,A2D2-7E4D,FLT-7E4D-001,26.749877,-81.001275,106.4,11,0,Mavic Air 2,false,drone_images/Mavic Air 2.png,26.745000,-81.005000,26.744500,-81.005300,apolloshield_dji,df,,,2414500000,RADAR-A2D2-7E4D,Sensor Lake Okeechobee / Central Inland,190,YELLOW,YELLOW
1772042186890,A2D2-7E4D,FLT-7E4D-001,26.749877,-81.001275,106.4,11,0,Mavic Air 2,false,drone_images/Mavic Air 2.png,26.745000,-81.005000,26.744500,-81.005300,apolloshield_dji,df,,,2414500000,RADAR-A2D2-7E4D,Sensor Lake Okeechobee / Central Inland,190,YELLOW,YELLOW
1772042189001,A2D2-7E4D,FLT-7E4D-001,26.749877,-81.001275,106.4,11,0,Mavic Air 2,false,drone_images/Mavic Air 2.png,26.745000,-81.005000,26.744500,-81.005300,apolloshield_dji,df,,,2414500000,RADAR-A2D2-7E4D,Sensor Lake Okeechobee / Central Inland,190,YELLOW,YELLOW
1772042189156,A2D2-7E4D,FLT-7E4D-001,26.749877,-81.001275,106.4,11,0,Mavic Air 2,false,drone_images/Mavic Air 2.png,26.745000,-81.005000,26.744500,-81.005300,apolloshield_dji,df,,,2414500000,RADAR-A2D2-7E4D,Sensor Lake Okeechobee / Central Inland,190,YELLOW,YELLOW
1772042189671,A2D2-7E4D,FLT-7E4D-001,26.749877,-81.001275,106.4,11,0,Mavic Air 2,false,drone_images/Mavic Air 2.png,26.745000,-81.005000,26.744500,-81.005300,apolloshield_dji,df,,,2414500000,RADAR-A2D2-7E4D,Sensor Lake Okeechobee / Central Inland,190,YELLOW,YELLOW
1772042191979,A2D2-7E4D,FLT-7E4D-001,26.749877,-81.001275,106.4,11,0,Mavic Air 2,false,drone_images/Mavic Air 2.png,26.745000,-81.005000,26.744500,-81.005300,apolloshield_dji,df,,,2414500000,RADAR-A2D2-7E4D,Sensor Lake Okeechobee / Central Inland,190,YELLOW,YELLOW
1772042191983,A2D2-7E4D,FLT-7E4D-001,26.750101,-81.001808,106.6,11,0,Mavic Air 2,false,drone_images/Mavic Air 2.png,26.745000,-81.005000,26.744500,-81.005300,apolloshield_dji,df,,,2414500000,RADAR-A2D2-7E4D,Sensor Lake Okeechobee / Central Inland,190,YELLOW,YELLOW
1772042193010,A2D2-7E4D,FLT-7E4D-001,26.750101,-81.001808,106.6,11,0,Mavic Air 2,false,drone_images/Mavic Air 2.png,26.745000,-81.005000,26.744500,-81.005300,apolloshield_dji,df,,,2414500000,RADAR-A2D2-7E4D,Sensor Lake Okeechobee / Central Inland,190,YELLOW,YELLOW
1772042194067,A2D2-7E4D,FLT-7E4D-001,26.750101,-81.001808,106.6,11,0,Mavic Air 2,false,drone_images/Mavic Air 2.png,26.745000,-81.005000,26.744500,-81.005300,apolloshield_dji,df,,,2414500000,RADAR-A2D2-7E4D,Sensor Lake Okeechobee / Central Inland,190,YELLOW,YELLOW
1772042195109,A2D2-7E4D,FLT-7E4D-001,26.750101,-81.001808,106.6,11,0,Mavic Air 2,false,drone_images/Mavic Air 2.png,26.745000,-81.005000,26.744500,-81.005300,apolloshield_dji,df,,,2414500000,RADAR-A2D2-7E4D,Sensor Lake Okeechobee / Central Inland,190,YELLOW,YELLOW
1772042195777,A2D2-7E4D,FLT-7E4D-001,26.750101,-81.001808,106.6,11,0,Mavic Air 2,false,drone_images/Mavic Air 2.png,26.745000,-81.005000,26.744500,-81.005300,apolloshield_dji,df,,,2414500000,RADAR-A2D2-7E4D,Sensor Lake Okeechobee / Central Inland,190,YELLOW,YELLOW
1772042196869,A2D2-7E4D,FLT-7E4D-001,26.750101,-81.001808,106.6,11,0,Mavic Air 2,false,drone_images/Mavic Air 2.png,26.745000,-81.005000,26.744500,-81.005300,apolloshield_dji,df,,,2414500000,RADAR-A2D2-7E4D,Sensor Lake Okeechobee / Central Inland,190,YELLOW,YELLOW
1772042198283,A2D2-7E4D,FLT-7E4D-001,26.750593,-81.001802,106.6,11,0,Mavic Air 2,false,drone_images/Mavic Air 2.png,26.745000,-81.005000,26.744500,-81.005300,apolloshield_dji,df,,,2414500000,RADAR-A2D2-7E4D,Sensor Lake Okeechobee / Central Inland,190,YELLOW,YELLOW
1772042199020,A2D2-7E4D,FLT-7E4D-001,26.750593,-81.001802,106.6,11,0,Mavic Air 2,false,drone_images/Mavic Air 2.png,26.745000,-81.005000,26.744500,-81.005300,apolloshield_dji,df,,,2414500000,RADAR-A2D2-7E4D,Sensor Lake Okeechobee / Central Inland,190,YELLOW,YELLOW
1772042199824,A2D2-7E4D,FLT-7E4D-001,26.750593,-81.001802,106.6,11,0,Mavic Air 2,false,drone_images/Mavic Air 2.png,26.745000,-81.005000,26.744500,-81.005300,apolloshield_dji,df,,,2414500000,RADAR-A2D2-7E4D,Sensor Lake Okeechobee / Central Inland,190,YELLOW,YELLOW
1772042200968,A2D2-7E4D,FLT-7E4D-001,26.750593,-81.001802,106.6,11,0,Mavic Air 2,false,drone_images/Mavic Air 2.png,26.745000,-81.005000,26.744500,-81.005300,apolloshield_dji,df,,,2414500000,RADAR-A2D2-7E4D,Sensor Lake Okeechobee / Central Inland,190,YELLOW,YELLOW
1772042201978,A2D2-7E4D,FLT-7E4D-001,26.750593,-81.001802,106.6,11,0,Mavic Air 2,false,drone_images/Mavic Air 2.png,26.745000,-81.005000,26.744500,-81.005300,apolloshield_dji,df,,,2414500000,RADAR-A2D2-7E4D,Sensor Lake Okeechobee / Central Inland,190,YELLOW,YELLOW
1772042203723,A2D2-7E4D,FLT-7E4D-001,26.750593,-81.001802,106.6,11,0,Mavic Air 2,false,drone_images/Mavic Air 2.png,26.745000,-81.005000,26.744500,-81.005300,apolloshield_dji,df,,,2414500000,RADAR-A2D2-7E4D,Sensor Lake Okeechobee / Central Inland,190,YELLOW,YELLOW
1772042203890,A2D2-7E4D,FLT-7E4D-001,26.750593,-81.001802,106.6,11,0,Mavic Air 2,false,drone_images/Mavic Air 2.png,26.745000,-81.005000,26.744500,-81.005300,apolloshield_dji,df,,,2414500000,RADAR-A2D2-7E4D,Sensor Lake Okeechobee / Central Inland,190,YELLOW,YELLOW
1772042204836,A2D2-7E4D,FLT-7E4D-001,26.750593,-81.001802,106.6,11,0,Mavic Air 2,false,drone_images/Mavic Air 2.png,26.745000,-81.005000,26.744500,-81.005300,apolloshield_dji,df,,,2414500000,RADAR-A2D2-7E4D,Sensor Lake Okeechobee / Central Inland,190,YELLOW,YELLOW
1772042206138,A2D2-7E4D,FLT-7E4D-001,26.750593,-81.001802,106.6,11,0,Mavic Air 2,false,drone_images/Mavic Air 2.png,26.745000,-81.005000,26.744500,-81.005300,apolloshield_dji,df,,,2414500000,RADAR-A2D2-7E4D,Sensor Lake Okeechobee / Central Inland,190,YELLOW,YELLOW
1772042206843,A2D2-7E4D,FLT-7E4D-001,26.750593,-81.001802,106.6,11,0,Mavic Air 2,false,drone_images/Mavic Air 2.png,26.745000,-81.005000,26.744500,-81.005300,apolloshield_dji,df,,,2414500000,RADAR-A2D2-7E4D,Sensor Lake Okeechobee / Central Inland,190,YELLOW,YELLOW
1772042207711,A2D2-7E4D,FLT-7E4D-001,26.750593,-81.001802,106.6,11,0,Mavic Air 2,false,drone_images/Mavic Air 2.png,26.745000,-81.005000,26.744500,-81.005300,apolloshield_dji,df,,,2414500000,RADAR-A2D2-7E4D,Sensor Lake Okeechobee / Central Inland,190,YELLOW,YELLOW
1772042209001,A2D2-7E4D,FLT-7E4D-001,26.750593,-81.001802,106.6,11,0,Mavic Air 2,false,drone_images/Mavic Air 2.png,26.745000,-81.005000,26.744500,-81.005300,apolloshield_dji,df,,,2414500000,RADAR-A2D2-7E4D,Sensor Lake Okeechobee / Central Inland,190,YELLOW,YELLOW
1772042210119,A2D2-7E4D,FLT-7E4D-001,26.750593,-81.001802,106.6,11,0,Mavic Air 2,false,drone_images/Mavic Air 2.png,26.745000,-81.005000,26.744500,-81.005300,apolloshield_dji,df,,,2414500000,RADAR-A2D2-7E4D,Sensor Lake Okeechobee / Central Inland,190,YELLOW,YELLOW
1772042211207,A2D2-7E4D,FLT-7E4D-001,26.750593,-81.001802,106.6,11,0,Mavic Air 2,false,drone_images/Mavic Air 2.png,26.745000,-81.005000,26.744500,-81.005300,apolloshield_dji,df,,,2414500000,RADAR-A2D2-7E4D,Sensor Lake Okeechobee / Central Inland,190,YELLOW,YELLOW
1772042212040,A2D2-7E4D,FLT-7E4D-001,26.750593,-81.001802,106.6,11,0,Mavic Air 2,false,drone_images/Mavic Air 2.png,26.745000,-81.005000,26.744500,-81.005300,apolloshield_dji,df,,,2414500000,RADAR-A2D2-7E4D,Sensor Lake Okeechobee / Central Inland,190,YELLOW,YELLOW
1772042212932,A2D2-7E4D,FLT-7E4D-001,26.750593,-81.001802,106.6,11,0,Mavic Air 2,false,drone_images/Mavic Air 2.png,26.745000,-81.005000,26.744500,-81.005300,apolloshield_dji,df,,,2414500000,RADAR-A2D2-7E4D,Sensor Lake Okeechobee / Central Inland,190,YELLOW,YELLOW
1772042214665,A2D2-7E4D,FLT-7E4D-001,26.750593,-81.001802,106.6,11,0,Mavic Air 2,false,drone_images/Mavic Air 2.png,26.745000,-81.005000,26.744500,-81.005300,apolloshield_dji,df,,,2414500000,RADAR-A2D2-7E4D,Sensor Lake Okeechobee / Central Inland,190,YELLOW,YELLOW
1772042214720,A2D2-7E4D,FLT-7E4D-001,26.750593,-81.001802,106.6,11,0,Mavic Air 2,false,drone_images/Mavic Air 2.png,26.745000,-81.005000,26.744500,-81.005300,apolloshield_dji,df,,,2414500000,RADAR-A2D2-7E4D,Sensor Lake Okeechobee / Central Inland,190,YELLOW,YELLOW
1772042216138,A2D2-7E4D,FLT-7E4D-001,26.750593,-81.001802,106.6,11,0,Mavic Air 2,false,drone_images/Mavic Air 2.png,26.745000,-81.005000,26.744500,-81.005300,apolloshield_dji,df,,,2414500000,RADAR-A2D2-7E4D,Sensor Lake Okeechobee / Central Inland,190,YELLOW,YELLOW
1772042216781,A2D2-7E4D,FLT-7E4D-001,26.750593,-81.001802,106.6,11,0,Mavic Air 2,false,drone_images/Mavic Air 2.png,26.745000,-81.005000,26.744500,-81.005300,apolloshield_dji,df,,,2414500000,RADAR-A2D2-7E4D,Sensor Lake Okeechobee / Central Inland,190,YELLOW,YELLOW
1772042217845,A2D2-7E4D,FLT-7E4D-001,26.750593,-81.001802,106.6,11,0,Mavic Air 2,false,drone_images/Mavic Air 2.png,26.745000,-81.005000,26.744500,-81.005300,apolloshield_dji,df,,,2414500000,RADAR-A2D2-7E4D,Sensor Lake Okeechobee / Central Inland,190,YELLOW,YELLOW
1772042219223,A2D2-7E4D,FLT-7E4D-001,26.750593,-81.001802,106.6,11,0,Mavic Air 2,false,drone_images/Mavic Air 2.png,26.745000,-81.005000,26.744500,-81.005300,apolloshield_dji,df,,,2414500000,RADAR-A2D2-7E4D,Sensor Lake Okeechobee / Central Inland,190,YELLOW,YELLOW
1772042220092,A2D2-7E4D,FLT-7E4D-001,26.750593,-81.001802,106.6,11,0,Mavic Air 2,false,drone_images/Mavic Air 2.png,26.745000,-81.005000,26.744500,-81.005300,apolloshield_dji,df,,,2414500000,RADAR-A2D2-7E4D,Sensor Lake Okeechobee / Central Inland,190,YELLOW,YELLOW
1772042221168,A2D2-7E4D,FLT-7E4D-001,26.750593,-81.001802,106.6,11,0,Mavic Air 2,false,drone_images/Mavic Air 2.png,26.745000,-81.005000,26.744500,-81.005300,apolloshield_dji,df,,,2414500000,RADAR-A2D2-7E4D,Sensor Lake Okeechobee / Central Inland,190,YELLOW,YELLOW
1772042221689,A2D2-7E4D,FLT-7E4D-001,26.750593,-81.001802,106.6,11,0,Mavic Air 2,false,drone_images/Mavic Air 2.png,26.745000,-81.005000,26.744500,-81.005300,apolloshield_dji,df,,,2414500000,RADAR-A2D2-7E4D,Sensor Lake Okeechobee / Central Inland,190,YELLOW,YELLOW
1772042223273,A2D2-7E4D,FLT-7E4D-001,26.750593,-81.001802,106.6,11,0,Mavic Air 2,false,drone_images/Mavic Air 2.png,26.745000,-81.005000,26.744500,-81.005300,apolloshield_dji,df,,,2414500000,RADAR-A2D2-7E4D,Sensor Lake Okeechobee / Central Inland,190,YELLOW,YELLOW
1772042224172,A2D2-7E4D,FLT-7E4D-001,26.750593,-81.001802,106.6,11,0,Mavic Air 2,false,drone_images/Mavic Air 2.png,26.745000,-81.005000,26.744500,-81.005300,apolloshield_dji,df,,,2414500000,RADAR-A2D2-7E4D,Sensor Lake Okeechobee / Central Inland,190,YELLOW,YELLOW
1772042225031,A2D2-7E4D,FLT-7E4D-001,26.750593,-81.001802,106.6,11,0,Mavic Air 2,false,drone_images/Mavic Air 2.png,26.745000,-81.005000,26.744500,-81.005300,apolloshield_dji,df,,,2414500000,RADAR-A2D2-7E4D,Sensor Lake Okeechobee / Central Inland,190,YELLOW,YELLOW
1772042225584,A2D2-7E4D,FLT-7E4D-001,26.750593,-81.001802,106.6,11,0,Mavic Air 2,false,drone_images/Mavic Air 2.png,26.745000,-81.005000,26.744500,-81.005300,apolloshield_dji,df,,,2414500000,RADAR-A2D2-7E4D,Sensor Lake Okeechobee / Central Inland,190,YELLOW,YELLOW
1772042226682,A2D2-7E4D,FLT-7E4D-001,26.750593,-81.001802,106.6,11,0,Mavic Air 2,false,drone_images/Mavic Air 2.png,26.745000,-81.005000,26.744500,-81.005300,apolloshield_dji,df,,,2414500000,RADAR-A2D2-7E4D,Sensor Lake Okeechobee / Central Inland,190,YELLOW,YELLOW
1772042227978,A2D2-7E4D,FLT-7E4D-001,26.750593,-81.001802,106.6,11,0,Mavic Air 2,false,drone_images/Mavic Air 2.png,26.745000,-81.005000,26.744500,-81.005300,apolloshield_dji,df,,,2414500000,RADAR-A2D2-7E4D,Sensor Lake Okeechobee / Central Inland,190,YELLOW,YELLOW
1772042229007,A2D2-7E4D,FLT-7E4D-001,26.753796,-81.001699,106.5,11,0,Mavic Air 2,false,drone_images/Mavic Air 2.png,26.745000,-81.005000,26.744500,-81.005300,apolloshield_dji,df,,,2414500000,RADAR-A2D2-7E4D,Sensor Lake Okeechobee / Central Inland,190,YELLOW,YELLOW
1772042230236,A2D2-7E4D,FLT-7E4D-001,26.753796,-81.001699,106.5,11,0,Mavic Air 2,false,drone_images/Mavic Air 2.png,26.745000,-81.005000,26.744500,-81.005300,apolloshield_dji,df,,,2414500000,RADAR-A2D2-7E4D,Sensor Lake Okeechobee / Central Inland,190,YELLOW,YELLOW
1772042230988,A2D2-7E4D,FLT-7E4D-001,26.753796,-81.001699,106.5,11,0,Mavic Air 2,false,drone_images/Mavic Air 2.png,26.745000,-81.005000,26.744500,-81.005300,apolloshield_dji,df,,,2414500000,RADAR-A2D2-7E4D,Sensor Lake Okeechobee / Central Inland,190,YELLOW,YELLOW
1772042231713,A2D2-7E4D,FLT-7E4D-001,26.753796,-81.001699,106.5,11,0,Mavic Air 2,false,drone_images/Mavic Air 2.png,26.745000,-81.005000,26.744500,-81.005300,apolloshield_dji,df,,,2414500000,RADAR-A2D2-7E4D,Sensor Lake Okeechobee / Central Inland,190,YELLOW,YELLOW
1772042233256,A2D2-7E4D,FLT-7E4D-001,26.753796,-81.001699,106.5,11,0,Mavic Air 2,false,drone_images/Mavic Air 2.png,26.745000,-81.005000,26.744500,-81.005300,apolloshield_dji,df,,,2414500000,RADAR-A2D2-7E4D,Sensor Lake Okeechobee / Central Inland,190,YELLOW,YELLOW
1772042234002,A2D2-7E4D,FLT-7E4D-001,26.753796,-81.001699,106.5,11,0,Mavic Air 2,false,drone_images/Mavic Air 2.png,26.745000,-81.005000,26.744500,-81.005300,apolloshield_dji,df,,,2414500000,RADAR-A2D2-7E4D,Sensor Lake Okeechobee / Central Inland,190,YELLOW,YELLOW
1772042234980,A2D2-7E4D,FLT-7E4D-001,26.753796,-81.001699,106.5,11,0,Mavic Air 2,false,drone_images/Mavic Air 2.png,26.745000,-81.005000,26.744500,-81.005300,apolloshield_dji,df,,,2414500000,RADAR-A2D2-7E4D,Sensor Lake Okeechobee / Central Inland,190,YELLOW,YELLOW
1772042235676,A2D2-7E4D,FLT-7E4D-001,26.753796,-81.001699,106.5,11,0,Mavic Air 2,false,drone_images/Mavic Air 2.png,26.745000,-81.005000,26.744500,-81.005300,apolloshield_dji,df,,,2414500000,RADAR-A2D2-7E4D,Sensor Lake Okeechobee / Central Inland,190,YELLOW,YELLOW
1772042237049,A2D2-7E4D,FLT-7E4D-001,26.753796,-81.001699,106.5,11,0,Mavic Air 2,false,drone_images/Mavic Air 2.png,26.745000,-81.005000,26.744500,-81.005300,apolloshield_dji,df,,,2414500000,RADAR-A2D2-7E4D,Sensor Lake Okeechobee / Central Inland,190,YELLOW,YELLOW
1772042238096,A2D2-7E4D,FLT-7E4D-001,26.753796,-81.001699,106.5,11,0,Mavic Air 2,false,drone_images/Mavic Air 2.png,26.745000,-81.005000,26.744500,-81.005300,apolloshield_dji,df,,,2414500000,RADAR-A2D2-7E4D,Sensor Lake Okeechobee / Central Inland,190,YELLOW,YELLOW
1772042238671,A2D2-7E4D,FLT-7E4D-001,26.753796,-81.001699,106.5,11,0,Mavic Air 2,false,drone_images/Mavic Air 2.png,26.745000,-81.005000,26.744500,-81.005300,apolloshield_dji,df,,,2414500000,RADAR-A2D2-7E4D,Sensor Lake Okeechobee / Central Inland,190,YELLOW,YELLOW
1772042239803,A2D2-7E4D,FLT-7E4D-001,26.753796,-81.001699,106.5,11,0,Mavic Air 2,false,drone_images/Mavic Air 2.png,26.745000,-81.005000,26.744500,-81.005300,apolloshield_dji,df,,,2414500000,RADAR-A2D2-7E4D,Sensor Lake Okeechobee / Central Inland,190,YELLOW,YELLOW
1772042240856,A2D2-7E4D,FLT-7E4D-001,26.753796,-81.001699,106.5,11,0,Mavic Air 2,false,drone_images/Mavic Air 2.png,26.745000,-81.005000,26.744500,-81.005300,apolloshield_dji,df,,,2414500000,RADAR-A2D2-7E4D,Sensor Lake Okeechobee / Central Inland,190,YELLOW,YELLOW
1772042241875,A2D2-7E4D,FLT-7E4D-001,26.753796,-81.001699,106.5,11,0,Mavic Air 2,false,drone_images/Mavic Air 2.png,26.745000,-81.005000,26.744500,-81.005300,apolloshield_dji,df,,,2414500000,RADAR-A2D2-7E4D,Sensor Lake Okeechobee / Central Inland,190,YELLOW,YELLOW
1772042242815,A2D2-7E4D,FLT-7E4D-001,26.753796,-81.001699,106.5,11,0,Mavic Air 2,false,drone_images/Mavic Air 2.png,26.745000,-81.005000,26.744500,-81.005300,apolloshield_dji,df,,,2414500000,RADAR-A2D2-7E4D,Sensor Lake Okeechobee / Central Inland,190,YELLOW,YELLOW
1772042243957,A2D2-7E4D,FLT-7E4D-001,26.753796,-81.001699,106.5,11,0,Mavic Air 2,false,drone_images/Mavic Air 2.png,26.745000,-81.005000,26.744500,-81.005300,apolloshield_dji,df,,,2414500000,RADAR-A2D2-7E4D,Sensor Lake Okeechobee / Central Inland,190,YELLOW,YELLOW
1772042244788,A2D2-7E4D,FLT-7E4D-001,26.753796,-81.001699,106.5,11,0,Mavic Air 2,false,drone_images/Mavic Air 2.png,26.745000,-81.005000,26.744500,-81.005300,apolloshield_dji,df,,,2414500000,RADAR-A2D2-7E4D,Sensor Lake Okeechobee / Central Inland,190,YELLOW,YELLOW
1772042246211,A2D2-7E4D,FLT-7E4D-001,26.753796,-81.001699,106.5,11,0,Mavic Air 2,false,drone_images/Mavic Air 2.png,26.745000,-81.005000,26.744500,-81.005300,apolloshield_dji,df,,,2414500000,RADAR-A2D2-7E4D,Sensor Lake Okeechobee / Central Inland,190,YELLOW,YELLOW
1772042246915,A2D2-7E4D,FLT-7E4D-001,26.753796,-81.001699,106.5,11,0,Mavic Air 2,false,drone_images/Mavic Air 2.png,26.745000,-81.005000,26.744500,-81.005300,apolloshield_dji,df,,,2414500000,RADAR-A2D2-7E4D,Sensor Lake Okeechobee / Central Inland,190,YELLOW,YELLOW
1772042247735,A2D2-7E4D,FLT-7E4D-001,26.753796,-81.001699,106.5,11,0,Mavic Air 2,false,drone_images/Mavic Air 2.png,26.745000,-81.005000,26.744500,-81.005300,apolloshield_dji,df,,,2414500000,RADAR-A2D2-7E4D,Sensor Lake Okeechobee / Central Inland,190,YELLOW,YELLOW
1772042248746,A2D2-7E4D,FLT-7E4D-001,26.753796,-81.001699,106.5,11,0,Mavic Air 2,false,drone_images/Mavic Air 2.png,26.745000,-81.005000,26.744500,-81.005300,apolloshield_dji,df,,,2414500000,RADAR-A2D2-7E4D,Sensor Lake Okeechobee / Central Inland,190,YELLOW,YELLOW
1772042249633,A2D2-7E4D,FLT-7E4D-001,26.753796,-81.001699,106.5,11,0,Mavic Air 2,false,drone_images/Mavic Air 2.png,26.745000,-81.005000,26.744500,-81.005300,apolloshield_dji,df,,,2414500000,RADAR-A2D2-7E4D,Sensor Lake Okeechobee / Central Inland,190,YELLOW,YELLOW
1772042250912,A2D2-7E4D,FLT-7E4D-001,26.753796,-81.001699,106.5,11,0,Mavic Air 2,false,drone_images/Mavic Air 2.png,26.745000,-81.005000,26.744500,-81.005300,apolloshield_dji,df,,,2414500000,RADAR-A2D2-7E4D,Sensor Lake Okeechobee / Central Inland,190,YELLOW,YELLOW
1772042251777,A2D2-7E4D,FLT-7E4D-001,26.753796,-81.001699,106.5,11,0,Mavic Air 2,false,drone_images/Mavic Air 2.png,26.745000,-81.005000,26.744500,-81.005300,apolloshield_dji,df,,,2414500000,RADAR-A2D2-7E4D,Sensor Lake Okeechobee / Central Inland,190,YELLOW,YELLOW
1772042252839,A2D2-7E4D,FLT-7E4D-001,26.753796,-81.001699,106.5,11,0,Mavic Air 2,false,drone_images/Mavic Air 2.png,26.745000,-81.005000,26.744500,-81.005300,apolloshield_dji,df,,,2414500000,RADAR-A2D2-7E4D,Sensor Lake Okeechobee / Central Inland,190,YELLOW,YELLOW
1772042253725,A2D2-7E4D,FLT-7E4D-001,26.753796,-81.001699,106.5,11,0,Mavic Air 2,false,drone_images/Mavic Air 2.png,26.745000,-81.005000,26.744500,-81.005300,apolloshield_dji,df,,,2414500000,RADAR-A2D2-7E4D,Sensor Lake Okeechobee / Central Inland,190,YELLOW,YELLOW
1772042255599,A2D2-7E4D,FLT-7E4D-001,26.753796,-81.001699,106.5,11,0,Mavic Air 2,false,drone_images/Mavic Air 2.png,26.745000,-81.005000,26.744500,-81.005300,apolloshield_dji,df,,,2414500000,RADAR-A2D2-7E4D,Sensor Lake Okeechobee / Central Inland,190,YELLOW,YELLOW
1772042255829,A2D2-7E4D,FLT-7E4D-001,26.753796,-81.001699,106.5,11,0,Mavic Air 2,false,drone_images/Mavic Air 2.png,26.745000,-81.005000,26.744500,-81.005300,apolloshield_dji,df,,,2414500000,RADAR-A2D2-7E4D,Sensor Lake Okeechobee / Central Inland,190,YELLOW,YELLOW
1772042256821,A2D2-7E4D,FLT-7E4D-001,26.753796,-81.001699,106.5,11,0,Mavic Air 2,false,drone_images/Mavic Air 2.png,26.745000,-81.005000,26.744500,-81.005300,apolloshield_dji,df,,,2414500000,RADAR-A2D2-7E4D,Sensor Lake Okeechobee / Central Inland,190,YELLOW,YELLOW
1772042257760,A2D2-7E4D,FLT-7E4D-001,26.753796,-81.001699,106.5,11,0,Mavic Air 2,false,drone_images/Mavic Air 2.png,26.745000,-81.005000,26.744500,-81.005300,apolloshield_dji,df,,,2414500000,RADAR-A2D2-7E4D,Sensor Lake Okeechobee / Central Inland,190,YELLOW,YELLOW
1772042258886,A2D2-7E4D,FLT-7E4D-001,26.753796,-81.001699,106.5,11,0,Mavic Air 2,false,drone_images/Mavic Air 2.png,26.745000,-81.005000,26.744500,-81.005300,apolloshield_dji,df,,,2414500000,RADAR-A2D2-7E4D,Sensor Lake Okeechobee / Central Inland,190,YELLOW,YELLOW
1772042259709,A2D2-7E4D,FLT-7E4D-001,26.753796,-81.001699,106.5,11,0,Mavic Air 2,false,drone_images/Mavic Air 2.png,26.745000,-81.005000,26.744500,-81.005300,apolloshield_dji,df,,,2414500000,RADAR-A2D2-7E4D,Sensor Lake Okeechobee / Central Inland,190,YELLOW,YELLOW
1772042261503,A2D2-7E4D,FLT-7E4D-001,26.753796,-81.001699,106.5,11,0,Mavic Air 2,false,drone_images/Mavic Air 2.png,26.745000,-81.005000,26.744500,-81.005300,apolloshield_dji,df,,,2414500000,RADAR-A2D2-7E4D,Sensor Lake Okeechobee / Central Inland,190,YELLOW,YELLOW
1772042262073,A2D2-7E4D,FLT-7E4D-001,26.753796,-81.001699,106.5,11,0,Mavic Air 2,false,drone_images/Mavic Air 2.png,26.745000,-81.005000,26.744500,-81.005300,apolloshield_dji,df,,,2414500000,RADAR-A2D2-7E4D,Sensor Lake Okeechobee / Central Inland,190,YELLOW,YELLOW
1772042262994,A2D2-7E4D,FLT-7E4D-001,26.753796,-81.001699,106.5,11,0,Mavic Air 2,false,drone_images/Mavic Air 2.png,26.745000,-81.005000,26.744500,-81.005300,apolloshield_dji,df,,,2414500000,RADAR-A2D2-7E4D,Sensor Lake Okeechobee / Central Inland,190,YELLOW,YELLOW
1772042263885,A2D2-7E4D,FLT-7E4D-001,26.753796,-81.001699,106.5,11,0,Mavic Air 2,false,drone_images/Mavic Air 2.png,26.745000,-81.005000,26.744500,-81.005300,apolloshield_dji,df,,,2414500000,RADAR-A2D2-7E4D,Sensor Lake Okeechobee / Central Inland,190,YELLOW,YELLOW
1772042264834,A2D2-7E4D,FLT-7E4D-001,26.753796,-81.001699,106.5,11,0,Mavic Air 2,false,drone_images/Mavic Air 2.png,26.745000,-81.005000,26.744500,-81.005300,apolloshield_dji,df,,,2414500000,RADAR-A2D2-7E4D,Sensor Lake Okeechobee / Central Inland,190,YELLOW,YELLOW
1772042266302,A2D2-7E4D,FLT-7E4D-001,26.753796,-81.001699,106.5,11,0,Mavic Air 2,false,drone_images/Mavic Air 2.png,26.745000,-81.005000,26.744500,-81.005300,apolloshield_dji,df,,,2414500000,RADAR-A2D2-7E4D,Sensor Lake Okeechobee / Central Inland,190,YELLOW,YELLOW
1772042267090,A2D2-7E4D,FLT-7E4D-001,26.753796,-81.001699,106.5,11,0,Mavic Air 2,false,drone_images/Mavic Air 2.png,26.745000,-81.005000,26.744500,-81.005300,apolloshield_dji,df,,,2414500000,RADAR-A2D2-7E4D,Sensor Lake Okeechobee / Central Inland,190,YELLOW,YELLOW
1772042268122,A2D2-7E4D,FLT-7E4D-001,26.753796,-81.001699,106.5,11,0,Mavic Air 2,false,drone_images/Mavic Air 2.png,26.745000,-81.005000,26.744500,-81.005300,apolloshield_dji,df,,,2414500000,RADAR-A2D2-7E4D,Sensor Lake Okeechobee / Central Inland,190,YELLOW,YELLOW
1772042268780,A2D2-7E4D,FLT-7E4D-001,26.753693,-81.002243,106.6,11,0,Mavic Air 2,false,drone_images/Mavic Air 2.png,26.745000,-81.005000,26.744500,-81.005300,apolloshield_dji,df,,,2414500000,RADAR-A2D2-7E4D,Sensor Lake Okeechobee / Central Inland,190,YELLOW,YELLOW
1772042269865,A2D2-7E4D,FLT-7E4D-001,26.753693,-81.002243,106.6,11,0,Mavic Air 2,false,drone_images/Mavic Air 2.png,26.745000,-81.005000,26.744500,-81.005300,apolloshield_dji,df,,,2414500000,RADAR-A2D2-7E4D,Sensor Lake Okeechobee / Central Inland,190,YELLOW,YELLOW
1772042270855,A2D2-7E4D,FLT-7E4D-001,26.753693,-81.002243,106.6,11,0,Mavic Air 2,false,drone_images/Mavic Air 2.png,26.745000,-81.005000,26.744500,-81.005300,apolloshield_dji,df,,,2414500000,RADAR-A2D2-7E4D,Sensor Lake Okeechobee / Central Inland,190,YELLOW,YELLOW
1772042271862,A2D2-7E4D,FLT-7E4D-001,26.753693,-81.002243,106.6,11,0,Mavic Air 2,false,drone_images/Mavic Air 2.png,26.745000,-81.005000,26.744500,-81.005300,apolloshield_dji,df,,,2414500000,RADAR-A2D2-7E4D,Sensor Lake Okeechobee / Central Inland,190,YELLOW,YELLOW
1772042272844,A2D2-7E4D,FLT-7E4D-001,26.753693,-81.002243,106.6,11,0,Mavic Air 2,false,drone_images/Mavic Air 2.png,26.745000,-81.005000,26.744500,-81.005300,apolloshield_dji,df,,,2414500000,RADAR-A2D2-7E4D,Sensor Lake Okeechobee / Central Inland,190,YELLOW,YELLOW
1772042273748,A2D2-7E4D,FLT-7E4D-001,26.753693,-81.002243,106.6,11,0,Mavic Air 2,false,drone_images/Mavic Air 2.png,26.745000,-81.005000,26.744500,-81.005300,apolloshield_dji,df,,,2414500000,RADAR-A2D2-7E4D,Sensor Lake Okeechobee / Central Inland,190,YELLOW,YELLOW
1772042275322,A2D2-7E4D,FLT-7E4D-001,26.753693,-81.002243,106.6,11,0,Mavic Air 2,false,drone_images/Mavic Air 2.png,26.745000,-81.005000,26.744500,-81.005300,apolloshield_dji,df,,,2414500000,RADAR-A2D2-7E4D,Sensor Lake Okeechobee / Central Inland,190,YELLOW,YELLOW
1772042275898,A2D2-7E4D,FLT-7E4D-001,26.753693,-81.002243,106.6,11,0,Mavic Air 2,false,drone_images/Mavic Air 2.png,26.745000,-81.005000,26.744500,-81.005300,apolloshield_dji,df,,,2414500000,RADAR-A2D2-7E4D,Sensor Lake Okeechobee / Central Inland,190,YELLOW,YELLOW
1772042276941,A2D2-7E4D,FLT-7E4D-001,26.753693,-81.002243,106.6,11,0,Mavic Air 2,false,drone_images/Mavic Air 2.png,26.745000,-81.005000,26.744500,-81.005300,apolloshield_dji,df,,,2414500000,RADAR-A2D2-7E4D,Sensor Lake Okeechobee / Central Inland,190,YELLOW,YELLOW
1772042277988,A2D2-7E4D,FLT-7E4D-001,26.753693,-81.002243,106.6,11,0,Mavic Air 2,false,drone_images/Mavic Air 2.png,26.745000,-81.005000,26.744500,-81.005300,apolloshield_dji,df,,,2414500000,RADAR-A2D2-7E4D,Sensor Lake Okeechobee / Central Inland,190,YELLOW,YELLOW
1772042278803,A2D2-7E4D,FLT-7E4D-001,26.753693,-81.002243,106.6,11,0,Mavic Air 2,false,drone_images/Mavic Air 2.png,26.745000,-81.005000,26.744500,-81.005300,apolloshield_dji,df,,,2414500000,RADAR-A2D2-7E4D,Sensor Lake Okeechobee / Central Inland,190,YELLOW,YELLOW
1772042280354,A2D2-7E4D,FLT-7E4D-001,26.753693,-81.002243,106.6,11,0,Mavic Air 2,false,drone_images/Mavic Air 2.png,26.745000,-81.005000,26.744500,-81.005300,apolloshield_dji,df,,,2414500000,RADAR-A2D2-7E4D,Sensor Lake Okeechobee / Central Inland,190,YELLOW,YELLOW
1772042281149,A2D2-7E4D,FLT-7E4D-001,26.753693,-81.002243,106.6,11,0,Mavic Air 2,false,drone_images/Mavic Air 2.png,26.745000,-81.005000,26.744500,-81.005300,apolloshield_dji,df,,,2414500000,RADAR-A2D2-7E4D,Sensor Lake Okeechobee / Central Inland,190,YELLOW,YELLOW
1772042281911,A2D2-7E4D,FLT-7E4D-001,26.753693,-81.002243,106.6,11,0,Mavic Air 2,false,drone_images/Mavic Air 2.png,26.745000,-81.005000,26.744500,-81.005300,apolloshield_dji,df,,,2414500000,RADAR-A2D2-7E4D,Sensor Lake Okeechobee / Central Inland,190,YELLOW,YELLOW
1772042283246,A2D2-7E4D,FLT-7E4D-001,26.753693,-81.002243,106.6,11,0,Mavic Air 2,false,drone_images/Mavic Air 2.png,26.745000,-81.005000,26.744500,-81.005300,apolloshield_dji,df,,,2414500000,RADAR-A2D2-7E4D,Sensor Lake Okeechobee / Central Inland,190,YELLOW,YELLOW
1772042283910,A2D2-7E4D,FLT-7E4D-001,26.753693,-81.002243,106.6,11,0,Mavic Air 2,false,drone_images/Mavic Air 2.png,26.745000,-81.005000,26.744500,-81.005300,apolloshield_dji,df,,,2414500000,RADAR-A2D2-7E4D,Sensor Lake Okeechobee / Central Inland,190,YELLOW,YELLOW
1772042285005,A2D2-7E4D,FLT-7E4D-001,26.753693,-81.002243,106.6,11,0,Mavic Air 2,false,drone_images/Mavic Air 2.png,26.745000,-81.005000,26.744500,-81.005300,apolloshield_dji,df,,,2414500000,RADAR-A2D2-7E4D,Sensor Lake Okeechobee / Central Inland,190,YELLOW,YELLOW
1772042285804,A2D2-7E4D,FLT-7E4D-001,26.753693,-81.002243,106.6,11,0,Mavic Air 2,false,drone_images/Mavic Air 2.png,26.745000,-81.005000,26.744500,-81.005300,apolloshield_dji,df,,,2414500000,RADAR-A2D2-7E4D,Sensor Lake Okeechobee / Central Inland,190,YELLOW,YELLOW
1772042287019,A2D2-7E4D,FLT-7E4D-001,26.753693,-81.002243,106.6,11,0,Mavic Air 2,false,drone_images/Mavic Air 2.png,26.745000,-81.005000,26.744500,-81.005300,apolloshield_dji,df,,,2414500000,RADAR-A2D2-7E4D,Sensor Lake Okeechobee / Central Inland,190,YELLOW,YELLOW
1772042288291,A2D2-7E4D,FLT-7E4D-001,26.753693,-81.002243,106.6,11,0,Mavic Air 2,false,drone_images/Mavic Air 2.png,26.745000,-81.005000,26.744500,-81.005300,apolloshield_dji,df,,,2414500000,RADAR-A2D2-7E4D,Sensor Lake Okeechobee / Central Inland,190,YELLOW,YELLOW
1772042289582,A2D2-7E4D,FLT-7E4D-001,26.753693,-81.002243,106.6,11,0,Mavic Air 2,false,drone_images/Mavic Air 2.png,26.745000,-81.005000,26.744500,-81.005300,apolloshield_dji,df,,,2414500000,RADAR-A2D2-7E4D,Sensor Lake Okeechobee / Central Inland,190,YELLOW,YELLOW
1772042289908,A2D2-7E4D,FLT-7E4D-001,26.753693,-81.002243,106.6,11,0,Mavic Air 2,false,drone_images/Mavic Air 2.png,26.745000,-81.005000,26.744500,-81.005300,apolloshield_dji,df,,,2414500000,RADAR-A2D2-7E4D,Sensor Lake Okeechobee / Central Inland,190,YELLOW,YELLOW
1772042290955,A2D2-7E4D,FLT-7E4D-001,26.753693,-81.002243,106.6,11,0,Mavic Air 2,false,drone_images/Mavic Air 2.png,26.745000,-81.005000,26.744500,-81.005300,apolloshield_dji,df,,,2414500000,RADAR-A2D2-7E4D,Sensor Lake Okeechobee / Central Inland,190,YELLOW,YELLOW
1772042291882,A2D2-7E4D,FLT-7E4D-001,26.753693,-81.002243,106.6,11,0,Mavic Air 2,false,drone_images/Mavic Air 2.png,26.745000,-81.005000,26.744500,-81.005300,apolloshield_dji,df,,,2414500000,RADAR-A2D2-7E4D,Sensor Lake Okeechobee / Central Inland,190,YELLOW,YELLOW
1772042292823,A2D2-7E4D,FLT-7E4D-001,26.753693,-81.002243,106.6,11,0,Mavic Air 2,false,drone_images/Mavic Air 2.png,26.745000,-81.005000,26.744500,-81.005300,apolloshield_dji,df,,,2414500000,RADAR-A2D2-7E4D,Sensor Lake Okeechobee / Central Inland,190,YELLOW,YELLOW
1772042294214,A2D2-7E4D,FLT-7E4D-001,26.753693,-81.002243,106.6,11,0,Mavic Air 2,false,drone_images/Mavic Air 2.png,26.745000,-81.005000,26.744500,-81.005300,apolloshield_dji,df,,,2414500000,RADAR-A2D2-7E4D,Sensor Lake Okeechobee / Central Inland,190,YELLOW,YELLOW
1772042295300,A2D2-7E4D,FLT-7E4D-001,26.753693,-81.002243,106.6,11,0,Mavic Air 2,false,drone_images/Mavic Air 2.png,26.745000,-81.005000,26.744500,-81.005300,apolloshield_dji,df,,,2414500000,RADAR-A2D2-7E4D,Sensor Lake Okeechobee / Central Inland,190,YELLOW,YELLOW
1772042295947,A2D2-7E4D,FLT-7E4D-001,26.753693,-81.002243,106.6,11,0,Mavic Air 2,false,drone_images/Mavic Air 2.png,26.745000,-81.005000,26.744500,-81.005300,apolloshield_dji,df,,,2414500000,RADAR-A2D2-7E4D,Sensor Lake Okeechobee / Central Inland,190,YELLOW,YELLOW
1772042297747,A2D2-7E4D,FLT-7E4D-001,26.753693,-81.002243,106.6,11,0,Mavic Air 2,false,drone_images/Mavic Air 2.png,26.745000,-81.005000,26.744500,-81.005300,apolloshield_dji,df,,,2414500000,RADAR-A2D2-7E4D,Sensor Lake Okeechobee / Central Inland,190,YELLOW,YELLOW
1772042298105,A2D2-7E4D,FLT-7E4D-001,26.753693,-81.002243,106.6,11,0,Mavic Air 2,false,drone_images/Mavic Air 2.png,26.745000,-81.005000,26.744500,-81.005300,apolloshield_dji,df,,,2414500000,RADAR-A2D2-7E4D,Sensor Lake Okeechobee / Central Inland,190,YELLOW,YELLOW
1772042298912,A2D2-7E4D,FLT-7E4D-001,26.753693,-81.002243,106.6,11,0,Mavic Air 2,false,drone_images/Mavic Air 2.png,26.745000,-81.005000,26.744500,-81.005300,apolloshield_dji,df,,,2414500000,RADAR-A2D2-7E4D,Sensor Lake Okeechobee / Central Inland,190,YELLOW,YELLOW
1772042300171,A2D2-7E4D,FLT-7E4D-001,26.753693,-81.002243,106.6,11,0,Mavic Air 2,false,drone_images/Mavic Air 2.png,26.745000,-81.005000,26.744500,-81.005300,apolloshield_dji,df,,,2414500000,RADAR-A2D2-7E4D,Sensor Lake Okeechobee / Central Inland,190,YELLOW,YELLOW
1772042301329,A2D2-7E4D,FLT-7E4D-001,26.753693,-81.002243,106.6,11,0,Mavic Air 2,false,drone_images/Mavic Air 2.png,26.745000,-81.005000,26.744500,-81.005300,apolloshield_dji,df,,,2414500000,RADAR-A2D2-7E4D,Sensor Lake Okeechobee / Central Inland,190,YELLOW,YELLOW
1772042302762,A2D2-7E4D,FLT-7E4D-001,26.750284,-81.002346,106.6,11.1,0,Mavic Air 2,false,drone_images/Mavic Air 2.png,26.745000,-81.005000,26.744500,-81.005300,apolloshield_dji,df,,,2414500000,RADAR-A2D2-7E4D,Sensor Lake Okeechobee / Central Inland,190,YELLOW,YELLOW
1772042303160,A2D2-7E4D,FLT-7E4D-001,26.753693,-81.002243,106.6,11,0,Mavic Air 2,false,drone_images/Mavic Air 2.png,26.745000,-81.005000,26.744500,-81.005300,apolloshield_dji,df,,,2414500000,RADAR-A2D2-7E4D,Sensor Lake Okeechobee / Central Inland,190,YELLOW,YELLOW
1772042303716,A2D2-7E4D,FLT-7E4D-001,26.750284,-81.002346,106.6,11.1,0,Mavic Air 2,false,drone_images/Mavic Air 2.png,26.745000,-81.005000,26.744500,-81.005300,apolloshield_dji,df,,,2414500000,RADAR-A2D2-7E4D,Sensor Lake Okeechobee / Central Inland,190,YELLOW,YELLOW
1772042304908,A2D2-7E4D,FLT-7E4D-001,26.750284,-81.002346,106.6,11.1,0,Mavic Air 2,false,drone_images/Mavic Air 2.png,26.745000,-81.005000,26.744500,-81.005300,apolloshield_dji,df,,,2414500000,RADAR-A2D2-7E4D,Sensor Lake Okeechobee / Central Inland,190,YELLOW,YELLOW
1772042305996,A2D2-7E4D,FLT-7E4D-001,26.750284,-81.002346,106.6,11.1,0,Mavic Air 2,false,drone_images/Mavic Air 2.png,26.745000,-81.005000,26.744500,-81.005300,apolloshield_dji,df,,,2414500000,RADAR-A2D2-7E4D,Sensor Lake Okeechobee / Central Inland,190,YELLOW,YELLOW
1772042306823,A2D2-7E4D,FLT-7E4D-001,26.750284,-81.002346,106.6,11.1,0,Mavic Air 2,false,drone_images/Mavic Air 2.png,26.745000,-81.005000,26.744500,-81.005300,apolloshield_dji,df,,,2414500000,RADAR-A2D2-7E4D,Sensor Lake Okeechobee / Central Inland,190,YELLOW,YELLOW
1772042307907,A2D2-7E4D,FLT-7E4D-001,26.750284,-81.002346,106.6,11.1,0,Mavic Air 2,false,drone_images/Mavic Air 2.png,26.745000,-81.005000,26.744500,-81.005300,apolloshield_dji,df,,,2414500000,RADAR-A2D2-7E4D,Sensor Lake Okeechobee / Central Inland,190,YELLOW,YELLOW
1772042308873,A2D2-7E4D,FLT-7E4D-001,26.750284,-81.002346,106.6,11.1,0,Mavic Air 2,false,drone_images/Mavic Air 2.png,26.745000,-81.005000,26.744500,-81.005300,apolloshield_dji,df,,,2414500000,RADAR-A2D2-7E4D,Sensor Lake Okeechobee / Central Inland,190,YELLOW,YELLOW
1772042310127,A2D2-7E4D,FLT-7E4D-001,26.750284,-81.002346,106.6,11.1,0,Mavic Air 2,false,drone_images/Mavic Air 2.png,26.745000,-81.005000,26.744500,-81.005300,apolloshield_dji,df,,,2414500000,RADAR-A2D2-7E4D,Sensor Lake Okeechobee / Central Inland,190,YELLOW,YELLOW
1772042311134,A2D2-7E4D,FLT-7E4D-001,26.750284,-81.002346,106.6,11.1,0,Mavic Air 2,false,drone_images/Mavic Air 2.png,26.745000,-81.005000,26.744500,-81.005300,apolloshield_dji,df,,,2414500000,RADAR-A2D2-7E4D,Sensor Lake Okeechobee / Central Inland,190,YELLOW,YELLOW
1772042312545,A2D2-7E4D,FLT-7E4D-001,26.750284,-81.002346,106.6,11.1,0,Mavic Air 2,false,drone_images/Mavic Air 2.png,26.745000,-81.005000,26.744500,-81.005300,apolloshield_dji,df,,,2414500000,RADAR-A2D2-7E4D,Sensor Lake Okeechobee / Central Inland,190,YELLOW,YELLOW
1772042313808,A2D2-7E4D,FLT-7E4D-001,26.750284,-81.002346,106.6,11.1,0,Mavic Air 2,false,drone_images/Mavic Air 2.png,26.745000,-81.005000,26.744500,-81.005300,apolloshield_dji,df,,,2414500000,RADAR-A2D2-7E4D,Sensor Lake Okeechobee / Central Inland,190,YELLOW,YELLOW
1772042313810,A2D2-7E4D,FLT-7E4D-001,26.750284,-81.002346,106.6,11.1,0,Mavic Air 2,false,drone_images/Mavic Air 2.png,26.745000,-81.005000,26.744500,-81.005300,apolloshield_dji,df,,,2414500000,RADAR-A2D2-7E4D,Sensor Lake Okeechobee / Central Inland,190,YELLOW,YELLOW
1772042315195,A2D2-7E4D,FLT-7E4D-001,26.750284,-81.002346,106.6,11.1,0,Mavic Air 2,false,drone_images/Mavic Air 2.png,26.745000,-81.005000,26.744500,-81.005300,apolloshield_dji,df,,,2414500000,RADAR-A2D2-7E4D,Sensor Lake Okeechobee / Central Inland,190,YELLOW,YELLOW
1772042316866,A2D2-7E4D,FLT-7E4D-001,26.750284,-81.002346,106.6,11.1,0,Mavic Air 2,false,drone_images/Mavic Air 2.png,26.745000,-81.005000,26.744500,-81.005300,apolloshield_dji,df,,,2414500000,RADAR-A2D2-7E4D,Sensor Lake Okeechobee / Central Inland,190,YELLOW,YELLOW
1772042317049,A2D2-7E4D,FLT-7E4D-001,26.750284,-81.002346,106.6,11.1,0,Mavic Air 2,false,drone_images/Mavic Air 2.png,26.745000,-81.005000,26.744500,-81.005300,apolloshield_dji,df,,,2414500000,RADAR-A2D2-7E4D,Sensor Lake Okeechobee / Central Inland,190,YELLOW,YELLOW
1772042318147,A2D2-7E4D,FLT-7E4D-001,26.750284,-81.002346,106.6,11.1,0,Mavic Air 2,false,drone_images/Mavic Air 2.png,26.745000,-81.005000,26.744500,-81.005300,apolloshield_dji,df,,,2414500000,RADAR-A2D2-7E4D,Sensor Lake Okeechobee / Central Inland,190,YELLOW,YELLOW
1772042318834,A2D2-7E4D,FLT-7E4D-001,26.750284,-81.002346,106.6,11.1,0,Mavic Air 2,false,drone_images/Mavic Air 2.png,26.745000,-81.005000,26.744500,-81.005300,apolloshield_dji,df,,,2414500000,RADAR-A2D2-7E4D,Sensor Lake Okeechobee / Central Inland,190,YELLOW,YELLOW
1772042319884,A2D2-7E4D,FLT-7E4D-001,26.750284,-81.002346,106.6,11.1,0,Mavic Air 2,false,drone_images/Mavic Air 2.png,26.745000,-81.005000,26.744500,-81.005300,apolloshield_dji,df,,,2414500000,RADAR-A2D2-7E4D,Sensor Lake Okeechobee / Central Inland,190,YELLOW,YELLOW
1772042321003,A2D2-7E4D,FLT-7E4D-001,26.750284,-81.002346,106.6,11.1,0,Mavic Air 2,false,drone_images/Mavic Air 2.png,26.745000,-81.005000,26.744500,-81.005300,apolloshield_dji,df,,,2414500000,RADAR-A2D2-7E4D,Sensor Lake Okeechobee / Central Inland,190,YELLOW,YELLOW
1772042322909,A2D2-7E4D,FLT-7E4D-001,26.750284,-81.002346,106.6,11.1,0,Mavic Air 2,false,drone_images/Mavic Air 2.png,26.745000,-81.005000,26.744500,-81.005300,apolloshield_dji,df,,,2414500000,RADAR-A2D2-7E4D,Sensor Lake Okeechobee / Central Inland,190,YELLOW,YELLOW
1772042323029,A2D2-7E4D,FLT-7E4D-001,26.750284,-81.002346,106.6,11.1,0,Mavic Air 2,false,drone_images/Mavic Air 2.png,26.745000,-81.005000,26.744500,-81.005300,apolloshield_dji,df,,,2414500000,RADAR-A2D2-7E4D,Sensor Lake Okeechobee / Central Inland,190,YELLOW,YELLOW
1772042323900,A2D2-7E4D,FLT-7E4D-001,26.750284,-81.002346,106.6,11.1,0,Mavic Air 2,false,drone_images/Mavic Air 2.png,26.745000,-81.005000,26.744500,-81.005300,apolloshield_dji,df,,,2414500000,RADAR-A2D2-7E4D,Sensor Lake Okeechobee / Central Inland,190,YELLOW,YELLOW
1772042324949,A2D2-7E4D,FLT-7E4D-001,26.750284,-81.002346,106.6,11.1,0,Mavic Air 2,false,drone_images/Mavic Air 2.png,26.745000,-81.005000,26.744500,-81.005300,apolloshield_dji,df,,,2414500000,RADAR-A2D2-7E4D,Sensor Lake Okeechobee / Central Inland,190,YELLOW,YELLOW
1772042326488,A2D2-7E4D,FLT-7E4D-001,26.748863,-81.002879,106.5,7.3,0,Mavic Air 2,false,drone_images/Mavic Air 2.png,26.745000,-81.005000,26.744500,-81.005300,apolloshield_dji,df,,,2414500000,RADAR-A2D2-7E4D,Sensor Lake Okeechobee / Central Inland,190,YELLOW,YELLOW
1772042326750,A2D2-7E4D,FLT-7E4D-001,26.748863,-81.002879,106.5,7.3,0,Mavic Air 2,false,drone_images/Mavic Air 2.png,26.745000,-81.005000,26.744500,-81.005300,apolloshield_dji,df,,,2414500000,RADAR-A2D2-7E4D,Sensor Lake Okeechobee / Central Inland,190,YELLOW,YELLOW
1772042328440,A2D2-7E4D,FLT-7E4D-001,26.748863,-81.002879,106.5,7.3,0,Mavic Air 2,false,drone_images/Mavic Air 2.png,26.745000,-81.005000,26.744500,-81.005300,apolloshield_dji,df,,,2414500000,RADAR-A2D2-7E4D,Sensor Lake Okeechobee / Central Inland,190,YELLOW,YELLOW
1772042329843,A2D2-7E4D,FLT-7E4D-001,26.748863,-81.002879,106.5,7.3,0,Mavic Air 2,false,drone_images/Mavic Air 2.png,26.745000,-81.005000,26.744500,-81.005300,apolloshield_dji,df,,,2414500000,RADAR-A2D2-7E4D,Sensor Lake Okeechobee / Central Inland,190,YELLOW,YELLOW
1772042329963,A2D2-7E4D,FLT-7E4D-001,26.748863,-81.002879,106.5,7.3,0,Mavic Air 2,false,drone_images/Mavic Air 2.png,26.745000,-81.005000,26.744500,-81.005300,apolloshield_dji,df,,,2414500000,RADAR-A2D2-7E4D,Sensor Lake Okeechobee / Central Inland,190,YELLOW,YELLOW
1772042331416,A2D2-7E4D,FLT-7E4D-001,26.748863,-81.002879,106.5,7.3,0,Mavic Air 2,false,drone_images/Mavic Air 2.png,26.745000,-81.005000,26.744500,-81.005300,apolloshield_dji,df,,,2414500000,RADAR-A2D2-7E4D,Sensor Lake Okeechobee / Central Inland,190,YELLOW,YELLOW
1772042332277,A2D2-7E4D,FLT-7E4D-001,26.748863,-81.002879,106.5,7.3,0,Mavic Air 2,false,drone_images/Mavic Air 2.png,26.745000,-81.005000,26.744500,-81.005300,apolloshield_dji,df,,,2414500000,RADAR-A2D2-7E4D,Sensor Lake Okeechobee / Central Inland,190,YELLOW,YELLOW
1772042332989,A2D2-7E4D,FLT-7E4D-001,26.748863,-81.002879,106.5,7.3,0,Mavic Air 2,false,drone_images/Mavic Air 2.png,26.745000,-81.005000,26.744500,-81.005300,apolloshield_dji,df,,,2414500000,RADAR-A2D2-7E4D,Sensor Lake Okeechobee / Central Inland,190,YELLOW,YELLOW
1772042333833,A2D2-7E4D,FLT-7E4D-001,26.748863,-81.002879,106.5,7.3,0,Mavic Air 2,false,drone_images/Mavic Air 2.png,26.745000,-81.005000,26.744500,-81.005300,apolloshield_dji,df,,,2414500000,RADAR-A2D2-7E4D,Sensor Lake Okeechobee / Central Inland,190,YELLOW,YELLOW
1772042334782,A2D2-7E4D,FLT-7E4D-001,26.748863,-81.002879,106.5,7.3,0,Mavic Air 2,false,drone_images/Mavic Air 2.png,26.745000,-81.005000,26.744500,-81.005300,apolloshield_dji,df,,,2414500000,RADAR-A2D2-7E4D,Sensor Lake Okeechobee / Central Inland,190,YELLOW,YELLOW
1772042335805,A2D2-7E4D,FLT-7E4D-001,26.748863,-81.002879,106.5,7.3,0,Mavic Air 2,false,drone_images/Mavic Air 2.png,26.745000,-81.005000,26.744500,-81.005300,apolloshield_dji,df,,,2414500000,RADAR-A2D2-7E4D,Sensor Lake Okeechobee / Central Inland,190,YELLOW,YELLOW
1772042337542,A2D2-7E4D,FLT-7E4D-001,26.748863,-81.002879,106.5,7.3,0,Mavic Air 2,false,drone_images/Mavic Air 2.png,26.745000,-81.005000,26.744500,-81.005300,apolloshield_dji,df,,,2414500000,RADAR-A2D2-7E4D,Sensor Lake Okeechobee / Central Inland,190,YELLOW,YELLOW
1772042337900,A2D2-7E4D,FLT-7E4D-001,26.748863,-81.002879,106.5,7.3,0,Mavic Air 2,false,drone_images/Mavic Air 2.png,26.745000,-81.005000,26.744500,-81.005300,apolloshield_dji,df,,,2414500000,RADAR-A2D2-7E4D,Sensor Lake Okeechobee / Central Inland,190,YELLOW,YELLOW
1772042339029,A2D2-7E4D,FLT-7E4D-001,26.748863,-81.002879,106.5,7.3,0,Mavic Air 2,false,drone_images/Mavic Air 2.png,26.745000,-81.005000,26.744500,-81.005300,apolloshield_dji,df,,,2414500000,RADAR-A2D2-7E4D,Sensor Lake Okeechobee / Central Inland,190,YELLOW,YELLOW
1772042339896,A2D2-7E4D,FLT-7E4D-001,26.748863,-81.002879,106.5,7.3,0,Mavic Air 2,false,drone_images/Mavic Air 2.png,26.745000,-81.005000,26.744500,-81.005300,apolloshield_dji,df,,,2414500000,RADAR-A2D2-7E4D,Sensor Lake Okeechobee / Central Inland,190,YELLOW,YELLOW
1772042340855,A2D2-7E4D,FLT-7E4D-001,26.748863,-81.002879,106.5,7.3,0,Mavic Air 2,false,drone_images/Mavic Air 2.png,26.745000,-81.005000,26.744500,-81.005300,apolloshield_dji,df,,,2414500000,RADAR-A2D2-7E4D,Sensor Lake Okeechobee / Central Inland,190,YELLOW,YELLOW
1772042341912,A2D2-7E4D,FLT-7E4D-001,26.748863,-81.002879,106.5,7.3,0,Mavic Air 2,false,drone_images/Mavic Air 2.png,26.745000,-81.005000,26.744500,-81.005300,apolloshield_dji,df,,,2414500000,RADAR-A2D2-7E4D,Sensor Lake Okeechobee / Central Inland,190,YELLOW,YELLOW
1772042343475,A2D2-7E4D,FLT-7E4D-001,26.748863,-81.002879,106.5,7.3,0,Mavic Air 2,false,drone_images/Mavic Air 2.png,26.745000,-81.005000,26.744500,-81.005300,apolloshield_dji,df,,,2414500000,RADAR-A2D2-7E4D,Sensor Lake Okeechobee / Central Inland,190,YELLOW,YELLOW
1772042343999,A2D2-7E4D,FLT-7E4D-001,26.748863,-81.002879,106.5,7.3,0,Mavic Air 2,false,drone_images/Mavic Air 2.png,26.745000,-81.005000,26.744500,-81.005300,apolloshield_dji,df,,,2414500000,RADAR-A2D2-7E4D,Sensor Lake Okeechobee / Central Inland,190,YELLOW,YELLOW
1772042344711,A2D2-7E4D,FLT-7E4D-001,26.748863,-81.002879,106.5,7.3,0,Mavic Air 2,false,drone_images/Mavic Air 2.png,26.745000,-81.005000,26.744500,-81.005300,apolloshield_dji,df,,,2414500000,RADAR-A2D2-7E4D,Sensor Lake Okeechobee / Central Inland,190,YELLOW,YELLOW
1772042345893,A2D2-7E4D,FLT-7E4D-001,26.748863,-81.002879,106.5,7.3,0,Mavic Air 2,false,drone_images/Mavic Air 2.png,26.745000,-81.005000,26.744500,-81.005300,apolloshield_dji,df,,,2414500000,RADAR-A2D2-7E4D,Sensor Lake Okeechobee / Central Inland,190,YELLOW,YELLOW
1772042346899,A2D2-7E4D,FLT-7E4D-001,26.748863,-81.002879,106.5,7.3,0,Mavic Air 2,false,drone_images/Mavic Air 2.png,26.745000,-81.005000,26.744500,-81.005300,apolloshield_dji,df,,,2414500000,RADAR-A2D2-7E4D,Sensor Lake Okeechobee / Central Inland,190,YELLOW,YELLOW
1772042348011,A2D2-7E4D,FLT-7E4D-001,26.748863,-81.002879,106.5,7.3,0,Mavic Air 2,false,drone_images/Mavic Air 2.png,26.745000,-81.005000,26.744500,-81.005300,apolloshield_dji,df,,,2414500000,RADAR-A2D2-7E4D,Sensor Lake Okeechobee / Central Inland,190,YELLOW,YELLOW
1772042348719,A2D2-7E4D,FLT-7E4D-001,26.748863,-81.002879,106.5,7.3,0,Mavic Air 2,false,drone_images/Mavic Air 2.png,26.745000,-81.005000,26.744500,-81.005300,apolloshield_dji,df,,,2414500000,RADAR-A2D2-7E4D,Sensor Lake Okeechobee / Central Inland,190,YELLOW,YELLOW
1772042351050,A2D2-7E4D,FLT-7E4D-001,26.748863,-81.002879,106.5,7.3,0,Mavic Air 2,false,drone_images/Mavic Air 2.png,26.745000,-81.005000,26.744500,-81.005300,apolloshield_dji,df,,,2414500000,RADAR-A2D2-7E4D,Sensor Lake Okeechobee / Central Inland,190,YELLOW,YELLOW
1772042351149,A2D2-7E4D,FLT-7E4D-001,26.748863,-81.002879,106.5,7.3,0,Mavic Air 2,false,drone_images/Mavic Air 2.png,26.745000,-81.005000,26.744500,-81.005300,apolloshield_dji,df,,,2414500000,RADAR-A2D2-7E4D,Sensor Lake Okeechobee / Central Inland,190,YELLOW,YELLOW
1772042351994,A2D2-7E4D,FLT-7E4D-001,26.748863,-81.002879,106.5,7.3,0,Mavic Air 2,false,drone_images/Mavic Air 2.png,26.745000,-81.005000,26.744500,-81.005300,apolloshield_dji,df,,,2414500000,RADAR-A2D2-7E4D,Sensor Lake Okeechobee / Central Inland,190,YELLOW,YELLOW
1772042353071,A2D2-7E4D,FLT-7E4D-001,26.748863,-81.002879,106.5,7.3,0,Mavic Air 2,false,drone_images/Mavic Air 2.png,26.745000,-81.005000,26.744500,-81.005300,apolloshield_dji,df,,,2414500000,RADAR-A2D2-7E4D,Sensor Lake Okeechobee / Central Inland,190,YELLOW,YELLOW
1772042353961,A2D2-7E4D,FLT-7E4D-001,26.748863,-81.002879,106.5,7.3,0,Mavic Air 2,false,drone_images/Mavic Air 2.png,26.745000,-81.005000,26.744500,-81.005300,apolloshield_dji,df,,,2414500000,RADAR-A2D2-7E4D,Sensor Lake Okeechobee / Central Inland,190,YELLOW,YELLOW
1772042355028,A2D2-7E4D,FLT-7E4D-001,26.748863,-81.002879,106.5,7.3,0,Mavic Air 2,false,drone_images/Mavic Air 2.png,26.745000,-81.005000,26.744500,-81.005300,apolloshield_dji,df,,,2414500000,RADAR-A2D2-7E4D,Sensor Lake Okeechobee / Central Inland,190,YELLOW,YELLOW
1772042356125,A2D2-7E4D,FLT-7E4D-001,26.748863,-81.002879,106.5,7.3,0,Mavic Air 2,false,drone_images/Mavic Air 2.png,26.745000,-81.005000,26.744500,-81.005300,apolloshield_dji,df,,,2414500000,RADAR-A2D2-7E4D,Sensor Lake Okeechobee / Central Inland,190,YELLOW,YELLOW
1772042356824,A2D2-7E4D,FLT-7E4D-001,26.748863,-81.002879,106.5,7.3,0,Mavic Air 2,false,drone_images/Mavic Air 2.png,26.745000,-81.005000,26.744500,-81.005300,apolloshield_dji,df,,,2414500000,RADAR-A2D2-7E4D,Sensor Lake Okeechobee / Central Inland,190,YELLOW,YELLOW
1772042357634,A2D2-7E4D,FLT-7E4D-001,26.748863,-81.002879,106.5,7.3,0,Mavic Air 2,false,drone_images/Mavic Air 2.png,26.745000,-81.005000,26.744500,-81.005300,apolloshield_dji,df,,,2414500000,RADAR-A2D2-7E4D,Sensor Lake Okeechobee / Central Inland,190,YELLOW,YELLOW
1772042358809,A2D2-7E4D,FLT-7E4D-001,26.748863,-81.002879,106.5,7.3,0,Mavic Air 2,false,drone_images/Mavic Air 2.png,26.745000,-81.005000,26.744500,-81.005300,apolloshield_dji,df,,,2414500000,RADAR-A2D2-7E4D,Sensor Lake Okeechobee / Central Inland,190,YELLOW,YELLOW
1772042359919,A2D2-7E4D,FLT-7E4D-001,26.748863,-81.002879,106.5,7.3,0,Mavic Air 2,false,drone_images/Mavic Air 2.png,26.745000,-81.005000,26.744500,-81.005300,apolloshield_dji,df,,,2414500000,RADAR-A2D2-7E4D,Sensor Lake Okeechobee / Central Inland,190,YELLOW,YELLOW
1772042361142,A2D2-7E4D,FLT-7E4D-001,26.748863,-81.002879,106.5,7.3,0,Mavic Air 2,false,drone_images/Mavic Air 2.png,26.745000,-81.005000,26.744500,-81.005300,apolloshield_dji,df,,,2414500000,RADAR-A2D2-7E4D,Sensor Lake Okeechobee / Central Inland,190,YELLOW,YELLOW
1772042361825,A2D2-7E4D,FLT-7E4D-001,26.748863,-81.002879,106.5,7.3,0,Mavic Air 2,false,drone_images/Mavic Air 2.png,26.745000,-81.005000,26.744500,-81.005300,apolloshield_dji,df,,,2414500000,RADAR-A2D2-7E4D,Sensor Lake Okeechobee / Central Inland,190,YELLOW,YELLOW
1772042362753,A2D2-7E4D,FLT-7E4D-001,26.748863,-81.002879,106.5,7.3,0,Mavic Air 2,false,drone_images/Mavic Air 2.png,26.745000,-81.005000,26.744500,-81.005300,apolloshield_dji,df,,,2414500000,RADAR-A2D2-7E4D,Sensor Lake Okeechobee / Central Inland,190,YELLOW,YELLOW
1772042364459,A2D2-7E4D,FLT-7E4D-001,26.748863,-81.002879,106.5,7.3,0,Mavic Air 2,false,drone_images/Mavic Air 2.png,26.745000,-81.005000,26.744500,-81.005300,apolloshield_dji,df,,,2414500000,RADAR-A2D2-7E4D,Sensor Lake Okeechobee / Central Inland,190,YELLOW,YELLOW
1772042364738,A2D2-7E4D,FLT-7E4D-001,26.748863,-81.002879,106.5,7.3,0,Mavic Air 2,false,drone_images/Mavic Air 2.png,26.745000,-81.005000,26.744500,-81.005300,apolloshield_dji,df,,,2414500000,RADAR-A2D2-7E4D,Sensor Lake Okeechobee / Central Inland,190,YELLOW,YELLOW
1772042365920,A2D2-7E4D,FLT-7E4D-001,26.748863,-81.002879,106.5,7.3,0,Mavic Air 2,false,drone_images/Mavic Air 2.png,26.745000,-81.005000,26.744500,-81.005300,apolloshield_dji,df,,,2414500000,RADAR-A2D2-7E4D,Sensor Lake Okeechobee / Central Inland,190,YELLOW,YELLOW
1772042366877,A2D2-7E4D,FLT-7E4D-001,26.748863,-81.002879,106.5,7.3,0,Mavic Air 2,false,drone_images/Mavic Air 2.png,26.745000,-81.005000,26.744500,-81.005300,apolloshield_dji,df,,,2414500000,RADAR-A2D2-7E4D,Sensor Lake Okeechobee / Central Inland,190,YELLOW,YELLOW
1772042368159,A2D2-7E4D,FLT-7E4D-001,26.748863,-81.002879,106.5,7.3,0,Mavic Air 2,false,drone_images/Mavic Air 2.png,26.745000,-81.005000,26.744500,-81.005300,apolloshield_dji,df,,,2414500000,RADAR-A2D2-7E4D,Sensor Lake Okeechobee / Central Inland,190,YELLOW,YELLOW
1772042368805,A2D2-7E4D,FLT-7E4D-001,26.748863,-81.002879,106.5,7.3,0,Mavic Air 2,false,drone_images/Mavic Air 2.png,26.745000,-81.005000,26.744500,-81.005300,apolloshield_dji,df,,,2414500000,RADAR-A2D2-7E4D,Sensor Lake Okeechobee / Central Inland,190,YELLOW,YELLOW
1772042369745,A2D2-7E4D,FLT-7E4D-001,26.748863,-81.002879,106.5,7.3,0,Mavic Air 2,false,drone_images/Mavic Air 2.png,26.745000,-81.005000,26.744500,-81.005300,apolloshield_dji,df,,,2414500000,RADAR-A2D2-7E4D,Sensor Lake Okeechobee / Central Inland,190,YELLOW,YELLOW
1772042379126,A2D2-7E4D,FLT-7E4D-001,26.753762,-81.002782,106.6,11.1,0,Mavic Air 2,false,drone_images/Mavic Air 2.png,26.745000,-81.005000,26.744500,-81.005300,apolloshield_dji,df,,,2414500000,RADAR-A2D2-7E4D,Sensor Lake Okeechobee / Central Inland,190,YELLOW,YELLOW
1772042379675,A2D2-7E4D,FLT-7E4D-001,26.753762,-81.002782,106.6,11.1,0,Mavic Air 2,false,drone_images/Mavic Air 2.png,26.745000,-81.005000,26.744500,-81.005300,apolloshield_dji,df,,,2414500000,RADAR-A2D2-7E4D,Sensor Lake Okeechobee / Central Inland,190,YELLOW,YELLOW
1772042381832,A2D2-7E4D,FLT-7E4D-001,26.753762,-81.002782,106.6,11.1,0,Mavic Air 2,false,drone_images/Mavic Air 2.png,26.745000,-81.005000,26.744500,-81.005300,apolloshield_dji,df,,,2414500000,RADAR-A2D2-7E4D,Sensor Lake Okeechobee / Central Inland,190,YELLOW,YELLOW
1772042381925,A2D2-7E4D,FLT-7E4D-001,26.753762,-81.002782,106.6,11.1,0,Mavic Air 2,false,drone_images/Mavic Air 2.png,26.745000,-81.005000,26.744500,-81.005300,apolloshield_dji,df,,,2414500000,RADAR-A2D2-7E4D,Sensor Lake Okeechobee / Central Inland,190,YELLOW,YELLOW
1772042382796,A2D2-7E4D,FLT-7E4D-001,26.753762,-81.002782,106.6,11.1,0,Mavic Air 2,false,drone_images/Mavic Air 2.png,26.745000,-81.005000,26.744500,-81.005300,apolloshield_dji,df,,,2414500000,RADAR-A2D2-7E4D,Sensor Lake Okeechobee / Central Inland,190,YELLOW,YELLOW
1772042384007,A2D2-7E4D,FLT-7E4D-001,26.753762,-81.002782,106.6,11.1,0,Mavic Air 2,false,drone_images/Mavic Air 2.png,26.745000,-81.005000,26.744500,-81.005300,apolloshield_dji,df,,,2414500000,RADAR-A2D2-7E4D,Sensor Lake Okeechobee / Central Inland,190,YELLOW,YELLOW
1772042384892,A2D2-7E4D,FLT-7E4D-001,26.753762,-81.002782,106.6,11.1,0,Mavic Air 2,false,drone_images/Mavic Air 2.png,26.745000,-81.005000,26.744500,-81.005300,apolloshield_dji,df,,,2414500000,RADAR-A2D2-7E4D,Sensor Lake Okeechobee / Central Inland,190,YELLOW,YELLOW
1772042386150,A2D2-7E4D,FLT-7E4D-001,26.753762,-81.002782,106.6,11.1,0,Mavic Air 2,false,drone_images/Mavic Air 2.png,26.745000,-81.005000,26.744500,-81.005300,apolloshield_dji,df,,,2414500000,RADAR-A2D2-7E4D,Sensor Lake Okeechobee / Central Inland,190,YELLOW,YELLOW
1772042386991,A2D2-7E4D,FLT-7E4D-001,26.753762,-81.002782,106.6,11.1,0,Mavic Air 2,false,drone_images/Mavic Air 2.png,26.745000,-81.005000,26.744500,-81.005300,apolloshield_dji,df,,,2414500000,RADAR-A2D2-7E4D,Sensor Lake Okeechobee / Central Inland,190,YELLOW,YELLOW
1772042388039,A2D2-7E4D,FLT-7E4D-001,26.753762,-81.002782,106.6,11.1,0,Mavic Air 2,false,drone_images/Mavic Air 2.png,26.745000,-81.005000,26.744500,-81.005300,apolloshield_dji,df,,,2414500000,RADAR-A2D2-7E4D,Sensor Lake Okeechobee / Central Inland,190,YELLOW,YELLOW
1772042389086,A2D2-7E4D,FLT-7E4D-001,26.753762,-81.002782,106.6,11.1,0,Mavic Air 2,false,drone_images/Mavic Air 2.png,26.745000,-81.005000,26.744500,-81.005300,apolloshield_dji,df,,,2414500000,RADAR-A2D2-7E4D,Sensor Lake Okeechobee / Central Inland,190,YELLOW,YELLOW
1772042389804,A2D2-7E4D,FLT-7E4D-001,26.753762,-81.002782,106.6,11.1,0,Mavic Air 2,false,drone_images/Mavic Air 2.png,26.745000,-81.005000,26.744500,-81.005300,apolloshield_dji,df,,,2414500000,RADAR-A2D2-7E4D,Sensor Lake Okeechobee / Central Inland,190,YELLOW,YELLOW
1772042390848,A2D2-7E4D,FLT-7E4D-001,26.753762,-81.002782,106.6,11.1,0,Mavic Air 2,false,drone_images/Mavic Air 2.png,26.745000,-81.005000,26.744500,-81.005300,apolloshield_dji,df,,,2414500000,RADAR-A2D2-7E4D,Sensor Lake Okeechobee / Central Inland,190,YELLOW,YELLOW
1772042391889,A2D2-7E4D,FLT-7E4D-001,26.753762,-81.002782,106.6,11.1,0,Mavic Air 2,false,drone_images/Mavic Air 2.png,26.745000,-81.005000,26.744500,-81.005300,apolloshield_dji,df,,,2414500000,RADAR-A2D2-7E4D,Sensor Lake Okeechobee / Central Inland,190,YELLOW,YELLOW
1772042393698,A2D2-7E4D,FLT-7E4D-001,26.753762,-81.002782,106.6,11.1,0,Mavic Air 2,false,drone_images/Mavic Air 2.png,26.745000,-81.005000,26.744500,-81.005300,apolloshield_dji,df,,,2414500000,RADAR-A2D2-7E4D,Sensor Lake Okeechobee / Central Inland,190,YELLOW,YELLOW
1772042393807,A2D2-7E4D,FLT-7E4D-001,26.753762,-81.002782,106.6,11.1,0,Mavic Air 2,false,drone_images/Mavic Air 2.png,26.745000,-81.005000,26.744500,-81.005300,apolloshield_dji,df,,,2414500000,RADAR-A2D2-7E4D,Sensor Lake Okeechobee / Central Inland,190,YELLOW,YELLOW
1772042395377,A2D2-7E4D,FLT-7E4D-001,26.753762,-81.002782,106.6,11.1,0,Mavic Air 2,false,drone_images/Mavic Air 2.png,26.745000,-81.005000,26.744500,-81.005300,apolloshield_dji,df,,,2414500000,RADAR-A2D2-7E4D,Sensor Lake Okeechobee / Central Inland,190,YELLOW,YELLOW
1772042396252,A2D2-7E4D,FLT-7E4D-001,26.753762,-81.002782,106.6,11.1,0,Mavic Air 2,false,drone_images/Mavic Air 2.png,26.745000,-81.005000,26.744500,-81.005300,apolloshield_dji,df,,,2414500000,RADAR-A2D2-7E4D,Sensor Lake Okeechobee / Central Inland,190,YELLOW,YELLOW
1772042397119,A2D2-7E4D,FLT-7E4D-001,26.753762,-81.002782,106.6,11.1,0,Mavic Air 2,false,drone_images/Mavic Air 2.png,26.745000,-81.005000,26.744500,-81.005300,apolloshield_dji,df,,,2414500000,RADAR-A2D2-7E4D,Sensor Lake Okeechobee / Central Inland,190,YELLOW,YELLOW
1772042397766,A2D2-7E4D,FLT-7E4D-001,26.753762,-81.002782,106.6,11.1,0,Mavic Air 2,false,drone_images/Mavic Air 2.png,26.745000,-81.005000,26.744500,-81.005300,apolloshield_dji,df,,,2414500000,RADAR-A2D2-7E4D,Sensor Lake Okeechobee / Central Inland,190,YELLOW,YELLOW
1772042399152,A2D2-7E4D,FLT-7E4D-001,26.753762,-81.002782,106.6,11.1,0,Mavic Air 2,false,drone_images/Mavic Air 2.png,26.745000,-81.005000,26.744500,-81.005300,apolloshield_dji,df,,,2414500000,RADAR-A2D2-7E4D,Sensor Lake Okeechobee / Central Inland,190,YELLOW,YELLOW
1772042399722,A2D2-7E4D,FLT-7E4D-001,26.753762,-81.002782,106.6,11.1,0,Mavic Air 2,false,drone_images/Mavic Air 2.png,26.745000,-81.005000,26.744500,-81.005300,apolloshield_dji,df,,,2414500000,RADAR-A2D2-7E4D,Sensor Lake Okeechobee / Central Inland,190,YELLOW,YELLOW
1772042400827,A2D2-7E4D,FLT-7E4D-001,26.753762,-81.002782,106.6,11.1,0,Mavic Air 2,false,drone_images/Mavic Air 2.png,26.745000,-81.005000,26.744500,-81.005300,apolloshield_dji,df,,,2414500000,RADAR-A2D2-7E4D,Sensor Lake Okeechobee / Central Inland,190,YELLOW,YELLOW
1772042402585,A2D2-7E4D,FLT-7E4D-001,26.754902,-81.002719,106.7,0.1,0,Mavic Air 2,false,drone_images/Mavic Air 2.png,26.745000,-81.005000,26.744500,-81.005300,apolloshield_dji,df,,,2414500000,RADAR-A2D2-7E4D,Sensor Lake Okeechobee / Central Inland,190,YELLOW,YELLOW
1772042403385,A2D2-7E4D,FLT-7E4D-001,26.754902,-81.002719,106.7,0.1,0,Mavic Air 2,false,drone_images/Mavic Air 2.png,26.745000,-81.005000,26.744500,-81.005300,apolloshield_dji,df,,,2414500000,RADAR-A2D2-7E4D,Sensor Lake Okeechobee / Central Inland,190,YELLOW,YELLOW
1772042404403,A2D2-7E4D,FLT-7E4D-001,26.754902,-81.002719,106.7,0.1,0,Mavic Air 2,false,drone_images/Mavic Air 2.png,26.745000,-81.005000,26.744500,-81.005300,apolloshield_dji,df,,,2414500000,RADAR-A2D2-7E4D,Sensor Lake Okeechobee / Central Inland,190,YELLOW,YELLOW
1772042406012,A2D2-7E4D,FLT-7E4D-001,26.754902,-81.002719,106.7,0.1,0,Mavic Air 2,false,drone_images/Mavic Air 2.png,26.745000,-81.005000,26.744500,-81.005300,apolloshield_dji,df,,,2414500000,RADAR-A2D2-7E4D,Sensor Lake Okeechobee / Central Inland,190,YELLOW,YELLOW
1772042406019,A2D2-7E4D,FLT-7E4D-001,26.754902,-81.002719,106.7,0.1,0,Mavic Air 2,false,drone_images/Mavic Air 2.png,26.745000,-81.005000,26.744500,-81.005300,apolloshield_dji,df,,,2414500000,RADAR-A2D2-7E4D,Sensor Lake Okeechobee / Central Inland,190,YELLOW,YELLOW
1772042407332,A2D2-7E4D,FLT-7E4D-001,26.754902,-81.002719,106.7,0.1,0,Mavic Air 2,false,drone_images/Mavic Air 2.png,26.745000,-81.005000,26.744500,-81.005300,apolloshield_dji,df,,,2414500000,RADAR-A2D2-7E4D,Sensor Lake Okeechobee / Central Inland,190,YELLOW,YELLOW
1772042408524,A2D2-7E4D,FLT-7E4D-001,26.754902,-81.002719,106.7,0.1,0,Mavic Air 2,false,drone_images/Mavic Air 2.png,26.745000,-81.005000,26.744500,-81.005300,apolloshield_dji,df,,,2414500000,RADAR-A2D2-7E4D,Sensor Lake Okeechobee / Central Inland,190,YELLOW,YELLOW
1772042409013,A2D2-7E4D,FLT-7E4D-001,26.754902,-81.002719,106.7,0.1,0,Mavic Air 2,false,drone_images/Mavic Air 2.png,26.745000,-81.005000,26.744500,-81.005300,apolloshield_dji,df,,,2414500000,RADAR-A2D2-7E4D,Sensor Lake Okeechobee / Central Inland,190,YELLOW,YELLOW
1772042410160,A2D2-7E4D,FLT-7E4D-001,26.754902,-81.002719,106.7,0.1,0,Mavic Air 2,false,drone_images/Mavic Air 2.png,26.745000,-81.005000,26.744500,-81.005300,apolloshield_dji,df,,,2414500000,RADAR-A2D2-7E4D,Sensor Lake Okeechobee / Central Inland,190,YELLOW,YELLOW
1772042411486,A2D2-7E4D,FLT-7E4D-001,26.754902,-81.002719,106.7,0.1,0,Mavic Air 2,false,drone_images/Mavic Air 2.png,26.745000,-81.005000,26.744500,-81.005300,apolloshield_dji,df,,,2414500000,RADAR-A2D2-7E4D,Sensor Lake Okeechobee / Central Inland,190,YELLOW,YELLOW
1772042412154,A2D2-7E4D,FLT-7E4D-001,26.754902,-81.002719,106.7,0.1,0,Mavic Air 2,false,drone_images/Mavic Air 2.png,26.745000,-81.005000,26.744500,-81.005300,apolloshield_dji,df,,,2414500000,RADAR-A2D2-7E4D,Sensor Lake Okeechobee / Central Inland,190,YELLOW,YELLOW
1772042412376,A2D2-7E4D,FLT-7E4D-001,26.754902,-81.002719,106.7,0.1,0,Mavic Air 2,false,drone_images/Mavic Air 2.png,26.745000,-81.005000,26.744500,-81.005300,apolloshield_dji,df,,,2414500000,RADAR-A2D2-7E4D,Sensor Lake Okeechobee / Central Inland,190,YELLOW,YELLOW
1772042412955,A2D2-7E4D,FLT-7E4D-001,26.754902,-81.002719,106.7,0.1,0,Mavic Air 2,false,drone_images/Mavic Air 2.png,26.745000,-81.005000,26.744500,-81.005300,apolloshield_dji,df,,,2414500000,RADAR-A2D2-7E4D,Sensor Lake Okeechobee / Central Inland,190,YELLOW,YELLOW
1772042413858,A2D2-7E4D,FLT-7E4D-001,26.754902,-81.002719,106.7,0.1,0,Mavic Air 2,false,drone_images/Mavic Air 2.png,26.745000,-81.005000,26.744500,-81.005300,apolloshield_dji,df,,,2414500000,RADAR-A2D2-7E4D,Sensor Lake Okeechobee / Central Inland,190,YELLOW,YELLOW
1772042414776,A2D2-7E4D,FLT-7E4D-001,26.754902,-81.002719,106.7,0.1,0,Mavic Air 2,false,drone_images/Mavic Air 2.png,26.745000,-81.005000,26.744500,-81.005300,apolloshield_dji,df,,,2414500000,RADAR-A2D2-7E4D,Sensor Lake Okeechobee / Central Inland,190,YELLOW,YELLOW
1772042415960,A2D2-7E4D,FLT-7E4D-001,26.754902,-81.002719,106.7,0.1,0,Mavic Air 2,false,drone_images/Mavic Air 2.png,26.745000,-81.005000,26.744500,-81.005300,apolloshield_dji,df,,,2414500000,RADAR-A2D2-7E4D,Sensor Lake Okeechobee / Central Inland,190,YELLOW,YELLOW
1772042416982,A2D2-7E4D,FLT-7E4D-001,26.754902,-81.002719,106.7,0.1,0,Mavic Air 2,false,drone_images/Mavic Air 2.png,26.745000,-81.005000,26.744500,-81.005300,apolloshield_dji,df,,,2414500000,RADAR-A2D2-7E4D,Sensor Lake Okeechobee / Central Inland,190,YELLOW,YELLOW
1772042418002,A2D2-7E4D,FLT-7E4D-001,26.754902,-81.002719,106.7,0.1,0,Mavic Air 2,false,drone_images/Mavic Air 2.png,26.745000,-81.005000,26.744500,-81.005300,apolloshield_dji,df,,,2414500000,RADAR-A2D2-7E4D,Sensor Lake Okeechobee / Central Inland,190,YELLOW,YELLOW
1772042419316,A2D2-7E4D,FLT-7E4D-001,26.754902,-81.002719,106.7,0.1,0,Mavic Air 2,false,drone_images/Mavic Air 2.png,26.745000,-81.005000,26.744500,-81.005300,apolloshield_dji,df,,,2414500000,RADAR-A2D2-7E4D,Sensor Lake Okeechobee / Central Inland,190,YELLOW,YELLOW
1772042419732,A2D2-7E4D,FLT-7E4D-001,26.754902,-81.002719,106.7,0.1,0,Mavic Air 2,false,drone_images/Mavic Air 2.png,26.745000,-81.005000,26.744500,-81.005300,apolloshield_dji,df,,,2414500000,RADAR-A2D2-7E4D,Sensor Lake Okeechobee / Central Inland,190,YELLOW,YELLOW
1772042421179,A2D2-7E4D,FLT-7E4D-001,26.754902,-81.002719,106.7,0.1,0,Mavic Air 2,false,drone_images/Mavic Air 2.png,26.745000,-81.005000,26.744500,-81.005300,apolloshield_dji,df,,,2414500000,RADAR-A2D2-7E4D,Sensor Lake Okeechobee / Central Inland,190,YELLOW,YELLOW
1772042422640,A2D2-7E4D,FLT-7E4D-001,26.754902,-81.002719,106.7,0.1,0,Mavic Air 2,false,drone_images/Mavic Air 2.png,26.745000,-81.005000,26.744500,-81.005300,apolloshield_dji,df,,,2414500000,RADAR-A2D2-7E4D,Sensor Lake Okeechobee / Central Inland,190,YELLOW,YELLOW
1772042423163,A2D2-7E4D,FLT-7E4D-001,26.754902,-81.002719,106.7,0.1,0,Mavic Air 2,false,drone_images/Mavic Air 2.png,26.745000,-81.005000,26.744500,-81.005300,apolloshield_dji,df,,,2414500000,RADAR-A2D2-7E4D,Sensor Lake Okeechobee / Central Inland,190,YELLOW,YELLOW
1772042424319,A2D2-7E4D,FLT-7E4D-001,26.754902,-81.002719,106.7,0.1,0,Mavic Air 2,false,drone_images/Mavic Air 2.png,26.745000,-81.005000,26.744500,-81.005300,apolloshield_dji,df,,,2414500000,RADAR-A2D2-7E4D,Sensor Lake Okeechobee / Central Inland,190,YELLOW,YELLOW
1772042424877,A2D2-7E4D,FLT-7E4D-001,26.754902,-81.002719,106.7,0.1,0,Mavic Air 2,false,drone_images/Mavic Air 2.png,26.745000,-81.005000,26.744500,-81.005300,apolloshield_dji,df,,,2414500000,RADAR-A2D2-7E4D,Sensor Lake Okeechobee / Central Inland,190,YELLOW,YELLOW
1772042426610,A2D2-7E4D,FLT-7E4D-001,26.754902,-81.002719,106.7,0.1,0,Mavic Air 2,false,drone_images/Mavic Air 2.png,26.745000,-81.005000,26.744500,-81.005300,apolloshield_dji,df,,,2414500000,RADAR-A2D2-7E4D,Sensor Lake Okeechobee / Central Inland,190,YELLOW,YELLOW
1772042427519,A2D2-7E4D,FLT-7E4D-001,26.754902,-81.002719,106.7,0.1,0,Mavic Air 2,false,drone_images/Mavic Air 2.png,26.745000,-81.005000,26.744500,-81.005300,apolloshield_dji,df,,,2414500000,RADAR-A2D2-7E4D,Sensor Lake Okeechobee / Central Inland,190,YELLOW,YELLOW
1772042427984,A2D2-7E4D,FLT-7E4D-001,26.754902,-81.002719,106.7,0.1,0,Mavic Air 2,false,drone_images/Mavic Air 2.png,26.745000,-81.005000,26.744500,-81.005300,apolloshield_dji,df,,,2414500000,RADAR-A2D2-7E4D,Sensor Lake Okeechobee / Central Inland,190,YELLOW,YELLOW
1772042429047,A2D2-7E4D,FLT-7E4D-001,26.754902,-81.002719,106.7,0.1,0,Mavic Air 2,false,drone_images/Mavic Air 2.png,26.745000,-81.005000,26.744500,-81.005300,apolloshield_dji,df,,,2414500000,RADAR-A2D2-7E4D,Sensor Lake Okeechobee / Central Inland,190,YELLOW,YELLOW
1772042429799,A2D2-7E4D,FLT-7E4D-001,26.754902,-81.002719,106.7,0.1,0,Mavic Air 2,false,drone_images/Mavic Air 2.png,26.745000,-81.005000,26.744500,-81.005300,apolloshield_dji,df,,,2414500000,RADAR-A2D2-7E4D,Sensor Lake Okeechobee / Central Inland,190,YELLOW,YELLOW
1772042431282,A2D2-7E4D,FLT-7E4D-001,26.754902,-81.002719,106.7,0.1,0,Mavic Air 2,false,drone_images/Mavic Air 2.png,26.745000,-81.005000,26.744500,-81.005300,apolloshield_dji,df,,,2414500000,RADAR-A2D2-7E4D,Sensor Lake Okeechobee / Central Inland,190,YELLOW,YELLOW
1772042431965,A2D2-7E4D,FLT-7E4D-001,26.754902,-81.002719,106.7,0.1,0,Mavic Air 2,false,drone_images/Mavic Air 2.png,26.745000,-81.005000,26.744500,-81.005300,apolloshield_dji,df,,,2414500000,RADAR-A2D2-7E4D,Sensor Lake Okeechobee / Central Inland,190,YELLOW,YELLOW
1772042432914,A2D2-7E4D,FLT-7E4D-001,26.754902,-81.002719,106.7,0.1,0,Mavic Air 2,false,drone_images/Mavic Air 2.png,26.745000,-81.005000,26.744500,-81.005300,apolloshield_dji,df,,,2414500000,RADAR-A2D2-7E4D,Sensor Lake Okeechobee / Central Inland,190,YELLOW,YELLOW
1772042433939,A2D2-7E4D,FLT-7E4D-001,26.754902,-81.002719,106.7,0.1,0,Mavic Air 2,false,drone_images/Mavic Air 2.png,26.745000,-81.005000,26.744500,-81.005300,apolloshield_dji,df,,,2414500000,RADAR-A2D2-7E4D,Sensor Lake Okeechobee / Central Inland,190,YELLOW,YELLOW
1772042434975,A2D2-7E4D,FLT-7E4D-001,26.754902,-81.002719,106.7,0.1,0,Mavic Air 2,false,drone_images/Mavic Air 2.png,26.745000,-81.005000,26.744500,-81.005300,apolloshield_dji,df,,,2414500000,RADAR-A2D2-7E4D,Sensor Lake Okeechobee / Central Inland,190,YELLOW,YELLOW
1772042436582,A2D2-7E4D,FLT-7E4D-001,26.754902,-81.002719,106.7,0.1,0,Mavic Air 2,false,drone_images/Mavic Air 2.png,26.745000,-81.005000,26.744500,-81.005300,apolloshield_dji,df,,,2414500000,RADAR-A2D2-7E4D,Sensor Lake Okeechobee / Central Inland,190,YELLOW,YELLOW
1772042437205,A2D2-7E4D,FLT-7E4D-001,26.754902,-81.002719,106.7,0.1,0,Mavic Air 2,false,drone_images/Mavic Air 2.png,26.745000,-81.005000,26.744500,-81.005300,apolloshield_dji,df,,,2414500000,RADAR-A2D2-7E4D,Sensor Lake Okeechobee / Central Inland,190,YELLOW,YELLOW
1772042437911,A2D2-7E4D,FLT-7E4D-001,26.754902,-81.002719,106.7,0.1,0,Mavic Air 2,false,drone_images/Mavic Air 2.png,26.745000,-81.005000,26.744500,-81.005300,apolloshield_dji,df,,,2414500000,RADAR-A2D2-7E4D,Sensor Lake Okeechobee / Central Inland,190,YELLOW,YELLOW
1772042438954,A2D2-7E4D,FLT-7E4D-001,26.754902,-81.002719,106.7,0.1,0,Mavic Air 2,false,drone_images/Mavic Air 2.png,26.745000,-81.005000,26.744500,-81.005300,apolloshield_dji,df,,,2414500000,RADAR-A2D2-7E4D,Sensor Lake Okeechobee / Central Inland,190,YELLOW,YELLOW
1772042440209,A2D2-7E4D,FLT-7E4D-001,26.754902,-81.002719,106.7,0.1,0,Mavic Air 2,false,drone_images/Mavic Air 2.png,26.745000,-81.005000,26.744500,-81.005300,apolloshield_dji,df,,,2414500000,RADAR-A2D2-7E4D,Sensor Lake Okeechobee / Central Inland,190,YELLOW,YELLOW
1772042441844,A2D2-7E4D,FLT-7E4D-001,26.754902,-81.002719,106.7,0.1,0,Mavic Air 2,false,drone_images/Mavic Air 2.png,26.745000,-81.005000,26.744500,-81.005300,apolloshield_dji,df,,,2414500000,RADAR-A2D2-7E4D,Sensor Lake Okeechobee / Central Inland,190,YELLOW,YELLOW
1772042441896,A2D2-7E4D,FLT-7E4D-001,26.754902,-81.002719,106.7,0.1,0,Mavic Air 2,false,drone_images/Mavic Air 2.png,26.745000,-81.005000,26.744500,-81.005300,apolloshield_dji,df,,,2414500000,RADAR-A2D2-7E4D,Sensor Lake Okeechobee / Central Inland,190,YELLOW,YELLOW
1772042443993,A2D2-7E4D,FLT-7E4D-001,26.754902,-81.002719,106.7,0.1,0,Mavic Air 2,false,drone_images/Mavic Air 2.png,26.745000,-81.005000,26.744500,-81.005300,apolloshield_dji,df,,,2414500000,RADAR-A2D2-7E4D,Sensor Lake Okeechobee / Central Inland,190,YELLOW,YELLOW
1772042444666,A2D2-7E4D,FLT-7E4D-001,26.754902,-81.002719,106.7,0.1,0,Mavic Air 2,false,drone_images/Mavic Air 2.png,26.745000,-81.005000,26.744500,-81.005300,apolloshield_dji,df,,,2414500000,RADAR-A2D2-7E4D,Sensor Lake Okeechobee / Central Inland,190,YELLOW,YELLOW
1772042445182,A2D2-7E4D,FLT-7E4D-001,26.754902,-81.002719,106.7,0.1,0,Mavic Air 2,false,drone_images/Mavic Air 2.png,26.745000,-81.005000,26.744500,-81.005300,apolloshield_dji,df,,,2414500000,RADAR-A2D2-7E4D,Sensor Lake Okeechobee / Central Inland,190,YELLOW,YELLOW
1772042445951,A2D2-7E4D,FLT-7E4D-001,26.754902,-81.002719,106.7,0.1,0,Mavic Air 2,false,drone_images/Mavic Air 2.png,26.745000,-81.005000,26.744500,-81.005300,apolloshield_dji,df,,,2414500000,RADAR-A2D2-7E4D,Sensor Lake Okeechobee / Central Inland,190,YELLOW,YELLOW
1772042479785,A2D2-7E4D,FLT-7E4D-001,26.754902,-81.003332,106.6,7.2,0,Mavic Air 2,false,drone_images/Mavic Air 2.png,26.745000,-81.005000,26.744500,-81.005300,apolloshield_dji,df,,,2414500000,RADAR-A2D2-7E4D,Sensor Lake Okeechobee / Central Inland,190,YELLOW,YELLOW
1772042481042,A2D2-7E4D,FLT-7E4D-001,26.754902,-81.003332,106.6,7.2,0,Mavic Air 2,false,drone_images/Mavic Air 2.png,26.745000,-81.005000,26.744500,-81.005300,apolloshield_dji,df,,,2414500000,RADAR-A2D2-7E4D,Sensor Lake Okeechobee / Central Inland,190,YELLOW,YELLOW
1772042482660,A2D2-7E4D,FLT-7E4D-001,26.754902,-81.003332,106.6,7.2,0,Mavic Air 2,false,drone_images/Mavic Air 2.png,26.745000,-81.005000,26.744500,-81.005300,apolloshield_dji,df,,,2414500000,RADAR-A2D2-7E4D,Sensor Lake Okeechobee / Central Inland,190,YELLOW,YELLOW
1772042483070,A2D2-7E4D,FLT-7E4D-001,26.754902,-81.003332,106.6,7.2,0,Mavic Air 2,false,drone_images/Mavic Air 2.png,26.745000,-81.005000,26.744500,-81.005300,apolloshield_dji,df,,,2414500000,RADAR-A2D2-7E4D,Sensor Lake Okeechobee / Central Inland,190,YELLOW,YELLOW
1772042483876,A2D2-7E4D,FLT-7E4D-001,26.754902,-81.003332,106.6,7.2,0,Mavic Air 2,false,drone_images/Mavic Air 2.png,26.745000,-81.005000,26.744500,-81.005300,apolloshield_dji,df,,,2414500000,RADAR-A2D2-7E4D,Sensor Lake Okeechobee / Central Inland,190,YELLOW,YELLOW
1772042484805,A2D2-7E4D,FLT-7E4D-001,26.754902,-81.003332,106.6,7.2,0,Mavic Air 2,false,drone_images/Mavic Air 2.png,26.745000,-81.005000,26.744500,-81.005300,apolloshield_dji,df,,,2414500000,RADAR-A2D2-7E4D,Sensor Lake Okeechobee / Central Inland,190,YELLOW,YELLOW
1772042485820,A2D2-7E4D,FLT-7E4D-001,26.754902,-81.003332,106.6,7.2,0,Mavic Air 2,false,drone_images/Mavic Air 2.png,26.745000,-81.005000,26.744500,-81.005300,apolloshield_dji,df,,,2414500000,RADAR-A2D2-7E4D,Sensor Lake Okeechobee / Central Inland,190,YELLOW,YELLOW
1772042486917,A2D2-7E4D,FLT-7E4D-001,26.754902,-81.003332,106.6,7.2,0,Mavic Air 2,false,drone_images/Mavic Air 2.png,26.745000,-81.005000,26.744500,-81.005300,apolloshield_dji,df,,,2414500000,RADAR-A2D2-7E4D,Sensor Lake Okeechobee / Central Inland,190,YELLOW,YELLOW
1772042487987,A2D2-7E4D,FLT-7E4D-001,26.754902,-81.003332,106.6,7.2,0,Mavic Air 2,false,drone_images/Mavic Air 2.png,26.745000,-81.005000,26.744500,-81.005300,apolloshield_dji,df,,,2414500000,RADAR-A2D2-7E4D,Sensor Lake Okeechobee / Central Inland,190,YELLOW,YELLOW
1772042488785,A2D2-7E4D,FLT-7E4D-001,26.754902,-81.003332,106.6,7.2,0,Mavic Air 2,false,drone_images/Mavic Air 2.png,26.745000,-81.005000,26.744500,-81.005300,apolloshield_dji,df,,,2414500000,RADAR-A2D2-7E4D,Sensor Lake Okeechobee / Central Inland,190,YELLOW,YELLOW
1772042489787,A2D2-7E4D,FLT-7E4D-001,26.754902,-81.003332,106.6,7.2,0,Mavic Air 2,false,drone_images/Mavic Air 2.png,26.745000,-81.005000,26.744500,-81.005300,apolloshield_dji,df,,,2414500000,RADAR-A2D2-7E4D,Sensor Lake Okeechobee / Central Inland,190,YELLOW,YELLOW
1772042490796,A2D2-7E4D,FLT-7E4D-001,26.754902,-81.003332,106.6,7.2,0,Mavic Air 2,false,drone_images/Mavic Air 2.png,26.745000,-81.005000,26.744500,-81.005300,apolloshield_dji,df,,,2414500000,RADAR-A2D2-7E4D,Sensor Lake Okeechobee / Central Inland,190,YELLOW,YELLOW
1772042491681,A2D2-7E4D,FLT-7E4D-001,26.754902,-81.003332,106.6,7.2,0,Mavic Air 2,false,drone_images/Mavic Air 2.png,26.745000,-81.005000,26.744500,-81.005300,apolloshield_dji,df,,,2414500000,RADAR-A2D2-7E4D,Sensor Lake Okeechobee / Central Inland,190,YELLOW,YELLOW
1772042492893,A2D2-7E4D,FLT-7E4D-001,26.754902,-81.003332,106.6,7.2,0,Mavic Air 2,false,drone_images/Mavic Air 2.png,26.745000,-81.005000,26.744500,-81.005300,apolloshield_dji,df,,,2414500000,RADAR-A2D2-7E4D,Sensor Lake Okeechobee / Central Inland,190,YELLOW,YELLOW
1772042493822,A2D2-7E4D,FLT-7E4D-001,26.754902,-81.003332,106.6,7.2,0,Mavic Air 2,false,drone_images/Mavic Air 2.png,26.745000,-81.005000,26.744500,-81.005300,apolloshield_dji,df,,,2414500000,RADAR-A2D2-7E4D,Sensor Lake Okeechobee / Central Inland,190,YELLOW,YELLOW
1772042495565,A2D2-7E4D,FLT-7E4D-001,26.754902,-81.003332,106.6,7.2,0,Mavic Air 2,false,drone_images/Mavic Air 2.png,26.745000,-81.005000,26.744500,-81.005300,apolloshield_dji,df,,,2414500000,RADAR-A2D2-7E4D,Sensor Lake Okeechobee / Central Inland,190,YELLOW,YELLOW
1772042496289,A2D2-7E4D,FLT-7E4D-001,26.754902,-81.003332,106.6,7.2,0,Mavic Air 2,false,drone_images/Mavic Air 2.png,26.745000,-81.005000,26.744500,-81.005300,apolloshield_dji,df,,,2414500000,RADAR-A2D2-7E4D,Sensor Lake Okeechobee / Central Inland,190,YELLOW,YELLOW
1772042496915,A2D2-7E4D,FLT-7E4D-001,26.754902,-81.003332,106.6,7.2,0,Mavic Air 2,false,drone_images/Mavic Air 2.png,26.745000,-81.005000,26.744500,-81.005300,apolloshield_dji,df,,,2414500000,RADAR-A2D2-7E4D,Sensor Lake Okeechobee / Central Inland,190,YELLOW,YELLOW
1772042497902,A2D2-7E4D,FLT-7E4D-001,26.754902,-81.003332,106.6,7.2,0,Mavic Air 2,false,drone_images/Mavic Air 2.png,26.745000,-81.005000,26.744500,-81.005300,apolloshield_dji,df,,,2414500000,RADAR-A2D2-7E4D,Sensor Lake Okeechobee / Central Inland,190,YELLOW,YELLOW
1772042499943,A2D2-7E4D,FLT-7E4D-001,26.754902,-81.003332,106.6,7.2,0,Mavic Air 2,false,drone_images/Mavic Air 2.png,26.745000,-81.005000,26.744500,-81.005300,apolloshield_dji,df,,,2414500000,RADAR-A2D2-7E4D,Sensor Lake Okeechobee / Central Inland,190,YELLOW,YELLOW
1772042499947,A2D2-7E4D,FLT-7E4D-001,26.754902,-81.003332,106.6,7.2,0,Mavic Air 2,false,drone_images/Mavic Air 2.png,26.745000,-81.005000,26.744500,-81.005300,apolloshield_dji,df,,,2414500000,RADAR-A2D2-7E4D,Sensor Lake Okeechobee / Central Inland,190,YELLOW,YELLOW
1772042500941,A2D2-7E4D,FLT-7E4D-001,26.754902,-81.003332,106.6,7.2,0,Mavic Air 2,false,drone_images/Mavic Air 2.png,26.745000,-81.005000,26.744500,-81.005300,apolloshield_dji,df,,,2414500000,RADAR-A2D2-7E4D,Sensor Lake Okeechobee / Central Inland,190,YELLOW,YELLOW
1772042502029,A2D2-7E4D,FLT-7E4D-001,26.754902,-81.003332,106.6,7.2,0,Mavic Air 2,false,drone_images/Mavic Air 2.png,26.745000,-81.005000,26.744500,-81.005300,apolloshield_dji,df,,,2414500000,RADAR-A2D2-7E4D,Sensor Lake Okeechobee / Central Inland,190,YELLOW,YELLOW
1772042502855,A2D2-7E4D,FLT-7E4D-001,26.754902,-81.003332,106.6,7.2,0,Mavic Air 2,false,drone_images/Mavic Air 2.png,26.745000,-81.005000,26.744500,-81.005300,apolloshield_dji,df,,,2414500000,RADAR-A2D2-7E4D,Sensor Lake Okeechobee / Central Inland,190,YELLOW,YELLOW
1772042503908,A2D2-7E4D,FLT-7E4D-001,26.754902,-81.003332,106.6,7.2,0,Mavic Air 2,false,drone_images/Mavic Air 2.png,26.745000,-81.005000,26.744500,-81.005300,apolloshield_dji,df,,,2414500000,RADAR-A2D2-7E4D,Sensor Lake Okeechobee / Central Inland,190,YELLOW,YELLOW
1772042504689,A2D2-7E4D,FLT-7E4D-001,26.754902,-81.003332,106.6,7.2,0,Mavic Air 2,false,drone_images/Mavic Air 2.png,26.745000,-81.005000,26.744500,-81.005300,apolloshield_dji,df,,,2414500000,RADAR-A2D2-7E4D,Sensor Lake Okeechobee / Central Inland,190,YELLOW,YELLOW
1772042505999,A2D2-7E4D,FLT-7E4D-001,26.754902,-81.003332,106.6,7.2,0,Mavic Air 2,false,drone_images/Mavic Air 2.png,26.745000,-81.005000,26.744500,-81.005300,apolloshield_dji,df,,,2414500000,RADAR-A2D2-7E4D,Sensor Lake Okeechobee / Central Inland,190,YELLOW,YELLOW
1772042506936,A2D2-7E4D,FLT-7E4D-001,26.754902,-81.003332,106.6,7.2,0,Mavic Air 2,false,drone_images/Mavic Air 2.png,26.745000,-81.005000,26.744500,-81.005300,apolloshield_dji,df,,,2414500000,RADAR-A2D2-7E4D,Sensor Lake Okeechobee / Central Inland,190,YELLOW,YELLOW
1772042507775,A2D2-7E4D,FLT-7E4D-001,26.752289,-81.003366,106.6,10.9,0,Mavic Air 2,false,drone_images/Mavic Air 2.png,26.745000,-81.005000,26.744500,-81.005300,apolloshield_dji,df,,,2414500000,RADAR-A2D2-7E4D,Sensor Lake Okeechobee / Central Inland,190,YELLOW,YELLOW
1772042509156,A2D2-7E4D,FLT-7E4D-001,26.752289,-81.003366,106.6,10.9,0,Mavic Air 2,false,drone_images/Mavic Air 2.png,26.745000,-81.005000,26.744500,-81.005300,apolloshield_dji,df,,,2414500000,RADAR-A2D2-7E4D,Sensor Lake Okeechobee / Central Inland,190,YELLOW,YELLOW
1772042509668,A2D2-7E4D,FLT-7E4D-001,26.752289,-81.003366,106.6,10.9,0,Mavic Air 2,false,drone_images/Mavic Air 2.png,26.745000,-81.005000,26.744500,-81.005300,apolloshield_dji,df,,,2414500000,RADAR-A2D2-7E4D,Sensor Lake Okeechobee / Central Inland,190,YELLOW,YELLOW
1772042511438,A2D2-7E4D,FLT-7E4D-001,26.752289,-81.003366,106.6,10.9,0,Mavic Air 2,false,drone_images/Mavic Air 2.png,26.745000,-81.005000,26.744500,-81.005300,apolloshield_dji,df,,,2414500000,RADAR-A2D2-7E4D,Sensor Lake Okeechobee / Central Inland,190,YELLOW,YELLOW
1772042512006,A2D2-7E4D,FLT-7E4D-001,26.752289,-81.003366,106.6,10.9,0,Mavic Air 2,false,drone_images/Mavic Air 2.png,26.745000,-81.005000,26.744500,-81.005300,apolloshield_dji,df,,,2414500000,RADAR-A2D2-7E4D,Sensor Lake Okeechobee / Central Inland,190,YELLOW,YELLOW
1772042512825,A2D2-7E4D,FLT-7E4D-001,26.751837,-81.003383,106.7,11.1,0,Mavic Air 2,false,drone_images/Mavic Air 2.png,26.745000,-81.005000,26.744500,-81.005300,apolloshield_dji,df,,,2414500000,RADAR-A2D2-7E4D,Sensor Lake Okeechobee / Central Inland,190,YELLOW,YELLOW
1772042513914,A2D2-7E4D,FLT-7E4D-001,26.751837,-81.003383,106.7,11.1,0,Mavic Air 2,false,drone_images/Mavic Air 2.png,26.745000,-81.005000,26.744500,-81.005300,apolloshield_dji,df,,,2414500000,RADAR-A2D2-7E4D,Sensor Lake Okeechobee / Central Inland,190,YELLOW,YELLOW
1772042514780,A2D2-7E4D,FLT-7E4D-001,26.751837,-81.003383,106.7,11.1,0,Mavic Air 2,false,drone_images/Mavic Air 2.png,26.745000,-81.005000,26.744500,-81.005300,apolloshield_dji,df,,,2414500000,RADAR-A2D2-7E4D,Sensor Lake Okeechobee / Central Inland,190,YELLOW,YELLOW
1772042515982,A2D2-7E4D,FLT-7E4D-001,26.751837,-81.003383,106.7,11.1,0,Mavic Air 2,false,drone_images/Mavic Air 2.png,26.745000,-81.005000,26.744500,-81.005300,apolloshield_dji,df,,,2414500000,RADAR-A2D2-7E4D,Sensor Lake Okeechobee / Central Inland,190,YELLOW,YELLOW
1772042517171,A2D2-7E4D,FLT-7E4D-001,26.751837,-81.003383,106.7,11.1,0,Mavic Air 2,false,drone_images/Mavic Air 2.png,26.745000,-81.005000,26.744500,-81.005300,apolloshield_dji,df,,,2414500000,RADAR-A2D2-7E4D,Sensor Lake Okeechobee / Central Inland,190,YELLOW,YELLOW
1772042517720,A2D2-7E4D,FLT-7E4D-001,26.751837,-81.003383,106.7,11.1,0,Mavic Air 2,false,drone_images/Mavic Air 2.png,26.745000,-81.005000,26.744500,-81.005300,apolloshield_dji,df,,,2414500000,RADAR-A2D2-7E4D,Sensor Lake Okeechobee / Central Inland,190,YELLOW,YELLOW
1772042518936,A2D2-7E4D,FLT-7E4D-001,26.751837,-81.003383,106.7,11.1,0,Mavic Air 2,false,drone_images/Mavic Air 2.png,26.745000,-81.005000,26.744500,-81.005300,apolloshield_dji,df,,,2414500000,RADAR-A2D2-7E4D,Sensor Lake Okeechobee / Central Inland,190,YELLOW,YELLOW
1772042519880,A2D2-7E4D,FLT-7E4D-001,26.751837,-81.003383,106.7,11.1,0,Mavic Air 2,false,drone_images/Mavic Air 2.png,26.745000,-81.005000,26.744500,-81.005300,apolloshield_dji,df,,,2414500000,RADAR-A2D2-7E4D,Sensor Lake Okeechobee / Central Inland,190,YELLOW,YELLOW
1772042521206,A2D2-7E4D,FLT-7E4D-001,26.751837,-81.003383,106.7,11.1,0,Mavic Air 2,false,drone_images/Mavic Air 2.png,26.745000,-81.005000,26.744500,-81.005300,apolloshield_dji,df,,,2414500000,RADAR-A2D2-7E4D,Sensor Lake Okeechobee / Central Inland,190,YELLOW,YELLOW
1772042522110,A2D2-7E4D,FLT-7E4D-001,26.751837,-81.003383,106.7,11.1,0,Mavic Air 2,false,drone_images/Mavic Air 2.png,26.745000,-81.005000,26.744500,-81.005300,apolloshield_dji,df,,,2414500000,RADAR-A2D2-7E4D,Sensor Lake Okeechobee / Central Inland,190,YELLOW,YELLOW
1772042523086,A2D2-7E4D,FLT-7E4D-001,26.751837,-81.003383,106.7,11.1,0,Mavic Air 2,false,drone_images/Mavic Air 2.png,26.745000,-81.005000,26.744500,-81.005300,apolloshield_dji,df,,,2414500000,RADAR-A2D2-7E4D,Sensor Lake Okeechobee / Central Inland,190,YELLOW,YELLOW
1772042524028,A2D2-7E4D,FLT-7E4D-001,26.751837,-81.003383,106.7,11.1,0,Mavic Air 2,false,drone_images/Mavic Air 2.png,26.745000,-81.005000,26.744500,-81.005300,apolloshield_dji,df,,,2414500000,RADAR-A2D2-7E4D,Sensor Lake Okeechobee / Central Inland,190,YELLOW,YELLOW
1772042525175,A2D2-7E4D,FLT-7E4D-001,26.751837,-81.003383,106.7,11.1,0,Mavic Air 2,false,drone_images/Mavic Air 2.png,26.745000,-81.005000,26.744500,-81.005300,apolloshield_dji,df,,,2414500000,RADAR-A2D2-7E4D,Sensor Lake Okeechobee / Central Inland,190,YELLOW,YELLOW
1772042526875,A2D2-7E4D,FLT-7E4D-001,26.751837,-81.003383,106.7,11.1,0,Mavic Air 2,false,drone_images/Mavic Air 2.png,26.745000,-81.005000,26.744500,-81.005300,apolloshield_dji,df,,,2414500000,RADAR-A2D2-7E4D,Sensor Lake Okeechobee / Central Inland,190,YELLOW,YELLOW
1772042527000,A2D2-7E4D,FLT-7E4D-001,26.751837,-81.003383,106.7,11.1,0,Mavic Air 2,false,drone_images/Mavic Air 2.png,26.745000,-81.005000,26.744500,-81.005300,apolloshield_dji,df,,,2414500000,RADAR-A2D2-7E4D,Sensor Lake Okeechobee / Central Inland,190,YELLOW,YELLOW
1772042528078,A2D2-7E4D,FLT-7E4D-001,26.751837,-81.003383,106.7,11.1,0,Mavic Air 2,false,drone_images/Mavic Air 2.png,26.745000,-81.005000,26.744500,-81.005300,apolloshield_dji,df,,,2414500000,RADAR-A2D2-7E4D,Sensor Lake Okeechobee / Central Inland,190,YELLOW,YELLOW
1772042529065,A2D2-7E4D,FLT-7E4D-001,26.751837,-81.003383,106.7,11.1,0,Mavic Air 2,false,drone_images/Mavic Air 2.png,26.745000,-81.005000,26.744500,-81.005300,apolloshield_dji,df,,,2414500000,RADAR-A2D2-7E4D,Sensor Lake Okeechobee / Central Inland,190,YELLOW,YELLOW
1772042530115,A2D2-7E4D,FLT-7E4D-001,26.751837,-81.003383,106.7,11.1,0,Mavic Air 2,false,drone_images/Mavic Air 2.png,26.745000,-81.005000,26.744500,-81.005300,apolloshield_dji,df,,,2414500000,RADAR-A2D2-7E4D,Sensor Lake Okeechobee / Central Inland,190,YELLOW,YELLOW
1772042531480,A2D2-7E4D,FLT-7E4D-001,26.751837,-81.003383,106.7,11.1,0,Mavic Air 2,false,drone_images/Mavic Air 2.png,26.745000,-81.005000,26.744500,-81.005300,apolloshield_dji,df,,,2414500000,RADAR-A2D2-7E4D,Sensor Lake Okeechobee / Central Inland,190,YELLOW,YELLOW
1772042532112,A2D2-7E4D,FLT-7E4D-001,26.751837,-81.003383,106.7,11.1,0,Mavic Air 2,false,drone_images/Mavic Air 2.png,26.745000,-81.005000,26.744500,-81.005300,apolloshield_dji,df,,,2414500000,RADAR-A2D2-7E4D,Sensor Lake Okeechobee / Central Inland,190,YELLOW,YELLOW
1772042532906,A2D2-7E4D,FLT-7E4D-001,26.751837,-81.003383,106.7,11.1,0,Mavic Air 2,false,drone_images/Mavic Air 2.png,26.745000,-81.005000,26.744500,-81.005300,apolloshield_dji,df,,,2414500000,RADAR-A2D2-7E4D,Sensor Lake Okeechobee / Central Inland,190,YELLOW,YELLOW
1772042534077,A2D2-7E4D,FLT-7E4D-001,26.751837,-81.003383,106.7,11.1,0,Mavic Air 2,false,drone_images/Mavic Air 2.png,26.745000,-81.005000,26.744500,-81.005300,apolloshield_dji,df,,,2414500000,RADAR-A2D2-7E4D,Sensor Lake Okeechobee / Central Inland,190,YELLOW,YELLOW
1772042535007,A2D2-7E4D,FLT-7E4D-001,26.751837,-81.003383,106.7,11.1,0,Mavic Air 2,false,drone_images/Mavic Air 2.png,26.745000,-81.005000,26.744500,-81.005300,apolloshield_dji,df,,,2414500000,RADAR-A2D2-7E4D,Sensor Lake Okeechobee / Central Inland,190,YELLOW,YELLOW
1772042535936,A2D2-7E4D,FLT-7E4D-001,26.751837,-81.003383,106.7,11.1,0,Mavic Air 2,false,drone_images/Mavic Air 2.png,26.745000,-81.005000,26.744500,-81.005300,apolloshield_dji,df,,,2414500000,RADAR-A2D2-7E4D,Sensor Lake Okeechobee / Central Inland,190,YELLOW,YELLOW
1772042537742,A2D2-7E4D,FLT-7E4D-001,26.751837,-81.003383,106.7,11.1,0,Mavic Air 2,false,drone_images/Mavic Air 2.png,26.745000,-81.005000,26.744500,-81.005300,apolloshield_dji,df,,,2414500000,RADAR-A2D2-7E4D,Sensor Lake Okeechobee / Central Inland,190,YELLOW,YELLOW
1772042537978,A2D2-7E4D,FLT-7E4D-001,26.751837,-81.003383,106.7,11.1,0,Mavic Air 2,false,drone_images/Mavic Air 2.png,26.745000,-81.005000,26.744500,-81.005300,apolloshield_dji,df,,,2414500000,RADAR-A2D2-7E4D,Sensor Lake Okeechobee / Central Inland,190,YELLOW,YELLOW
1772042539362,A2D2-7E4D,FLT-7E4D-001,26.751837,-81.003383,106.7,11.1,0,Mavic Air 2,false,drone_images/Mavic Air 2.png,26.745000,-81.005000,26.744500,-81.005300,apolloshield_dji,df,,,2414500000,RADAR-A2D2-7E4D,Sensor Lake Okeechobee / Central Inland,190,YELLOW,YELLOW
1772042539982,A2D2-7E4D,FLT-7E4D-001,26.751837,-81.003383,106.7,11.1,0,Mavic Air 2,false,drone_images/Mavic Air 2.png,26.745000,-81.005000,26.744500,-81.005300,apolloshield_dji,df,,,2414500000,RADAR-A2D2-7E4D,Sensor Lake Okeechobee / Central Inland,190,YELLOW,YELLOW
1772042540643,A2D2-7E4D,FLT-7E4D-001,26.751837,-81.003383,106.7,11.1,0,Mavic Air 2,false,drone_images/Mavic Air 2.png,26.745000,-81.005000,26.744500,-81.005300,apolloshield_dji,df,,,2414500000,RADAR-A2D2-7E4D,Sensor Lake Okeechobee / Central Inland,190,YELLOW,YELLOW
1772042541653,A2D2-7E4D,FLT-7E4D-001,26.751837,-81.003383,106.7,11.1,0,Mavic Air 2,false,drone_images/Mavic Air 2.png,26.745000,-81.005000,26.744500,-81.005300,apolloshield_dji,df,,,2414500000,RADAR-A2D2-7E4D,Sensor Lake Okeechobee / Central Inland,190,YELLOW,YELLOW
1772042543506,A2D2-7E4D,FLT-7E4D-001,26.751837,-81.003383,106.7,11.1,0,Mavic Air 2,false,drone_images/Mavic Air 2.png,26.745000,-81.005000,26.744500,-81.005300,apolloshield_dji,df,,,2414500000,RADAR-A2D2-7E4D,Sensor Lake Okeechobee / Central Inland,190,YELLOW,YELLOW
1772042544142,A2D2-7E4D,FLT-7E4D-001,26.751837,-81.003383,106.7,11.1,0,Mavic Air 2,false,drone_images/Mavic Air 2.png,26.745000,-81.005000,26.744500,-81.005300,apolloshield_dji,df,,,2414500000,RADAR-A2D2-7E4D,Sensor Lake Okeechobee / Central Inland,190,YELLOW,YELLOW
1772042544795,A2D2-7E4D,FLT-7E4D-001,26.751837,-81.003383,106.7,11.1,0,Mavic Air 2,false,drone_images/Mavic Air 2.png,26.745000,-81.005000,26.744500,-81.005300,apolloshield_dji,df,,,2414500000,RADAR-A2D2-7E4D,Sensor Lake Okeechobee / Central Inland,190,YELLOW,YELLOW
1772042546003,A2D2-7E4D,FLT-7E4D-001,26.751837,-81.003383,106.7,11.1,0,Mavic Air 2,false,drone_images/Mavic Air 2.png,26.745000,-81.005000,26.744500,-81.005300,apolloshield_dji,df,,,2414500000,RADAR-A2D2-7E4D,Sensor Lake Okeechobee / Central Inland,190,YELLOW,YELLOW
1772042546891,A2D2-7E4D,FLT-7E4D-001,26.751837,-81.003383,106.7,11.1,0,Mavic Air 2,false,drone_images/Mavic Air 2.png,26.745000,-81.005000,26.744500,-81.005300,apolloshield_dji,df,,,2414500000,RADAR-A2D2-7E4D,Sensor Lake Okeechobee / Central Inland,190,YELLOW,YELLOW
1772042548465,A2D2-7E4D,FLT-7E4D-001,26.751837,-81.003383,106.7,11.1,0,Mavic Air 2,false,drone_images/Mavic Air 2.png,26.745000,-81.005000,26.744500,-81.005300,apolloshield_dji,df,,,2414500000,RADAR-A2D2-7E4D,Sensor Lake Okeechobee / Central Inland,190,YELLOW,YELLOW
1772042548993,A2D2-7E4D,FLT-7E4D-001,26.751837,-81.003383,106.7,11.1,0,Mavic Air 2,false,drone_images/Mavic Air 2.png,26.745000,-81.005000,26.744500,-81.005300,apolloshield_dji,df,,,2414500000,RADAR-A2D2-7E4D,Sensor Lake Okeechobee / Central Inland,190,YELLOW,YELLOW
1772042549685,A2D2-7E4D,FLT-7E4D-001,26.751837,-81.003383,106.7,11.1,0,Mavic Air 2,false,drone_images/Mavic Air 2.png,26.745000,-81.005000,26.744500,-81.005300,apolloshield_dji,df,,,2414500000,RADAR-A2D2-7E4D,Sensor Lake Okeechobee / Central Inland,190,YELLOW,YELLOW
1772042551238,A2D2-7E4D,FLT-7E4D-001,26.751837,-81.003383,106.7,11.1,0,Mavic Air 2,false,drone_images/Mavic Air 2.png,26.745000,-81.005000,26.744500,-81.005300,apolloshield_dji,df,,,2414500000,RADAR-A2D2-7E4D,Sensor Lake Okeechobee / Central Inland,190,YELLOW,YELLOW
1772042552492,A2D2-7E4D,FLT-7E4D-001,26.748771,-81.003303,106.6,22,0,Mavic Air 2,false,drone_images/Mavic Air 2.png,26.745000,-81.005000,26.744500,-81.005300,apolloshield_dji,df,,,2414500000,RADAR-A2D2-7E4D,Sensor Lake Okeechobee / Central Inland,190,YELLOW,YELLOW
1772042553038,A2D2-7E4D,FLT-7E4D-001,26.748771,-81.003303,106.6,22,0,Mavic Air 2,false,drone_images/Mavic Air 2.png,26.745000,-81.005000,26.744500,-81.005300,apolloshield_dji,df,,,2414500000,RADAR-A2D2-7E4D,Sensor Lake Okeechobee / Central Inland,190,YELLOW,YELLOW
1772042554246,A2D2-7E4D,FLT-7E4D-001,26.748771,-81.003303,106.6,22,0,Mavic Air 2,false,drone_images/Mavic Air 2.png,26.745000,-81.005000,26.744500,-81.005300,apolloshield_dji,df,,,2414500000,RADAR-A2D2-7E4D,Sensor Lake Okeechobee / Central Inland,190,YELLOW,YELLOW
1772042554954,A2D2-7E4D,FLT-7E4D-001,26.748771,-81.003303,106.6,22,0,Mavic Air 2,false,drone_images/Mavic Air 2.png,26.745000,-81.005000,26.744500,-81.005300,apolloshield_dji,df,,,2414500000,RADAR-A2D2-7E4D,Sensor Lake Okeechobee / Central Inland,190,YELLOW,YELLOW
1772042555805,A2D2-7E4D,FLT-7E4D-001,26.748771,-81.003303,106.6,22,0,Mavic Air 2,false,drone_images/Mavic Air 2.png,26.745000,-81.005000,26.744500,-81.005300,apolloshield_dji,df,,,2414500000,RADAR-A2D2-7E4D,Sensor Lake Okeechobee / Central Inland,190,YELLOW,YELLOW
1772042557227,A2D2-7E4D,FLT-7E4D-001,26.748771,-81.003303,106.6,22,0,Mavic Air 2,false,drone_images/Mavic Air 2.png,26.745000,-81.005000,26.744500,-81.005300,apolloshield_dji,df,,,2414500000,RADAR-A2D2-7E4D,Sensor Lake Okeechobee / Central Inland,190,YELLOW,YELLOW
1772042557721,A2D2-7E4D,FLT-7E4D-001,26.748771,-81.003303,106.6,22,0,Mavic Air 2,false,drone_images/Mavic Air 2.png,26.745000,-81.005000,26.744500,-81.005300,apolloshield_dji,df,,,2414500000,RADAR-A2D2-7E4D,Sensor Lake Okeechobee / Central Inland,190,YELLOW,YELLOW
1772042558954,A2D2-7E4D,FLT-7E4D-001,26.748771,-81.003303,106.6,22,0,Mavic Air 2,false,drone_images/Mavic Air 2.png,26.745000,-81.005000,26.744500,-81.005300,apolloshield_dji,df,,,2414500000,RADAR-A2D2-7E4D,Sensor Lake Okeechobee / Central Inland,190,YELLOW,YELLOW
1772042560136,A2D2-7E4D,FLT-7E4D-001,26.748771,-81.003303,106.6,22,0,Mavic Air 2,false,drone_images/Mavic Air 2.png,26.745000,-81.005000,26.744500,-81.005300,apolloshield_dji,df,,,2414500000,RADAR-A2D2-7E4D,Sensor Lake Okeechobee / Central Inland,190,YELLOW,YELLOW
1772042560888,A2D2-7E4D,FLT-7E4D-001,26.748771,-81.003303,106.6,22,0,Mavic Air 2,false,drone_images/Mavic Air 2.png,26.745000,-81.005000,26.744500,-81.005300,apolloshield_dji,df,,,2414500000,RADAR-A2D2-7E4D,Sensor Lake Okeechobee / Central Inland,190,YELLOW,YELLOW
1772042562116,A2D2-7E4D,FLT-7E4D-001,26.748771,-81.003303,106.6,22,0,Mavic Air 2,false,drone_images/Mavic Air 2.png,26.745000,-81.005000,26.744500,-81.005300,apolloshield_dji,df,,,2414500000,RADAR-A2D2-7E4D,Sensor Lake Okeechobee / Central Inland,190,YELLOW,YELLOW
1772042563509,A2D2-7E4D,FLT-7E4D-001,26.748771,-81.003303,106.6,22,0,Mavic Air 2,false,drone_images/Mavic Air 2.png,26.745000,-81.005000,26.744500,-81.005300,apolloshield_dji,df,,,2414500000,RADAR-A2D2-7E4D,Sensor Lake Okeechobee / Central Inland,190,YELLOW,YELLOW
1772042564015,A2D2-7E4D,FLT-7E4D-001,26.748771,-81.003303,106.6,22,0,Mavic Air 2,false,drone_images/Mavic Air 2.png,26.745000,-81.005000,26.744500,-81.005300,apolloshield_dji,df,,,2414500000,RADAR-A2D2-7E4D,Sensor Lake Okeechobee / Central Inland,190,YELLOW,YELLOW
1772042564797,A2D2-7E4D,FLT-7E4D-001,26.748771,-81.003303,106.6,22,0,Mavic Air 2,false,drone_images/Mavic Air 2.png,26.745000,-81.005000,26.744500,-81.005300,apolloshield_dji,df,,,2414500000,RADAR-A2D2-7E4D,Sensor Lake Okeechobee / Central Inland,190,YELLOW,YELLOW
1772042565812,A2D2-7E4D,FLT-7E4D-001,26.748771,-81.003303,106.6,22,0,Mavic Air 2,false,drone_images/Mavic Air 2.png,26.745000,-81.005000,26.744500,-81.005300,apolloshield_dji,df,,,2414500000,RADAR-A2D2-7E4D,Sensor Lake Okeechobee / Central Inland,190,YELLOW,YELLOW
1772042567862,A2D2-7E4D,FLT-7E4D-001,26.748771,-81.003303,106.6,22,0,Mavic Air 2,false,drone_images/Mavic Air 2.png,26.745000,-81.005000,26.744500,-81.005300,apolloshield_dji,df,,,2414500000,RADAR-A2D2-7E4D,Sensor Lake Okeechobee / Central Inland,190,YELLOW,YELLOW
1772042568100,A2D2-7E4D,FLT-7E4D-001,26.748771,-81.003303,106.6,22,0,Mavic Air 2,false,drone_images/Mavic Air 2.png,26.745000,-81.005000,26.744500,-81.005300,apolloshield_dji,df,,,2414500000,RADAR-A2D2-7E4D,Sensor Lake Okeechobee / Central Inland,190,YELLOW,YELLOW
1772042568703,A2D2-7E4D,FLT-7E4D-001,26.748771,-81.003303,106.6,22,0,Mavic Air 2,false,drone_images/Mavic Air 2.png,26.745000,-81.005000,26.744500,-81.005300,apolloshield_dji,df,,,2414500000,RADAR-A2D2-7E4D,Sensor Lake Okeechobee / Central Inland,190,YELLOW,YELLOW
1772042569715,A2D2-7E4D,FLT-7E4D-001,26.748771,-81.003303,106.6,22,0,Mavic Air 2,false,drone_images/Mavic Air 2.png,26.745000,-81.005000,26.744500,-81.005300,apolloshield_dji,df,,,2414500000,RADAR-A2D2-7E4D,Sensor Lake Okeechobee / Central Inland,190,YELLOW,YELLOW
1772042571010,A2D2-7E4D,FLT-7E4D-001,26.748771,-81.003303,106.6,22,0,Mavic Air 2,false,drone_images/Mavic Air 2.png,26.745000,-81.005000,26.744500,-81.005300,apolloshield_dji,df,,,2414500000,RADAR-A2D2-7E4D,Sensor Lake Okeechobee / Central Inland,190,YELLOW,YELLOW
1772042571832,A2D2-7E4D,FLT-7E4D-001,26.748771,-81.003303,106.6,22,0,Mavic Air 2,false,drone_images/Mavic Air 2.png,26.745000,-81.005000,26.744500,-81.005300,apolloshield_dji,df,,,2414500000,RADAR-A2D2-7E4D,Sensor Lake Okeechobee / Central Inland,190,YELLOW,YELLOW
1772042572658,A2D2-7E4D,FLT-7E4D-001,26.748771,-81.003303,106.6,22,0,Mavic Air 2,false,drone_images/Mavic Air 2.png,26.745000,-81.005000,26.744500,-81.005300,apolloshield_dji,df,,,2414500000,RADAR-A2D2-7E4D,Sensor Lake Okeechobee / Central Inland,190,YELLOW,YELLOW
1772042573690,A2D2-7E4D,FLT-7E4D-001,26.748771,-81.003303,106.6,22,0,Mavic Air 2,false,drone_images/Mavic Air 2.png,26.745000,-81.005000,26.744500,-81.005300,apolloshield_dji,df,,,2414500000,RADAR-A2D2-7E4D,Sensor Lake Okeechobee / Central Inland,190,YELLOW,YELLOW
1772042574848,A2D2-7E4D,FLT-7E4D-001,26.748771,-81.003303,106.6,22,0,Mavic Air 2,false,drone_images/Mavic Air 2.png,26.745000,-81.005000,26.744500,-81.005300,apolloshield_dji,df,,,2414500000,RADAR-A2D2-7E4D,Sensor Lake Okeechobee / Central Inland,190,YELLOW,YELLOW
1772042576252,A2D2-7E4D,FLT-7E4D-001,26.748771,-81.003303,106.6,22,0,Mavic Air 2,false,drone_images/Mavic Air 2.png,26.745000,-81.005000,26.744500,-81.005300,apolloshield_dji,df,,,2414500000,RADAR-A2D2-7E4D,Sensor Lake Okeechobee / Central Inland,190,YELLOW,YELLOW
1772042576776,A2D2-7E4D,FLT-7E4D-001,26.748771,-81.003303,106.6,22,0,Mavic Air 2,false,drone_images/Mavic Air 2.png,26.745000,-81.005000,26.744500,-81.005300,apolloshield_dji,df,,,2414500000,RADAR-A2D2-7E4D,Sensor Lake Okeechobee / Central Inland,190,YELLOW,YELLOW
1772042577828,A2D2-7E4D,FLT-7E4D-001,26.748771,-81.003303,106.6,22,0,Mavic Air 2,false,drone_images/Mavic Air 2.png,26.745000,-81.005000,26.744500,-81.005300,apolloshield_dji,df,,,2414500000,RADAR-A2D2-7E4D,Sensor Lake Okeechobee / Central Inland,190,YELLOW,YELLOW
1772042578873,A2D2-7E4D,FLT-7E4D-001,26.748771,-81.003303,106.6,22,0,Mavic Air 2,false,drone_images/Mavic Air 2.png,26.745000,-81.005000,26.744500,-81.005300,apolloshield_dji,df,,,2414500000,RADAR-A2D2-7E4D,Sensor Lake Okeechobee / Central Inland,190,YELLOW,YELLOW
1772042580112,A2D2-7E4D,FLT-7E4D-001,26.748771,-81.003303,106.6,22,0,Mavic Air 2,false,drone_images/Mavic Air 2.png,26.745000,-81.005000,26.744500,-81.005300,apolloshield_dji,df,,,2414500000,RADAR-A2D2-7E4D,Sensor Lake Okeechobee / Central Inland,190,YELLOW,YELLOW
1772042581116,A2D2-7E4D,FLT-7E4D-001,26.748771,-81.003303,106.6,22,0,Mavic Air 2,false,drone_images/Mavic Air 2.png,26.745000,-81.005000,26.744500,-81.005300,apolloshield_dji,df,,,2414500000,RADAR-A2D2-7E4D,Sensor Lake Okeechobee / Central Inland,190,YELLOW,YELLOW
1772042582542,A2D2-7E4D,FLT-7E4D-001,26.748771,-81.003303,106.6,22,0,Mavic Air 2,false,drone_images/Mavic Air 2.png,26.745000,-81.005000,26.744500,-81.005300,apolloshield_dji,df,,,2414500000,RADAR-A2D2-7E4D,Sensor Lake Okeechobee / Central Inland,190,YELLOW,YELLOW
1772042583066,A2D2-7E4D,FLT-7E4D-001,26.748771,-81.003303,106.6,22,0,Mavic Air 2,false,drone_images/Mavic Air 2.png,26.745000,-81.005000,26.744500,-81.005300,apolloshield_dji,df,,,2414500000,RADAR-A2D2-7E4D,Sensor Lake Okeechobee / Central Inland,190,YELLOW,YELLOW
1772042583927,A2D2-7E4D,FLT-7E4D-001,26.748771,-81.003303,106.6,22,0,Mavic Air 2,false,drone_images/Mavic Air 2.png,26.745000,-81.005000,26.744500,-81.005300,apolloshield_dji,df,,,2414500000,RADAR-A2D2-7E4D,Sensor Lake Okeechobee / Central Inland,190,YELLOW,YELLOW
1772042585031,A2D2-7E4D,FLT-7E4D-001,26.748771,-81.003303,106.6,22,0,Mavic Air 2,false,drone_images/Mavic Air 2.png,26.745000,-81.005000,26.744500,-81.005300,apolloshield_dji,df,,,2414500000,RADAR-A2D2-7E4D,Sensor Lake Okeechobee / Central Inland,190,YELLOW,YELLOW
1772042586289,A2D2-7E4D,FLT-7E4D-001,26.748771,-81.003303,106.6,22,0,Mavic Air 2,false,drone_images/Mavic Air 2.png,26.745000,-81.005000,26.744500,-81.005300,apolloshield_dji,df,,,2414500000,RADAR-A2D2-7E4D,Sensor Lake Okeechobee / Central Inland,190,YELLOW,YELLOW
1772042586806,A2D2-7E4D,FLT-7E4D-001,26.748771,-81.003303,106.6,22,0,Mavic Air 2,false,drone_images/Mavic Air 2.png,26.745000,-81.005000,26.744500,-81.005300,apolloshield_dji,df,,,2414500000,RADAR-A2D2-7E4D,Sensor Lake Okeechobee / Central Inland,190,YELLOW,YELLOW
1772042587881,A2D2-7E4D,FLT-7E4D-001,26.748771,-81.003303,106.6,22,0,Mavic Air 2,false,drone_images/Mavic Air 2.png,26.745000,-81.005000,26.744500,-81.005300,apolloshield_dji,df,,,2414500000,RADAR-A2D2-7E4D,Sensor Lake Okeechobee / Central Inland,190,YELLOW,YELLOW
1772042589530,A2D2-7E4D,FLT-7E4D-001,26.748771,-81.003303,106.6,22,0,Mavic Air 2,false,drone_images/Mavic Air 2.png,26.745000,-81.005000,26.744500,-81.005300,apolloshield_dji,df,,,2414500000,RADAR-A2D2-7E4D,Sensor Lake Okeechobee / Central Inland,190,YELLOW,YELLOW
1772042589675,A2D2-7E4D,FLT-7E4D-001,26.748771,-81.003303,106.6,22,0,Mavic Air 2,false,drone_images/Mavic Air 2.png,26.745000,-81.005000,26.744500,-81.005300,apolloshield_dji,df,,,2414500000,RADAR-A2D2-7E4D,Sensor Lake Okeechobee / Central Inland,190,YELLOW,YELLOW
1772042591013,A2D2-7E4D,FLT-7E4D-001,26.748771,-81.003303,106.6,22,0,Mavic Air 2,false,drone_images/Mavic Air 2.png,26.745000,-81.005000,26.744500,-81.005300,apolloshield_dji,df,,,2414500000,RADAR-A2D2-7E4D,Sensor Lake Okeechobee / Central Inland,190,YELLOW,YELLOW
1772042591880,A2D2-7E4D,FLT-7E4D-001,26.748771,-81.003303,106.6,22,0,Mavic Air 2,false,drone_images/Mavic Air 2.png,26.745000,-81.005000,26.744500,-81.005300,apolloshield_dji,df,,,2414500000,RADAR-A2D2-7E4D,Sensor Lake Okeechobee / Central Inland,190,YELLOW,YELLOW
1772042593720,A2D2-7E4D,FLT-7E4D-001,26.748771,-81.003303,106.6,22,0,Mavic Air 2,false,drone_images/Mavic Air 2.png,26.745000,-81.005000,26.744500,-81.005300,apolloshield_dji,df,,,2414500000,RADAR-A2D2-7E4D,Sensor Lake Okeechobee / Central Inland,190,YELLOW,YELLOW
1772042593753,A2D2-7E4D,FLT-7E4D-001,26.748771,-81.003303,106.6,22,0,Mavic Air 2,false,drone_images/Mavic Air 2.png,26.745000,-81.005000,26.744500,-81.005300,apolloshield_dji,df,,,2414500000,RADAR-A2D2-7E4D,Sensor Lake Okeechobee / Central Inland,190,YELLOW,YELLOW
1772042594965,A2D2-7E4D,FLT-7E4D-001,26.748771,-81.003303,106.6,22,0,Mavic Air 2,false,drone_images/Mavic Air 2.png,26.745000,-81.005000,26.744500,-81.005300,apolloshield_dji,df,,,2414500000,RADAR-A2D2-7E4D,Sensor Lake Okeechobee / Central Inland,190,YELLOW,YELLOW
1772042595845,A2D2-7E4D,FLT-7E4D-001,26.748771,-81.003303,106.6,22,0,Mavic Air 2,false,drone_images/Mavic Air 2.png,26.745000,-81.005000,26.744500,-81.005300,apolloshield_dji,df,,,2414500000,RADAR-A2D2-7E4D,Sensor Lake Okeechobee / Central Inland,190,YELLOW,YELLOW
1772042597001,A2D2-7E4D,FLT-7E4D-001,26.748771,-81.003303,106.6,22,0,Mavic Air 2,false,drone_images/Mavic Air 2.png,26.745000,-81.005000,26.744500,-81.005300,apolloshield_dji,df,,,2414500000,RADAR-A2D2-7E4D,Sensor Lake Okeechobee / Central Inland,190,YELLOW,YELLOW
1772042597880,A2D2-7E4D,FLT-7E4D-001,26.748771,-81.003303,106.6,22,0,Mavic Air 2,false,drone_images/Mavic Air 2.png,26.745000,-81.005000,26.744500,-81.005300,apolloshield_dji,df,,,2414500000,RADAR-A2D2-7E4D,Sensor Lake Okeechobee / Central Inland,190,YELLOW,YELLOW
1772042598811,A2D2-7E4D,FLT-7E4D-001,26.748771,-81.003303,106.6,22,0,Mavic Air 2,false,drone_images/Mavic Air 2.png,26.745000,-81.005000,26.744500,-81.005300,apolloshield_dji,df,,,2414500000,RADAR-A2D2-7E4D,Sensor Lake Okeechobee / Central Inland,190,YELLOW,YELLOW
1772042599848,A2D2-7E4D,FLT-7E4D-001,26.748771,-81.003303,106.6,22,0,Mavic Air 2,false,drone_images/Mavic Air 2.png,26.745000,-81.005000,26.744500,-81.005300,apolloshield_dji,df,,,2414500000,RADAR-A2D2-7E4D,Sensor Lake Okeechobee / Central Inland,190,YELLOW,YELLOW
1772042601069,A2D2-7E4D,FLT-7E4D-001,26.748771,-81.003303,106.6,22,0,Mavic Air 2,false,drone_images/Mavic Air 2.png,26.745000,-81.005000,26.744500,-81.005300,apolloshield_dji,df,,,2414500000,RADAR-A2D2-7E4D,Sensor Lake Okeechobee / Central Inland,190,YELLOW,YELLOW
1772042601940,A2D2-7E4D,FLT-7E4D-001,26.748771,-81.003303,106.6,22,0,Mavic Air 2,false,drone_images/Mavic Air 2.png,26.745000,-81.005000,26.744500,-81.005300,apolloshield_dji,df,,,2414500000,RADAR-A2D2-7E4D,Sensor Lake Okeechobee / Central Inland,190,YELLOW,YELLOW
1772042602995,A2D2-7E4D,FLT-7E4D-001,26.748771,-81.003303,106.6,22,0,Mavic Air 2,false,drone_images/Mavic Air 2.png,26.745000,-81.005000,26.744500,-81.005300,apolloshield_dji,df,,,2414500000,RADAR-A2D2-7E4D,Sensor Lake Okeechobee / Central Inland,190,YELLOW,YELLOW
1772042603783,A2D2-7E4D,FLT-7E4D-001,26.748771,-81.003303,106.6,22,0,Mavic Air 2,false,drone_images/Mavic Air 2.png,26.745000,-81.005000,26.744500,-81.005300,apolloshield_dji,df,,,2414500000,RADAR-A2D2-7E4D,Sensor Lake Okeechobee / Central Inland,190,YELLOW,YELLOW
1772042604947,A2D2-7E4D,FLT-7E4D-001,26.748771,-81.003303,106.6,22,0,Mavic Air 2,false,drone_images/Mavic Air 2.png,26.745000,-81.005000,26.744500,-81.005300,apolloshield_dji,df,,,2414500000,RADAR-A2D2-7E4D,Sensor Lake Okeechobee / Central Inland,190,YELLOW,YELLOW
1772042605839,A2D2-7E4D,FLT-7E4D-001,26.748771,-81.003303,106.6,22,0,Mavic Air 2,false,drone_images/Mavic Air 2.png,26.745000,-81.005000,26.744500,-81.005300,apolloshield_dji,df,,,2414500000,RADAR-A2D2-7E4D,Sensor Lake Okeechobee / Central Inland,190,YELLOW,YELLOW
1772042606714,A2D2-7E4D,FLT-7E4D-001,26.748771,-81.003303,106.6,22,0,Mavic Air 2,false,drone_images/Mavic Air 2.png,26.745000,-81.005000,26.744500,-81.005300,apolloshield_dji,df,,,2414500000,RADAR-A2D2-7E4D,Sensor Lake Okeechobee / Central Inland,190,YELLOW,YELLOW
1772042608230,A2D2-7E4D,FLT-7E4D-001,26.748771,-81.003303,106.6,22,0,Mavic Air 2,false,drone_images/Mavic Air 2.png,26.745000,-81.005000,26.744500,-81.005300,apolloshield_dji,df,,,2414500000,RADAR-A2D2-7E4D,Sensor Lake Okeechobee / Central Inland,190,YELLOW,YELLOW
1772042608760,A2D2-7E4D,FLT-7E4D-001,26.748771,-80.999143,106.6,0.2,0,Mavic Air 2,false,drone_images/Mavic Air 2.png,26.745000,-81.005000,26.744500,-81.005300,apolloshield_dji,df,,,2414500000,RADAR-A2D2-7E4D,Sensor Lake Okeechobee / Central Inland,190,YELLOW,YELLOW
1772042609890,A2D2-7E4D,FLT-7E4D-001,26.748771,-80.999143,106.6,0.2,0,Mavic Air 2,false,drone_images/Mavic Air 2.png,26.745000,-81.005000,26.744500,-81.005300,apolloshield_dji,df,,,2414500000,RADAR-A2D2-7E4D,Sensor Lake Okeechobee / Central Inland,190,YELLOW,YELLOW
1772042610854,A2D2-7E4D,FLT-7E4D-001,26.748771,-80.999143,106.6,0.2,0,Mavic Air 2,false,drone_images/Mavic Air 2.png,26.745000,-81.005000,26.744500,-81.005300,apolloshield_dji,df,,,2414500000,RADAR-A2D2-7E4D,Sensor Lake Okeechobee / Central Inland,190,YELLOW,YELLOW
1772042611710,A2D2-7E4D,FLT-7E4D-001,26.748771,-80.999143,106.6,0.2,0,Mavic Air 2,false,drone_images/Mavic Air 2.png,26.745000,-81.005000,26.744500,-81.005300,apolloshield_dji,df,,,2414500000,RADAR-A2D2-7E4D,Sensor Lake Okeechobee / Central Inland,190,YELLOW,YELLOW
1772042612669,A2D2-7E4D,FLT-7E4D-001,26.748771,-80.999143,106.7,22,0,Mavic Air 2,false,drone_images/Mavic Air 2.png,26.745000,-81.005000,26.744500,-81.005300,apolloshield_dji,df,,,2414500000,RADAR-A2D2-7E4D,Sensor Lake Okeechobee / Central Inland,190,YELLOW,YELLOW
1772042613727,A2D2-7E4D,FLT-7E4D-001,26.748771,-80.999143,106.7,22,0,Mavic Air 2,false,drone_images/Mavic Air 2.png,26.745000,-81.005000,26.744500,-81.005300,apolloshield_dji,df,,,2414500000,RADAR-A2D2-7E4D,Sensor Lake Okeechobee / Central Inland,190,YELLOW,YELLOW
1772042614740,A2D2-7E4D,FLT-7E4D-001,26.748771,-80.999143,106.7,22,0,Mavic Air 2,false,drone_images/Mavic Air 2.png,26.745000,-81.005000,26.744500,-81.005300,apolloshield_dji,df,,,2414500000,RADAR-A2D2-7E4D,Sensor Lake Okeechobee / Central Inland,190,YELLOW,YELLOW
1772042615570,A2D2-7E4D,FLT-7E4D-001,26.748771,-80.999143,106.7,22,0,Mavic Air 2,false,drone_images/Mavic Air 2.png,26.745000,-81.005000,26.744500,-81.005300,apolloshield_dji,df,,,2414500000,RADAR-A2D2-7E4D,Sensor Lake Okeechobee / Central Inland,190,YELLOW,YELLOW
1772042616901,A2D2-7E4D,FLT-7E4D-001,26.748771,-80.999143,106.7,22,0,Mavic Air 2,false,drone_images/Mavic Air 2.png,26.745000,-81.005000,26.744500,-81.005300,apolloshield_dji,df,,,2414500000,RADAR-A2D2-7E4D,Sensor Lake Okeechobee / Central Inland,190,YELLOW,YELLOW
1772042617862,A2D2-7E4D,FLT-7E4D-001,26.748771,-80.999143,106.6,22,0,Mavic Air 2,false,drone_images/Mavic Air 2.png,26.745000,-81.005000,26.744500,-81.005300,apolloshield_dji,df,,,2414500000,RADAR-A2D2-7E4D,Sensor Lake Okeechobee / Central Inland,190,YELLOW,YELLOW
1772042618858,A2D2-7E4D,FLT-7E4D-001,26.748771,-80.999143,106.6,22,0,Mavic Air 2,false,drone_images/Mavic Air 2.png,26.745000,-81.005000,26.744500,-81.005300,apolloshield_dji,df,,,2414500000,RADAR-A2D2-7E4D,Sensor Lake Okeechobee / Central Inland,190,YELLOW,YELLOW
1772042619792,A2D2-7E4D,FLT-7E4D-001,26.748771,-80.999143,106.6,22,0,Mavic Air 2,false,drone_images/Mavic Air 2.png,26.745000,-81.005000,26.744500,-81.005300,apolloshield_dji,df,,,2414500000,RADAR-A2D2-7E4D,Sensor Lake Okeechobee / Central Inland,190,YELLOW,YELLOW
1772042620814,A2D2-7E4D,FLT-7E4D-001,26.748771,-80.999143,106.6,22,0,Mavic Air 2,false,drone_images/Mavic Air 2.png,26.745000,-81.005000,26.744500,-81.005300,apolloshield_dji,df,,,2414500000,RADAR-A2D2-7E4D,Sensor Lake Okeechobee / Central Inland,190,YELLOW,YELLOW
1772042621862,A2D2-7E4D,FLT-7E4D-001,26.748771,-80.999143,106.6,22,0,Mavic Air 2,false,drone_images/Mavic Air 2.png,26.745000,-81.005000,26.744500,-81.005300,apolloshield_dji,df,,,2414500000,RADAR-A2D2-7E4D,Sensor Lake Okeechobee / Central Inland,190,YELLOW,YELLOW
1772042623247,A2D2-7E4D,FLT-7E4D-001,26.748771,-80.999143,106.6,22,0,Mavic Air 2,false,drone_images/Mavic Air 2.png,26.745000,-81.005000,26.744500,-81.005300,apolloshield_dji,df,,,2414500000,RADAR-A2D2-7E4D,Sensor Lake Okeechobee / Central Inland,190,YELLOW,YELLOW
1772042623960,A2D2-7E4D,FLT-7E4D-001,26.748771,-80.999143,106.6,22,0,Mavic Air 2,false,drone_images/Mavic Air 2.png,26.745000,-81.005000,26.744500,-81.005300,apolloshield_dji,df,,,2414500000,RADAR-A2D2-7E4D,Sensor Lake Okeechobee / Central Inland,190,YELLOW,YELLOW
1772042624681,A2D2-7E4D,FLT-7E4D-001,26.748771,-80.999143,106.6,22,0,Mavic Air 2,false,drone_images/Mavic Air 2.png,26.745000,-81.005000,26.744500,-81.005300,apolloshield_dji,df,,,2414500000,RADAR-A2D2-7E4D,Sensor Lake Okeechobee / Central Inland,190,YELLOW,YELLOW
1772042625864,A2D2-7E4D,FLT-7E4D-001,26.748771,-80.999143,106.6,22,0,Mavic Air 2,false,drone_images/Mavic Air 2.png,26.745000,-81.005000,26.744500,-81.005300,apolloshield_dji,df,,,2414500000,RADAR-A2D2-7E4D,Sensor Lake Okeechobee / Central Inland,190,YELLOW,YELLOW
1772042626683,A2D2-7E4D,FLT-7E4D-001,26.748771,-80.999143,106.6,22,0,Mavic Air 2,false,drone_images/Mavic Air 2.png,26.745000,-81.005000,26.744500,-81.005300,apolloshield_dji,df,,,2414500000,RADAR-A2D2-7E4D,Sensor Lake Okeechobee / Central Inland,190,YELLOW,YELLOW
1772042627979,A2D2-7E4D,FLT-7E4D-001,26.748771,-80.999143,106.6,22,0,Mavic Air 2,false,drone_images/Mavic Air 2.png,26.745000,-81.005000,26.744500,-81.005300,apolloshield_dji,df,,,2414500000,RADAR-A2D2-7E4D,Sensor Lake Okeechobee / Central Inland,190,YELLOW,YELLOW
1772042628775,A2D2-7E4D,FLT-7E4D-001,26.748771,-80.999143,106.6,22,0,Mavic Air 2,false,drone_images/Mavic Air 2.png,26.745000,-81.005000,26.744500,-81.005300,apolloshield_dji,df,,,2414500000,RADAR-A2D2-7E4D,Sensor Lake Okeechobee / Central Inland,190,YELLOW,YELLOW
1772042629733,A2D2-7E4D,FLT-7E4D-001,26.748771,-80.999143,106.6,22,0,Mavic Air 2,false,drone_images/Mavic Air 2.png,26.745000,-81.005000,26.744500,-81.005300,apolloshield_dji,df,,,2414500000,RADAR-A2D2-7E4D,Sensor Lake Okeechobee / Central Inland,190,YELLOW,YELLOW
1772042630877,A2D2-7E4D,FLT-7E4D-001,26.748771,-80.999143,106.6,22,0,Mavic Air 2,false,drone_images/Mavic Air 2.png,26.745000,-81.005000,26.744500,-81.005300,apolloshield_dji,df,,,2414500000,RADAR-A2D2-7E4D,Sensor Lake Okeechobee / Central Inland,190,YELLOW,YELLOW
1772042631637,A2D2-7E4D,FLT-7E4D-001,26.748771,-80.999143,106.6,22,0,Mavic Air 2,false,drone_images/Mavic Air 2.png,26.745000,-81.005000,26.744500,-81.005300,apolloshield_dji,df,,,2414500000,RADAR-A2D2-7E4D,Sensor Lake Okeechobee / Central Inland,190,YELLOW,YELLOW
1772042633160,A2D2-7E4D,FLT-7E4D-001,26.748771,-80.999143,106.6,22,0,Mavic Air 2,false,drone_images/Mavic Air 2.png,26.745000,-81.005000,26.744500,-81.005300,apolloshield_dji,df,,,2414500000,RADAR-A2D2-7E4D,Sensor Lake Okeechobee / Central Inland,190,YELLOW,YELLOW
1772042633746,A2D2-7E4D,FLT-7E4D-001,26.748771,-80.999143,106.6,22,0,Mavic Air 2,false,drone_images/Mavic Air 2.png,26.745000,-81.005000,26.744500,-81.005300,apolloshield_dji,df,,,2414500000,RADAR-A2D2-7E4D,Sensor Lake Okeechobee / Central Inland,190,YELLOW,YELLOW
1772042634716,A2D2-7E4D,FLT-7E4D-001,26.748771,-80.999143,106.6,22,0,Mavic Air 2,false,drone_images/Mavic Air 2.png,26.745000,-81.005000,26.744500,-81.005300,apolloshield_dji,df,,,2414500000,RADAR-A2D2-7E4D,Sensor Lake Okeechobee / Central Inland,190,YELLOW,YELLOW
1772042635853,A2D2-7E4D,FLT-7E4D-001,26.748771,-80.999143,106.6,22,0,Mavic Air 2,false,drone_images/Mavic Air 2.png,26.745000,-81.005000,26.744500,-81.005300,apolloshield_dji,df,,,2414500000,RADAR-A2D2-7E4D,Sensor Lake Okeechobee / Central Inland,190,YELLOW,YELLOW
1772042636719,A2D2-7E4D,FLT-7E4D-001,26.748771,-80.999143,106.6,22,0,Mavic Air 2,false,drone_images/Mavic Air 2.png,26.745000,-81.005000,26.744500,-81.005300,apolloshield_dji,df,,,2414500000,RADAR-A2D2-7E4D,Sensor Lake Okeechobee / Central Inland,190,YELLOW,YELLOW
1772042637817,A2D2-7E4D,FLT-7E4D-001,26.748771,-80.999143,106.6,22,0,Mavic Air 2,false,drone_images/Mavic Air 2.png,26.745000,-81.005000,26.744500,-81.005300,apolloshield_dji,df,,,2414500000,RADAR-A2D2-7E4D,Sensor Lake Okeechobee / Central Inland,190,YELLOW,YELLOW
1772042638865,A2D2-7E4D,FLT-7E4D-001,26.748771,-80.999143,106.6,22,0,Mavic Air 2,false,drone_images/Mavic Air 2.png,26.745000,-81.005000,26.744500,-81.005300,apolloshield_dji,df,,,2414500000,RADAR-A2D2-7E4D,Sensor Lake Okeechobee / Central Inland,190,YELLOW,YELLOW
1772042639706,A2D2-7E4D,FLT-7E4D-001,26.748771,-80.999143,106.6,22,0,Mavic Air 2,false,drone_images/Mavic Air 2.png,26.745000,-81.005000,26.744500,-81.005300,apolloshield_dji,df,,,2414500000,RADAR-A2D2-7E4D,Sensor Lake Okeechobee / Central Inland,190,YELLOW,YELLOW
1772042640737,A2D2-7E4D,FLT-7E4D-001,26.748771,-80.999143,106.6,22,0,Mavic Air 2,false,drone_images/Mavic Air 2.png,26.745000,-81.005000,26.744500,-81.005300,apolloshield_dji,df,,,2414500000,RADAR-A2D2-7E4D,Sensor Lake Okeechobee / Central Inland,190,YELLOW,YELLOW
1772042641784,A2D2-7E4D,FLT-7E4D-001,26.748771,-80.999143,106.6,22,0,Mavic Air 2,false,drone_images/Mavic Air 2.png,26.745000,-81.005000,26.744500,-81.005300,apolloshield_dji,df,,,2414500000,RADAR-A2D2-7E4D,Sensor Lake Okeechobee / Central Inland,190,YELLOW,YELLOW
1772042642729,A2D2-7E4D,FLT-7E4D-001,26.748771,-80.999143,106.6,22,0,Mavic Air 2,false,drone_images/Mavic Air 2.png,26.745000,-81.005000,26.744500,-81.005300,apolloshield_dji,df,,,2414500000,RADAR-A2D2-7E4D,Sensor Lake Okeechobee / Central Inland,190,YELLOW,YELLOW
1772042643885,A2D2-7E4D,FLT-7E4D-001,26.748771,-80.999143,106.6,22,0,Mavic Air 2,false,drone_images/Mavic Air 2.png,26.745000,-81.005000,26.744500,-81.005300,apolloshield_dji,df,,,2414500000,RADAR-A2D2-7E4D,Sensor Lake Okeechobee / Central Inland,190,YELLOW,YELLOW
1772042645048,A2D2-7E4D,FLT-7E4D-001,26.748771,-80.999143,106.6,22,0,Mavic Air 2,false,drone_images/Mavic Air 2.png,26.745000,-81.005000,26.744500,-81.005300,apolloshield_dji,df,,,2414500000,RADAR-A2D2-7E4D,Sensor Lake Okeechobee / Central Inland,190,YELLOW,YELLOW
1772042645679,A2D2-7E4D,FLT-7E4D-001,26.748771,-80.999143,106.6,22,0,Mavic Air 2,false,drone_images/Mavic Air 2.png,26.745000,-81.005000,26.744500,-81.005300,apolloshield_dji,df,,,2414500000,RADAR-A2D2-7E4D,Sensor Lake Okeechobee / Central Inland,190,YELLOW,YELLOW
1772042646743,A2D2-7E4D,FLT-7E4D-001,26.748771,-80.999143,106.6,22,0,Mavic Air 2,false,drone_images/Mavic Air 2.png,26.745000,-81.005000,26.744500,-81.005300,apolloshield_dji,df,,,2414500000,RADAR-A2D2-7E4D,Sensor Lake Okeechobee / Central Inland,190,YELLOW,YELLOW
1772042647819,A2D2-7E4D,FLT-7E4D-001,26.748771,-80.999143,106.6,22,0,Mavic Air 2,false,drone_images/Mavic Air 2.png,26.745000,-81.005000,26.744500,-81.005300,apolloshield_dji,df,,,2414500000,RADAR-A2D2-7E4D,Sensor Lake Okeechobee / Central Inland,190,YELLOW,YELLOW
1772042648674,A2D2-7E4D,FLT-7E4D-001,26.748771,-80.999143,106.6,22,0,Mavic Air 2,false,drone_images/Mavic Air 2.png,26.745000,-81.005000,26.744500,-81.005300,apolloshield_dji,df,,,2414500000,RADAR-A2D2-7E4D,Sensor Lake Okeechobee / Central Inland,190,YELLOW,YELLOW
1772042649648,A2D2-7E4D,FLT-7E4D-001,26.748771,-80.999143,106.6,22,0,Mavic Air 2,false,drone_images/Mavic Air 2.png,26.745000,-81.005000,26.744500,-81.005300,apolloshield_dji,df,,,2414500000,RADAR-A2D2-7E4D,Sensor Lake Okeechobee / Central Inland,190,YELLOW,YELLOW
1772042650878,A2D2-7E4D,FLT-7E4D-001,26.748771,-80.999143,106.6,22,0,Mavic Air 2,false,drone_images/Mavic Air 2.png,26.745000,-81.005000,26.744500,-81.005300,apolloshield_dji,df,,,2414500000,RADAR-A2D2-7E4D,Sensor Lake Okeechobee / Central Inland,190,YELLOW,YELLOW
1772042652270,A2D2-7E4D,FLT-7E4D-001,26.748771,-80.999143,106.6,22,0,Mavic Air 2,false,drone_images/Mavic Air 2.png,26.745000,-81.005000,26.744500,-81.005300,apolloshield_dji,df,,,2414500000,RADAR-A2D2-7E4D,Sensor Lake Okeechobee / Central Inland,190,YELLOW,YELLOW
1772042652949,A2D2-7E4D,FLT-7E4D-001,26.748771,-80.999143,106.6,22,0,Mavic Air 2,false,drone_images/Mavic Air 2.png,26.745000,-81.005000,26.744500,-81.005300,apolloshield_dji,df,,,2414500000,RADAR-A2D2-7E4D,Sensor Lake Okeechobee / Central Inland,190,YELLOW,YELLOW
1772042654019,A2D2-7E4D,FLT-7E4D-001,26.748771,-80.999143,106.6,22,0,Mavic Air 2,false,drone_images/Mavic Air 2.png,26.745000,-81.005000,26.744500,-81.005300,apolloshield_dji,df,,,2414500000,RADAR-A2D2-7E4D,Sensor Lake Okeechobee / Central Inland,190,YELLOW,YELLOW
1772042654687,A2D2-7E4D,FLT-7E4D-001,26.748771,-80.999143,106.6,22,0,Mavic Air 2,false,drone_images/Mavic Air 2.png,26.745000,-81.005000,26.744500,-81.005300,apolloshield_dji,df,,,2414500000,RADAR-A2D2-7E4D,Sensor Lake Okeechobee / Central Inland,190,YELLOW,YELLOW
1772042655819,A2D2-7E4D,FLT-7E4D-001,26.748771,-80.999143,106.6,22,0,Mavic Air 2,false,drone_images/Mavic Air 2.png,26.745000,-81.005000,26.744500,-81.005300,apolloshield_dji,df,,,2414500000,RADAR-A2D2-7E4D,Sensor Lake Okeechobee / Central Inland,190,YELLOW,YELLOW
1772042656891,A2D2-7E4D,FLT-7E4D-001,26.748771,-80.999143,106.6,22,0,Mavic Air 2,false,drone_images/Mavic Air 2.png,26.745000,-81.005000,26.744500,-81.005300,apolloshield_dji,df,,,2414500000,RADAR-A2D2-7E4D,Sensor Lake Okeechobee / Central Inland,190,YELLOW,YELLOW
1772042657897,A2D2-7E4D,FLT-7E4D-001,26.748771,-80.999143,106.6,22,0,Mavic Air 2,false,drone_images/Mavic Air 2.png,26.745000,-81.005000,26.744500,-81.005300,apolloshield_dji,df,,,2414500000,RADAR-A2D2-7E4D,Sensor Lake Okeechobee / Central Inland,190,YELLOW,YELLOW
1772042658858,A2D2-7E4D,FLT-7E4D-001,26.748771,-80.999143,106.6,22,0,Mavic Air 2,false,drone_images/Mavic Air 2.png,26.745000,-81.005000,26.744500,-81.005300,apolloshield_dji,df,,,2414500000,RADAR-A2D2-7E4D,Sensor Lake Okeechobee / Central Inland,190,YELLOW,YELLOW
1772042659831,A2D2-7E4D,FLT-7E4D-001,26.748771,-80.999143,106.6,22,0,Mavic Air 2,false,drone_images/Mavic Air 2.png,26.745000,-81.005000,26.744500,-81.005300,apolloshield_dji,df,,,2414500000,RADAR-A2D2-7E4D,Sensor Lake Okeechobee / Central Inland,190,YELLOW,YELLOW
1772042660778,A2D2-7E4D,FLT-7E4D-001,26.748771,-80.999143,106.6,22,0,Mavic Air 2,false,drone_images/Mavic Air 2.png,26.745000,-81.005000,26.744500,-81.005300,apolloshield_dji,df,,,2414500000,RADAR-A2D2-7E4D,Sensor Lake Okeechobee / Central Inland,190,YELLOW,YELLOW
1772042661788,A2D2-7E4D,FLT-7E4D-001,26.748771,-80.999143,106.6,22,0,Mavic Air 2,false,drone_images/Mavic Air 2.png,26.745000,-81.005000,26.744500,-81.005300,apolloshield_dji,df,,,2414500000,RADAR-A2D2-7E4D,Sensor Lake Okeechobee / Central Inland,190,YELLOW,YELLOW
1772042680862,A2D2-7E4D,FLT-7E4D-001,26.751814,-80.998908,106.8,6.7,0,Mavic Air 2,false,drone_images/Mavic Air 2.png,26.745000,-81.005000,26.744500,-81.005300,apolloshield_dji,df,,,2414500000,RADAR-A2D2-7E4D,Sensor Lake Okeechobee / Central Inland,190,YELLOW,YELLOW
1772042681748,A2D2-7E4D,FLT-7E4D-001,26.751814,-80.998908,106.8,6.7,0,Mavic Air 2,false,drone_images/Mavic Air 2.png,26.745000,-81.005000,26.744500,-81.005300,apolloshield_dji,df,,,2414500000,RADAR-A2D2-7E4D,Sensor Lake Okeechobee / Central Inland,190,YELLOW,YELLOW
1772042682720,A2D2-7E4D,FLT-7E4D-001,26.751814,-80.998908,106.8,6.7,0,Mavic Air 2,false,drone_images/Mavic Air 2.png,26.745000,-81.005000,26.744500,-81.005300,apolloshield_dji,df,,,2414500000,RADAR-A2D2-7E4D,Sensor Lake Okeechobee / Central Inland,190,YELLOW,YELLOW
1772042684008,A2D2-7E4D,FLT-7E4D-001,26.751814,-80.998908,106.8,6.7,0,Mavic Air 2,false,drone_images/Mavic Air 2.png,26.745000,-81.005000,26.744500,-81.005300,apolloshield_dji,df,,,2414500000,RADAR-A2D2-7E4D,Sensor Lake Okeechobee / Central Inland,190,YELLOW,YELLOW
1772042684652,A2D2-7E4D,FLT-7E4D-001,26.751814,-80.998908,106.8,6.7,0,Mavic Air 2,false,drone_images/Mavic Air 2.png,26.745000,-81.005000,26.744500,-81.005300,apolloshield_dji,df,,,2414500000,RADAR-A2D2-7E4D,Sensor Lake Okeechobee / Central Inland,190,YELLOW,YELLOW
1772042685603,A2D2-7E4D,FLT-7E4D-001,26.751814,-80.998908,106.8,6.7,0,Mavic Air 2,false,drone_images/Mavic Air 2.png,26.745000,-81.005000,26.744500,-81.005300,apolloshield_dji,df,,,2414500000,RADAR-A2D2-7E4D,Sensor Lake Okeechobee / Central Inland,190,YELLOW,YELLOW
1772042686960,A2D2-7E4D,FLT-7E4D-001,26.751814,-80.998908,106.8,6.7,0,Mavic Air 2,false,drone_images/Mavic Air 2.png,26.745000,-81.005000,26.744500,-81.005300,apolloshield_dji,df,,,2414500000,RADAR-A2D2-7E4D,Sensor Lake Okeechobee / Central Inland,190,YELLOW,YELLOW
1772042687768,A2D2-7E4D,FLT-7E4D-001,26.751814,-80.998908,106.8,6.7,0,Mavic Air 2,false,drone_images/Mavic Air 2.png,26.745000,-81.005000,26.744500,-81.005300,apolloshield_dji,df,,,2414500000,RADAR-A2D2-7E4D,Sensor Lake Okeechobee / Central Inland,190,YELLOW,YELLOW
1772042688968,A2D2-7E4D,FLT-7E4D-001,26.751229,-80.998261,106.9,12,0,Mavic Air 2,false,drone_images/Mavic Air 2.png,26.745000,-81.005000,26.744500,-81.005300,apolloshield_dji,df,,,2414500000,RADAR-A2D2-7E4D,Sensor Lake Okeechobee / Central Inland,190,YELLOW,YELLOW
1772042689837,A2D2-7E4D,FLT-7E4D-001,26.751229,-80.998261,106.9,12,0,Mavic Air 2,false,drone_images/Mavic Air 2.png,26.745000,-81.005000,26.744500,-81.005300,apolloshield_dji,df,,,2414500000,RADAR-A2D2-7E4D,Sensor Lake Okeechobee / Central Inland,190,YELLOW,YELLOW
1772042690776,A2D2-7E4D,FLT-7E4D-001,26.751229,-80.998261,106.9,12,0,Mavic Air 2,false,drone_images/Mavic Air 2.png,26.745000,-81.005000,26.744500,-81.005300,apolloshield_dji,df,,,2414500000,RADAR-A2D2-7E4D,Sensor Lake Okeechobee / Central Inland,190,YELLOW,YELLOW
1772042691927,A2D2-7E4D,FLT-7E4D-001,26.751229,-80.998261,106.9,12,0,Mavic Air 2,false,drone_images/Mavic Air 2.png,26.745000,-81.005000,26.744500,-81.005300,apolloshield_dji,df,,,2414500000,RADAR-A2D2-7E4D,Sensor Lake Okeechobee / Central Inland,190,YELLOW,YELLOW
1772042692866,A2D2-7E4D,FLT-7E4D-001,26.751229,-80.998261,106.9,12,0,Mavic Air 2,false,drone_images/Mavic Air 2.png,26.745000,-81.005000,26.744500,-81.005300,apolloshield_dji,df,,,2414500000,RADAR-A2D2-7E4D,Sensor Lake Okeechobee / Central Inland,190,YELLOW,YELLOW
1772042693870,A2D2-7E4D,FLT-7E4D-001,26.751229,-80.998261,106.9,12,0,Mavic Air 2,false,drone_images/Mavic Air 2.png,26.745000,-81.005000,26.744500,-81.005300,apolloshield_dji,df,,,2414500000,RADAR-A2D2-7E4D,Sensor Lake Okeechobee / Central Inland,190,YELLOW,YELLOW
1772042695261,A2D2-7E4D,FLT-7E4D-001,26.751229,-80.998261,106.9,12,0,Mavic Air 2,false,drone_images/Mavic Air 2.png,26.745000,-81.005000,26.744500,-81.005300,apolloshield_dji,df,,,2414500000,RADAR-A2D2-7E4D,Sensor Lake Okeechobee / Central Inland,190,YELLOW,YELLOW
1772042695844,A2D2-7E4D,FLT-7E4D-001,26.751229,-80.998261,106.9,12,0,Mavic Air 2,false,drone_images/Mavic Air 2.png,26.745000,-81.005000,26.744500,-81.005300,apolloshield_dji,df,,,2414500000,RADAR-A2D2-7E4D,Sensor Lake Okeechobee / Central Inland,190,YELLOW,YELLOW
1772042696832,A2D2-7E4D,FLT-7E4D-001,26.751229,-80.998261,106.9,12,0,Mavic Air 2,false,drone_images/Mavic Air 2.png,26.745000,-81.005000,26.744500,-81.005300,apolloshield_dji,df,,,2414500000,RADAR-A2D2-7E4D,Sensor Lake Okeechobee / Central Inland,190,YELLOW,YELLOW
1772042698152,A2D2-7E4D,FLT-7E4D-001,26.751229,-80.998261,106.9,12,0,Mavic Air 2,false,drone_images/Mavic Air 2.png,26.745000,-81.005000,26.744500,-81.005300,apolloshield_dji,df,,,2414500000,RADAR-A2D2-7E4D,Sensor Lake Okeechobee / Central Inland,190,YELLOW,YELLOW
1772042698931,A2D2-7E4D,FLT-7E4D-001,26.751229,-80.998261,106.9,12,0,Mavic Air 2,false,drone_images/Mavic Air 2.png,26.745000,-81.005000,26.744500,-81.005300,apolloshield_dji,df,,,2414500000,RADAR-A2D2-7E4D,Sensor Lake Okeechobee / Central Inland,190,YELLOW,YELLOW
1772042699806,A2D2-7E4D,FLT-7E4D-001,26.751229,-80.998261,106.9,12,0,Mavic Air 2,false,drone_images/Mavic Air 2.png,26.745000,-81.005000,26.744500,-81.005300,apolloshield_dji,df,,,2414500000,RADAR-A2D2-7E4D,Sensor Lake Okeechobee / Central Inland,190,YELLOW,YELLOW
1772042700785,A2D2-7E4D,FLT-7E4D-001,26.751229,-80.998261,106.9,12,0,Mavic Air 2,false,drone_images/Mavic Air 2.png,26.745000,-81.005000,26.744500,-81.005300,apolloshield_dji,df,,,2414500000,RADAR-A2D2-7E4D,Sensor Lake Okeechobee / Central Inland,190,YELLOW,YELLOW
1772042702102,A2D2-7E4D,FLT-7E4D-001,26.751229,-80.998261,106.9,12,0,Mavic Air 2,false,drone_images/Mavic Air 2.png,26.745000,-81.005000,26.744500,-81.005300,apolloshield_dji,df,,,2414500000,RADAR-A2D2-7E4D,Sensor Lake Okeechobee / Central Inland,190,YELLOW,YELLOW
1772042703306,A2D2-7E4D,FLT-7E4D-001,26.751229,-80.998261,106.9,12,0,Mavic Air 2,false,drone_images/Mavic Air 2.png,26.745000,-81.005000,26.744500,-81.005300,apolloshield_dji,df,,,2414500000,RADAR-A2D2-7E4D,Sensor Lake Okeechobee / Central Inland,190,YELLOW,YELLOW
1772042704250,A2D2-7E4D,FLT-7E4D-001,26.751229,-80.998261,106.9,12,0,Mavic Air 2,false,drone_images/Mavic Air 2.png,26.745000,-81.005000,26.744500,-81.005300,apolloshield_dji,df,,,2414500000,RADAR-A2D2-7E4D,Sensor Lake Okeechobee / Central Inland,190,YELLOW,YELLOW
1772042704866,A2D2-7E4D,FLT-7E4D-001,26.751229,-80.998261,106.9,12,0,Mavic Air 2,false,drone_images/Mavic Air 2.png,26.745000,-81.005000,26.744500,-81.005300,apolloshield_dji,df,,,2414500000,RADAR-A2D2-7E4D,Sensor Lake Okeechobee / Central Inland,190,YELLOW,YELLOW
1772042705747,A2D2-7E4D,FLT-7E4D-001,26.751229,-80.998261,106.9,12,0,Mavic Air 2,false,drone_images/Mavic Air 2.png,26.745000,-81.005000,26.744500,-81.005300,apolloshield_dji,df,,,2414500000,RADAR-A2D2-7E4D,Sensor Lake Okeechobee / Central Inland,190,YELLOW,YELLOW
1772042706898,A2D2-7E4D,FLT-7E4D-001,26.751229,-80.998261,106.9,12,0,Mavic Air 2,false,drone_images/Mavic Air 2.png,26.745000,-81.005000,26.744500,-81.005300,apolloshield_dji,df,,,2414500000,RADAR-A2D2-7E4D,Sensor Lake Okeechobee / Central Inland,190,YELLOW,YELLOW
1772042707914,A2D2-7E4D,FLT-7E4D-001,26.751229,-80.998261,106.9,12,0,Mavic Air 2,false,drone_images/Mavic Air 2.png,26.745000,-81.005000,26.744500,-81.005300,apolloshield_dji,df,,,2414500000,RADAR-A2D2-7E4D,Sensor Lake Okeechobee / Central Inland,190,YELLOW,YELLOW
1772042708729,A2D2-7E4D,FLT-7E4D-001,26.751229,-80.998261,106.9,12,0,Mavic Air 2,false,drone_images/Mavic Air 2.png,26.745000,-81.005000,26.744500,-81.005300,apolloshield_dji,df,,,2414500000,RADAR-A2D2-7E4D,Sensor Lake Okeechobee / Central Inland,190,YELLOW,YELLOW
1772042709664,A2D2-7E4D,FLT-7E4D-001,26.751229,-80.998261,106.9,12,0,Mavic Air 2,false,drone_images/Mavic Air 2.png,26.745000,-81.005000,26.744500,-81.005300,apolloshield_dji,df,,,2414500000,RADAR-A2D2-7E4D,Sensor Lake Okeechobee / Central Inland,190,YELLOW,YELLOW
1772042710625,A2D2-7E4D,FLT-7E4D-001,26.751229,-80.998261,106.9,12,0,Mavic Air 2,false,drone_images/Mavic Air 2.png,26.745000,-81.005000,26.744500,-81.005300,apolloshield_dji,df,,,2414500000,RADAR-A2D2-7E4D,Sensor Lake Okeechobee / Central Inland,190,YELLOW,YELLOW
1772042712118,A2D2-7E4D,FLT-7E4D-001,26.751229,-80.998261,106.9,12,0,Mavic Air 2,false,drone_images/Mavic Air 2.png,26.745000,-81.005000,26.744500,-81.005300,apolloshield_dji,df,,,2414500000,RADAR-A2D2-7E4D,Sensor Lake Okeechobee / Central Inland,190,YELLOW,YELLOW
1772042712961,A2D2-7E4D,FLT-7E4D-001,26.751229,-80.998261,106.9,12,0,Mavic Air 2,false,drone_images/Mavic Air 2.png,26.745000,-81.005000,26.744500,-81.005300,apolloshield_dji,df,,,2414500000,RADAR-A2D2-7E4D,Sensor Lake Okeechobee / Central Inland,190,YELLOW,YELLOW
1772042713896,A2D2-7E4D,FLT-7E4D-001,26.751229,-80.998261,106.9,12,0,Mavic Air 2,false,drone_images/Mavic Air 2.png,26.745000,-81.005000,26.744500,-81.005300,apolloshield_dji,df,,,2414500000,RADAR-A2D2-7E4D,Sensor Lake Okeechobee / Central Inland,190,YELLOW,YELLOW
1772042714879,A2D2-7E4D,FLT-7E4D-001,26.751229,-80.998261,106.9,12,0,Mavic Air 2,false,drone_images/Mavic Air 2.png,26.745000,-81.005000,26.744500,-81.005300,apolloshield_dji,df,,,2414500000,RADAR-A2D2-7E4D,Sensor Lake Okeechobee / Central Inland,190,YELLOW,YELLOW
1772042716261,A2D2-7E4D,FLT-7E4D-001,26.751229,-80.998261,106.9,12,0,Mavic Air 2,false,drone_images/Mavic Air 2.png,26.745000,-81.005000,26.744500,-81.005300,apolloshield_dji,df,,,2414500000,RADAR-A2D2-7E4D,Sensor Lake Okeechobee / Central Inland,190,YELLOW,YELLOW
1772042716769,A2D2-7E4D,FLT-7E4D-001,26.751229,-80.998261,106.9,12,0,Mavic Air 2,false,drone_images/Mavic Air 2.png,26.745000,-81.005000,26.744500,-81.005300,apolloshield_dji,df,,,2414500000,RADAR-A2D2-7E4D,Sensor Lake Okeechobee / Central Inland,190,YELLOW,YELLOW
1772042718625,A2D2-7E4D,FLT-7E4D-001,26.751229,-80.998261,106.9,12,0,Mavic Air 2,false,drone_images/Mavic Air 2.png,26.745000,-81.005000,26.744500,-81.005300,apolloshield_dji,df,,,2414500000,RADAR-A2D2-7E4D,Sensor Lake Okeechobee / Central Inland,190,YELLOW,YELLOW
1772042718854,A2D2-7E4D,FLT-7E4D-001,26.751229,-80.998261,106.9,12,0,Mavic Air 2,false,drone_images/Mavic Air 2.png,26.745000,-81.005000,26.744500,-81.005300,apolloshield_dji,df,,,2414500000,RADAR-A2D2-7E4D,Sensor Lake Okeechobee / Central Inland,190,YELLOW,YELLOW
1772042719750,A2D2-7E4D,FLT-7E4D-001,26.751229,-80.998261,106.9,12,0,Mavic Air 2,false,drone_images/Mavic Air 2.png,26.745000,-81.005000,26.744500,-81.005300,apolloshield_dji,df,,,2414500000,RADAR-A2D2-7E4D,Sensor Lake Okeechobee / Central Inland,190,YELLOW,YELLOW
1772042721328,A2D2-7E4D,FLT-7E4D-001,26.751229,-80.998261,106.9,12,0,Mavic Air 2,false,drone_images/Mavic Air 2.png,26.745000,-81.005000,26.744500,-81.005300,apolloshield_dji,df,,,2414500000,RADAR-A2D2-7E4D,Sensor Lake Okeechobee / Central Inland,190,YELLOW,YELLOW
1772042722522,A2D2-7E4D,FLT-7E4D-001,26.751229,-80.998261,106.9,12,0,Mavic Air 2,false,drone_images/Mavic Air 2.png,26.745000,-81.005000,26.744500,-81.005300,apolloshield_dji,df,,,2414500000,RADAR-A2D2-7E4D,Sensor Lake Okeechobee / Central Inland,190,YELLOW,YELLOW
1772042722700,A2D2-7E4D,FLT-7E4D-001,26.751229,-80.998261,106.9,12,0,Mavic Air 2,false,drone_images/Mavic Air 2.png,26.745000,-81.005000,26.744500,-81.005300,apolloshield_dji,df,,,2414500000,RADAR-A2D2-7E4D,Sensor Lake Okeechobee / Central Inland,190,YELLOW,YELLOW
1772042723792,A2D2-7E4D,FLT-7E4D-001,26.751229,-80.998261,106.9,12,0,Mavic Air 2,false,drone_images/Mavic Air 2.png,26.745000,-81.005000,26.744500,-81.005300,apolloshield_dji,df,,,2414500000,RADAR-A2D2-7E4D,Sensor Lake Okeechobee / Central Inland,190,YELLOW,YELLOW
1772042725321,A2D2-7E4D,FLT-7E4D-001,26.751229,-80.998261,106.9,12,0,Mavic Air 2,false,drone_images/Mavic Air 2.png,26.745000,-81.005000,26.744500,-81.005300,apolloshield_dji,df,,,2414500000,RADAR-A2D2-7E4D,Sensor Lake Okeechobee / Central Inland,190,YELLOW,YELLOW
1772042726450,A2D2-7E4D,FLT-7E4D-001,26.751229,-80.998261,106.9,12,0,Mavic Air 2,false,drone_images/Mavic Air 2.png,26.745000,-81.005000,26.744500,-81.005300,apolloshield_dji,df,,,2414500000,RADAR-A2D2-7E4D,Sensor Lake Okeechobee / Central Inland,190,YELLOW,YELLOW
1772042726758,A2D2-7E4D,FLT-7E4D-001,26.751229,-80.998261,106.9,12,0,Mavic Air 2,false,drone_images/Mavic Air 2.png,26.745000,-81.005000,26.744500,-81.005300,apolloshield_dji,df,,,2414500000,RADAR-A2D2-7E4D,Sensor Lake Okeechobee / Central Inland,190,YELLOW,YELLOW
1772042727765,A2D2-7E4D,FLT-7E4D-001,26.751229,-80.998261,106.9,12,0,Mavic Air 2,false,drone_images/Mavic Air 2.png,26.745000,-81.005000,26.744500,-81.005300,apolloshield_dji,df,,,2414500000,RADAR-A2D2-7E4D,Sensor Lake Okeechobee / Central Inland,190,YELLOW,YELLOW
1772042728669,A2D2-7E4D,FLT-7E4D-001,26.751229,-80.998261,106.9,12,0,Mavic Air 2,false,drone_images/Mavic Air 2.png,26.745000,-81.005000,26.744500,-81.005300,apolloshield_dji,df,,,2414500000,RADAR-A2D2-7E4D,Sensor Lake Okeechobee / Central Inland,190,YELLOW,YELLOW
1772042729907,A2D2-7E4D,FLT-7E4D-001,26.751229,-80.998261,106.9,12,0,Mavic Air 2,false,drone_images/Mavic Air 2.png,26.745000,-81.005000,26.744500,-81.005300,apolloshield_dji,df,,,2414500000,RADAR-A2D2-7E4D,Sensor Lake Okeechobee / Central Inland,190,YELLOW,YELLOW
1772042730574,A2D2-7E4D,FLT-7E4D-001,26.751229,-80.998261,106.9,12,0,Mavic Air 2,false,drone_images/Mavic Air 2.png,26.745000,-81.005000,26.744500,-81.005300,apolloshield_dji,df,,,2414500000,RADAR-A2D2-7E4D,Sensor Lake Okeechobee / Central Inland,190,YELLOW,YELLOW
1772042731959,A2D2-7E4D,FLT-7E4D-001,26.751229,-80.998261,106.9,12,0,Mavic Air 2,false,drone_images/Mavic Air 2.png,26.745000,-81.005000,26.744500,-81.005300,apolloshield_dji,df,,,2414500000,RADAR-A2D2-7E4D,Sensor Lake Okeechobee / Central Inland,190,YELLOW,YELLOW
1772042732734,A2D2-7E4D,FLT-7E4D-001,26.751229,-80.998261,106.9,12,0,Mavic Air 2,false,drone_images/Mavic Air 2.png,26.745000,-81.005000,26.744500,-81.005300,apolloshield_dji,df,,,2414500000,RADAR-A2D2-7E4D,Sensor Lake Okeechobee / Central Inland,190,YELLOW,YELLOW