timestamp,drone_id,flight_id,lat,lng,altitude,speed,azimuth,drone_type,has_payload,imagePath,home_lat,home_lng,pilot_lat,pilot_lng,detection_type,sensor_type,angle,error,frequency_hz,device_id,device_name,aboveGroundLevel,threatLevel,zone
1772039513746,A2D2-4F2A,FLT-4F2A-001,25.779583,-80.191567,46.5,9.4,0,M300 RTK,true,drone_images/M300 RTK_withpayload.png,25.775000,-80.197000,25.774500,-80.197300,apolloshield_dji,dji,,,2414500000,RADAR-A2D2-4F2A,Sensor Downtown Miami Ground Zero Approach,380,CRITICAL,RED
1772039513998,A2D2-4F2A,FLT-4F2A-001,25.779583,-80.191567,46.5,9.4,0,M300 RTK,true,drone_images/M300 RTK_withpayload.png,25.775000,-80.197000,25.774500,-80.197300,apolloshield_dji,dji,,,2414500000,RADAR-A2D2-4F2A,Sensor Downtown Miami Ground Zero Approach,380,CRITICAL,RED
1772039516088,A2D2-4F2A,FLT-4F2A-001,25.779445,-80.191619,46.5,6.3,0,M300 RTK,true,drone_images/M300 RTK_withpayload.png,25.775000,-80.197000,25.774500,-80.197300,apolloshield_dji,dji,,,2414500000,RADAR-A2D2-4F2A,Sensor Downtown Miami Ground Zero Approach,380,CRITICAL,RED
1772039517010,A2D2-4F2A,FLT-4F2A-001,25.779411,-80.191636,46.5,0.4,0,M300 RTK,true,drone_images/M300 RTK_withpayload.png,25.775000,-80.197000,25.774500,-80.197300,apolloshield_dji,dji,,,2414500000,RADAR-A2D2-4F2A,Sensor Downtown Miami Ground Zero Approach,380,CRITICAL,RED
1772039517277,A2D2-4F2A,FLT-4F2A-001,25.779411,-80.191636,46.5,0.4,0,M300 RTK,true,drone_images/M300 RTK_withpayload.png,25.775000,-80.197000,25.774500,-80.197300,apolloshield_dji,dji,,,2414500000,RADAR-A2D2-4F2A,Sensor Downtown Miami Ground Zero Approach,380,CRITICAL,RED
1772039517940,A2D2-4F2A,FLT-4F2A-001,25.779411,-80.191653,46.4,2.7,0,M300 RTK,true,drone_images/M300 RTK_withpayload.png,25.775000,-80.197000,25.774500,-80.197300,apolloshield_dji,dji,,,2414500000,RADAR-A2D2-4F2A,Sensor Downtown Miami Ground Zero Approach,380,CRITICAL,RED
1772039519502,A2D2-4F2A,FLT-4F2A-001,25.779365,-80.191682,45.6,2.4,0,M300 RTK,true,drone_images/M300 RTK_withpayload.png,25.775000,-80.197000,25.774500,-80.197300,apolloshield_dji,dji,,,2414500000,RADAR-A2D2-4F2A,Sensor Downtown Miami Ground Zero Approach,380,CRITICAL,RED
1772039520425,A2D2-4F2A,FLT-4F2A-001,25.779365,-80.191682,45.6,2.4,0,M300 RTK,true,drone_images/M300 RTK_withpayload.png,25.775000,-80.197000,25.774500,-80.197300,apolloshield_dji,dji,,,2414500000,RADAR-A2D2-4F2A,Sensor Downtown Miami Ground Zero Approach,380,CRITICAL,RED
1772039521570,A2D2-4F2A,FLT-4F2A-001,25.779365,-80.191682,45.6,2.4,0,M300 RTK,true,drone_images/M300 RTK_withpayload.png,25.775000,-80.197000,25.774500,-80.197300,apolloshield_dji,dji,,,2414500000,RADAR-A2D2-4F2A,Sensor Downtown Miami Ground Zero Approach,380,CRITICAL,RED
1772039521856,A2D2-4F2A,FLT-4F2A-001,25.779365,-80.191682,45.6,2.4,0,M300 RTK,true,drone_images/M300 RTK_withpayload.png,25.775000,-80.197000,25.774500,-80.197300,apolloshield_dji,dji,,,2414500000,RADAR-A2D2-4F2A,Sensor Downtown Miami Ground Zero Approach,380,CRITICAL,RED
1772039523426,A2D2-4F2A,FLT-4F2A-001,25.779365,-80.191682,45.6,2.4,0,M300 RTK,true,drone_images/M300 RTK_withpayload.png,25.775000,-80.197000,25.774500,-80.197300,apolloshield_dji,dji,,,2414500000,RADAR-A2D2-4F2A,Sensor Downtown Miami Ground Zero Approach,380,CRITICAL,RED
1772039524765,A2D2-4F2A,FLT-4F2A-001,25.779336,-80.191727,42.6,0.7,0,M300 RTK,true,drone_images/M300 RTK_withpayload.png,25.775000,-80.197000,25.774500,-80.197300,apolloshield_dji,dji,,,2414500000,RADAR-A2D2-4F2A,Sensor Downtown Miami Ground Zero Approach,380,CRITICAL,RED
1772039524813,A2D2-4F2A,FLT-4F2A-001,25.779342,-80.191733,42.6,2.4,0,M300 RTK,true,drone_images/M300 RTK_withpayload.png,25.775000,-80.197000,25.774500,-80.197300,apolloshield_dji,dji,,,2414500000,RADAR-A2D2-4F2A,Sensor Downtown Miami Ground Zero Approach,380,CRITICAL,RED
1772039525820,A2D2-4F2A,FLT-4F2A-001,25.779342,-80.191733,42.6,2.4,0,M300 RTK,true,drone_images/M300 RTK_withpayload.png,25.775000,-80.197000,25.774500,-80.197300,apolloshield_dji,dji,,,2414500000,RADAR-A2D2-4F2A,Sensor Downtown Miami Ground Zero Approach,380,CRITICAL,RED
1772039526893,A2D2-4F2A,FLT-4F2A-001,25.779342,-80.191733,42.6,2.4,0,M300 RTK,true,drone_images/M300 RTK_withpayload.png,25.775000,-80.197000,25.774500,-80.197300,apolloshield_dji,dji,,,2414500000,RADAR-A2D2-4F2A,Sensor Downtown Miami Ground Zero Approach,380,CRITICAL,RED
1772039528041,A2D2-4F2A,FLT-4F2A-001,25.779353,-80.191745,42.6,0.1,0,M300 RTK,true,drone_images/M300 RTK_withpayload.png,25.775000,-80.197000,25.774500,-80.197300,apolloshield_dji,dji,,,2414500000,RADAR-A2D2-4F2A,Sensor Downtown Miami Ground Zero Approach,380,CRITICAL,RED
1772039529423,A2D2-4F2A,FLT-4F2A-001,25.779353,-80.191745,42.6,0.1,0,M300 RTK,true,drone_images/M300 RTK_withpayload.png,25.775000,-80.197000,25.774500,-80.197300,apolloshield_dji,dji,,,2414500000,RADAR-A2D2-4F2A,Sensor Downtown Miami Ground Zero Approach,380,CRITICAL,RED
1772039530011,A2D2-4F2A,FLT-4F2A-001,25.779353,-80.191745,42.6,0.1,0,M300 RTK,true,drone_images/M300 RTK_withpayload.png,25.775000,-80.197000,25.774500,-80.197300,apolloshield_dji,dji,,,2414500000,RADAR-A2D2-4F2A,Sensor Downtown Miami Ground Zero Approach,380,CRITICAL,RED
1772039531291,A2D2-4F2A,FLT-4F2A-001,25.779353,-80.191745,42.6,0.1,0,M300 RTK,true,drone_images/M300 RTK_withpayload.png,25.775000,-80.197000,25.774500,-80.197300,apolloshield_dji,dji,,,2414500000,RADAR-A2D2-4F2A,Sensor Downtown Miami Ground Zero Approach,380,CRITICAL,RED
1772039532064,A2D2-4F2A,FLT-4F2A-001,25.779353,-80.191745,42.6,0.1,0,M300 RTK,true,drone_images/M300 RTK_withpayload.png,25.775000,-80.197000,25.774500,-80.197300,apolloshield_dji,dji,,,2414500000,RADAR-A2D2-4F2A,Sensor Downtown Miami Ground Zero Approach,380,CRITICAL,RED
1772039532922,A2D2-4F2A,FLT-4F2A-001,25.779353,-80.191745,42.6,0.1,0,M300 RTK,true,drone_images/M300 RTK_withpayload.png,25.775000,-80.197000,25.774500,-80.197300,apolloshield_dji,dji,,,2414500000,RADAR-A2D2-4F2A,Sensor Downtown Miami Ground Zero Approach,380,CRITICAL,RED
1772039533988,A2D2-4F2A,FLT-4F2A-001,25.779353,-80.191745,42.6,0.1,0,M300 RTK,true,drone_images/M300 RTK_withpayload.png,25.775000,-80.197000,25.774500,-80.197300,apolloshield_dji,dji,,,2414500000,RADAR-A2D2-4F2A,Sensor Downtown Miami Ground Zero Approach,380,CRITICAL,RED
1772039534960,A2D2-4F2A,FLT-4F2A-001,25.779353,-80.191745,42.6,0.1,0,M300 RTK,true,drone_images/M300 RTK_withpayload.png,25.775000,-80.197000,25.774500,-80.197300,apolloshield_dji,dji,,,2414500000,RADAR-A2D2-4F2A,Sensor Downtown Miami Ground Zero Approach,380,CRITICAL,RED
1772039536065,A2D2-4F2A,FLT-4F2A-001,25.779353,-80.191745,42.6,0.1,0,M300 RTK,true,drone_images/M300 RTK_withpayload.png,25.775000,-80.197000,25.774500,-80.197300,apolloshield_dji,dji,,,2414500000,RADAR-A2D2-4F2A,Sensor Downtown Miami Ground Zero Approach,380,CRITICAL,RED
1772039537057,A2D2-4F2A,FLT-4F2A-001,25.779353,-80.191745,42.6,0.1,0,M300 RTK,true,drone_images/M300 RTK_withpayload.png,25.775000,-80.197000,25.774500,-80.197300,apolloshield_dji,dji,,,2414500000,RADAR-A2D2-4F2A,Sensor Downtown Miami Ground Zero Approach,380,CRITICAL,RED
1772039538304,A2D2-4F2A,FLT-4F2A-001,25.779353,-80.191745,42.6,0.1,0,M300 RTK,true,drone_images/M300 RTK_withpayload.png,25.775000,-80.197000,25.774500,-80.197300,apolloshield_dji,dji,,,2414500000,RADAR-A2D2-4F2A,Sensor Downtown Miami Ground Zero Approach,380,CRITICAL,RED
1772039538830,A2D2-4F2A,FLT-4F2A-001,25.779353,-80.191745,42.6,0.1,0,M300 RTK,true,drone_images/M300 RTK_withpayload.png,25.775000,-80.197000,25.774500,-80.197300,apolloshield_dji,dji,,,2414500000,RADAR-A2D2-4F2A,Sensor Downtown Miami Ground Zero Approach,380,CRITICAL,RED
1772039539871,A2D2-4F2A,FLT-4F2A-001,25.779353,-80.191745,42.6,0.1,0,M300 RTK,true,drone_images/M300 RTK_withpayload.png,25.775000,-80.197000,25.774500,-80.197300,apolloshield_dji,dji,,,2414500000,RADAR-A2D2-4F2A,Sensor Downtown Miami Ground Zero Approach,380,CRITICAL,RED
1772039540913,A2D2-4F2A,FLT-4F2A-001,25.779353,-80.191745,42.6,0.1,0,M300 RTK,true,drone_images/M300 RTK_withpayload.png,25.775000,-80.197000,25.774500,-80.197300,apolloshield_dji,dji,,,2414500000,RADAR-A2D2-4F2A,Sensor Downtown Miami Ground Zero Approach,380,CRITICAL,RED
1772039542185,A2D2-4F2A,FLT-4F2A-001,25.779353,-80.191745,42.6,0.1,0,M300 RTK,true,drone_images/M300 RTK_withpayload.png,25.775000,-80.197000,25.774500,-80.197300,apolloshield_dji,dji,,,2414500000,RADAR-A2D2-4F2A,Sensor Downtown Miami Ground Zero Approach,380,CRITICAL,RED
1772039542826,A2D2-4F2A,FLT-4F2A-001,25.779353,-80.191745,42.6,0.1,0,M300 RTK,true,drone_images/M300 RTK_withpayload.png,25.775000,-80.197000,25.774500,-80.197300,apolloshield_dji,dji,,,2414500000,RADAR-A2D2-4F2A,Sensor Downtown Miami Ground Zero Approach,380,CRITICAL,RED
1772039544067,A2D2-4F2A,FLT-4F2A-001,25.779353,-80.191745,42.6,0.1,0,M300 RTK,true,drone_images/M300 RTK_withpayload.png,25.775000,-80.197000,25.774500,-80.197300,apolloshield_dji,dji,,,2414500000,RADAR-A2D2-4F2A,Sensor Downtown Miami Ground Zero Approach,380,CRITICAL,RED
1772039545238,A2D2-4F2A,FLT-4F2A-001,25.779250,-80.191527,31.5,42,0,M300 RTK,true,drone_images/M300 RTK_withpayload.png,25.775000,-80.197000,25.774500,-80.197300,apolloshield_dji,dji,,,2414500000,RADAR-A2D2-4F2A,Sensor Downtown Miami Ground Zero Approach,380,CRITICAL,RED
1772039546493,A2D2-4F2A,FLT-4F2A-001,25.779250,-80.191527,31.5,42,0,M300 RTK,true,drone_images/M300 RTK_withpayload.png,25.775000,-80.197000,25.774500,-80.197300,apolloshield_dji,dji,,,2414500000,RADAR-A2D2-4F2A,Sensor Downtown Miami Ground Zero Approach,380,CRITICAL,RED
1772039547017,A2D2-4F2A,FLT-4F2A-001,25.779250,-80.191527,31.5,42,0,M300 RTK,true,drone_images/M300 RTK_withpayload.png,25.775000,-80.197000,25.774500,-80.197300,apolloshield_dji,dji,,,2414500000,RADAR-A2D2-4F2A,Sensor Downtown Miami Ground Zero Approach,380,CRITICAL,RED
1772039548689,A2D2-4F2A,FLT-4F2A-001,25.779250,-80.191527,31.5,42,0,M300 RTK,true,drone_images/M300 RTK_withpayload.png,25.775000,-80.197000,25.774500,-80.197300,apolloshield_dji,dji,,,2414500000,RADAR-A2D2-4F2A,Sensor Downtown Miami Ground Zero Approach,380,CRITICAL,RED
1772039548950,A2D2-4F2A,FLT-4F2A-001,25.779250,-80.191527,31.5,42,0,M300 RTK,true,drone_images/M300 RTK_withpayload.png,25.775000,-80.197000,25.774500,-80.197300,apolloshield_dji,dji,,,2414500000,RADAR-A2D2-4F2A,Sensor Downtown Miami Ground Zero Approach,380,CRITICAL,RED
1772039550691,A2D2-4F2A,FLT-4F2A-001,25.779250,-80.191527,31.5,42,0,M300 RTK,true,drone_images/M300 RTK_withpayload.png,25.775000,-80.197000,25.774500,-80.197300,apolloshield_dji,dji,,,2414500000,RADAR-A2D2-4F2A,Sensor Downtown Miami Ground Zero Approach,380,CRITICAL,RED
1772039551078,A2D2-4F2A,FLT-4F2A-001,25.779250,-80.191527,31.5,42,0,M300 RTK,true,drone_images/M300 RTK_withpayload.png,25.775000,-80.197000,25.774500,-80.197300,apolloshield_dji,dji,,,2414500000,RADAR-A2D2-4F2A,Sensor Downtown Miami Ground Zero Approach,380,CRITICAL,RED
1772039551995,A2D2-4F2A,FLT-4F2A-001,25.779250,-80.191527,31.5,42,0,M300 RTK,true,drone_images/M300 RTK_withpayload.png,25.775000,-80.197000,25.774500,-80.197300,apolloshield_dji,dji,,,2414500000,RADAR-A2D2-4F2A,Sensor Downtown Miami Ground Zero Approach,380,CRITICAL,RED
1772039552940,A2D2-4F2A,FLT-4F2A-001,25.779250,-80.191527,31.5,42,0,M300 RTK,true,drone_images/M300 RTK_withpayload.png,25.775000,-80.197000,25.774500,-80.197300,apolloshield_dji,dji,,,2414500000,RADAR-A2D2-4F2A,Sensor Downtown Miami Ground Zero Approach,380,CRITICAL,RED
1772039554042,A2D2-4F2A,FLT-4F2A-001,25.779250,-80.191527,31.5,42,0,M300 RTK,true,drone_images/M300 RTK_withpayload.png,25.775000,-80.197000,25.774500,-80.197300,apolloshield_dji,dji,,,2414500000,RADAR-A2D2-4F2A,Sensor Downtown Miami Ground Zero Approach,380,CRITICAL,RED
1772039554992,A2D2-4F2A,FLT-4F2A-001,25.779250,-80.191527,31.5,42,0,M300 RTK,true,drone_images/M300 RTK_withpayload.png,25.775000,-80.197000,25.774500,-80.197300,apolloshield_dji,dji,,,2414500000,RADAR-A2D2-4F2A,Sensor Downtown Miami Ground Zero Approach,380,CRITICAL,RED
1772039556191,A2D2-4F2A,FLT-4F2A-001,25.779250,-80.191527,31.6,0.1,0,M300 RTK,true,drone_images/M300 RTK_withpayload.png,25.775000,-80.197000,25.774500,-80.197300,apolloshield_dji,dji,,,2414500000,RADAR-A2D2-4F2A,Sensor Downtown Miami Ground Zero Approach,380,CRITICAL,RED
1772039556864,A2D2-4F2A,FLT-4F2A-001,25.779250,-80.191527,31.6,0.1,0,M300 RTK,true,drone_images/M300 RTK_withpayload.png,25.775000,-80.197000,25.774500,-80.197300,apolloshield_dji,dji,,,2414500000,RADAR-A2D2-4F2A,Sensor Downtown Miami Ground Zero Approach,380,CRITICAL,RED
1772039557760,A2D2-4F2A,FLT-4F2A-001,25.779250,-80.191527,31.6,0.1,0,M300 RTK,true,drone_images/M300 RTK_withpayload.png,25.775000,-80.197000,25.774500,-80.197300,apolloshield_dji,dji,,,2414500000,RADAR-A2D2-4F2A,Sensor Downtown Miami Ground Zero Approach,380,CRITICAL,RED
1772039558854,A2D2-4F2A,FLT-4F2A-001,25.779250,-80.191527,31.6,0.1,0,M300 RTK,true,drone_images/M300 RTK_withpayload.png,25.775000,-80.197000,25.774500,-80.197300,apolloshield_dji,dji,,,2414500000,RADAR-A2D2-4F2A,Sensor Downtown Miami Ground Zero Approach,380,CRITICAL,RED
1772039559656,A2D2-4F2A,FLT-4F2A-001,25.779250,-80.191527,31.6,0.1,0,M300 RTK,true,drone_images/M300 RTK_withpayload.png,25.775000,-80.197000,25.774500,-80.197300,apolloshield_dji,dji,,,2414500000,RADAR-A2D2-4F2A,Sensor Downtown Miami Ground Zero Approach,380,CRITICAL,RED
1772039560738,A2D2-4F2A,FLT-4F2A-001,25.779250,-80.191527,31.6,0.1,0,M300 RTK,true,drone_images/M300 RTK_withpayload.png,25.775000,-80.197000,25.774500,-80.197300,apolloshield_dji,dji,,,2414500000,RADAR-A2D2-4F2A,Sensor Downtown Miami Ground Zero Approach,380,CRITICAL,RED
1772039561835,A2D2-4F2A,FLT-4F2A-001,25.779250,-80.191527,31.6,42,0,M300 RTK,true,drone_images/M300 RTK_withpayload.png,25.775000,-80.197000,25.774500,-80.197300,apolloshield_dji,dji,,,2414500000,RADAR-A2D2-4F2A,Sensor Downtown Miami Ground Zero Approach,380,CRITICAL,RED
1772039563438,A2D2-4F2A,FLT-4F2A-001,25.779250,-80.191527,31.6,42,0,M300 RTK,true,drone_images/M300 RTK_withpayload.png,25.775000,-80.197000,25.774500,-80.197300,apolloshield_dji,dji,,,2414500000,RADAR-A2D2-4F2A,Sensor Downtown Miami Ground Zero Approach,380,CRITICAL,RED
1772039563872,A2D2-4F2A,FLT-4F2A-001,25.779250,-80.191527,31.6,42,0,M300 RTK,true,drone_images/M300 RTK_withpayload.png,25.775000,-80.197000,25.774500,-80.197300,apolloshield_dji,dji,,,2414500000,RADAR-A2D2-4F2A,Sensor Downtown Miami Ground Zero Approach,380,CRITICAL,RED
1772039564645,A2D2-4F2A,FLT-4F2A-001,25.779250,-80.191527,31.6,42,0,M300 RTK,true,drone_images/M300 RTK_withpayload.png,25.775000,-80.197000,25.774500,-80.197300,apolloshield_dji,dji,,,2414500000,RADAR-A2D2-4F2A,Sensor Downtown Miami Ground Zero Approach,380,CRITICAL,RED
1772039566051,A2D2-4F2A,FLT-4F2A-001,25.779250,-80.191527,31.6,42,0,M300 RTK,true,drone_images/M300 RTK_withpayload.png,25.775000,-80.197000,25.774500,-80.197300,apolloshield_dji,dji,,,2414500000,RADAR-A2D2-4F2A,Sensor Downtown Miami Ground Zero Approach,380,CRITICAL,RED
1772039566693,A2D2-4F2A,FLT-4F2A-001,25.779250,-80.191527,31.6,42,0,M300 RTK,true,drone_images/M300 RTK_withpayload.png,25.775000,-80.197000,25.774500,-80.197300,apolloshield_dji,dji,,,2414500000,RADAR-A2D2-4F2A,Sensor Downtown Miami Ground Zero Approach,380,CRITICAL,RED
1772039568207,A2D2-4F2A,FLT-4F2A-001,25.779250,-80.191527,31.6,42,0,M300 RTK,true,drone_images/M300 RTK_withpayload.png,25.775000,-80.197000,25.774500,-80.197300,apolloshield_dji,dji,,,2414500000,RADAR-A2D2-4F2A,Sensor Downtown Miami Ground Zero Approach,380,CRITICAL,RED
1772039569037,A2D2-4F2A,FLT-4F2A-001,25.779250,-80.191527,31.6,42,0,M300 RTK,true,drone_images/M300 RTK_withpayload.png,25.775000,-80.197000,25.774500,-80.197300,apolloshield_dji,dji,,,2414500000,RADAR-A2D2-4F2A,Sensor Downtown Miami Ground Zero Approach,380,CRITICAL,RED
1772039570417,A2D2-4F2A,FLT-4F2A-001,25.779250,-80.191527,31.6,42,0,M300 RTK,true,drone_images/M300 RTK_withpayload.png,25.775000,-80.197000,25.774500,-80.197300,apolloshield_dji,dji,,,2414500000,RADAR-A2D2-4F2A,Sensor Downtown Miami Ground Zero Approach,380,CRITICAL,RED
1772039570711,A2D2-4F2A,FLT-4F2A-001,25.779153,-80.191011,53,12,0,M300 RTK,true,drone_images/M300 RTK_withpayload.png,25.775000,-80.197000,25.774500,-80.197300,apolloshield_dji,dji,,,2414500000,RADAR-A2D2-4F2A,Sensor Downtown Miami Ground Zero Approach,380,CRITICAL,RED
1772039571770,A2D2-4F2A,FLT-4F2A-001,25.779164,-80.190948,53,12.1,0,M300 RTK,true,drone_images/M300 RTK_withpayload.png,25.775000,-80.197000,25.774500,-80.197300,apolloshield_dji,dji,,,2414500000,RADAR-A2D2-4F2A,Sensor Downtown Miami Ground Zero Approach,380,CRITICAL,RED
1772039572996,A2D2-4F2A,FLT-4F2A-001,25.779164,-80.190948,53,12.1,0,M300 RTK,true,drone_images/M300 RTK_withpayload.png,25.775000,-80.197000,25.774500,-80.197300,apolloshield_dji,dji,,,2414500000,RADAR-A2D2-4F2A,Sensor Downtown Miami Ground Zero Approach,380,CRITICAL,RED
1772039573867,A2D2-4F2A,FLT-4F2A-001,25.779164,-80.190948,53,12.1,0,M300 RTK,true,drone_images/M300 RTK_withpayload.png,25.775000,-80.197000,25.774500,-80.197300,apolloshield_dji,dji,,,2414500000,RADAR-A2D2-4F2A,Sensor Downtown Miami Ground Zero Approach,380,CRITICAL,RED
1772039574986,A2D2-4F2A,FLT-4F2A-001,25.779055,-80.190696,52.7,10,0,M300 RTK,true,drone_images/M300 RTK_withpayload.png,25.775000,-80.197000,25.774500,-80.197300,apolloshield_dji,dji,,,2414500000,RADAR-A2D2-4F2A,Sensor Downtown Miami Ground Zero Approach,380,CRITICAL,RED
1772039575855,A2D2-4F2A,FLT-4F2A-001,25.778952,-80.190650,52.7,7.6,0,M300 RTK,true,drone_images/M300 RTK_withpayload.png,25.775000,-80.197000,25.774500,-80.197300,apolloshield_dji,dji,,,2414500000,RADAR-A2D2-4F2A,Sensor Downtown Miami Ground Zero Approach,380,CRITICAL,RED
1772039576733,A2D2-4F2A,FLT-4F2A-001,25.778952,-80.190650,52.7,7.6,0,M300 RTK,true,drone_images/M300 RTK_withpayload.png,25.775000,-80.197000,25.774500,-80.197300,apolloshield_dji,dji,,,2414500000,RADAR-A2D2-4F2A,Sensor Downtown Miami Ground Zero Approach,380,CRITICAL,RED
1772039578040,A2D2-4F2A,FLT-4F2A-001,25.778889,-80.190639,52.7,6.9,0,M300 RTK,true,drone_images/M300 RTK_withpayload.png,25.775000,-80.197000,25.774500,-80.197300,apolloshield_dji,dji,,,2414500000,RADAR-A2D2-4F2A,Sensor Downtown Miami Ground Zero Approach,380,CRITICAL,RED
1772039579050,A2D2-4F2A,FLT-4F2A-001,25.778803,-80.190667,47,3,0,M300 RTK,true,drone_images/M300 RTK_withpayload.png,25.775000,-80.197000,25.774500,-80.197300,apolloshield_dji,dji,,,2414500000,RADAR-A2D2-4F2A,Sensor Downtown Miami Ground Zero Approach,380,CRITICAL,RED
1772039580081,A2D2-4F2A,FLT-4F2A-001,25.778803,-80.190667,47,3,0,M300 RTK,true,drone_images/M300 RTK_withpayload.png,25.775000,-80.197000,25.774500,-80.197300,apolloshield_dji,dji,,,2414500000,RADAR-A2D2-4F2A,Sensor Downtown Miami Ground Zero Approach,380,CRITICAL,RED
1772039581117,A2D2-4F2A,FLT-4F2A-001,25.778815,-80.190679,41.7,0.2,0,M300 RTK,true,drone_images/M300 RTK_withpayload.png,25.775000,-80.197000,25.774500,-80.197300,apolloshield_dji,dji,,,2414500000,RADAR-A2D2-4F2A,Sensor Downtown Miami Ground Zero Approach,380,CRITICAL,RED
1772039581782,A2D2-4F2A,FLT-4F2A-001,25.778815,-80.190679,41.7,0.2,0,M300 RTK,true,drone_images/M300 RTK_withpayload.png,25.775000,-80.197000,25.774500,-80.197300,apolloshield_dji,dji,,,2414500000,RADAR-A2D2-4F2A,Sensor Downtown Miami Ground Zero Approach,380,CRITICAL,RED
1772039582810,A2D2-4F2A,FLT-4F2A-001,25.778815,-80.190679,41.7,0.2,0,M300 RTK,true,drone_images/M300 RTK_withpayload.png,25.775000,-80.197000,25.774500,-80.197300,apolloshield_dji,dji,,,2414500000,RADAR-A2D2-4F2A,Sensor Downtown Miami Ground Zero Approach,380,CRITICAL,RED
1772039584339,A2D2-4F2A,FLT-4F2A-001,25.778815,-80.190679,41.7,0.2,0,M300 RTK,true,drone_images/M300 RTK_withpayload.png,25.775000,-80.197000,25.774500,-80.197300,apolloshield_dji,dji,,,2414500000,RADAR-A2D2-4F2A,Sensor Downtown Miami Ground Zero Approach,380,CRITICAL,RED
1772039585844,A2D2-4F2A,FLT-4F2A-001,25.778643,-80.190633,48.4,3.5,0,M300 RTK,true,drone_images/M300 RTK_withpayload.png,25.775000,-80.197000,25.774500,-80.197300,apolloshield_dji,dji,,,2414500000,RADAR-A2D2-4F2A,Sensor Downtown Miami Ground Zero Approach,380,CRITICAL,RED
1772039586199,A2D2-4F2A,FLT-4F2A-001,25.778643,-80.190633,48.4,3.5,0,M300 RTK,true,drone_images/M300 RTK_withpayload.png,25.775000,-80.197000,25.774500,-80.197300,apolloshield_dji,dji,,,2414500000,RADAR-A2D2-4F2A,Sensor Downtown Miami Ground Zero Approach,380,CRITICAL,RED
1772039586758,A2D2-4F2A,FLT-4F2A-001,25.778643,-80.190633,48.4,3.5,0,M300 RTK,true,drone_images/M300 RTK_withpayload.png,25.775000,-80.197000,25.774500,-80.197300,apolloshield_dji,dji,,,2414500000,RADAR-A2D2-4F2A,Sensor Downtown Miami Ground Zero Approach,380,CRITICAL,RED
1772039587791,A2D2-4F2A,FLT-4F2A-001,25.778643,-80.190633,48.4,3.5,0,M300 RTK,true,drone_images/M300 RTK_withpayload.png,25.775000,-80.197000,25.774500,-80.197300,apolloshield_dji,dji,,,2414500000,RADAR-A2D2-4F2A,Sensor Downtown Miami Ground Zero Approach,380,CRITICAL,RED
1772039588863,A2D2-4F2A,FLT-4F2A-001,25.778643,-80.190633,48.4,3.5,0,M300 RTK,true,drone_images/M300 RTK_withpayload.png,25.775000,-80.197000,25.774500,-80.197300,apolloshield_dji,dji,,,2414500000,RADAR-A2D2-4F2A,Sensor Downtown Miami Ground Zero Approach,380,CRITICAL,RED
1772039590008,A2D2-4F2A,FLT-4F2A-001,25.778803,-80.190656,37.7,0.3,0,M300 RTK,true,drone_images/M300 RTK_withpayload.png,25.775000,-80.197000,25.774500,-80.197300,apolloshield_dji,dji,,,2414500000,RADAR-A2D2-4F2A,Sensor Downtown Miami Ground Zero Approach,380,CRITICAL,RED
1772039591585,A2D2-4F2A,FLT-4F2A-001,25.778798,-80.190662,37.7,1,0,M300 RTK,true,drone_images/M300 RTK_withpayload.png,25.775000,-80.197000,25.774500,-80.197300,apolloshield_dji,dji,,,2414500000,RADAR-A2D2-4F2A,Sensor Downtown Miami Ground Zero Approach,380,CRITICAL,RED
1772039592006,A2D2-4F2A,FLT-4F2A-001,25.778798,-80.190662,37.7,1,0,M300 RTK,true,drone_images/M300 RTK_withpayload.png,25.775000,-80.197000,25.774500,-80.197300,apolloshield_dji,dji,,,2414500000,RADAR-A2D2-4F2A,Sensor Downtown Miami Ground Zero Approach,380,CRITICAL,RED
1772039592715,A2D2-4F2A,FLT-4F2A-001,25.778798,-80.190662,37.7,1,0,M300 RTK,true,drone_images/M300 RTK_withpayload.png,25.775000,-80.197000,25.774500,-80.197300,apolloshield_dji,dji,,,2414500000,RADAR-A2D2-4F2A,Sensor Downtown Miami Ground Zero Approach,380,CRITICAL,RED
1772039593847,A2D2-4F2A,FLT-4F2A-001,25.778798,-80.190662,37.7,1,0,M300 RTK,true,drone_images/M300 RTK_withpayload.png,25.775000,-80.197000,25.774500,-80.197300,apolloshield_dji,dji,,,2414500000,RADAR-A2D2-4F2A,Sensor Downtown Miami Ground Zero Approach,380,CRITICAL,RED
1772039594996,A2D2-4F2A,FLT-4F2A-001,25.778798,-80.190662,37.7,1,0,M300 RTK,true,drone_images/M300 RTK_withpayload.png,25.775000,-80.197000,25.774500,-80.197300,apolloshield_dji,dji,,,2414500000,RADAR-A2D2-4F2A,Sensor Downtown Miami Ground Zero Approach,380,CRITICAL,RED
1772039596092,A2D2-4F2A,FLT-4F2A-001,25.778798,-80.190662,37.7,1,0,M300 RTK,true,drone_images/M300 RTK_withpayload.png,25.775000,-80.197000,25.774500,-80.197300,apolloshield_dji,dji,,,2414500000,RADAR-A2D2-4F2A,Sensor Downtown Miami Ground Zero Approach,380,CRITICAL,RED
1772039596885,A2D2-4F2A,FLT-4F2A-001,25.778798,-80.190662,37.7,1,0,M300 RTK,true,drone_images/M300 RTK_withpayload.png,25.775000,-80.197000,25.774500,-80.197300,apolloshield_dji,dji,,,2414500000,RADAR-A2D2-4F2A,Sensor Downtown Miami Ground Zero Approach,380,CRITICAL,RED
1772039597716,A2D2-4F2A,FLT-4F2A-001,25.778798,-80.190662,37.7,1,0,M300 RTK,true,drone_images/M300 RTK_withpayload.png,25.775000,-80.197000,25.774500,-80.197300,apolloshield_dji,dji,,,2414500000,RADAR-A2D2-4F2A,Sensor Downtown Miami Ground Zero Approach,380,CRITICAL,RED
1772039598959,A2D2-4F2A,FLT-4F2A-001,25.778798,-80.190662,37.7,1,0,M300 RTK,true,drone_images/M300 RTK_withpayload.png,25.775000,-80.197000,25.774500,-80.197300,apolloshield_dji,dji,,,2414500000,RADAR-A2D2-4F2A,Sensor Downtown Miami Ground Zero Approach,380,CRITICAL,RED
1772039599969,A2D2-4F2A,FLT-4F2A-001,25.778798,-80.190662,37.7,1,0,M300 RTK,true,drone_images/M300 RTK_withpayload.png,25.775000,-80.197000,25.774500,-80.197300,apolloshield_dji,dji,,,2414500000,RADAR-A2D2-4F2A,Sensor Downtown Miami Ground Zero Approach,380,CRITICAL,RED
1772039600905,A2D2-4F2A,FLT-4F2A-001,25.778798,-80.190662,37.7,1,0,M300 RTK,true,drone_images/M300 RTK_withpayload.png,25.775000,-80.197000,25.774500,-80.197300,apolloshield_dji,dji,,,2414500000,RADAR-A2D2-4F2A,Sensor Downtown Miami Ground Zero Approach,380,CRITICAL,RED
1772039601644,A2D2-4F2A,FLT-4F2A-001,25.778798,-80.190662,37.7,1,0,M300 RTK,true,drone_images/M300 RTK_withpayload.png,25.775000,-80.197000,25.774500,-80.197300,apolloshield_dji,dji,,,2414500000,RADAR-A2D2-4F2A,Sensor Downtown Miami Ground Zero Approach,380,CRITICAL,RED
1772039602668,A2D2-4F2A,FLT-4F2A-001,25.778798,-80.190662,37.7,1,0,M300 RTK,true,drone_images/M300 RTK_withpayload.png,25.775000,-80.197000,25.774500,-80.197300,apolloshield_dji,dji,,,2414500000,RADAR-A2D2-4F2A,Sensor Downtown Miami Ground Zero Approach,380,CRITICAL,RED
1772039603773,A2D2-4F2A,FLT-4F2A-001,25.778798,-80.190662,37.7,1,0,M300 RTK,true,drone_images/M300 RTK_withpayload.png,25.775000,-80.197000,25.774500,-80.197300,apolloshield_dji,dji,,,2414500000,RADAR-A2D2-4F2A,Sensor Downtown Miami Ground Zero Approach,380,CRITICAL,RED
1772039604910,A2D2-4F2A,FLT-4F2A-001,25.778798,-80.190662,37.7,1,0,M300 RTK,true,drone_images/M300 RTK_withpayload.png,25.775000,-80.197000,25.774500,-80.197300,apolloshield_dji,dji,,,2414500000,RADAR-A2D2-4F2A,Sensor Downtown Miami Ground Zero Approach,380,CRITICAL,RED
1772039606052,A2D2-4F2A,FLT-4F2A-001,25.778798,-80.190662,37.7,1,0,M300 RTK,true,drone_images/M300 RTK_withpayload.png,25.775000,-80.197000,25.774500,-80.197300,apolloshield_dji,dji,,,2414500000,RADAR-A2D2-4F2A,Sensor Downtown Miami Ground Zero Approach,380,CRITICAL,RED
1772039607173,A2D2-4F2A,FLT-4F2A-001,25.778798,-80.190662,37.7,1,0,M300 RTK,true,drone_images/M300 RTK_withpayload.png,25.775000,-80.197000,25.774500,-80.197300,apolloshield_dji,dji,,,2414500000,RADAR-A2D2-4F2A,Sensor Downtown Miami Ground Zero Approach,380,CRITICAL,RED
1772039607836,A2D2-4F2A,FLT-4F2A-001,25.779055,-80.191000,61.3,6.3,0,M300 RTK,true,drone_images/M300 RTK_withpayload.png,25.775000,-80.197000,25.774500,-80.197300,apolloshield_dji,dji,,,2414500000,RADAR-A2D2-4F2A,Sensor Downtown Miami Ground Zero Approach,380,CRITICAL,RED
1772039609097,A2D2-4F2A,FLT-4F2A-001,25.779055,-80.191000,61.3,6.3,0,M300 RTK,true,drone_images/M300 RTK_withpayload.png,25.775000,-80.197000,25.774500,-80.197300,apolloshield_dji,dji,,,2414500000,RADAR-A2D2-4F2A,Sensor Downtown Miami Ground Zero Approach,380,CRITICAL,RED
1772039610759,A2D2-4F2A,FLT-4F2A-001,25.779055,-80.191000,61.3,6.3,0,M300 RTK,true,drone_images/M300 RTK_withpayload.png,25.775000,-80.197000,25.774500,-80.197300,apolloshield_dji,dji,,,2414500000,RADAR-A2D2-4F2A,Sensor Downtown Miami Ground Zero Approach,380,CRITICAL,RED
1772039610980,A2D2-4F2A,FLT-4F2A-001,25.779055,-80.191000,61.3,6.3,0,M300 RTK,true,drone_images/M300 RTK_withpayload.png,25.775000,-80.197000,25.774500,-80.197300,apolloshield_dji,dji,,,2414500000,RADAR-A2D2-4F2A,Sensor Downtown Miami Ground Zero Approach,380,CRITICAL,RED
1772039612820,A2D2-4F2A,FLT-4F2A-001,25.779055,-80.191000,61.3,6.3,0,M300 RTK,true,drone_images/M300 RTK_withpayload.png,25.775000,-80.197000,25.774500,-80.197300,apolloshield_dji,dji,,,2414500000,RADAR-A2D2-4F2A,Sensor Downtown Miami Ground Zero Approach,380,CRITICAL,RED
1772039613246,A2D2-4F2A,FLT-4F2A-001,25.779027,-80.191097,51.3,1.4,0,M300 RTK,true,drone_images/M300 RTK_withpayload.png,25.775000,-80.197000,25.774500,-80.197300,apolloshield_dji,dji,,,2414500000,RADAR-A2D2-4F2A,Sensor Downtown Miami Ground Zero Approach,380,CRITICAL,RED
1772039614004,A2D2-4F2A,FLT-4F2A-001,25.779027,-80.191097,51.3,1.4,0,M300 RTK,true,drone_images/M300 RTK_withpayload.png,25.775000,-80.197000,25.774500,-80.197300,apolloshield_dji,dji,,,2414500000,RADAR-A2D2-4F2A,Sensor Downtown Miami Ground Zero Approach,380,CRITICAL,RED
1772039614694,A2D2-4F2A,FLT-4F2A-001,25.779027,-80.191097,51.3,1.4,0,M300 RTK,true,drone_images/M300 RTK_withpayload.png,25.775000,-80.197000,25.774500,-80.197300,apolloshield_dji,dji,,,2414500000,RADAR-A2D2-4F2A,Sensor Downtown Miami Ground Zero Approach,380,CRITICAL,RED
1772039615995,A2D2-4F2A,FLT-4F2A-001,25.779015,-80.191109,51.3,0.1,0,M300 RTK,true,drone_images/M300 RTK_withpayload.png,25.775000,-80.197000,25.774500,-80.197300,apolloshield_dji,dji,,,2414500000,RADAR-A2D2-4F2A,Sensor Downtown Miami Ground Zero Approach,380,CRITICAL,RED
1772039617343,A2D2-4F2A,FLT-4F2A-001,25.779015,-80.191109,51.3,0.2,0,M300 RTK,true,drone_images/M300 RTK_withpayload.png,25.775000,-80.197000,25.774500,-80.197300,apolloshield_dji,dji,,,2414500000,RADAR-A2D2-4F2A,Sensor Downtown Miami Ground Zero Approach,380,CRITICAL,RED
1772039617854,A2D2-4F2A,FLT-4F2A-001,25.779015,-80.191109,51.3,0.2,0,M300 RTK,true,drone_images/M300 RTK_withpayload.png,25.775000,-80.197000,25.774500,-80.197300,apolloshield_dji,dji,,,2414500000,RADAR-A2D2-4F2A,Sensor Downtown Miami Ground Zero Approach,380,CRITICAL,RED
1772039618850,A2D2-4F2A,FLT-4F2A-001,25.779015,-80.191109,51.3,0.2,0,M300 RTK,true,drone_images/M300 RTK_withpayload.png,25.775000,-80.197000,25.774500,-80.197300,apolloshield_dji,dji,,,2414500000,RADAR-A2D2-4F2A,Sensor Downtown Miami Ground Zero Approach,380,CRITICAL,RED
1772039619988,A2D2-4F2A,FLT-4F2A-001,25.779015,-80.191109,51.3,0.2,0,M300 RTK,true,drone_images/M300 RTK_withpayload.png,25.775000,-80.197000,25.774500,-80.197300,apolloshield_dji,dji,,,2414500000,RADAR-A2D2-4F2A,Sensor Downtown Miami Ground Zero Approach,380,CRITICAL,RED
1772039621157,A2D2-4F2A,FLT-4F2A-001,25.779015,-80.191114,51.6,0.8,0,M300 RTK,true,drone_images/M300 RTK_withpayload.png,25.775000,-80.197000,25.774500,-80.197300,apolloshield_dji,dji,,,2414500000,RADAR-A2D2-4F2A,Sensor Downtown Miami Ground Zero Approach,380,CRITICAL,RED
1772039622008,A2D2-4F2A,FLT-4F2A-001,25.779015,-80.191114,51.6,0.8,0,M300 RTK,true,drone_images/M300 RTK_withpayload.png,25.775000,-80.197000,25.774500,-80.197300,apolloshield_dji,dji,,,2414500000,RADAR-A2D2-4F2A,Sensor Downtown Miami Ground Zero Approach,380,CRITICAL,RED
1772039622802,A2D2-4F2A,FLT-4F2A-001,25.779015,-80.191114,51.6,0.8,0,M300 RTK,true,drone_images/M300 RTK_withpayload.png,25.775000,-80.197000,25.774500,-80.197300,apolloshield_dji,dji,,,2414500000,RADAR-A2D2-4F2A,Sensor Downtown Miami Ground Zero Approach,380,CRITICAL,RED
1772039623687,A2D2-4F2A,FLT-4F2A-001,25.779015,-80.191114,51.6,0.8,0,M300 RTK,true,drone_images/M300 RTK_withpayload.png,25.775000,-80.197000,25.774500,-80.197300,apolloshield_dji,dji,,,2414500000,RADAR-A2D2-4F2A,Sensor Downtown Miami Ground Zero Approach,380,CRITICAL,RED
1772039624996,A2D2-4F2A,FLT-4F2A-001,25.779015,-80.191114,51.6,0.8,0,M300 RTK,true,drone_images/M300 RTK_withpayload.png,25.775000,-80.197000,25.774500,-80.197300,apolloshield_dji,dji,,,2414500000,RADAR-A2D2-4F2A,Sensor Downtown Miami Ground Zero Approach,380,CRITICAL,RED
1772039626081,A2D2-4F2A,FLT-4F2A-001,25.779233,-80.191292,62.8,5.4,0,M300 RTK,true,drone_images/M300 RTK_withpayload.png,25.775000,-80.197000,25.774500,-80.197300,apolloshield_dji,dji,,,2414500000,RADAR-A2D2-4F2A,Sensor Downtown Miami Ground Zero Approach,380,CRITICAL,RED
1772039627234,A2D2-4F2A,FLT-4F2A-001,25.779233,-80.191292,62.8,5.4,0,M300 RTK,true,drone_images/M300 RTK_withpayload.png,25.775000,-80.197000,25.774500,-80.197300,apolloshield_dji,dji,,,2414500000,RADAR-A2D2-4F2A,Sensor Downtown Miami Ground Zero Approach,380,CRITICAL,RED
1772039628001,A2D2-4F2A,FLT-4F2A-001,25.779233,-80.191292,62.8,5.4,0,M300 RTK,true,drone_images/M300 RTK_withpayload.png,25.775000,-80.197000,25.774500,-80.197300,apolloshield_dji,dji,,,2414500000,RADAR-A2D2-4F2A,Sensor Downtown Miami Ground Zero Approach,380,CRITICAL,RED
1772039628916,A2D2-4F2A,FLT-4F2A-001,25.779233,-80.191292,62.8,5.4,0,M300 RTK,true,drone_images/M300 RTK_withpayload.png,25.775000,-80.197000,25.774500,-80.197300,apolloshield_dji,dji,,,2414500000,RADAR-A2D2-4F2A,Sensor Downtown Miami Ground Zero Approach,380,CRITICAL,RED
1772039629853,A2D2-4F2A,FLT-4F2A-001,25.779233,-80.191292,62.8,5.4,0,M300 RTK,true,drone_images/M300 RTK_withpayload.png,25.775000,-80.197000,25.774500,-80.197300,apolloshield_dji,dji,,,2414500000,RADAR-A2D2-4F2A,Sensor Downtown Miami Ground Zero Approach,380,CRITICAL,RED
1772039630901,A2D2-4F2A,FLT-4F2A-001,25.779233,-80.191292,62.8,5.4,0,M300 RTK,true,drone_images/M300 RTK_withpayload.png,25.775000,-80.197000,25.774500,-80.197300,apolloshield_dji,dji,,,2414500000,RADAR-A2D2-4F2A,Sensor Downtown Miami Ground Zero Approach,380,CRITICAL,RED
1772039632602,A2D2-4F2A,FLT-4F2A-001,25.779233,-80.191292,62.8,5.4,0,M300 RTK,true,drone_images/M300 RTK_withpayload.png,25.775000,-80.197000,25.774500,-80.197300,apolloshield_dji,dji,,,2414500000,RADAR-A2D2-4F2A,Sensor Downtown Miami Ground Zero Approach,380,CRITICAL,RED
1772039633335,A2D2-4F2A,FLT-4F2A-001,25.779233,-80.191292,62.8,5.4,0,M300 RTK,true,drone_images/M300 RTK_withpayload.png,25.775000,-80.197000,25.774500,-80.197300,apolloshield_dji,dji,,,2414500000,RADAR-A2D2-4F2A,Sensor Downtown Miami Ground Zero Approach,380,CRITICAL,RED
1772039633869,A2D2-4F2A,FLT-4F2A-001,25.779273,-80.191258,62.8,0.6,0,M300 RTK,true,drone_images/M300 RTK_withpayload.png,25.775000,-80.197000,25.774500,-80.197300,apolloshield_dji,dji,,,2414500000,RADAR-A2D2-4F2A,Sensor Downtown Miami Ground Zero Approach,380,CRITICAL,RED
1772039634770,A2D2-4F2A,FLT-4F2A-001,25.779273,-80.191258,62.8,0.6,0,M300 RTK,true,drone_images/M300 RTK_withpayload.png,25.775000,-80.197000,25.774500,-80.197300,apolloshield_dji,dji,,,2414500000,RADAR-A2D2-4F2A,Sensor Downtown Miami Ground Zero Approach,380,CRITICAL,RED
1772039635816,A2D2-4F2A,FLT-4F2A-001,25.779273,-80.191258,62.8,0.6,0,M300 RTK,true,drone_images/M300 RTK_withpayload.png,25.775000,-80.197000,25.774500,-80.197300,apolloshield_dji,dji,,,2414500000,RADAR-A2D2-4F2A,Sensor Downtown Miami Ground Zero Approach,380,CRITICAL,RED
1772039637098,A2D2-4F2A,FLT-4F2A-001,25.779273,-80.191258,62.8,0.6,0,M300 RTK,true,drone_images/M300 RTK_withpayload.png,25.775000,-80.197000,25.774500,-80.197300,apolloshield_dji,dji,,,2414500000,RADAR-A2D2-4F2A,Sensor Downtown Miami Ground Zero Approach,380,CRITICAL,RED
1772039638243,A2D2-4F2A,FLT-4F2A-001,25.779365,-80.191607,62.8,12.3,0,M300 RTK,true,drone_images/M300 RTK_withpayload.png,25.775000,-80.197000,25.774500,-80.197300,apolloshield_dji,dji,,,2414500000,RADAR-A2D2-4F2A,Sensor Downtown Miami Ground Zero Approach,380,CRITICAL,RED
1772039639163,A2D2-4F2A,FLT-4F2A-001,25.779365,-80.191607,62.8,12.3,0,M300 RTK,true,drone_images/M300 RTK_withpayload.png,25.775000,-80.197000,25.774500,-80.197300,apolloshield_dji,dji,,,2414500000,RADAR-A2D2-4F2A,Sensor Downtown Miami Ground Zero Approach,380,CRITICAL,RED
1772039639952,A2D2-4F2A,FLT-4F2A-001,25.779365,-80.191607,62.8,12.3,0,M300 RTK,true,drone_images/M300 RTK_withpayload.png,25.775000,-80.197000,25.774500,-80.197300,apolloshield_dji,dji,,,2414500000,RADAR-A2D2-4F2A,Sensor Downtown Miami Ground Zero Approach,380,CRITICAL,RED
1772039641055,A2D2-4F2A,FLT-4F2A-001,25.779365,-80.191607,62.8,12.3,0,M300 RTK,true,drone_images/M300 RTK_withpayload.png,25.775000,-80.197000,25.774500,-80.197300,apolloshield_dji,dji,,,2414500000,RADAR-A2D2-4F2A,Sensor Downtown Miami Ground Zero Approach,380,CRITICAL,RED
1772039642055,A2D2-4F2A,FLT-4F2A-001,25.779365,-80.191607,62.8,12.3,0,M300 RTK,true,drone_images/M300 RTK_withpayload.png,25.775000,-80.197000,25.774500,-80.197300,apolloshield_dji,dji,,,2414500000,RADAR-A2D2-4F2A,Sensor Downtown Miami Ground Zero Approach,380,CRITICAL,RED
1772039643283,A2D2-4F2A,FLT-4F2A-001,25.779365,-80.191607,62.8,12.3,0,M300 RTK,true,drone_images/M300 RTK_withpayload.png,25.775000,-80.197000,25.774500,-80.197300,apolloshield_dji,dji,,,2414500000,RADAR-A2D2-4F2A,Sensor Downtown Miami Ground Zero Approach,380,CRITICAL,RED
1772039643813,A2D2-4F2A,FLT-4F2A-001,25.779405,-80.192295,62.8,14.5,0,M300 RTK,true,drone_images/M300 RTK_withpayload.png,25.775000,-80.197000,25.774500,-80.197300,apolloshield_dji,dji,,,2414500000,RADAR-A2D2-4F2A,Sensor Downtown Miami Ground Zero Approach,380,CRITICAL,RED
1772039645057,A2D2-4F2A,FLT-4F2A-001,25.779405,-80.192295,62.8,14.5,0,M300 RTK,true,drone_images/M300 RTK_withpayload.png,25.775000,-80.197000,25.774500,-80.197300,apolloshield_dji,dji,,,2414500000,RADAR-A2D2-4F2A,Sensor Downtown Miami Ground Zero Approach,380,CRITICAL,RED
1772039646148,A2D2-4F2A,FLT-4F2A-001,25.779405,-80.192295,62.8,14.5,0,M300 RTK,true,drone_images/M300 RTK_withpayload.png,25.775000,-80.197000,25.774500,-80.197300,apolloshield_dji,dji,,,2414500000,RADAR-A2D2-4F2A,Sensor Downtown Miami Ground Zero Approach,380,CRITICAL,RED
1772039646972,A2D2-4F2A,FLT-4F2A-001,25.779393,-80.192816,62.8,10.5,0,M300 RTK,true,drone_images/M300 RTK_withpayload.png,25.775000,-80.197000,25.774500,-80.197300,apolloshield_dji,dji,,,2414500000,RADAR-A2D2-4F2A,Sensor Downtown Miami Ground Zero Approach,380,CRITICAL,RED
1772039647986,A2D2-4F2A,FLT-4F2A-001,25.779422,-80.192856,62.8,8.9,0,M300 RTK,true,drone_images/M300 RTK_withpayload.png,25.775000,-80.197000,25.774500,-80.197300,apolloshield_dji,dji,,,2414500000,RADAR-A2D2-4F2A,Sensor Downtown Miami Ground Zero Approach,380,CRITICAL,RED
1772039649518,A2D2-4F2A,FLT-4F2A-001,25.779422,-80.192856,62.8,8.9,0,M300 RTK,true,drone_images/M300 RTK_withpayload.png,25.775000,-80.197000,25.774500,-80.197300,apolloshield_dji,dji,,,2414500000,RADAR-A2D2-4F2A,Sensor Downtown Miami Ground Zero Approach,380,CRITICAL,RED
1772039650300,A2D2-4F2A,FLT-4F2A-001,25.779422,-80.192856,62.8,8.9,0,M300 RTK,true,drone_images/M300 RTK_withpayload.png,25.775000,-80.197000,25.774500,-80.197300,apolloshield_dji,dji,,,2414500000,RADAR-A2D2-4F2A,Sensor Downtown Miami Ground Zero Approach,380,CRITICAL,RED
1772039651098,A2D2-4F2A,FLT-4F2A-001,25.779422,-80.192856,62.8,8.9,0,M300 RTK,true,drone_images/M300 RTK_withpayload.png,25.775000,-80.197000,25.774500,-80.197300,apolloshield_dji,dji,,,2414500000,RADAR-A2D2-4F2A,Sensor Downtown Miami Ground Zero Approach,380,CRITICAL,RED
1772039652027,A2D2-4F2A,FLT-4F2A-001,25.779571,-80.193240,63,8.7,0,M300 RTK,true,drone_images/M300 RTK_withpayload.png,25.775000,-80.197000,25.774500,-80.197300,apolloshield_dji,dji,,,2414500000,RADAR-A2D2-4F2A,Sensor Downtown Miami Ground Zero Approach,380,CRITICAL,RED
1772039653073,A2D2-4F2A,FLT-4F2A-001,25.779571,-80.193240,63,8.7,0,M300 RTK,true,drone_images/M300 RTK_withpayload.png,25.775000,-80.197000,25.774500,-80.197300,apolloshield_dji,dji,,,2414500000,RADAR-A2D2-4F2A,Sensor Downtown Miami Ground Zero Approach,380,CRITICAL,RED
1772039653771,A2D2-4F2A,FLT-4F2A-001,25.779571,-80.193240,63,8.7,0,M300 RTK,true,drone_images/M300 RTK_withpayload.png,25.775000,-80.197000,25.774500,-80.197300,apolloshield_dji,dji,,,2414500000,RADAR-A2D2-4F2A,Sensor Downtown Miami Ground Zero Approach,380,CRITICAL,RED
1772039655327,A2D2-4F2A,FLT-4F2A-001,25.779571,-80.193240,63,8.7,0,M300 RTK,true,drone_images/M300 RTK_withpayload.png,25.775000,-80.197000,25.774500,-80.197300,apolloshield_dji,dji,,,2414500000,RADAR-A2D2-4F2A,Sensor Downtown Miami Ground Zero Approach,380,CRITICAL,RED
1772039656068,A2D2-4F2A,FLT-4F2A-001,25.779571,-80.193240,63,8.7,0,M300 RTK,true,drone_images/M300 RTK_withpayload.png,25.775000,-80.197000,25.774500,-80.197300,apolloshield_dji,dji,,,2414500000,RADAR-A2D2-4F2A,Sensor Downtown Miami Ground Zero Approach,380,CRITICAL,RED
1772039656814,A2D2-4F2A,FLT-4F2A-001,25.779571,-80.193240,63,8.7,0,M300 RTK,true,drone_images/M300 RTK_withpayload.png,25.775000,-80.197000,25.774500,-80.197300,apolloshield_dji,dji,,,2414500000,RADAR-A2D2-4F2A,Sensor Downtown Miami Ground Zero Approach,380,CRITICAL,RED
1772039657794,A2D2-4F2A,FLT-4F2A-001,25.779571,-80.193240,63,8.7,0,M300 RTK,true,drone_images/M300 RTK_withpayload.png,25.775000,-80.197000,25.774500,-80.197300,apolloshield_dji,dji,,,2414500000,RADAR-A2D2-4F2A,Sensor Downtown Miami Ground Zero Approach,380,CRITICAL,RED
1772039658849,A2D2-4F2A,FLT-4F2A-001,25.779571,-80.193240,63,8.7,0,M300 RTK,true,drone_images/M300 RTK_withpayload.png,25.775000,-80.197000,25.774500,-80.197300,apolloshield_dji,dji,,,2414500000,RADAR-A2D2-4F2A,Sensor Downtown Miami Ground Zero Approach,380,CRITICAL,RED
1772039659787,A2D2-4F2A,FLT-4F2A-001,25.779571,-80.193240,63,8.7,0,M300 RTK,true,drone_images/M300 RTK_withpayload.png,25.775000,-80.197000,25.774500,-80.197300,apolloshield_dji,dji,,,2414500000,RADAR-A2D2-4F2A,Sensor Downtown Miami Ground Zero Approach,380,CRITICAL,RED
1772039661111,A2D2-4F2A,FLT-4F2A-001,25.779846,-80.193286,62.8,11.5,0,M300 RTK,true,drone_images/M300 RTK_withpayload.png,25.775000,-80.197000,25.774500,-80.197300,apolloshield_dji,dji,,,2414500000,RADAR-A2D2-4F2A,Sensor Downtown Miami Ground Zero Approach,380,CRITICAL,RED
1772039662358,A2D2-4F2A,FLT-4F2A-001,25.779846,-80.193286,62.8,11.5,0,M300 RTK,true,drone_images/M300 RTK_withpayload.png,25.775000,-80.197000,25.774500,-80.197300,apolloshield_dji,dji,,,2414500000,RADAR-A2D2-4F2A,Sensor Downtown Miami Ground Zero Approach,380,CRITICAL,RED
1772039662985,A2D2-4F2A,FLT-4F2A-001,25.779846,-80.193286,62.8,11.5,0,M300 RTK,true,drone_images/M300 RTK_withpayload.png,25.775000,-80.197000,25.774500,-80.197300,apolloshield_dji,dji,,,2414500000,RADAR-A2D2-4F2A,Sensor Downtown Miami Ground Zero Approach,380,CRITICAL,RED
1772039664192,A2D2-4F2A,FLT-4F2A-001,25.779846,-80.193286,62.8,11.5,0,M300 RTK,true,drone_images/M300 RTK_withpayload.png,25.775000,-80.197000,25.774500,-80.197300,apolloshield_dji,dji,,,2414500000,RADAR-A2D2-4F2A,Sensor Downtown Miami Ground Zero Approach,380,CRITICAL,RED
1772039664641,A2D2-4F2A,FLT-4F2A-001,25.779846,-80.193286,62.8,11.5,0,M300 RTK,true,drone_images/M300 RTK_withpayload.png,25.775000,-80.197000,25.774500,-80.197300,apolloshield_dji,dji,,,2414500000,RADAR-A2D2-4F2A,Sensor Downtown Miami Ground Zero Approach,380,CRITICAL,RED
1772039665690,A2D2-4F2A,FLT-4F2A-001,25.779846,-80.193286,62.8,11.5,0,M300 RTK,true,drone_images/M300 RTK_withpayload.png,25.775000,-80.197000,25.774500,-80.197300,apolloshield_dji,dji,,,2414500000,RADAR-A2D2-4F2A,Sensor Downtown Miami Ground Zero Approach,380,CRITICAL,RED
1772039666793,A2D2-4F2A,FLT-4F2A-001,25.780465,-80.193406,64.6,10.7,0,M300 RTK,true,drone_images/M300 RTK_withpayload.png,25.775000,-80.197000,25.774500,-80.197300,apolloshield_dji,dji,,,2414500000,RADAR-A2D2-4F2A,Sensor Downtown Miami Ground Zero Approach,380,CRITICAL,RED
1772039667933,A2D2-4F2A,FLT-4F2A-001,25.780465,-80.193406,64.6,10.7,0,M300 RTK,true,drone_images/M300 RTK_withpayload.png,25.775000,-80.197000,25.774500,-80.197300,apolloshield_dji,dji,,,2414500000,RADAR-A2D2-4F2A,Sensor Downtown Miami Ground Zero Approach,380,CRITICAL,RED
1772039668903,A2D2-4F2A,FLT-4F2A-001,25.780465,-80.193406,64.6,10.7,0,M300 RTK,true,drone_images/M300 RTK_withpayload.png,25.775000,-80.197000,25.774500,-80.197300,apolloshield_dji,dji,,,2414500000,RADAR-A2D2-4F2A,Sensor Downtown Miami Ground Zero Approach,380,CRITICAL,RED
1772039669871,A2D2-4F2A,FLT-4F2A-001,25.780465,-80.193406,64.6,10.7,0,M300 RTK,true,drone_images/M300 RTK_withpayload.png,25.775000,-80.197000,25.774500,-80.197300,apolloshield_dji,dji,,,2414500000,RADAR-A2D2-4F2A,Sensor Downtown Miami Ground Zero Approach,380,CRITICAL,RED
1772039670899,A2D2-4F2A,FLT-4F2A-001,25.780465,-80.193406,64.6,10.7,0,M300 RTK,true,drone_images/M300 RTK_withpayload.png,25.775000,-80.197000,25.774500,-80.197300,apolloshield_dji,dji,,,2414500000,RADAR-A2D2-4F2A,Sensor Downtown Miami Ground Zero Approach,380,CRITICAL,RED
1772039672064,A2D2-4F2A,FLT-4F2A-001,25.780465,-80.193406,64.6,10.7,0,M300 RTK,true,drone_images/M300 RTK_withpayload.png,25.775000,-80.197000,25.774500,-80.197300,apolloshield_dji,dji,,,2414500000,RADAR-A2D2-4F2A,Sensor Downtown Miami Ground Zero Approach,380,CRITICAL,RED
1772039673373,A2D2-4F2A,FLT-4F2A-001,25.780465,-80.193406,64.6,10.7,0,M300 RTK,true,drone_images/M300 RTK_withpayload.png,25.775000,-80.197000,25.774500,-80.197300,apolloshield_dji,dji,,,2414500000,RADAR-A2D2-4F2A,Sensor Downtown Miami Ground Zero Approach,380,CRITICAL,RED
1772039674077,A2D2-4F2A,FLT-4F2A-001,25.780465,-80.193406,64.6,10.7,0,M300 RTK,true,drone_images/M300 RTK_withpayload.png,25.775000,-80.197000,25.774500,-80.197300,apolloshield_dji,dji,,,2414500000,RADAR-A2D2-4F2A,Sensor Downtown Miami Ground Zero Approach,380,CRITICAL,RED
1772039675989,A2D2-4F2A,FLT-4F2A-001,25.780751,-80.193555,71.9,0.1,0,M300 RTK,true,drone_images/M300 RTK_withpayload.png,25.775000,-80.197000,25.774500,-80.197300,apolloshield_dji,dji,,,2414500000,RADAR-A2D2-4F2A,Sensor Downtown Miami Ground Zero Approach,380,CRITICAL,RED
1772039676180,A2D2-4F2A,FLT-4F2A-001,25.780751,-80.193555,71.9,0.1,0,M300 RTK,true,drone_images/M300 RTK_withpayload.png,25.775000,-80.197000,25.774500,-80.197300,apolloshield_dji,dji,,,2414500000,RADAR-A2D2-4F2A,Sensor Downtown Miami Ground Zero Approach,380,CRITICAL,RED
1772039676769,A2D2-4F2A,FLT-4F2A-001,25.780751,-80.193555,71.9,0.1,0,M300 RTK,true,drone_images/M300 RTK_withpayload.png,25.775000,-80.197000,25.774500,-80.197300,apolloshield_dji,dji,,,2414500000,RADAR-A2D2-4F2A,Sensor Downtown Miami Ground Zero Approach,380,CRITICAL,RED
1772039677974,A2D2-4F2A,FLT-4F2A-001,25.780751,-80.193555,71.9,0.1,0,M300 RTK,true,drone_images/M300 RTK_withpayload.png,25.775000,-80.197000,25.774500,-80.197300,apolloshield_dji,dji,,,2414500000,RADAR-A2D2-4F2A,Sensor Downtown Miami Ground Zero Approach,380,CRITICAL,RED
1772039678902,A2D2-4F2A,FLT-4F2A-001,25.780751,-80.193555,71.9,0.1,0,M300 RTK,true,drone_images/M300 RTK_withpayload.png,25.775000,-80.197000,25.774500,-80.197300,apolloshield_dji,dji,,,2414500000,RADAR-A2D2-4F2A,Sensor Downtown Miami Ground Zero Approach,380,CRITICAL,RED
1772039681011,A2D2-4F2A,FLT-4F2A-001,25.780660,-80.193360,71,8.5,0,M300 RTK,true,drone_images/M300 RTK_withpayload.png,25.775000,-80.197000,25.774500,-80.197300,apolloshield_dji,dji,,,2414500000,RADAR-A2D2-4F2A,Sensor Downtown Miami Ground Zero Approach,380,CRITICAL,RED
1772039681050,A2D2-4F2A,FLT-4F2A-001,25.780660,-80.193360,71,8.5,0,M300 RTK,true,drone_images/M300 RTK_withpayload.png,25.775000,-80.197000,25.774500,-80.197300,apolloshield_dji,dji,,,2414500000,RADAR-A2D2-4F2A,Sensor Downtown Miami Ground Zero Approach,380,CRITICAL,RED
1772039682055,A2D2-4F2A,FLT-4F2A-001,25.780551,-80.193229,60.9,9.9,0,M300 RTK,true,drone_images/M300 RTK_withpayload.png,25.775000,-80.197000,25.774500,-80.197300,apolloshield_dji,dji,,,2414500000,RADAR-A2D2-4F2A,Sensor Downtown Miami Ground Zero Approach,380,CRITICAL,RED
1772039684011,A2D2-4F2A,FLT-4F2A-001,25.780551,-80.193229,60.9,9.9,0,M300 RTK,true,drone_images/M300 RTK_withpayload.png,25.775000,-80.197000,25.774500,-80.197300,apolloshield_dji,dji,,,2414500000,RADAR-A2D2-4F2A,Sensor Downtown Miami Ground Zero Approach,380,CRITICAL,RED
1772039684798,A2D2-4F2A,FLT-4F2A-001,25.780442,-80.192988,45.9,11.8,0,M300 RTK,true,drone_images/M300 RTK_withpayload.png,25.775000,-80.197000,25.774500,-80.197300,apolloshield_dji,dji,,,2414500000,RADAR-A2D2-4F2A,Sensor Downtown Miami Ground Zero Approach,380,CRITICAL,RED
1772039684801,A2D2-4F2A,FLT-4F2A-001,25.780551,-80.193229,60.9,9.9,0,M300 RTK,true,drone_images/M300 RTK_withpayload.png,25.775000,-80.197000,25.774500,-80.197300,apolloshield_dji,dji,,,2414500000,RADAR-A2D2-4F2A,Sensor Downtown Miami Ground Zero Approach,380,CRITICAL,RED
1772039685706,A2D2-4F2A,FLT-4F2A-001,25.780442,-80.192988,45.9,11.8,0,M300 RTK,true,drone_images/M300 RTK_withpayload.png,25.775000,-80.197000,25.774500,-80.197300,apolloshield_dji,dji,,,2414500000,RADAR-A2D2-4F2A,Sensor Downtown Miami Ground Zero Approach,380,CRITICAL,RED
1772039686998,A2D2-4F2A,FLT-4F2A-001,25.780442,-80.192988,45.9,11.8,0,M300 RTK,true,drone_images/M300 RTK_withpayload.png,25.775000,-80.197000,25.774500,-80.197300,apolloshield_dji,dji,,,2414500000,RADAR-A2D2-4F2A,Sensor Downtown Miami Ground Zero Approach,380,CRITICAL,RED
1772039687624,A2D2-4F2A,FLT-4F2A-001,25.780442,-80.192988,45.9,11.8,0,M300 RTK,true,drone_images/M300 RTK_withpayload.png,25.775000,-80.197000,25.774500,-80.197300,apolloshield_dji,dji,,,2414500000,RADAR-A2D2-4F2A,Sensor Downtown Miami Ground Zero Approach,380,CRITICAL,RED
1772039688766,A2D2-4F2A,FLT-4F2A-001,25.780442,-80.192988,45.9,11.8,0,M300 RTK,true,drone_images/M300 RTK_withpayload.png,25.775000,-80.197000,25.774500,-80.197300,apolloshield_dji,dji,,,2414500000,RADAR-A2D2-4F2A,Sensor Downtown Miami Ground Zero Approach,380,CRITICAL,RED
1772039690146,A2D2-4F2A,FLT-4F2A-001,25.780293,-80.192724,29.8,3.9,0,M300 RTK,true,drone_images/M300 RTK_withpayload.png,25.775000,-80.197000,25.774500,-80.197300,apolloshield_dji,dji,,,2414500000,RADAR-A2D2-4F2A,Sensor Downtown Miami Ground Zero Approach,380,CRITICAL,RED
1772039690821,A2D2-4F2A,FLT-4F2A-001,25.780293,-80.192724,29.8,3.9,0,M300 RTK,true,drone_images/M300 RTK_withpayload.png,25.775000,-80.197000,25.774500,-80.197300,apolloshield_dji,dji,,,2414500000,RADAR-A2D2-4F2A,Sensor Downtown Miami Ground Zero Approach,380,CRITICAL,RED
1772039691807,A2D2-4F2A,FLT-4F2A-001,25.780293,-80.192724,29.8,3.9,0,M300 RTK,true,drone_images/M300 RTK_withpayload.png,25.775000,-80.197000,25.774500,-80.197300,apolloshield_dji,dji,,,2414500000,RADAR-A2D2-4F2A,Sensor Downtown Miami Ground Zero Approach,380,CRITICAL,RED
1772039692829,A2D2-4F2A,FLT-4F2A-001,25.780293,-80.192724,29.8,3.9,0,M300 RTK,true,drone_images/M300 RTK_withpayload.png,25.775000,-80.197000,25.774500,-80.197300,apolloshield_dji,dji,,,2414500000,RADAR-A2D2-4F2A,Sensor Downtown Miami Ground Zero Approach,380,CRITICAL,RED
1772039693813,A2D2-4F2A,FLT-4F2A-001,25.780196,-80.192719,29.8,0.1,0,M300 RTK,true,drone_images/M300 RTK_withpayload.png,25.775000,-80.197000,25.774500,-80.197300,apolloshield_dji,dji,,,2414500000,RADAR-A2D2-4F2A,Sensor Downtown Miami Ground Zero Approach,380,CRITICAL,RED
1772039694928,A2D2-4F2A,FLT-4F2A-001,25.780196,-80.192719,29.8,0.1,0,M300 RTK,true,drone_images/M300 RTK_withpayload.png,25.775000,-80.197000,25.774500,-80.197300,apolloshield_dji,dji,,,2414500000,RADAR-A2D2-4F2A,Sensor Downtown Miami Ground Zero Approach,380,CRITICAL,RED
1772039696048,A2D2-4F2A,FLT-4F2A-001,25.780156,-80.192707,29.8,0.1,0,M300 RTK,true,drone_images/M300 RTK_withpayload.png,25.775000,-80.197000,25.774500,-80.197300,apolloshield_dji,dji,,,2414500000,RADAR-A2D2-4F2A,Sensor Downtown Miami Ground Zero Approach,380,CRITICAL,RED
1772039696976,A2D2-4F2A,FLT-4F2A-001,25.780156,-80.192707,29.8,0.1,0,M300 RTK,true,drone_images/M300 RTK_withpayload.png,25.775000,-80.197000,25.774500,-80.197300,apolloshield_dji,dji,,,2414500000,RADAR-A2D2-4F2A,Sensor Downtown Miami Ground Zero Approach,380,CRITICAL,RED
1772039697862,A2D2-4F2A,FLT-4F2A-001,25.780156,-80.192707,29.8,0.1,0,M300 RTK,true,drone_images/M300 RTK_withpayload.png,25.775000,-80.197000,25.774500,-80.197300,apolloshield_dji,dji,,,2414500000,RADAR-A2D2-4F2A,Sensor Downtown Miami Ground Zero Approach,380,CRITICAL,RED
1772039698896,A2D2-4F2A,FLT-4F2A-001,25.780156,-80.192707,29.8,0.1,0,M300 RTK,true,drone_images/M300 RTK_withpayload.png,25.775000,-80.197000,25.774500,-80.197300,apolloshield_dji,dji,,,2414500000,RADAR-A2D2-4F2A,Sensor Downtown Miami Ground Zero Approach,380,CRITICAL,RED
1772039699685,A2D2-4F2A,FLT-4F2A-001,25.780156,-80.192707,29.8,0.1,0,M300 RTK,true,drone_images/M300 RTK_withpayload.png,25.775000,-80.197000,25.774500,-80.197300,apolloshield_dji,dji,,,2414500000,RADAR-A2D2-4F2A,Sensor Downtown Miami Ground Zero Approach,380,CRITICAL,RED
1772039700819,A2D2-4F2A,FLT-4F2A-001,25.780156,-80.192707,29.8,0.1,0,M300 RTK,true,drone_images/M300 RTK_withpayload.png,25.775000,-80.197000,25.774500,-80.197300,apolloshield_dji,dji,,,2414500000,RADAR-A2D2-4F2A,Sensor Downtown Miami Ground Zero Approach,380,CRITICAL,RED
1772039702224,A2D2-4F2A,FLT-4F2A-001,25.780156,-80.192707,29.8,0.1,0,M300 RTK,true,drone_images/M300 RTK_withpayload.png,25.775000,-80.197000,25.774500,-80.197300,apolloshield_dji,dji,,,2414500000,RADAR-A2D2-4F2A,Sensor Downtown Miami Ground Zero Approach,380,CRITICAL,RED
1772039703253,A2D2-4F2A,FLT-4F2A-001,25.780156,-80.192707,29.8,0.1,0,M300 RTK,true,drone_images/M300 RTK_withpayload.png,25.775000,-80.197000,25.774500,-80.197300,apolloshield_dji,dji,,,2414500000,RADAR-A2D2-4F2A,Sensor Downtown Miami Ground Zero Approach,380,CRITICAL,RED
1772039703858,A2D2-4F2A,FLT-4F2A-001,25.780156,-80.192707,29.8,0.1,0,M300 RTK,true,drone_images/M300 RTK_withpayload.png,25.775000,-80.197000,25.774500,-80.197300,apolloshield_dji,dji,,,2414500000,RADAR-A2D2-4F2A,Sensor Downtown Miami Ground Zero Approach,380,CRITICAL,RED
1772039704823,A2D2-4F2A,FLT-4F2A-001,25.780093,-80.192690,29.8,0.2,0,M300 RTK,true,drone_images/M300 RTK_withpayload.png,25.775000,-80.197000,25.774500,-80.197300,apolloshield_dji,dji,,,2414500000,RADAR-A2D2-4F2A,Sensor Downtown Miami Ground Zero Approach,380,CRITICAL,RED
1772039705872,A2D2-4F2A,FLT-4F2A-001,25.780093,-80.192690,29.8,0.2,0,M300 RTK,true,drone_images/M300 RTK_withpayload.png,25.775000,-80.197000,25.774500,-80.197300,apolloshield_dji,dji,,,2414500000,RADAR-A2D2-4F2A,Sensor Downtown Miami Ground Zero Approach,380,CRITICAL,RED
1772039707024,A2D2-4F2A,FLT-4F2A-001,25.780093,-80.192690,29.8,0.2,0,M300 RTK,true,drone_images/M300 RTK_withpayload.png,25.775000,-80.197000,25.774500,-80.197300,apolloshield_dji,dji,,,2414500000,RADAR-A2D2-4F2A,Sensor Downtown Miami Ground Zero Approach,380,CRITICAL,RED
1772039707970,A2D2-4F2A,FLT-4F2A-001,25.780093,-80.192690,29.8,0.2,0,M300 RTK,true,drone_images/M300 RTK_withpayload.png,25.775000,-80.197000,25.774500,-80.197300,apolloshield_dji,dji,,,2414500000,RADAR-A2D2-4F2A,Sensor Downtown Miami Ground Zero Approach,380,CRITICAL,RED
1772039708841,A2D2-4F2A,FLT-4F2A-001,25.780093,-80.192690,29.8,0.2,0,M300 RTK,true,drone_images/M300 RTK_withpayload.png,25.775000,-80.197000,25.774500,-80.197300,apolloshield_dji,dji,,,2414500000,RADAR-A2D2-4F2A,Sensor Downtown Miami Ground Zero Approach,380,CRITICAL,RED
1772039709942,A2D2-4F2A,FLT-4F2A-001,25.780093,-80.192690,29.8,0.2,0,M300 RTK,true,drone_images/M300 RTK_withpayload.png,25.775000,-80.197000,25.774500,-80.197300,apolloshield_dji,dji,,,2414500000,RADAR-A2D2-4F2A,Sensor Downtown Miami Ground Zero Approach,380,CRITICAL,RED
1772039710964,A2D2-4F2A,FLT-4F2A-001,25.780093,-80.192690,29.8,0.2,0,M300 RTK,true,drone_images/M300 RTK_withpayload.png,25.775000,-80.197000,25.774500,-80.197300,apolloshield_dji,dji,,,2414500000,RADAR-A2D2-4F2A,Sensor Downtown Miami Ground Zero Approach,380,CRITICAL,RED
1772039711658,A2D2-4F2A,FLT-4F2A-001,25.780093,-80.192690,29.8,0.2,0,M300 RTK,true,drone_images/M300 RTK_withpayload.png,25.775000,-80.197000,25.774500,-80.197300,apolloshield_dji,dji,,,2414500000,RADAR-A2D2-4F2A,Sensor Downtown Miami Ground Zero Approach,380,CRITICAL,RED
1772039712903,A2D2-4F2A,FLT-4F2A-001,25.780093,-80.192690,29.8,0.2,0,M300 RTK,true,drone_images/M300 RTK_withpayload.png,25.775000,-80.197000,25.774500,-80.197300,apolloshield_dji,dji,,,2414500000,RADAR-A2D2-4F2A,Sensor Downtown Miami Ground Zero Approach,380,CRITICAL,RED
1772039714262,A2D2-4F2A,FLT-4F2A-001,25.780070,-80.192552,29.9,9.3,0,M300 RTK,true,drone_images/M300 RTK_withpayload.png,25.775000,-80.197000,25.774500,-80.197300,apolloshield_dji,dji,,,2414500000,RADAR-A2D2-4F2A,Sensor Downtown Miami Ground Zero Approach,380,CRITICAL,RED
1772039714912,A2D2-4F2A,FLT-4F2A-001,25.780115,-80.192478,33.2,9.6,0,M300 RTK,true,drone_images/M300 RTK_withpayload.png,25.775000,-80.197000,25.774500,-80.197300,apolloshield_dji,dji,,,2414500000,RADAR-A2D2-4F2A,Sensor Downtown Miami Ground Zero Approach,380,CRITICAL,RED
1772039716109,A2D2-4F2A,FLT-4F2A-001,25.780115,-80.192478,33.2,9.6,0,M300 RTK,true,drone_images/M300 RTK_withpayload.png,25.775000,-80.197000,25.774500,-80.197300,apolloshield_dji,dji,,,2414500000,RADAR-A2D2-4F2A,Sensor Downtown Miami Ground Zero Approach,380,CRITICAL,RED
1772039717270,A2D2-4F2A,FLT-4F2A-001,25.780115,-80.192478,33.2,9.6,0,M300 RTK,true,drone_images/M300 RTK_withpayload.png,25.775000,-80.197000,25.774500,-80.197300,apolloshield_dji,dji,,,2414500000,RADAR-A2D2-4F2A,Sensor Downtown Miami Ground Zero Approach,380,CRITICAL,RED
1772039718455,A2D2-4F2A,FLT-4F2A-001,25.780282,-80.192220,41.4,12.6,0,M300 RTK,true,drone_images/M300 RTK_withpayload.png,25.775000,-80.197000,25.774500,-80.197300,apolloshield_dji,dji,,,2414500000,RADAR-A2D2-4F2A,Sensor Downtown Miami Ground Zero Approach,380,CRITICAL,RED
1772039719190,A2D2-4F2A,FLT-4F2A-001,25.780350,-80.192117,43.8,12.4,0,M300 RTK,true,drone_images/M300 RTK_withpayload.png,25.775000,-80.197000,25.774500,-80.197300,apolloshield_dji,dji,,,2414500000,RADAR-A2D2-4F2A,Sensor Downtown Miami Ground Zero Approach,380,CRITICAL,RED
1772039719714,A2D2-4F2A,FLT-4F2A-001,25.780350,-80.192117,43.8,12.4,0,M300 RTK,true,drone_images/M300 RTK_withpayload.png,25.775000,-80.197000,25.774500,-80.197300,apolloshield_dji,dji,,,2414500000,RADAR-A2D2-4F2A,Sensor Downtown Miami Ground Zero Approach,380,CRITICAL,RED
1772039720830,A2D2-4F2A,FLT-4F2A-001,25.780350,-80.192117,43.8,12.4,0,M300 RTK,true,drone_images/M300 RTK_withpayload.png,25.775000,-80.197000,25.774500,-80.197300,apolloshield_dji,dji,,,2414500000,RADAR-A2D2-4F2A,Sensor Downtown Miami Ground Zero Approach,380,CRITICAL,RED
1772039722269,A2D2-4F2A,FLT-4F2A-001,25.780350,-80.192117,43.8,12.4,0,M300 RTK,true,drone_images/M300 RTK_withpayload.png,25.775000,-80.197000,25.774500,-80.197300,apolloshield_dji,dji,,,2414500000,RADAR-A2D2-4F2A,Sensor Downtown Miami Ground Zero Approach,380,CRITICAL,RED
1772039723935,A2D2-4F2A,FLT-4F2A-001,25.780350,-80.192117,43.8,12.4,0,M300 RTK,true,drone_images/M300 RTK_withpayload.png,25.775000,-80.197000,25.774500,-80.197300,apolloshield_dji,dji,,,2414500000,RADAR-A2D2-4F2A,Sensor Downtown Miami Ground Zero Approach,380,CRITICAL,RED
1772039724470,A2D2-4F2A,FLT-4F2A-001,25.780350,-80.192117,43.8,12.4,0,M300 RTK,true,drone_images/M300 RTK_withpayload.png,25.775000,-80.197000,25.774500,-80.197300,apolloshield_dji,dji,,,2414500000,RADAR-A2D2-4F2A,Sensor Downtown Miami Ground Zero Approach,380,CRITICAL,RED
1772039724759,A2D2-4F2A,FLT-4F2A-001,25.780797,-80.191682,59.1,11.7,0,M300 RTK,true,drone_images/M300 RTK_withpayload.png,25.775000,-80.197000,25.774500,-80.197300,apolloshield_dji,dji,,,2414500000,RADAR-A2D2-4F2A,Sensor Downtown Miami Ground Zero Approach,380,CRITICAL,RED
1772039725898,A2D2-4F2A,FLT-4F2A-001,25.780883,-80.191613,59.1,11.3,0,M300 RTK,true,drone_images/M300 RTK_withpayload.png,25.775000,-80.197000,25.774500,-80.197300,apolloshield_dji,dji,,,2414500000,RADAR-A2D2-4F2A,Sensor Downtown Miami Ground Zero Approach,380,CRITICAL,RED
1772039727370,A2D2-4F2A,FLT-4F2A-001,25.780883,-80.191613,59.1,11.3,0,M300 RTK,true,drone_images/M300 RTK_withpayload.png,25.775000,-80.197000,25.774500,-80.197300,apolloshield_dji,dji,,,2414500000,RADAR-A2D2-4F2A,Sensor Downtown Miami Ground Zero Approach,380,CRITICAL,RED
1772039728052,A2D2-4F2A,FLT-4F2A-001,25.780883,-80.191613,59.1,11.3,0,M300 RTK,true,drone_images/M300 RTK_withpayload.png,25.775000,-80.197000,25.774500,-80.197300,apolloshield_dji,dji,,,2414500000,RADAR-A2D2-4F2A,Sensor Downtown Miami Ground Zero Approach,380,CRITICAL,RED
1772039729092,A2D2-4F2A,FLT-4F2A-001,25.780883,-80.191613,59.1,11.3,0,M300 RTK,true,drone_images/M300 RTK_withpayload.png,25.775000,-80.197000,25.774500,-80.197300,apolloshield_dji,dji,,,2414500000,RADAR-A2D2-4F2A,Sensor Downtown Miami Ground Zero Approach,380,CRITICAL,RED
1772039730046,A2D2-4F2A,FLT-4F2A-001,25.780883,-80.191613,59.1,11.3,0,M300 RTK,true,drone_images/M300 RTK_withpayload.png,25.775000,-80.197000,25.774500,-80.197300,apolloshield_dji,dji,,,2414500000,RADAR-A2D2-4F2A,Sensor Downtown Miami Ground Zero Approach,380,CRITICAL,RED
1772039730885,A2D2-4F2A,FLT-4F2A-001,25.780849,-80.191292,58.7,8,0,M300 RTK,true,drone_images/M300 RTK_withpayload.png,25.775000,-80.197000,25.774500,-80.197300,apolloshield_dji,dji,,,2414500000,RADAR-A2D2-4F2A,Sensor Downtown Miami Ground Zero Approach,380,CRITICAL,RED
1772039731560,A2D2-4F2A,FLT-4F2A-001,25.780849,-80.191292,58.7,8,0,M300 RTK,true,drone_images/M300 RTK_withpayload.png,25.775000,-80.197000,25.774500,-80.197300,apolloshield_dji,dji,,,2414500000,RADAR-A2D2-4F2A,Sensor Downtown Miami Ground Zero Approach,380,CRITICAL,RED
1772039733470,A2D2-4F2A,FLT-4F2A-001,25.780849,-80.191292,58.7,8,0,M300 RTK,true,drone_images/M300 RTK_withpayload.png,25.775000,-80.197000,25.774500,-80.197300,apolloshield_dji,dji,,,2414500000,RADAR-A2D2-4F2A,Sensor Downtown Miami Ground Zero Approach,380,CRITICAL,RED
1772039733813,A2D2-4F2A,FLT-4F2A-001,25.780814,-80.191097,58.8,3.3,0,M300 RTK,true,drone_images/M300 RTK_withpayload.png,25.775000,-80.197000,25.774500,-80.197300,apolloshield_dji,dji,,,2414500000,RADAR-A2D2-4F2A,Sensor Downtown Miami Ground Zero Approach,380,CRITICAL,RED
1772039735022,A2D2-4F2A,FLT-4F2A-001,25.780814,-80.191086,58.8,0.6,0,M300 RTK,true,drone_images/M300 RTK_withpayload.png,25.775000,-80.197000,25.774500,-80.197300,apolloshield_dji,dji,,,2414500000,RADAR-A2D2-4F2A,Sensor Downtown Miami Ground Zero Approach,380,CRITICAL,RED
1772039735905,A2D2-4F2A,FLT-4F2A-001,25.780814,-80.191086,58.8,0.6,0,M300 RTK,true,drone_images/M300 RTK_withpayload.png,25.775000,-80.197000,25.774500,-80.197300,apolloshield_dji,dji,,,2414500000,RADAR-A2D2-4F2A,Sensor Downtown Miami Ground Zero Approach,380,CRITICAL,RED
1772039736877,A2D2-4F2A,FLT-4F2A-001,25.780814,-80.191086,58.8,0.6,0,M300 RTK,true,drone_images/M300 RTK_withpayload.png,25.775000,-80.197000,25.774500,-80.197300,apolloshield_dji,dji,,,2414500000,RADAR-A2D2-4F2A,Sensor Downtown Miami Ground Zero Approach,380,CRITICAL,RED
1772039737989,A2D2-4F2A,FLT-4F2A-001,25.780814,-80.191086,58.8,0.6,0,M300 RTK,true,drone_images/M300 RTK_withpayload.png,25.775000,-80.197000,25.774500,-80.197300,apolloshield_dji,dji,,,2414500000,RADAR-A2D2-4F2A,Sensor Downtown Miami Ground Zero Approach,380,CRITICAL,RED
1772039739100,A2D2-4F2A,FLT-4F2A-001,25.780694,-80.191091,58.9,8.1,0,M300 RTK,true,drone_images/M300 RTK_withpayload.png,25.775000,-80.197000,25.774500,-80.197300,apolloshield_dji,dji,,,2414500000,RADAR-A2D2-4F2A,Sensor Downtown Miami Ground Zero Approach,380,CRITICAL,RED
1772039740096,A2D2-4F2A,FLT-4F2A-001,25.780694,-80.191091,58.9,8.1,0,M300 RTK,true,drone_images/M300 RTK_withpayload.png,25.775000,-80.197000,25.774500,-80.197300,apolloshield_dji,dji,,,2414500000,RADAR-A2D2-4F2A,Sensor Downtown Miami Ground Zero Approach,380,CRITICAL,RED
1772039741000,A2D2-4F2A,FLT-4F2A-001,25.780694,-80.191091,58.9,8.1,0,M300 RTK,true,drone_images/M300 RTK_withpayload.png,25.775000,-80.197000,25.774500,-80.197300,apolloshield_dji,dji,,,2414500000,RADAR-A2D2-4F2A,Sensor Downtown Miami Ground Zero Approach,380,CRITICAL,RED
1772039741907,A2D2-4F2A,FLT-4F2A-001,25.780694,-80.191091,58.9,8.1,0,M300 RTK,true,drone_images/M300 RTK_withpayload.png,25.775000,-80.197000,25.774500,-80.197300,apolloshield_dji,dji,,,2414500000,RADAR-A2D2-4F2A,Sensor Downtown Miami Ground Zero Approach,380,CRITICAL,RED
1772039742892,A2D2-4F2A,FLT-4F2A-001,25.780333,-80.191057,59.5,10.2,0,M300 RTK,true,drone_images/M300 RTK_withpayload.png,25.775000,-80.197000,25.774500,-80.197300,apolloshield_dji,dji,,,2414500000,RADAR-A2D2-4F2A,Sensor Downtown Miami Ground Zero Approach,380,CRITICAL,RED
1772039743751,A2D2-4F2A,FLT-4F2A-001,25.780333,-80.191057,59.5,10.2,0,M300 RTK,true,drone_images/M300 RTK_withpayload.png,25.775000,-80.197000,25.774500,-80.197300,apolloshield_dji,dji,,,2414500000,RADAR-A2D2-4F2A,Sensor Downtown Miami Ground Zero Approach,380,CRITICAL,RED
1772039744749,A2D2-4F2A,FLT-4F2A-001,25.780241,-80.191028,59.5,10.4,0,M300 RTK,true,drone_images/M300 RTK_withpayload.png,25.775000,-80.197000,25.774500,-80.197300,apolloshield_dji,dji,,,2414500000,RADAR-A2D2-4F2A,Sensor Downtown Miami Ground Zero Approach,380,CRITICAL,RED
1772039746095,A2D2-4F2A,FLT-4F2A-001,25.780241,-80.191028,59.5,10.4,0,M300 RTK,true,drone_images/M300 RTK_withpayload.png,25.775000,-80.197000,25.774500,-80.197300,apolloshield_dji,dji,,,2414500000,RADAR-A2D2-4F2A,Sensor Downtown Miami Ground Zero Approach,380,CRITICAL,RED
1772039746801,A2D2-4F2A,FLT-4F2A-001,25.780241,-80.191028,59.5,10.4,0,M300 RTK,true,drone_images/M300 RTK_withpayload.png,25.775000,-80.197000,25.774500,-80.197300,apolloshield_dji,dji,,,2414500000,RADAR-A2D2-4F2A,Sensor Downtown Miami Ground Zero Approach,380,CRITICAL,RED
1772039747600,A2D2-4F2A,FLT-4F2A-001,25.780241,-80.191028,59.5,10.4,0,M300 RTK,true,drone_images/M300 RTK_withpayload.png,25.775000,-80.197000,25.774500,-80.197300,apolloshield_dji,dji,,,2414500000,RADAR-A2D2-4F2A,Sensor Downtown Miami Ground Zero Approach,380,CRITICAL,RED
1772039748764,A2D2-4F2A,FLT-4F2A-001,25.779915,-80.191000,59.4,8.5,0,M300 RTK,true,drone_images/M300 RTK_withpayload.png,25.775000,-80.197000,25.774500,-80.197300,apolloshield_dji,dji,,,2414500000,RADAR-A2D2-4F2A,Sensor Downtown Miami Ground Zero Approach,380,CRITICAL,RED
1772039749668,A2D2-4F2A,FLT-4F2A-001,25.779915,-80.191000,59.4,8.5,0,M300 RTK,true,drone_images/M300 RTK_withpayload.png,25.775000,-80.197000,25.774500,-80.197300,apolloshield_dji,dji,,,2414500000,RADAR-A2D2-4F2A,Sensor Downtown Miami Ground Zero Approach,380,CRITICAL,RED
1772039751141,A2D2-4F2A,FLT-4F2A-001,25.779915,-80.191000,59.4,8.5,0,M300 RTK,true,drone_images/M300 RTK_withpayload.png,25.775000,-80.197000,25.774500,-80.197300,apolloshield_dji,dji,,,2414500000,RADAR-A2D2-4F2A,Sensor Downtown Miami Ground Zero Approach,380,CRITICAL,RED
1772039751904,A2D2-4F2A,FLT-4F2A-001,25.779915,-80.191000,59.4,8.5,0,M300 RTK,true,drone_images/M300 RTK_withpayload.png,25.775000,-80.197000,25.774500,-80.197300,apolloshield_dji,dji,,,2414500000,RADAR-A2D2-4F2A,Sensor Downtown Miami Ground Zero Approach,380,CRITICAL,RED
1772039752829,A2D2-4F2A,FLT-4F2A-001,25.779915,-80.191000,59.4,8.5,0,M300 RTK,true,drone_images/M300 RTK_withpayload.png,25.775000,-80.197000,25.774500,-80.197300,apolloshield_dji,dji,,,2414500000,RADAR-A2D2-4F2A,Sensor Downtown Miami Ground Zero Approach,380,CRITICAL,RED
1772039753780,A2D2-4F2A,FLT-4F2A-001,25.779800,-80.191005,59.4,6,0,M300 RTK,true,drone_images/M300 RTK_withpayload.png,25.775000,-80.197000,25.774500,-80.197300,apolloshield_dji,dji,,,2414500000,RADAR-A2D2-4F2A,Sensor Downtown Miami Ground Zero Approach,380,CRITICAL,RED
1772039754906,A2D2-4F2A,FLT-4F2A-001,25.779800,-80.191005,59.4,6,0,M300 RTK,true,drone_images/M300 RTK_withpayload.png,25.775000,-80.197000,25.774500,-80.197300,apolloshield_dji,dji,,,2414500000,RADAR-A2D2-4F2A,Sensor Downtown Miami Ground Zero Approach,380,CRITICAL,RED
1772039755677,A2D2-4F2A,FLT-4F2A-001,25.779800,-80.191005,59.4,6,0,M300 RTK,true,drone_images/M300 RTK_withpayload.png,25.775000,-80.197000,25.774500,-80.197300,apolloshield_dji,dji,,,2414500000,RADAR-A2D2-4F2A,Sensor Downtown Miami Ground Zero Approach,380,CRITICAL,RED
1772039756819,A2D2-4F2A,FLT-4F2A-001,25.779800,-80.191005,59.4,6,0,M300 RTK,true,drone_images/M300 RTK_withpayload.png,25.775000,-80.197000,25.774500,-80.197300,apolloshield_dji,dji,,,2414500000,RADAR-A2D2-4F2A,Sensor Downtown Miami Ground Zero Approach,380,CRITICAL,RED
1772039757774,A2D2-4F2A,FLT-4F2A-001,25.779800,-80.191005,59.4,6,0,M300 RTK,true,drone_images/M300 RTK_withpayload.png,25.775000,-80.197000,25.774500,-80.197300,apolloshield_dji,dji,,,2414500000,RADAR-A2D2-4F2A,Sensor Downtown Miami Ground Zero Approach,380,CRITICAL,RED
1772039758711,A2D2-4F2A,FLT-4F2A-001,25.779800,-80.191005,59.4,6,0,M300 RTK,true,drone_images/M300 RTK_withpayload.png,25.775000,-80.197000,25.774500,-80.197300,apolloshield_dji,dji,,,2414500000,RADAR-A2D2-4F2A,Sensor Downtown Miami Ground Zero Approach,380,CRITICAL,RED
1772039759629,A2D2-4F2A,FLT-4F2A-001,25.779800,-80.191005,59.4,6,0,M300 RTK,true,drone_images/M300 RTK_withpayload.png,25.775000,-80.197000,25.774500,-80.197300,apolloshield_dji,dji,,,2414500000,RADAR-A2D2-4F2A,Sensor Downtown Miami Ground Zero Approach,380,CRITICAL,RED
1772039760819,A2D2-4F2A,FLT-4F2A-001,25.779800,-80.191005,59.4,6,0,M300 RTK,true,drone_images/M300 RTK_withpayload.png,25.775000,-80.197000,25.774500,-80.197300,apolloshield_dji,dji,,,2414500000,RADAR-A2D2-4F2A,Sensor Downtown Miami Ground Zero Approach,380,CRITICAL,RED
1772039761972,A2D2-4F2A,FLT-4F2A-001,25.779800,-80.191005,59.4,6,0,M300 RTK,true,drone_images/M300 RTK_withpayload.png,25.775000,-80.197000,25.774500,-80.197300,apolloshield_dji,dji,,,2414500000,RADAR-A2D2-4F2A,Sensor Downtown Miami Ground Zero Approach,380,CRITICAL,RED
1772039763029,A2D2-4F2A,FLT-4F2A-001,25.779800,-80.191005,59.4,6,0,M300 RTK,true,drone_images/M300 RTK_withpayload.png,25.775000,-80.197000,25.774500,-80.197300,apolloshield_dji,dji,,,2414500000,RADAR-A2D2-4F2A,Sensor Downtown Miami Ground Zero Approach,380,CRITICAL,RED
1772039763594,A2D2-4F2A,FLT-4F2A-001,25.779800,-80.191005,59.4,6,0,M300 RTK,true,drone_images/M300 RTK_withpayload.png,25.775000,-80.197000,25.774500,-80.197300,apolloshield_dji,dji,,,2414500000,RADAR-A2D2-4F2A,Sensor Downtown Miami Ground Zero Approach,380,CRITICAL,RED
1772039764851,A2D2-4F2A,FLT-4F2A-001,25.779800,-80.191005,59.4,6,0,M300 RTK,true,drone_images/M300 RTK_withpayload.png,25.775000,-80.197000,25.774500,-80.197300,apolloshield_dji,dji,,,2414500000,RADAR-A2D2-4F2A,Sensor Downtown Miami Ground Zero Approach,380,CRITICAL,RED
1772039765802,A2D2-4F2A,FLT-4F2A-001,25.779800,-80.191005,59.4,6,0,M300 RTK,true,drone_images/M300 RTK_withpayload.png,25.775000,-80.197000,25.774500,-80.197300,apolloshield_dji,dji,,,2414500000,RADAR-A2D2-4F2A,Sensor Downtown Miami Ground Zero Approach,380,CRITICAL,RED
1772039766850,A2D2-4F2A,FLT-4F2A-001,25.780402,-80.191699,23.7,1.2,0,M300 RTK,true,drone_images/M300 RTK_withpayload.png,25.775000,-80.197000,25.774500,-80.197300,apolloshield_dji,dji,,,2414500000,RADAR-A2D2-4F2A,Sensor Downtown Miami Ground Zero Approach,380,CRITICAL,RED
1772039767825,A2D2-4F2A,FLT-4F2A-001,25.780402,-80.191699,23.7,1.2,0,M300 RTK,true,drone_images/M300 RTK_withpayload.png,25.775000,-80.197000,25.774500,-80.197300,apolloshield_dji,dji,,,2414500000,RADAR-A2D2-4F2A,Sensor Downtown Miami Ground Zero Approach,380,CRITICAL,RED
1772039768959,A2D2-4F2A,FLT-4F2A-001,25.780402,-80.191699,23.7,1.2,0,M300 RTK,true,drone_images/M300 RTK_withpayload.png,25.775000,-80.197000,25.774500,-80.197300,apolloshield_dji,dji,,,2414500000,RADAR-A2D2-4F2A,Sensor Downtown Miami Ground Zero Approach,380,CRITICAL,RED
1772039769983,A2D2-4F2A,FLT-4F2A-001,25.780402,-80.191699,23.7,1.2,0,M300 RTK,true,drone_images/M300 RTK_withpayload.png,25.775000,-80.197000,25.774500,-80.197300,apolloshield_dji,dji,,,2414500000,RADAR-A2D2-4F2A,Sensor Downtown Miami Ground Zero Approach,380,CRITICAL,RED
1772039770885,A2D2-4F2A,FLT-4F2A-001,25.780402,-80.191699,23.7,1.2,0,M300 RTK,true,drone_images/M300 RTK_withpayload.png,25.775000,-80.197000,25.774500,-80.197300,apolloshield_dji,dji,,,2414500000,RADAR-A2D2-4F2A,Sensor Downtown Miami Ground Zero Approach,380,CRITICAL,RED
1772039771930,A2D2-4F2A,FLT-4F2A-001,25.780402,-80.191699,23.9,42,0,M300 RTK,true,drone_images/M300 RTK_withpayload.png,25.775000,-80.197000,25.774500,-80.197300,apolloshield_dji,dji,,,2414500000,RADAR-A2D2-4F2A,Sensor Downtown Miami Ground Zero Approach,380,CRITICAL,RED
1772039772771,A2D2-4F2A,FLT-4F2A-001,25.780402,-80.191699,23.9,42,0,M300 RTK,true,drone_images/M300 RTK_withpayload.png,25.775000,-80.197000,25.774500,-80.197300,apolloshield_dji,dji,,,2414500000,RADAR-A2D2-4F2A,Sensor Downtown Miami Ground Zero Approach,380,CRITICAL,RED
1772039773694,A2D2-4F2A,FLT-4F2A-001,25.780402,-80.191699,23.9,42,0,M300 RTK,true,drone_images/M300 RTK_withpayload.png,25.775000,-80.197000,25.774500,-80.197300,apolloshield_dji,dji,,,2414500000,RADAR-A2D2-4F2A,Sensor Downtown Miami Ground Zero Approach,380,CRITICAL,RED
1772039774723,A2D2-4F2A,FLT-4F2A-001,25.780402,-80.191699,23.9,42,0,M300 RTK,true,drone_images/M300 RTK_withpayload.png,25.775000,-80.197000,25.774500,-80.197300,apolloshield_dji,dji,,,2414500000,RADAR-A2D2-4F2A,Sensor Downtown Miami Ground Zero Approach,380,CRITICAL,RED
1772039775825,A2D2-4F2A,FLT-4F2A-001,25.780362,-80.191727,23.6,0.3,0,M300 RTK,true,drone_images/M300 RTK_withpayload.png,25.775000,-80.197000,25.774500,-80.197300,apolloshield_dji,dji,,,2414500000,RADAR-A2D2-4F2A,Sensor Downtown Miami Ground Zero Approach,380,CRITICAL,RED
1772039776648,A2D2-4F2A,FLT-4F2A-001,25.780362,-80.191727,23.6,0.3,0,M300 RTK,true,drone_images/M300 RTK_withpayload.png,25.775000,-80.197000,25.774500,-80.197300,apolloshield_dji,dji,,,2414500000,RADAR-A2D2-4F2A,Sensor Downtown Miami Ground Zero Approach,380,CRITICAL,RED
1772039777698,A2D2-4F2A,FLT-4F2A-001,25.780362,-80.191727,23.6,0.3,0,M300 RTK,true,drone_images/M300 RTK_withpayload.png,25.775000,-80.197000,25.774500,-80.197300,apolloshield_dji,dji,,,2414500000,RADAR-A2D2-4F2A,Sensor Downtown Miami Ground Zero Approach,380,CRITICAL,RED
1772039779022,A2D2-4F2A,FLT-4F2A-001,25.780362,-80.191727,23.6,0.3,0,M300 RTK,true,drone_images/M300 RTK_withpayload.png,25.775000,-80.197000,25.774500,-80.197300,apolloshield_dji,dji,,,2414500000,RADAR-A2D2-4F2A,Sensor Downtown Miami Ground Zero Approach,380,CRITICAL,RED
1772039779667,A2D2-4F2A,FLT-4F2A-001,25.780362,-80.191727,23.6,0.3,0,M300 RTK,true,drone_images/M300 RTK_withpayload.png,25.775000,-80.197000,25.774500,-80.197300,apolloshield_dji,dji,,,2414500000,RADAR-A2D2-4F2A,Sensor Downtown Miami Ground Zero Approach,380,CRITICAL,RED
1772039780842,A2D2-4F2A,FLT-4F2A-001,25.780327,-80.191733,13.1,2.1,0,M300 RTK,true,drone_images/M300 RTK_withpayload.png,25.775000,-80.197000,25.774500,-80.197300,apolloshield_dji,dji,,,2414500000,RADAR-A2D2-4F2A,Sensor Downtown Miami Ground Zero Approach,380,CRITICAL,RED
1772039782056,A2D2-4F2A,FLT-4F2A-001,25.780327,-80.191733,13.1,2.1,0,M300 RTK,true,drone_images/M300 RTK_withpayload.png,25.775000,-80.197000,25.774500,-80.197300,apolloshield_dji,dji,,,2414500000,RADAR-A2D2-4F2A,Sensor Downtown Miami Ground Zero Approach,380,CRITICAL,RED
1772039782943,A2D2-4F2A,FLT-4F2A-001,25.780327,-80.191733,13.1,2.1,0,M300 RTK,true,drone_images/M300 RTK_withpayload.png,25.775000,-80.197000,25.774500,-80.197300,apolloshield_dji,dji,,,2414500000,RADAR-A2D2-4F2A,Sensor Downtown Miami Ground Zero Approach,380,CRITICAL,RED
1772039783793,A2D2-4F2A,FLT-4F2A-001,25.780327,-80.191733,13.1,2.1,0,M300 RTK,true,drone_images/M300 RTK_withpayload.png,25.775000,-80.197000,25.774500,-80.197300,apolloshield_dji,dji,,,2414500000,RADAR-A2D2-4F2A,Sensor Downtown Miami Ground Zero Approach,380,CRITICAL,RED
1772039785049,A2D2-4F2A,FLT-4F2A-001,25.780327,-80.191733,13.1,2.1,0,M300 RTK,true,drone_images/M300 RTK_withpayload.png,25.775000,-80.197000,25.774500,-80.197300,apolloshield_dji,dji,,,2414500000,RADAR-A2D2-4F2A,Sensor Downtown Miami Ground Zero Approach,380,CRITICAL,RED
1772039786489,A2D2-4F2A,FLT-4F2A-001,25.780327,-80.191733,13.1,2.1,0,M300 RTK,true,drone_images/M300 RTK_withpayload.png,25.775000,-80.197000,25.774500,-80.197300,apolloshield_dji,dji,,,2414500000,RADAR-A2D2-4F2A,Sensor Downtown Miami Ground Zero Approach,380,CRITICAL,RED
1772039787035,A2D2-4F2A,FLT-4F2A-001,25.780327,-80.191733,13.1,2.1,0,M300 RTK,true,drone_images/M300 RTK_withpayload.png,25.775000,-80.197000,25.774500,-80.197300,apolloshield_dji,dji,,,2414500000,RADAR-A2D2-4F2A,Sensor Downtown Miami Ground Zero Approach,380,CRITICAL,RED
1772039787804,A2D2-4F2A,FLT-4F2A-001,25.780327,-80.191733,13.1,2.1,0,M300 RTK,true,drone_images/M300 RTK_withpayload.png,25.775000,-80.197000,25.774500,-80.197300,apolloshield_dji,dji,,,2414500000,RADAR-A2D2-4F2A,Sensor Downtown Miami Ground Zero Approach,380,CRITICAL,RED
1772039788855,A2D2-4F2A,FLT-4F2A-001,25.780327,-80.191733,13.1,2.1,0,M300 RTK,true,drone_images/M300 RTK_withpayload.png,25.775000,-80.197000,25.774500,-80.197300,apolloshield_dji,dji,,,2414500000,RADAR-A2D2-4F2A,Sensor Downtown Miami Ground Zero Approach,380,CRITICAL,RED
1772039790344,A2D2-4F2A,FLT-4F2A-001,25.780327,-80.191733,13.1,2.1,0,M300 RTK,true,drone_images/M300 RTK_withpayload.png,25.775000,-80.197000,25.774500,-80.197300,apolloshield_dji,dji,,,2414500000,RADAR-A2D2-4F2A,Sensor Downtown Miami Ground Zero Approach,380,CRITICAL,RED
1772039790711,A2D2-4F2A,FLT-4F2A-001,25.780327,-80.191733,13.1,2.1,0,M300 RTK,true,drone_images/M300 RTK_withpayload.png,25.775000,-80.197000,25.774500,-80.197300,apolloshield_dji,dji,,,2414500000,RADAR-A2D2-4F2A,Sensor Downtown Miami Ground Zero Approach,380,CRITICAL,RED
1772039791852,A2D2-4F2A,FLT-4F2A-001,25.780327,-80.191733,13.1,2.1,0,M300 RTK,true,drone_images/M300 RTK_withpayload.png,25.775000,-80.197000,25.774500,-80.197300,apolloshield_dji,dji,,,2414500000,RADAR-A2D2-4F2A,Sensor Downtown Miami Ground Zero Approach,380,CRITICAL,RED
1772039793040,A2D2-4F2A,FLT-4F2A-001,25.780327,-80.191733,13.1,2.1,0,M300 RTK,true,drone_images/M300 RTK_withpayload.png,25.775000,-80.197000,25.774500,-80.197300,apolloshield_dji,dji,,,2414500000,RADAR-A2D2-4F2A,Sensor Downtown Miami Ground Zero Approach,380,CRITICAL,RED
1772039793750,A2D2-4F2A,FLT-4F2A-001,25.780327,-80.191733,13.1,2.1,0,M300 RTK,true,drone_images/M300 RTK_withpayload.png,25.775000,-80.197000,25.774500,-80.197300,apolloshield_dji,dji,,,2414500000,RADAR-A2D2-4F2A,Sensor Downtown Miami Ground Zero Approach,380,CRITICAL,RED
1772039795119,A2D2-4F2A,FLT-4F2A-001,25.780327,-80.191733,13.1,2.1,0,M300 RTK,true,drone_images/M300 RTK_withpayload.png,25.775000,-80.197000,25.774500,-80.197300,apolloshield_dji,dji,,,2414500000,RADAR-A2D2-4F2A,Sensor Downtown Miami Ground Zero Approach,380,CRITICAL,RED
1772039795836,A2D2-4F2A,FLT-4F2A-001,25.780327,-80.191733,13.1,2.1,0,M300 RTK,true,drone_images/M300 RTK_withpayload.png,25.775000,-80.197000,25.774500,-80.197300,apolloshield_dji,dji,,,2414500000,RADAR-A2D2-4F2A,Sensor Downtown Miami Ground Zero Approach,380,CRITICAL,RED
1772039797096,A2D2-4F2A,FLT-4F2A-001,25.780327,-80.191733,13.1,2.1,0,M300 RTK,true,drone_images/M300 RTK_withpayload.png,25.775000,-80.197000,25.774500,-80.197300,apolloshield_dji,dji,,,2414500000,RADAR-A2D2-4F2A,Sensor Downtown Miami Ground Zero Approach,380,CRITICAL,RED
1772039797957,A2D2-4F2A,FLT-4F2A-001,25.780327,-80.191733,13.1,2.1,0,M300 RTK,true,drone_images/M300 RTK_withpayload.png,25.775000,-80.197000,25.774500,-80.197300,apolloshield_dji,dji,,,2414500000,RADAR-A2D2-4F2A,Sensor Downtown Miami Ground Zero Approach,380,CRITICAL,RED
1772039799201,A2D2-4F2A,FLT-4F2A-001,25.780327,-80.191733,13.1,2.1,0,M300 RTK,true,drone_images/M300 RTK_withpayload.png,25.775000,-80.197000,25.774500,-80.197300,apolloshield_dji,dji,,,2414500000,RADAR-A2D2-4F2A,Sensor Downtown Miami Ground Zero Approach,380,CRITICAL,RED
1772039799889,A2D2-4F2A,FLT-4F2A-001,25.780327,-80.191733,13.1,2.1,0,M300 RTK,true,drone_images/M300 RTK_withpayload.png,25.775000,-80.197000,25.774500,-80.197300,apolloshield_dji,dji,,,2414500000,RADAR-A2D2-4F2A,Sensor Downtown Miami Ground Zero Approach,380,CRITICAL,RED
1772039800617,A2D2-4F2A,FLT-4F2A-001,25.780327,-80.191733,13.1,2.1,0,M300 RTK,true,drone_images/M300 RTK_withpayload.png,25.775000,-80.197000,25.774500,-80.197300,apolloshield_dji,dji,,,2414500000,RADAR-A2D2-4F2A,Sensor Downtown Miami Ground Zero Approach,380,CRITICAL,RED
1772039801721,A2D2-4F2A,FLT-4F2A-001,25.780327,-80.191733,13.1,2.1,0,M300 RTK,true,drone_images/M300 RTK_withpayload.png,25.775000,-80.197000,25.774500,-80.197300,apolloshield_dji,dji,,,2414500000,RADAR-A2D2-4F2A,Sensor Downtown Miami Ground Zero Approach,380,CRITICAL,RED
1772039802748,A2D2-4F2A,FLT-4F2A-001,25.780327,-80.191733,13.1,2.1,0,M300 RTK,true,drone_images/M300 RTK_withpayload.png,25.775000,-80.197000,25.774500,-80.197300,apolloshield_dji,dji,,,2414500000,RADAR-A2D2-4F2A,Sensor Downtown Miami Ground Zero Approach,380,CRITICAL,RED
1772039803912,A2D2-4F2A,FLT-4F2A-001,25.780327,-80.191733,13.1,2.1,0,M300 RTK,true,drone_images/M300 RTK_withpayload.png,25.775000,-80.197000,25.774500,-80.197300,apolloshield_dji,dji,,,2414500000,RADAR-A2D2-4F2A,Sensor Downtown Miami Ground Zero Approach,380,CRITICAL,RED
1772039805023,A2D2-4F2A,FLT-4F2A-001,25.780327,-80.191733,13.1,2.1,0,M300 RTK,true,drone_images/M300 RTK_withpayload.png,25.775000,-80.197000,25.774500,-80.197300,apolloshield_dji,dji,,,2414500000,RADAR-A2D2-4F2A,Sensor Downtown Miami Ground Zero Approach,380,CRITICAL,RED
1772039805701,A2D2-4F2A,FLT-4F2A-001,25.780327,-80.191733,13.1,2.1,0,M300 RTK,true,drone_images/M300 RTK_withpayload.png,25.775000,-80.197000,25.774500,-80.197300,apolloshield_dji,dji,,,2414500000,RADAR-A2D2-4F2A,Sensor Downtown Miami Ground Zero Approach,380,CRITICAL,RED
1772039806805,A2D2-4F2A,FLT-4F2A-001,25.780327,-80.191733,13.1,2.1,0,M300 RTK,true,drone_images/M300 RTK_withpayload.png,25.775000,-80.197000,25.774500,-80.197300,apolloshield_dji,dji,,,2414500000,RADAR-A2D2-4F2A,Sensor Downtown Miami Ground Zero Approach,380,CRITICAL,RED
1772039807896,A2D2-4F2A,FLT-4F2A-001,25.780327,-80.191733,13.1,2.1,0,M300 RTK,true,drone_images/M300 RTK_withpayload.png,25.775000,-80.197000,25.774500,-80.197300,apolloshield_dji,dji,,,2414500000,RADAR-A2D2-4F2A,Sensor Downtown Miami Ground Zero Approach,380,CRITICAL,RED
1772039809018,A2D2-4F2A,FLT-4F2A-001,25.780327,-80.191733,13.1,2.1,0,M300 RTK,true,drone_images/M300 RTK_withpayload.png,25.775000,-80.197000,25.774500,-80.197300,apolloshield_dji,dji,,,2414500000,RADAR-A2D2-4F2A,Sensor Downtown Miami Ground Zero Approach,380,CRITICAL,RED
1772039809707,A2D2-4F2A,FLT-4F2A-001,25.780327,-80.191733,13.1,2.1,0,M300 RTK,true,drone_images/M300 RTK_withpayload.png,25.775000,-80.197000,25.774500,-80.197300,apolloshield_dji,dji,,,2414500000,RADAR-A2D2-4F2A,Sensor Downtown Miami Ground Zero Approach,380,CRITICAL,RED
1772039810966,A2D2-4F2A,FLT-4F2A-001,25.780327,-80.191733,13.1,2.1,0,M300 RTK,true,drone_images/M300 RTK_withpayload.png,25.775000,-80.197000,25.774500,-80.197300,apolloshield_dji,dji,,,2414500000,RADAR-A2D2-4F2A,Sensor Downtown Miami Ground Zero Approach,380,CRITICAL,RED
1772039812180,A2D2-4F2A,FLT-4F2A-001,25.780327,-80.191733,13.1,2.1,0,M300 RTK,true,drone_images/M300 RTK_withpayload.png,25.775000,-80.197000,25.774500,-80.197300,apolloshield_dji,dji,,,2414500000,RADAR-A2D2-4F2A,Sensor Downtown Miami Ground Zero Approach,380,CRITICAL,RED
1772039813129,A2D2-4F2A,FLT-4F2A-001,25.780327,-80.191733,13.1,2.1,0,M300 RTK,true,drone_images/M300 RTK_withpayload.png,25.775000,-80.197000,25.774500,-80.197300,apolloshield_dji,dji,,,2414500000,RADAR-A2D2-4F2A,Sensor Downtown Miami Ground Zero Approach,380,CRITICAL,RED
1772039813722,A2D2-4F2A,FLT-4F2A-001,25.780327,-80.191733,13.1,2.1,0,M300 RTK,true,drone_images/M300 RTK_withpayload.png,25.775000,-80.197000,25.774500,-80.197300,apolloshield_dji,dji,,,2414500000,RADAR-A2D2-4F2A,Sensor Downtown Miami Ground Zero Approach,380,CRITICAL,RED
1772039814768,A2D2-4F2A,FLT-4F2A-001,25.780327,-80.191733,13.1,2.1,0,M300 RTK,true,drone_images/M300 RTK_withpayload.png,25.775000,-80.197000,25.774500,-80.197300,apolloshield_dji,dji,,,2414500000,RADAR-A2D2-4F2A,Sensor Downtown Miami Ground Zero Approach,380,CRITICAL,RED
1772039815989,A2D2-4F2A,FLT-4F2A-001,25.780327,-80.191733,13.1,2.1,0,M300 RTK,true,drone_images/M300 RTK_withpayload.png,25.775000,-80.197000,25.774500,-80.197300,apolloshield_dji,dji,,,2414500000,RADAR-A2D2-4F2A,Sensor Downtown Miami Ground Zero Approach,380,CRITICAL,RED
1772039817549,A2D2-4F2A,FLT-4F2A-001,25.780327,-80.191733,13.1,2.1,0,M300 RTK,true,drone_images/M300 RTK_withpayload.png,25.775000,-80.197000,25.774500,-80.197300,apolloshield_dji,dji,,,2414500000,RADAR-A2D2-4F2A,Sensor Downtown Miami Ground Zero Approach,380,CRITICAL,RED
1772039817927,A2D2-4F2A,FLT-4F2A-001,25.780327,-80.191733,13.1,2.1,0,M300 RTK,true,drone_images/M300 RTK_withpayload.png,25.775000,-80.197000,25.774500,-80.197300,apolloshield_dji,dji,,,2414500000,RADAR-A2D2-4F2A,Sensor Downtown Miami Ground Zero Approach,380,CRITICAL,RED
1772039819116,A2D2-4F2A,FLT-4F2A-001,25.780327,-80.191733,13.1,2.1,0,M300 RTK,true,drone_images/M300 RTK_withpayload.png,25.775000,-80.197000,25.774500,-80.197300,apolloshield_dji,dji,,,2414500000,RADAR-A2D2-4F2A,Sensor Downtown Miami Ground Zero Approach,380,CRITICAL,RED
1772039820049,A2D2-4F2A,FLT-4F2A-001,25.780327,-80.191733,13.1,2.1,0,M300 RTK,true,drone_images/M300 RTK_withpayload.png,25.775000,-80.197000,25.774500,-80.197300,apolloshield_dji,dji,,,2414500000,RADAR-A2D2-4F2A,Sensor Downtown Miami Ground Zero Approach,380,CRITICAL,RED
1772039821211,A2D2-4F2A,FLT-4F2A-001,25.780327,-80.191733,13.1,2.1,0,M300 RTK,true,drone_images/M300 RTK_withpayload.png,25.775000,-80.197000,25.774500,-80.197300,apolloshield_dji,dji,,,2414500000,RADAR-A2D2-4F2A,Sensor Downtown Miami Ground Zero Approach,380,CRITICAL,RED
1772039822262,A2D2-4F2A,FLT-4F2A-001,25.780327,-80.191733,13.1,2.1,0,M300 RTK,true,drone_images/M300 RTK_withpayload.png,25.775000,-80.197000,25.774500,-80.197300,apolloshield_dji,dji,,,2414500000,RADAR-A2D2-4F2A,Sensor Downtown Miami Ground Zero Approach,380,CRITICAL,RED
1772039823854,A2D2-4F2A,FLT-4F2A-001,25.780327,-80.191733,13.1,2.1,0,M300 RTK,true,drone_images/M300 RTK_withpayload.png,25.775000,-80.197000,25.774500,-80.197300,apolloshield_dji,dji,,,2414500000,RADAR-A2D2-4F2A,Sensor Downtown Miami Ground Zero Approach,380,CRITICAL,RED
1772039824530,A2D2-4F2A,FLT-4F2A-001,25.780327,-80.191733,13.1,2.1,0,M300 RTK,true,drone_images/M300 RTK_withpayload.png,25.775000,-80.197000,25.774500,-80.197300,apolloshield_dji,dji,,,2414500000,RADAR-A2D2-4F2A,Sensor Downtown Miami Ground Zero Approach,380,CRITICAL,RED
1772039824940,A2D2-4F2A,FLT-4F2A-001,25.780327,-80.191733,13.1,2.1,0,M300 RTK,true,drone_images/M300 RTK_withpayload.png,25.775000,-80.197000,25.774500,-80.197300,apolloshield_dji,dji,,,2414500000,RADAR-A2D2-4F2A,Sensor Downtown Miami Ground Zero Approach,380,CRITICAL,RED
1772040254008,A2D2-4F2A,FLT-4F2A-001,25.780356,-80.191739,18.1,0.1,0,M300 RTK,true,drone_images/M300 RTK_withpayload.png,25.775000,-80.197000,25.774500,-80.197300,apolloshield_dji,dji,,,2414500000,RADAR-A2D2-4F2A,Sensor Downtown Miami Ground Zero Approach,380,CRITICAL,RED
1772040254789,A2D2-4F2A,FLT-4F2A-001,25.780356,-80.191739,18.1,0.1,0,M300 RTK,true,drone_images/M300 RTK_withpayload.png,25.775000,-80.197000,25.774500,-80.197300,apolloshield_dji,dji,,,2414500000,RADAR-A2D2-4F2A,Sensor Downtown Miami Ground Zero Approach,380,CRITICAL,RED
1772040256387,A2D2-4F2A,FLT-4F2A-001,25.780356,-80.191739,18.1,0.1,0,M300 RTK,true,drone_images/M300 RTK_withpayload.png,25.775000,-80.197000,25.774500,-80.197300,apolloshield_dji,dji,,,2414500000,RADAR-A2D2-4F2A,Sensor Downtown Miami Ground Zero Approach,380,CRITICAL,RED
1772040256938,A2D2-4F2A,FLT-4F2A-001,25.780356,-80.191739,18.1,0.1,0,M300 RTK,true,drone_images/M300 RTK_withpayload.png,25.775000,-80.197000,25.774500,-80.197300,apolloshield_dji,dji,,,2414500000,RADAR-A2D2-4F2A,Sensor Downtown Miami Ground Zero Approach,380,CRITICAL,RED
1772040257934,A2D2-4F2A,FLT-4F2A-001,25.780356,-80.191739,18.1,0.1,0,M300 RTK,true,drone_images/M300 RTK_withpayload.png,25.775000,-80.197000,25.774500,-80.197300,apolloshield_dji,dji,,,2414500000,RADAR-A2D2-4F2A,Sensor Downtown Miami Ground Zero Approach,380,CRITICAL,RED
1772040258979,A2D2-4F2A,FLT-4F2A-001,25.780356,-80.191739,18.1,0.1,0,M300 RTK,true,drone_images/M300 RTK_withpayload.png,25.775000,-80.197000,25.774500,-80.197300,apolloshield_dji,dji,,,2414500000,RADAR-A2D2-4F2A,Sensor Downtown Miami Ground Zero Approach,380,CRITICAL,RED
1772040260027,A2D2-4F2A,FLT-4F2A-001,25.780339,-80.191813,29.3,6.3,0,M300 RTK,true,drone_images/M300 RTK_withpayload.png,25.775000,-80.197000,25.774500,-80.197300,apolloshield_dji,dji,,,2414500000,RADAR-A2D2-4F2A,Sensor Downtown Miami Ground Zero Approach,380,CRITICAL,RED
1772040260915,A2D2-4F2A,FLT-4F2A-001,25.780339,-80.191813,29.3,6.3,0,M300 RTK,true,drone_images/M300 RTK_withpayload.png,25.775000,-80.197000,25.774500,-80.197300,apolloshield_dji,dji,,,2414500000,RADAR-A2D2-4F2A,Sensor Downtown Miami Ground Zero Approach,380,CRITICAL,RED
1772040262327,A2D2-4F2A,FLT-4F2A-001,25.780339,-80.191813,29.3,6.3,0,M300 RTK,true,drone_images/M300 RTK_withpayload.png,25.775000,-80.197000,25.774500,-80.197300,apolloshield_dji,dji,,,2414500000,RADAR-A2D2-4F2A,Sensor Downtown Miami Ground Zero Approach,380,CRITICAL,RED
1772040262938,A2D2-4F2A,FLT-4F2A-001,25.780316,-80.192134,44.2,12.1,0,M300 RTK,true,drone_images/M300 RTK_withpayload.png,25.775000,-80.197000,25.774500,-80.197300,apolloshield_dji,dji,,,2414500000,RADAR-A2D2-4F2A,Sensor Downtown Miami Ground Zero Approach,380,CRITICAL,RED
1772040264376,A2D2-4F2A,FLT-4F2A-001,25.780316,-80.192134,44.2,12.1,0,M300 RTK,true,drone_images/M300 RTK_withpayload.png,25.775000,-80.197000,25.774500,-80.197300,apolloshield_dji,dji,,,2414500000,RADAR-A2D2-4F2A,Sensor Downtown Miami Ground Zero Approach,380,CRITICAL,RED
1772040265061,A2D2-4F2A,FLT-4F2A-001,25.780316,-80.192134,44.2,12.1,0,M300 RTK,true,drone_images/M300 RTK_withpayload.png,25.775000,-80.197000,25.774500,-80.197300,apolloshield_dji,dji,,,2414500000,RADAR-A2D2-4F2A,Sensor Downtown Miami Ground Zero Approach,380,CRITICAL,RED
1772040265880,A2D2-4F2A,FLT-4F2A-001,25.780316,-80.192134,44.2,12.1,0,M300 RTK,true,drone_images/M300 RTK_withpayload.png,25.775000,-80.197000,25.774500,-80.197300,apolloshield_dji,dji,,,2414500000,RADAR-A2D2-4F2A,Sensor Downtown Miami Ground Zero Approach,380,CRITICAL,RED
1772040266923,A2D2-4F2A,FLT-4F2A-001,25.780178,-80.192547,46.6,5.1,0,M300 RTK,true,drone_images/M300 RTK_withpayload.png,25.775000,-80.197000,25.774500,-80.197300,apolloshield_dji,dji,,,2414500000,RADAR-A2D2-4F2A,Sensor Downtown Miami Ground Zero Approach,380,CRITICAL,RED
1772040268110,A2D2-4F2A,FLT-4F2A-001,25.780178,-80.192547,46.6,5.1,0,M300 RTK,true,drone_images/M300 RTK_withpayload.png,25.775000,-80.197000,25.774500,-80.197300,apolloshield_dji,dji,,,2414500000,RADAR-A2D2-4F2A,Sensor Downtown Miami Ground Zero Approach,380,CRITICAL,RED
1772040268788,A2D2-4F2A,FLT-4F2A-001,25.780178,-80.192547,46.6,5.1,0,M300 RTK,true,drone_images/M300 RTK_withpayload.png,25.775000,-80.197000,25.774500,-80.197300,apolloshield_dji,dji,,,2414500000,RADAR-A2D2-4F2A,Sensor Downtown Miami Ground Zero Approach,380,CRITICAL,RED
1772040269871,A2D2-4F2A,FLT-4F2A-001,25.780178,-80.192547,46.6,5.1,0,M300 RTK,true,drone_images/M300 RTK_withpayload.png,25.775000,-80.197000,25.774500,-80.197300,apolloshield_dji,dji,,,2414500000,RADAR-A2D2-4F2A,Sensor Downtown Miami Ground Zero Approach,380,CRITICAL,RED
1772040271036,A2D2-4F2A,FLT-4F2A-001,25.780178,-80.192547,46.6,5.1,0,M300 RTK,true,drone_images/M300 RTK_withpayload.png,25.775000,-80.197000,25.774500,-80.197300,apolloshield_dji,dji,,,2414500000,RADAR-A2D2-4F2A,Sensor Downtown Miami Ground Zero Approach,380,CRITICAL,RED
1772040271953,A2D2-4F2A,FLT-4F2A-001,25.780178,-80.192547,46.6,5.1,0,M300 RTK,true,drone_images/M300 RTK_withpayload.png,25.775000,-80.197000,25.774500,-80.197300,apolloshield_dji,dji,,,2414500000,RADAR-A2D2-4F2A,Sensor Downtown Miami Ground Zero Approach,380,CRITICAL,RED
1772040272908,A2D2-4F2A,FLT-4F2A-001,25.780012,-80.192661,46.5,0.4,0,M300 RTK,true,drone_images/M300 RTK_withpayload.png,25.775000,-80.197000,25.774500,-80.197300,apolloshield_dji,dji,,,2414500000,RADAR-A2D2-4F2A,Sensor Downtown Miami Ground Zero Approach,380,CRITICAL,RED
1772040273834,A2D2-4F2A,FLT-4F2A-001,25.780012,-80.192661,46.5,0.4,0,M300 RTK,true,drone_images/M300 RTK_withpayload.png,25.775000,-80.197000,25.774500,-80.197300,apolloshield_dji,dji,,,2414500000,RADAR-A2D2-4F2A,Sensor Downtown Miami Ground Zero Approach,380,CRITICAL,RED
1772040275450,A2D2-4F2A,FLT-4F2A-001,25.780012,-80.192661,46.5,0.4,0,M300 RTK,true,drone_images/M300 RTK_withpayload.png,25.775000,-80.197000,25.774500,-80.197300,apolloshield_dji,dji,,,2414500000,RADAR-A2D2-4F2A,Sensor Downtown Miami Ground Zero Approach,380,CRITICAL,RED
1772040275859,A2D2-4F2A,FLT-4F2A-001,25.780012,-80.192661,46.5,0.4,0,M300 RTK,true,drone_images/M300 RTK_withpayload.png,25.775000,-80.197000,25.774500,-80.197300,apolloshield_dji,dji,,,2414500000,RADAR-A2D2-4F2A,Sensor Downtown Miami Ground Zero Approach,380,CRITICAL,RED
1772040277211,A2D2-4F2A,FLT-4F2A-001,25.780012,-80.192661,46.5,0.4,0,M300 RTK,true,drone_images/M300 RTK_withpayload.png,25.775000,-80.197000,25.774500,-80.197300,apolloshield_dji,dji,,,2414500000,RADAR-A2D2-4F2A,Sensor Downtown Miami Ground Zero Approach,380,CRITICAL,RED
1772040278374,A2D2-4F2A,FLT-4F2A-001,25.780012,-80.192661,46.5,0.1,0,M300 RTK,true,drone_images/M300 RTK_withpayload.png,25.775000,-80.197000,25.774500,-80.197300,apolloshield_dji,dji,,,2414500000,RADAR-A2D2-4F2A,Sensor Downtown Miami Ground Zero Approach,380,CRITICAL,RED
1772040279424,A2D2-4F2A,FLT-4F2A-001,25.780012,-80.192661,46.5,0.1,0,M300 RTK,true,drone_images/M300 RTK_withpayload.png,25.775000,-80.197000,25.774500,-80.197300,apolloshield_dji,dji,,,2414500000,RADAR-A2D2-4F2A,Sensor Downtown Miami Ground Zero Approach,380,CRITICAL,RED
1772040280727,A2D2-4F2A,FLT-4F2A-001,25.780012,-80.192661,46.5,0.1,0,M300 RTK,true,drone_images/M300 RTK_withpayload.png,25.775000,-80.197000,25.774500,-80.197300,apolloshield_dji,dji,,,2414500000,RADAR-A2D2-4F2A,Sensor Downtown Miami Ground Zero Approach,380,CRITICAL,RED
1772040281279,A2D2-4F2A,FLT-4F2A-001,25.780012,-80.192661,46.5,0.1,0,M300 RTK,true,drone_images/M300 RTK_withpayload.png,25.775000,-80.197000,25.774500,-80.197300,apolloshield_dji,dji,,,2414500000,RADAR-A2D2-4F2A,Sensor Downtown Miami Ground Zero Approach,380,CRITICAL,RED
1772040282070,A2D2-4F2A,FLT-4F2A-001,25.780052,-80.192896,39.4,3.4,0,M300 RTK,true,drone_images/M300 RTK_withpayload.png,25.775000,-80.197000,25.774500,-80.197300,apolloshield_dji,dji,,,2414500000,RADAR-A2D2-4F2A,Sensor Downtown Miami Ground Zero Approach,380,CRITICAL,RED
1772040282910,A2D2-4F2A,FLT-4F2A-001,25.780052,-80.192908,39.4,0.1,0,M300 RTK,true,drone_images/M300 RTK_withpayload.png,25.775000,-80.197000,25.774500,-80.197300,apolloshield_dji,dji,,,2414500000,RADAR-A2D2-4F2A,Sensor Downtown Miami Ground Zero Approach,380,CRITICAL,RED
1772040284410,A2D2-4F2A,FLT-4F2A-001,25.780052,-80.192908,39.4,0.1,0,M300 RTK,true,drone_images/M300 RTK_withpayload.png,25.775000,-80.197000,25.774500,-80.197300,apolloshield_dji,dji,,,2414500000,RADAR-A2D2-4F2A,Sensor Downtown Miami Ground Zero Approach,380,CRITICAL,RED
1772040285085,A2D2-4F2A,FLT-4F2A-001,25.780052,-80.192908,39.4,0.1,0,M300 RTK,true,drone_images/M300 RTK_withpayload.png,25.775000,-80.197000,25.774500,-80.197300,apolloshield_dji,dji,,,2414500000,RADAR-A2D2-4F2A,Sensor Downtown Miami Ground Zero Approach,380,CRITICAL,RED
1772040285993,A2D2-4F2A,FLT-4F2A-001,25.780052,-80.192908,39.4,0.1,0,M300 RTK,true,drone_images/M300 RTK_withpayload.png,25.775000,-80.197000,25.774500,-80.197300,apolloshield_dji,dji,,,2414500000,RADAR-A2D2-4F2A,Sensor Downtown Miami Ground Zero Approach,380,CRITICAL,RED
1772040287638,A2D2-4F2A,FLT-4F2A-001,25.780052,-80.192908,39.3,0.1,0,M300 RTK,true,drone_images/M300 RTK_withpayload.png,25.775000,-80.197000,25.774500,-80.197300,apolloshield_dji,dji,,,2414500000,RADAR-A2D2-4F2A,Sensor Downtown Miami Ground Zero Approach,380,CRITICAL,RED
1772040288423,A2D2-4F2A,FLT-4F2A-001,25.780052,-80.192908,39.3,0.1,0,M300 RTK,true,drone_images/M300 RTK_withpayload.png,25.775000,-80.197000,25.774500,-80.197300,apolloshield_dji,dji,,,2414500000,RADAR-A2D2-4F2A,Sensor Downtown Miami Ground Zero Approach,380,CRITICAL,RED
1772040289125,A2D2-4F2A,FLT-4F2A-001,25.780052,-80.192908,39.3,0.1,0,M300 RTK,true,drone_images/M300 RTK_withpayload.png,25.775000,-80.197000,25.774500,-80.197300,apolloshield_dji,dji,,,2414500000,RADAR-A2D2-4F2A,Sensor Downtown Miami Ground Zero Approach,380,CRITICAL,RED
1772040289908,A2D2-4F2A,FLT-4F2A-001,25.780052,-80.192908,39.3,0.1,0,M300 RTK,true,drone_images/M300 RTK_withpayload.png,25.775000,-80.197000,25.774500,-80.197300,apolloshield_dji,dji,,,2414500000,RADAR-A2D2-4F2A,Sensor Downtown Miami Ground Zero Approach,380,CRITICAL,RED
1772040291481,A2D2-4F2A,FLT-4F2A-001,25.780093,-80.193051,48.2,7.1,0,M300 RTK,true,drone_images/M300 RTK_withpayload.png,25.775000,-80.197000,25.774500,-80.197300,apolloshield_dji,dji,,,2414500000,RADAR-A2D2-4F2A,Sensor Downtown Miami Ground Zero Approach,380,CRITICAL,RED
1772040291825,A2D2-4F2A,FLT-4F2A-001,25.780093,-80.193085,50.3,8.1,0,M300 RTK,true,drone_images/M300 RTK_withpayload.png,25.775000,-80.197000,25.774500,-80.197300,apolloshield_dji,dji,,,2414500000,RADAR-A2D2-4F2A,Sensor Downtown Miami Ground Zero Approach,380,CRITICAL,RED
1772040292929,A2D2-4F2A,FLT-4F2A-001,25.780093,-80.193085,50.3,8.1,0,M300 RTK,true,drone_images/M300 RTK_withpayload.png,25.775000,-80.197000,25.774500,-80.197300,apolloshield_dji,dji,,,2414500000,RADAR-A2D2-4F2A,Sensor Downtown Miami Ground Zero Approach,380,CRITICAL,RED
1772040293763,A2D2-4F2A,FLT-4F2A-001,25.780093,-80.193085,50.3,8.1,0,M300 RTK,true,drone_images/M300 RTK_withpayload.png,25.775000,-80.197000,25.774500,-80.197300,apolloshield_dji,dji,,,2414500000,RADAR-A2D2-4F2A,Sensor Downtown Miami Ground Zero Approach,380,CRITICAL,RED
1772040294956,A2D2-4F2A,FLT-4F2A-001,25.780093,-80.193085,50.3,8.1,0,M300 RTK,true,drone_images/M300 RTK_withpayload.png,25.775000,-80.197000,25.774500,-80.197300,apolloshield_dji,dji,,,2414500000,RADAR-A2D2-4F2A,Sensor Downtown Miami Ground Zero Approach,380,CRITICAL,RED
1772040296018,A2D2-4F2A,FLT-4F2A-001,25.780224,-80.193383,62.5,1.8,0,M300 RTK,true,drone_images/M300 RTK_withpayload.png,25.775000,-80.197000,25.774500,-80.197300,apolloshield_dji,dji,,,2414500000,RADAR-A2D2-4F2A,Sensor Downtown Miami Ground Zero Approach,380,CRITICAL,RED
1772040296731,A2D2-4F2A,FLT-4F2A-001,25.780224,-80.193383,62.5,1.8,0,M300 RTK,true,drone_images/M300 RTK_withpayload.png,25.775000,-80.197000,25.774500,-80.197300,apolloshield_dji,dji,,,2414500000,RADAR-A2D2-4F2A,Sensor Downtown Miami Ground Zero Approach,380,CRITICAL,RED
1772040298423,A2D2-4F2A,FLT-4F2A-001,25.780224,-80.193383,62.5,42,0,M300 RTK,true,drone_images/M300 RTK_withpayload.png,25.775000,-80.197000,25.774500,-80.197300,apolloshield_dji,dji,,,2414500000,RADAR-A2D2-4F2A,Sensor Downtown Miami Ground Zero Approach,380,CRITICAL,RED
1772040299106,A2D2-4F2A,FLT-4F2A-001,25.780224,-80.193383,62.5,42,0,M300 RTK,true,drone_images/M300 RTK_withpayload.png,25.775000,-80.197000,25.774500,-80.197300,apolloshield_dji,dji,,,2414500000,RADAR-A2D2-4F2A,Sensor Downtown Miami Ground Zero Approach,380,CRITICAL,RED
1772040299971,A2D2-4F2A,FLT-4F2A-001,25.780230,-80.193355,62.4,5,0,M300 RTK,true,drone_images/M300 RTK_withpayload.png,25.775000,-80.197000,25.774500,-80.197300,apolloshield_dji,dji,,,2414500000,RADAR-A2D2-4F2A,Sensor Downtown Miami Ground Zero Approach,380,CRITICAL,RED
1772040300977,A2D2-4F2A,FLT-4F2A-001,25.780230,-80.193355,62.4,5,0,M300 RTK,true,drone_images/M300 RTK_withpayload.png,25.775000,-80.197000,25.774500,-80.197300,apolloshield_dji,dji,,,2414500000,RADAR-A2D2-4F2A,Sensor Downtown Miami Ground Zero Approach,380,CRITICAL,RED
1772040301801,A2D2-4F2A,FLT-4F2A-001,25.780259,-80.193251,62.5,8.8,0,M300 RTK,true,drone_images/M300 RTK_withpayload.png,25.775000,-80.197000,25.774500,-80.197300,apolloshield_dji,dji,,,2414500000,RADAR-A2D2-4F2A,Sensor Downtown Miami Ground Zero Approach,380,CRITICAL,RED
1772040303332,A2D2-4F2A,FLT-4F2A-001,25.780259,-80.193251,62.5,8.8,0,M300 RTK,true,drone_images/M300 RTK_withpayload.png,25.775000,-80.197000,25.774500,-80.197300,apolloshield_dji,dji,,,2414500000,RADAR-A2D2-4F2A,Sensor Downtown Miami Ground Zero Approach,380,CRITICAL,RED
1772040304132,A2D2-4F2A,FLT-4F2A-001,25.780259,-80.193251,62.5,8.8,0,M300 RTK,true,drone_images/M300 RTK_withpayload.png,25.775000,-80.197000,25.774500,-80.197300,apolloshield_dji,dji,,,2414500000,RADAR-A2D2-4F2A,Sensor Downtown Miami Ground Zero Approach,380,CRITICAL,RED
1772040305132,A2D2-4F2A,FLT-4F2A-001,25.780259,-80.193251,62.5,8.8,0,M300 RTK,true,drone_images/M300 RTK_withpayload.png,25.775000,-80.197000,25.774500,-80.197300,apolloshield_dji,dji,,,2414500000,RADAR-A2D2-4F2A,Sensor Downtown Miami Ground Zero Approach,380,CRITICAL,RED
1772040306050,A2D2-4F2A,FLT-4F2A-001,25.780259,-80.193251,62.5,8.8,0,M300 RTK,true,drone_images/M300 RTK_withpayload.png,25.775000,-80.197000,25.774500,-80.197300,apolloshield_dji,dji,,,2414500000,RADAR-A2D2-4F2A,Sensor Downtown Miami Ground Zero Approach,380,CRITICAL,RED
1772040307031,A2D2-4F2A,FLT-4F2A-001,25.780534,-80.193034,42.9,0.1,0,M300 RTK,true,drone_images/M300 RTK_withpayload.png,25.775000,-80.197000,25.774500,-80.197300,apolloshield_dji,dji,,,2414500000,RADAR-A2D2-4F2A,Sensor Downtown Miami Ground Zero Approach,380,CRITICAL,RED
1772040307802,A2D2-4F2A,FLT-4F2A-001,25.780539,-80.193034,42.9,0.3,0,M300 RTK,true,drone_images/M300 RTK_withpayload.png,25.775000,-80.197000,25.774500,-80.197300,apolloshield_dji,dji,,,2414500000,RADAR-A2D2-4F2A,Sensor Downtown Miami Ground Zero Approach,380,CRITICAL,RED
1772040309307,A2D2-4F2A,FLT-4F2A-001,25.780539,-80.193034,42.9,0.3,0,M300 RTK,true,drone_images/M300 RTK_withpayload.png,25.775000,-80.197000,25.774500,-80.197300,apolloshield_dji,dji,,,2414500000,RADAR-A2D2-4F2A,Sensor Downtown Miami Ground Zero Approach,380,CRITICAL,RED
1772040309905,A2D2-4F2A,FLT-4F2A-001,25.780539,-80.193034,42.9,0.3,0,M300 RTK,true,drone_images/M300 RTK_withpayload.png,25.775000,-80.197000,25.774500,-80.197300,apolloshield_dji,dji,,,2414500000,RADAR-A2D2-4F2A,Sensor Downtown Miami Ground Zero Approach,380,CRITICAL,RED
1772040311405,A2D2-4F2A,FLT-4F2A-001,25.780534,-80.193022,42.9,4.1,0,M300 RTK,true,drone_images/M300 RTK_withpayload.png,25.775000,-80.197000,25.774500,-80.197300,apolloshield_dji,dji,,,2414500000,RADAR-A2D2-4F2A,Sensor Downtown Miami Ground Zero Approach,380,CRITICAL,RED
1772040311929,A2D2-4F2A,FLT-4F2A-001,25.780534,-80.193022,42.9,4.1,0,M300 RTK,true,drone_images/M300 RTK_withpayload.png,25.775000,-80.197000,25.774500,-80.197300,apolloshield_dji,dji,,,2414500000,RADAR-A2D2-4F2A,Sensor Downtown Miami Ground Zero Approach,380,CRITICAL,RED
1772040312985,A2D2-4F2A,FLT-4F2A-001,25.780534,-80.193022,42.9,4.1,0,M300 RTK,true,drone_images/M300 RTK_withpayload.png,25.775000,-80.197000,25.774500,-80.197300,apolloshield_dji,dji,,,2414500000,RADAR-A2D2-4F2A,Sensor Downtown Miami Ground Zero Approach,380,CRITICAL,RED
1772040313814,A2D2-4F2A,FLT-4F2A-001,25.780534,-80.193022,42.9,4.1,0,M300 RTK,true,drone_images/M300 RTK_withpayload.png,25.775000,-80.197000,25.774500,-80.197300,apolloshield_dji,dji,,,2414500000,RADAR-A2D2-4F2A,Sensor Downtown Miami Ground Zero Approach,380,CRITICAL,RED
1772040314884,A2D2-4F2A,FLT-4F2A-001,25.780534,-80.193022,42.9,4.1,0,M300 RTK,true,drone_images/M300 RTK_withpayload.png,25.775000,-80.197000,25.774500,-80.197300,apolloshield_dji,dji,,,2414500000,RADAR-A2D2-4F2A,Sensor Downtown Miami Ground Zero Approach,380,CRITICAL,RED
1772040315991,A2D2-4F2A,FLT-4F2A-001,25.780471,-80.192902,43,0.1,0,M300 RTK,true,drone_images/M300 RTK_withpayload.png,25.775000,-80.197000,25.774500,-80.197300,apolloshield_dji,dji,,,2414500000,RADAR-A2D2-4F2A,Sensor Downtown Miami Ground Zero Approach,380,CRITICAL,RED
1772040316715,A2D2-4F2A,FLT-4F2A-001,25.780442,-80.192908,43,4.9,0,M300 RTK,true,drone_images/M300 RTK_withpayload.png,25.775000,-80.197000,25.774500,-80.197300,apolloshield_dji,dji,,,2414500000,RADAR-A2D2-4F2A,Sensor Downtown Miami Ground Zero Approach,380,CRITICAL,RED
1772040317936,A2D2-4F2A,FLT-4F2A-001,25.780390,-80.192919,42.9,7.1,0,M300 RTK,true,drone_images/M300 RTK_withpayload.png,25.775000,-80.197000,25.774500,-80.197300,apolloshield_dji,dji,,,2414500000,RADAR-A2D2-4F2A,Sensor Downtown Miami Ground Zero Approach,380,CRITICAL,RED
1772040318841,A2D2-4F2A,FLT-4F2A-001,25.780390,-80.192919,42.9,7.1,0,M300 RTK,true,drone_images/M300 RTK_withpayload.png,25.775000,-80.197000,25.774500,-80.197300,apolloshield_dji,dji,,,2414500000,RADAR-A2D2-4F2A,Sensor Downtown Miami Ground Zero Approach,380,CRITICAL,RED
1772040320042,A2D2-4F2A,FLT-4F2A-001,25.780390,-80.192919,42.9,7.1,0,M300 RTK,true,drone_images/M300 RTK_withpayload.png,25.775000,-80.197000,25.774500,-80.197300,apolloshield_dji,dji,,,2414500000,RADAR-A2D2-4F2A,Sensor Downtown Miami Ground Zero Approach,380,CRITICAL,RED
1772040320938,A2D2-4F2A,FLT-4F2A-001,25.780390,-80.192919,42.9,7.1,0,M300 RTK,true,drone_images/M300 RTK_withpayload.png,25.775000,-80.197000,25.774500,-80.197300,apolloshield_dji,dji,,,2414500000,RADAR-A2D2-4F2A,Sensor Downtown Miami Ground Zero Approach,380,CRITICAL,RED
1772040321949,A2D2-4F2A,FLT-4F2A-001,25.780219,-80.192753,39.2,7.8,0,M300 RTK,true,drone_images/M300 RTK_withpayload.png,25.775000,-80.197000,25.774500,-80.197300,apolloshield_dji,dji,,,2414500000,RADAR-A2D2-4F2A,Sensor Downtown Miami Ground Zero Approach,380,CRITICAL,RED
1772040322979,A2D2-4F2A,FLT-4F2A-001,25.780219,-80.192753,39.2,7.8,0,M300 RTK,true,drone_images/M300 RTK_withpayload.png,25.775000,-80.197000,25.774500,-80.197300,apolloshield_dji,dji,,,2414500000,RADAR-A2D2-4F2A,Sensor Downtown Miami Ground Zero Approach,380,CRITICAL,RED
1772040324126,A2D2-4F2A,FLT-4F2A-001,25.780219,-80.192753,39.2,7.8,0,M300 RTK,true,drone_images/M300 RTK_withpayload.png,25.775000,-80.197000,25.774500,-80.197300,apolloshield_dji,dji,,,2414500000,RADAR-A2D2-4F2A,Sensor Downtown Miami Ground Zero Approach,380,CRITICAL,RED
1772040324858,A2D2-4F2A,FLT-4F2A-001,25.780219,-80.192753,39.2,7.8,0,M300 RTK,true,drone_images/M300 RTK_withpayload.png,25.775000,-80.197000,25.774500,-80.197300,apolloshield_dji,dji,,,2414500000,RADAR-A2D2-4F2A,Sensor Downtown Miami Ground Zero Approach,380,CRITICAL,RED
1772040325822,A2D2-4F2A,FLT-4F2A-001,25.780144,-80.192610,27.7,0.9,0,M300 RTK,true,drone_images/M300 RTK_withpayload.png,25.775000,-80.197000,25.774500,-80.197300,apolloshield_dji,dji,,,2414500000,RADAR-A2D2-4F2A,Sensor Downtown Miami Ground Zero Approach,380,CRITICAL,RED
1772040327038,A2D2-4F2A,FLT-4F2A-001,25.780144,-80.192610,27.7,0.9,0,M300 RTK,true,drone_images/M300 RTK_withpayload.png,25.775000,-80.197000,25.774500,-80.197300,apolloshield_dji,dji,,,2414500000,RADAR-A2D2-4F2A,Sensor Downtown Miami Ground Zero Approach,380,CRITICAL,RED
1772040328180,A2D2-4F2A,FLT-4F2A-001,25.780144,-80.192610,27.7,0.9,0,M300 RTK,true,drone_images/M300 RTK_withpayload.png,25.775000,-80.197000,25.774500,-80.197300,apolloshield_dji,dji,,,2414500000,RADAR-A2D2-4F2A,Sensor Downtown Miami Ground Zero Approach,380,CRITICAL,RED
1772040328831,A2D2-4F2A,FLT-4F2A-001,25.780144,-80.192610,27.7,0.9,0,M300 RTK,true,drone_images/M300 RTK_withpayload.png,25.775000,-80.197000,25.774500,-80.197300,apolloshield_dji,dji,,,2414500000,RADAR-A2D2-4F2A,Sensor Downtown Miami Ground Zero Approach,380,CRITICAL,RED
1772040330086,A2D2-4F2A,FLT-4F2A-001,25.780144,-80.192610,27.7,0.9,0,M300 RTK,true,drone_images/M300 RTK_withpayload.png,25.775000,-80.197000,25.774500,-80.197300,apolloshield_dji,dji,,,2414500000,RADAR-A2D2-4F2A,Sensor Downtown Miami Ground Zero Approach,380,CRITICAL,RED
1772040330831,A2D2-4F2A,FLT-4F2A-001,25.780144,-80.192610,27.7,0.9,0,M300 RTK,true,drone_images/M300 RTK_withpayload.png,25.775000,-80.197000,25.774500,-80.197300,apolloshield_dji,dji,,,2414500000,RADAR-A2D2-4F2A,Sensor Downtown Miami Ground Zero Approach,380,CRITICAL,RED
1772040332374,A2D2-4F2A,FLT-4F2A-001,25.780144,-80.192610,27.7,0.9,0,M300 RTK,true,drone_images/M300 RTK_withpayload.png,25.775000,-80.197000,25.774500,-80.197300,apolloshield_dji,dji,,,2414500000,RADAR-A2D2-4F2A,Sensor Downtown Miami Ground Zero Approach,380,CRITICAL,RED
1772040333043,A2D2-4F2A,FLT-4F2A-001,25.780144,-80.192610,27.7,0.9,0,M300 RTK,true,drone_images/M300 RTK_withpayload.png,25.775000,-80.197000,25.774500,-80.197300,apolloshield_dji,dji,,,2414500000,RADAR-A2D2-4F2A,Sensor Downtown Miami Ground Zero Approach,380,CRITICAL,RED
1772040333951,A2D2-4F2A,FLT-4F2A-001,25.780144,-80.192610,27.7,0.9,0,M300 RTK,true,drone_images/M300 RTK_withpayload.png,25.775000,-80.197000,25.774500,-80.197300,apolloshield_dji,dji,,,2414500000,RADAR-A2D2-4F2A,Sensor Downtown Miami Ground Zero Approach,380,CRITICAL,RED
1772040335092,A2D2-4F2A,FLT-4F2A-001,25.780144,-80.192610,27.7,0.9,0,M300 RTK,true,drone_images/M300 RTK_withpayload.png,25.775000,-80.197000,25.774500,-80.197300,apolloshield_dji,dji,,,2414500000,RADAR-A2D2-4F2A,Sensor Downtown Miami Ground Zero Approach,380,CRITICAL,RED
1772040336091,A2D2-4F2A,FLT-4F2A-001,25.780144,-80.192610,27.7,0.9,0,M300 RTK,true,drone_images/M300 RTK_withpayload.png,25.775000,-80.197000,25.774500,-80.197300,apolloshield_dji,dji,,,2414500000,RADAR-A2D2-4F2A,Sensor Downtown Miami Ground Zero Approach,380,CRITICAL,RED
1772040336934,A2D2-4F2A,FLT-4F2A-001,25.780144,-80.192610,27.7,0.9,0,M300 RTK,true,drone_images/M300 RTK_withpayload.png,25.775000,-80.197000,25.774500,-80.197300,apolloshield_dji,dji,,,2414500000,RADAR-A2D2-4F2A,Sensor Downtown Miami Ground Zero Approach,380,CRITICAL,RED
1772040337930,A2D2-4F2A,FLT-4F2A-001,25.780144,-80.192610,27.7,0.9,0,M300 RTK,true,drone_images/M300 RTK_withpayload.png,25.775000,-80.197000,25.774500,-80.197300,apolloshield_dji,dji,,,2414500000,RADAR-A2D2-4F2A,Sensor Downtown Miami Ground Zero Approach,380,CRITICAL,RED
1772040339233,A2D2-4F2A,FLT-4F2A-001,25.780150,-80.192581,24.7,42,0,M300 RTK,true,drone_images/M300 RTK_withpayload.png,25.775000,-80.197000,25.774500,-80.197300,apolloshield_dji,dji,,,2414500000,RADAR-A2D2-4F2A,Sensor Downtown Miami Ground Zero Approach,380,CRITICAL,RED
1772040340139,A2D2-4F2A,FLT-4F2A-001,25.780150,-80.192581,24.7,42,0,M300 RTK,true,drone_images/M300 RTK_withpayload.png,25.775000,-80.197000,25.774500,-80.197300,apolloshield_dji,dji,,,2414500000,RADAR-A2D2-4F2A,Sensor Downtown Miami Ground Zero Approach,380,CRITICAL,RED
1772040341468,A2D2-4F2A,FLT-4F2A-001,25.780150,-80.192581,24.7,42,0,M300 RTK,true,drone_images/M300 RTK_withpayload.png,25.775000,-80.197000,25.774500,-80.197300,apolloshield_dji,dji,,,2414500000,RADAR-A2D2-4F2A,Sensor Downtown Miami Ground Zero Approach,380,CRITICAL,RED
1772040342493,A2D2-4F2A,FLT-4F2A-001,25.780150,-80.192581,24.7,42,0,M300 RTK,true,drone_images/M300 RTK_withpayload.png,25.775000,-80.197000,25.774500,-80.197300,apolloshield_dji,dji,,,2414500000,RADAR-A2D2-4F2A,Sensor Downtown Miami Ground Zero Approach,380,CRITICAL,RED
1772040343815,A2D2-4F2A,FLT-4F2A-001,25.780150,-80.192581,24.7,42,0,M300 RTK,true,drone_images/M300 RTK_withpayload.png,25.775000,-80.197000,25.774500,-80.197300,apolloshield_dji,dji,,,2414500000,RADAR-A2D2-4F2A,Sensor Downtown Miami Ground Zero Approach,380,CRITICAL,RED
1772040344056,A2D2-4F2A,FLT-4F2A-001,25.780150,-80.192581,24.7,42,0,M300 RTK,true,drone_images/M300 RTK_withpayload.png,25.775000,-80.197000,25.774500,-80.197300,apolloshield_dji,dji,,,2414500000,RADAR-A2D2-4F2A,Sensor Downtown Miami Ground Zero Approach,380,CRITICAL,RED
1772040345045,A2D2-4F2A,FLT-4F2A-001,25.780150,-80.192581,24.7,0.1,0,M300 RTK,true,drone_images/M300 RTK_withpayload.png,25.775000,-80.197000,25.774500,-80.197300,apolloshield_dji,dji,,,2414500000,RADAR-A2D2-4F2A,Sensor Downtown Miami Ground Zero Approach,380,CRITICAL,RED
1772040345834,A2D2-4F2A,FLT-4F2A-001,25.780150,-80.192581,24.7,0.1,0,M300 RTK,true,drone_images/M300 RTK_withpayload.png,25.775000,-80.197000,25.774500,-80.197300,apolloshield_dji,dji,,,2414500000,RADAR-A2D2-4F2A,Sensor Downtown Miami Ground Zero Approach,380,CRITICAL,RED
1772040347096,A2D2-4F2A,FLT-4F2A-001,25.780150,-80.192581,24.7,0.1,0,M300 RTK,true,drone_images/M300 RTK_withpayload.png,25.775000,-80.197000,25.774500,-80.197300,apolloshield_dji,dji,,,2414500000,RADAR-A2D2-4F2A,Sensor Downtown Miami Ground Zero Approach,380,CRITICAL,RED
1772040348115,A2D2-4F2A,FLT-4F2A-001,25.780150,-80.192581,24.7,0.1,0,M300 RTK,true,drone_images/M300 RTK_withpayload.png,25.775000,-80.197000,25.774500,-80.197300,apolloshield_dji,dji,,,2414500000,RADAR-A2D2-4F2A,Sensor Downtown Miami Ground Zero Approach,380,CRITICAL,RED
1772040348997,A2D2-4F2A,FLT-4F2A-001,25.780150,-80.192581,24.7,42,0,M300 RTK,true,drone_images/M300 RTK_withpayload.png,25.775000,-80.197000,25.774500,-80.197300,apolloshield_dji,dji,,,2414500000,RADAR-A2D2-4F2A,Sensor Downtown Miami Ground Zero Approach,380,CRITICAL,RED
1772040349936,A2D2-4F2A,FLT-4F2A-001,25.780150,-80.192581,24.7,42,0,M300 RTK,true,drone_images/M300 RTK_withpayload.png,25.775000,-80.197000,25.774500,-80.197300,apolloshield_dji,dji,,,2414500000,RADAR-A2D2-4F2A,Sensor Downtown Miami Ground Zero Approach,380,CRITICAL,RED
1772040350979,A2D2-4F2A,FLT-4F2A-001,25.780150,-80.192581,24.7,42,0,M300 RTK,true,drone_images/M300 RTK_withpayload.png,25.775000,-80.197000,25.774500,-80.197300,apolloshield_dji,dji,,,2414500000,RADAR-A2D2-4F2A,Sensor Downtown Miami Ground Zero Approach,380,CRITICAL,RED
1772040352002,A2D2-4F2A,FLT-4F2A-001,25.780150,-80.192581,24.7,42,0,M300 RTK,true,drone_images/M300 RTK_withpayload.png,25.775000,-80.197000,25.774500,-80.197300,apolloshield_dji,dji,,,2414500000,RADAR-A2D2-4F2A,Sensor Downtown Miami Ground Zero Approach,380,CRITICAL,RED
1772040353048,A2D2-4F2A,FLT-4F2A-001,25.780150,-80.192581,24.7,42,0,M300 RTK,true,drone_images/M300 RTK_withpayload.png,25.775000,-80.197000,25.774500,-80.197300,apolloshield_dji,dji,,,2414500000,RADAR-A2D2-4F2A,Sensor Downtown Miami Ground Zero Approach,380,CRITICAL,RED
1772040353871,A2D2-4F2A,FLT-4F2A-001,25.780150,-80.192581,24.7,42,0,M300 RTK,true,drone_images/M300 RTK_withpayload.png,25.775000,-80.197000,25.774500,-80.197300,apolloshield_dji,dji,,,2414500000,RADAR-A2D2-4F2A,Sensor Downtown Miami Ground Zero Approach,380,CRITICAL,RED
1772040354919,A2D2-4F2A,FLT-4F2A-001,25.780150,-80.192581,24.7,42,0,M300 RTK,true,drone_images/M300 RTK_withpayload.png,25.775000,-80.197000,25.774500,-80.197300,apolloshield_dji,dji,,,2414500000,RADAR-A2D2-4F2A,Sensor Downtown Miami Ground Zero Approach,380,CRITICAL,RED
1772040355878,A2D2-4F2A,FLT-4F2A-001,25.780150,-80.192581,24.7,42,0,M300 RTK,true,drone_images/M300 RTK_withpayload.png,25.775000,-80.197000,25.774500,-80.197300,apolloshield_dji,dji,,,2414500000,RADAR-A2D2-4F2A,Sensor Downtown Miami Ground Zero Approach,380,CRITICAL,RED
1772040357304,A2D2-4F2A,FLT-4F2A-001,25.780150,-80.192581,24.7,42,0,M300 RTK,true,drone_images/M300 RTK_withpayload.png,25.775000,-80.197000,25.774500,-80.197300,apolloshield_dji,dji,,,2414500000,RADAR-A2D2-4F2A,Sensor Downtown Miami Ground Zero Approach,380,CRITICAL,RED
1772040358238,A2D2-4F2A,FLT-4F2A-001,25.780150,-80.192581,24.7,42,0,M300 RTK,true,drone_images/M300 RTK_withpayload.png,25.775000,-80.197000,25.774500,-80.197300,apolloshield_dji,dji,,,2414500000,RADAR-A2D2-4F2A,Sensor Downtown Miami Ground Zero Approach,380,CRITICAL,RED
1772040358982,A2D2-4F2A,FLT-4F2A-001,25.780150,-80.192581,24.7,42,0,M300 RTK,true,drone_images/M300 RTK_withpayload.png,25.775000,-80.197000,25.774500,-80.197300,apolloshield_dji,dji,,,2414500000,RADAR-A2D2-4F2A,Sensor Downtown Miami Ground Zero Approach,380,CRITICAL,RED
1772040360201,A2D2-4F2A,FLT-4F2A-001,25.780150,-80.192581,24.7,42,0,M300 RTK,true,drone_images/M300 RTK_withpayload.png,25.775000,-80.197000,25.774500,-80.197300,apolloshield_dji,dji,,,2414500000,RADAR-A2D2-4F2A,Sensor Downtown Miami Ground Zero Approach,380,CRITICAL,RED
1772040361052,A2D2-4F2A,FLT-4F2A-001,25.780150,-80.192581,24.7,42,0,M300 RTK,true,drone_images/M300 RTK_withpayload.png,25.775000,-80.197000,25.774500,-80.197300,apolloshield_dji,dji,,,2414500000,RADAR-A2D2-4F2A,Sensor Downtown Miami Ground Zero Approach,380,CRITICAL,RED
1772040361806,A2D2-4F2A,FLT-4F2A-001,25.780150,-80.192581,24.7,42,0,M300 RTK,true,drone_images/M300 RTK_withpayload.png,25.775000,-80.197000,25.774500,-80.197300,apolloshield_dji,dji,,,2414500000,RADAR-A2D2-4F2A,Sensor Downtown Miami Ground Zero Approach,380,CRITICAL,RED
1772040362929,A2D2-4F2A,FLT-4F2A-001,25.780150,-80.192581,24.7,42,0,M300 RTK,true,drone_images/M300 RTK_withpayload.png,25.775000,-80.197000,25.774500,-80.197300,apolloshield_dji,dji,,,2414500000,RADAR-A2D2-4F2A,Sensor Downtown Miami Ground Zero Approach,380,CRITICAL,RED
1772040363902,A2D2-4F2A,FLT-4F2A-001,25.780150,-80.192581,24.7,42,0,M300 RTK,true,drone_images/M300 RTK_withpayload.png,25.775000,-80.197000,25.774500,-80.197300,apolloshield_dji,dji,,,2414500000,RADAR-A2D2-4F2A,Sensor Downtown Miami Ground Zero Approach,380,CRITICAL,RED
1772040365089,A2D2-4F2A,FLT-4F2A-001,25.780276,-80.192060,45.7,10.1,0,M300 RTK,true,drone_images/M300 RTK_withpayload.png,25.775000,-80.197000,25.774500,-80.197300,apolloshield_dji,dji,,,2414500000,RADAR-A2D2-4F2A,Sensor Downtown Miami Ground Zero Approach,380,CRITICAL,RED
1772040366496,A2D2-4F2A,FLT-4F2A-001,25.780276,-80.192060,45.7,10.1,0,M300 RTK,true,drone_images/M300 RTK_withpayload.png,25.775000,-80.197000,25.774500,-80.197300,apolloshield_dji,dji,,,2414500000,RADAR-A2D2-4F2A,Sensor Downtown Miami Ground Zero Approach,380,CRITICAL,RED
1772040367119,A2D2-4F2A,FLT-4F2A-001,25.780276,-80.192060,45.7,10.1,0,M300 RTK,true,drone_images/M300 RTK_withpayload.png,25.775000,-80.197000,25.774500,-80.197300,apolloshield_dji,dji,,,2414500000,RADAR-A2D2-4F2A,Sensor Downtown Miami Ground Zero Approach,380,CRITICAL,RED
1772040367852,A2D2-4F2A,FLT-4F2A-001,25.780276,-80.192060,45.7,10.1,0,M300 RTK,true,drone_images/M300 RTK_withpayload.png,25.775000,-80.197000,25.774500,-80.197300,apolloshield_dji,dji,,,2414500000,RADAR-A2D2-4F2A,Sensor Downtown Miami Ground Zero Approach,380,CRITICAL,RED
1772040368734,A2D2-4F2A,FLT-4F2A-001,25.780350,-80.191785,53.5,3.4,0,M300 RTK,true,drone_images/M300 RTK_withpayload.png,25.775000,-80.197000,25.774500,-80.197300,apolloshield_dji,dji,,,2414500000,RADAR-A2D2-4F2A,Sensor Downtown Miami Ground Zero Approach,380,CRITICAL,RED
1772040369752,A2D2-4F2A,FLT-4F2A-001,25.780350,-80.191785,53.5,3.4,0,M300 RTK,true,drone_images/M300 RTK_withpayload.png,25.775000,-80.197000,25.774500,-80.197300,apolloshield_dji,dji,,,2414500000,RADAR-A2D2-4F2A,Sensor Downtown Miami Ground Zero Approach,380,CRITICAL,RED
1772040371172,A2D2-4F2A,FLT-4F2A-001,25.780350,-80.191785,53.5,3.4,0,M300 RTK,true,drone_images/M300 RTK_withpayload.png,25.775000,-80.197000,25.774500,-80.197300,apolloshield_dji,dji,,,2414500000,RADAR-A2D2-4F2A,Sensor Downtown Miami Ground Zero Approach,380,CRITICAL,RED
1772040371941,A2D2-4F2A,FLT-4F2A-001,25.780350,-80.191785,53.5,3.4,0,M300 RTK,true,drone_images/M300 RTK_withpayload.png,25.775000,-80.197000,25.774500,-80.197300,apolloshield_dji,dji,,,2414500000,RADAR-A2D2-4F2A,Sensor Downtown Miami Ground Zero Approach,380,CRITICAL,RED
1772040373045,A2D2-4F2A,FLT-4F2A-001,25.780350,-80.191785,53.5,3.4,0,M300 RTK,true,drone_images/M300 RTK_withpayload.png,25.775000,-80.197000,25.774500,-80.197300,apolloshield_dji,dji,,,2414500000,RADAR-A2D2-4F2A,Sensor Downtown Miami Ground Zero Approach,380,CRITICAL,RED
1772040374003,A2D2-4F2A,FLT-4F2A-001,25.780276,-80.192037,54,7.5,0,M300 RTK,true,drone_images/M300 RTK_withpayload.png,25.775000,-80.197000,25.774500,-80.197300,apolloshield_dji,dji,,,2414500000,RADAR-A2D2-4F2A,Sensor Downtown Miami Ground Zero Approach,380,CRITICAL,RED
1772040375378,A2D2-4F2A,FLT-4F2A-001,25.780276,-80.192037,54,7.5,0,M300 RTK,true,drone_images/M300 RTK_withpayload.png,25.775000,-80.197000,25.774500,-80.197300,apolloshield_dji,dji,,,2414500000,RADAR-A2D2-4F2A,Sensor Downtown Miami Ground Zero Approach,380,CRITICAL,RED
1772040376181,A2D2-4F2A,FLT-4F2A-001,25.780276,-80.192037,54,7.5,0,M300 RTK,true,drone_images/M300 RTK_withpayload.png,25.775000,-80.197000,25.774500,-80.197300,apolloshield_dji,dji,,,2414500000,RADAR-A2D2-4F2A,Sensor Downtown Miami Ground Zero Approach,380,CRITICAL,RED
1772040376715,A2D2-4F2A,FLT-4F2A-001,25.780276,-80.192037,54,7.5,0,M300 RTK,true,drone_images/M300 RTK_withpayload.png,25.775000,-80.197000,25.774500,-80.197300,apolloshield_dji,dji,,,2414500000,RADAR-A2D2-4F2A,Sensor Downtown Miami Ground Zero Approach,380,CRITICAL,RED
1772040377721,A2D2-4F2A,FLT-4F2A-001,25.780276,-80.192037,54,7.5,0,M300 RTK,true,drone_images/M300 RTK_withpayload.png,25.775000,-80.197000,25.774500,-80.197300,apolloshield_dji,dji,,,2414500000,RADAR-A2D2-4F2A,Sensor Downtown Miami Ground Zero Approach,380,CRITICAL,RED
1772040378886,A2D2-4F2A,FLT-4F2A-001,25.780264,-80.192117,65.8,0.3,0,M300 RTK,true,drone_images/M300 RTK_withpayload.png,25.775000,-80.197000,25.774500,-80.197300,apolloshield_dji,dji,,,2414500000,RADAR-A2D2-4F2A,Sensor Downtown Miami Ground Zero Approach,380,CRITICAL,RED
1772040379925,A2D2-4F2A,FLT-4F2A-001,25.780264,-80.192117,65.8,0.3,0,M300 RTK,true,drone_images/M300 RTK_withpayload.png,25.775000,-80.197000,25.774500,-80.197300,apolloshield_dji,dji,,,2414500000,RADAR-A2D2-4F2A,Sensor Downtown Miami Ground Zero Approach,380,CRITICAL,RED
1772040380950,A2D2-4F2A,FLT-4F2A-001,25.780264,-80.192117,65.8,0.3,0,M300 RTK,true,drone_images/M300 RTK_withpayload.png,25.775000,-80.197000,25.774500,-80.197300,apolloshield_dji,dji,,,2414500000,RADAR-A2D2-4F2A,Sensor Downtown Miami Ground Zero Approach,380,CRITICAL,RED
1772040381971,A2D2-4F2A,FLT-4F2A-001,25.780264,-80.192117,65.8,0.3,0,M300 RTK,true,drone_images/M300 RTK_withpayload.png,25.775000,-80.197000,25.774500,-80.197300,apolloshield_dji,dji,,,2414500000,RADAR-A2D2-4F2A,Sensor Downtown Miami Ground Zero Approach,380,CRITICAL,RED
1772040382853,A2D2-4F2A,FLT-4F2A-001,25.780264,-80.192140,89.7,0.1,0,M300 RTK,true,drone_images/M300 RTK_withpayload.png,25.775000,-80.197000,25.774500,-80.197300,apolloshield_dji,dji,,,2414500000,RADAR-A2D2-4F2A,Sensor Downtown Miami Ground Zero Approach,380,CRITICAL,RED
1772040383835,A2D2-4F2A,FLT-4F2A-001,25.780264,-80.192140,89.7,0.1,0,M300 RTK,true,drone_images/M300 RTK_withpayload.png,25.775000,-80.197000,25.774500,-80.197300,apolloshield_dji,dji,,,2414500000,RADAR-A2D2-4F2A,Sensor Downtown Miami Ground Zero Approach,380,CRITICAL,RED
1772040385103,A2D2-4F2A,FLT-4F2A-001,25.780264,-80.192140,89.7,0.1,0,M300 RTK,true,drone_images/M300 RTK_withpayload.png,25.775000,-80.197000,25.774500,-80.197300,apolloshield_dji,dji,,,2414500000,RADAR-A2D2-4F2A,Sensor Downtown Miami Ground Zero Approach,380,CRITICAL,RED
1772040385994,A2D2-4F2A,FLT-4F2A-001,25.780264,-80.192140,89.7,0.1,0,M300 RTK,true,drone_images/M300 RTK_withpayload.png,25.775000,-80.197000,25.774500,-80.197300,apolloshield_dji,dji,,,2414500000,RADAR-A2D2-4F2A,Sensor Downtown Miami Ground Zero Approach,380,CRITICAL,RED
1772040387542,A2D2-4F2A,FLT-4F2A-001,25.780264,-80.192140,89.7,0.1,0,M300 RTK,true,drone_images/M300 RTK_withpayload.png,25.775000,-80.197000,25.774500,-80.197300,apolloshield_dji,dji,,,2414500000,RADAR-A2D2-4F2A,Sensor Downtown Miami Ground Zero Approach,380,CRITICAL,RED
1772040388332,A2D2-4F2A,FLT-4F2A-001,25.780259,-80.192128,91.7,42,0,M300 RTK,true,drone_images/M300 RTK_withpayload.png,25.775000,-80.197000,25.774500,-80.197300,apolloshield_dji,dji,,,2414500000,RADAR-A2D2-4F2A,Sensor Downtown Miami Ground Zero Approach,380,CRITICAL,RED
1772040388996,A2D2-4F2A,FLT-4F2A-001,25.780259,-80.192128,91.7,42,0,M300 RTK,true,drone_images/M300 RTK_withpayload.png,25.775000,-80.197000,25.774500,-80.197300,apolloshield_dji,dji,,,2414500000,RADAR-A2D2-4F2A,Sensor Downtown Miami Ground Zero Approach,380,CRITICAL,RED
1772040389858,A2D2-4F2A,FLT-4F2A-001,25.780259,-80.192128,91.7,42,0,M300 RTK,true,drone_images/M300 RTK_withpayload.png,25.775000,-80.197000,25.774500,-80.197300,apolloshield_dji,dji,,,2414500000,RADAR-A2D2-4F2A,Sensor Downtown Miami Ground Zero Approach,380,CRITICAL,RED
1772040391095,A2D2-4F2A,FLT-4F2A-001,25.780259,-80.192128,91.7,42,0,M300 RTK,true,drone_images/M300 RTK_withpayload.png,25.775000,-80.197000,25.774500,-80.197300,apolloshield_dji,dji,,,2414500000,RADAR-A2D2-4F2A,Sensor Downtown Miami Ground Zero Approach,380,CRITICAL,RED
1772040392012,A2D2-4F2A,FLT-4F2A-001,25.780259,-80.192123,91.7,42,0,M300 RTK,true,drone_images/M300 RTK_withpayload.png,25.775000,-80.197000,25.774500,-80.197300,apolloshield_dji,dji,,,2414500000,RADAR-A2D2-4F2A,Sensor Downtown Miami Ground Zero Approach,380,CRITICAL,RED
1772040392882,A2D2-4F2A,FLT-4F2A-001,25.780259,-80.192123,91.7,42,0,M300 RTK,true,drone_images/M300 RTK_withpayload.png,25.775000,-80.197000,25.774500,-80.197300,apolloshield_dji,dji,,,2414500000,RADAR-A2D2-4F2A,Sensor Downtown Miami Ground Zero Approach,380,CRITICAL,RED
1772040393754,A2D2-4F2A,FLT-4F2A-001,25.780259,-80.192123,91.7,42,0,M300 RTK,true,drone_images/M300 RTK_withpayload.png,25.775000,-80.197000,25.774500,-80.197300,apolloshield_dji,dji,,,2414500000,RADAR-A2D2-4F2A,Sensor Downtown Miami Ground Zero Approach,380,CRITICAL,RED
1772040395517,A2D2-4F2A,FLT-4F2A-001,25.780259,-80.192123,91.7,42,0,M300 RTK,true,drone_images/M300 RTK_withpayload.png,25.775000,-80.197000,25.774500,-80.197300,apolloshield_dji,dji,,,2414500000,RADAR-A2D2-4F2A,Sensor Downtown Miami Ground Zero Approach,380,CRITICAL,RED
1772040395815,A2D2-4F2A,FLT-4F2A-001,25.780259,-80.192123,91.7,42,0,M300 RTK,true,drone_images/M300 RTK_withpayload.png,25.775000,-80.197000,25.774500,-80.197300,apolloshield_dji,dji,,,2414500000,RADAR-A2D2-4F2A,Sensor Downtown Miami Ground Zero Approach,380,CRITICAL,RED
1772040396935,A2D2-4F2A,FLT-4F2A-001,25.780259,-80.192123,91.7,42,0,M300 RTK,true,drone_images/M300 RTK_withpayload.png,25.775000,-80.197000,25.774500,-80.197300,apolloshield_dji,dji,,,2414500000,RADAR-A2D2-4F2A,Sensor Downtown Miami Ground Zero Approach,380,CRITICAL,RED
1772040397910,A2D2-4F2A,FLT-4F2A-001,25.780259,-80.192123,91.7,42,0,M300 RTK,true,drone_images/M300 RTK_withpayload.png,25.775000,-80.197000,25.774500,-80.197300,apolloshield_dji,dji,,,2414500000,RADAR-A2D2-4F2A,Sensor Downtown Miami Ground Zero Approach,380,CRITICAL,RED
1772040398800,A2D2-4F2A,FLT-4F2A-001,25.780259,-80.192123,91.7,42,0,M300 RTK,true,drone_images/M300 RTK_withpayload.png,25.775000,-80.197000,25.774500,-80.197300,apolloshield_dji,dji,,,2414500000,RADAR-A2D2-4F2A,Sensor Downtown Miami Ground Zero Approach,380,CRITICAL,RED
1772040399877,A2D2-4F2A,FLT-4F2A-001,25.780259,-80.192123,91.7,42,0,M300 RTK,true,drone_images/M300 RTK_withpayload.png,25.775000,-80.197000,25.774500,-80.197300,apolloshield_dji,dji,,,2414500000,RADAR-A2D2-4F2A,Sensor Downtown Miami Ground Zero Approach,380,CRITICAL,RED
1772040401056,A2D2-4F2A,FLT-4F2A-001,25.780259,-80.192123,91.7,42,0,M300 RTK,true,drone_images/M300 RTK_withpayload.png,25.775000,-80.197000,25.774500,-80.197300,apolloshield_dji,dji,,,2414500000,RADAR-A2D2-4F2A,Sensor Downtown Miami Ground Zero Approach,380,CRITICAL,RED
1772040402105,A2D2-4F2A,FLT-4F2A-001,25.780259,-80.192123,91.7,42,0,M300 RTK,true,drone_images/M300 RTK_withpayload.png,25.775000,-80.197000,25.774500,-80.197300,apolloshield_dji,dji,,,2414500000,RADAR-A2D2-4F2A,Sensor Downtown Miami Ground Zero Approach,380,CRITICAL,RED
1772040402921,A2D2-4F2A,FLT-4F2A-001,25.780259,-80.192123,91.7,42,0,M300 RTK,true,drone_images/M300 RTK_withpayload.png,25.775000,-80.197000,25.774500,-80.197300,apolloshield_dji,dji,,,2414500000,RADAR-A2D2-4F2A,Sensor Downtown Miami Ground Zero Approach,380,CRITICAL,RED
1772040404287,A2D2-4F2A,FLT-4F2A-001,25.780259,-80.192123,91.7,42,0,M300 RTK,true,drone_images/M300 RTK_withpayload.png,25.775000,-80.197000,25.774500,-80.197300,apolloshield_dji,dji,,,2414500000,RADAR-A2D2-4F2A,Sensor Downtown Miami Ground Zero Approach,380,CRITICAL,RED
1772040405105,A2D2-4F2A,FLT-4F2A-001,25.780259,-80.192123,91.7,42,0,M300 RTK,true,drone_images/M300 RTK_withpayload.png,25.775000,-80.197000,25.774500,-80.197300,apolloshield_dji,dji,,,2414500000,RADAR-A2D2-4F2A,Sensor Downtown Miami Ground Zero Approach,380,CRITICAL,RED
1772040406296,A2D2-4F2A,FLT-4F2A-001,25.780259,-80.192128,91.7,0.1,0,M300 RTK,true,drone_images/M300 RTK_withpayload.png,25.775000,-80.197000,25.774500,-80.197300,apolloshield_dji,dji,,,2414500000,RADAR-A2D2-4F2A,Sensor Downtown Miami Ground Zero Approach,380,CRITICAL,RED
1772040407345,A2D2-4F2A,FLT-4F2A-001,25.780259,-80.192128,91.7,0.1,0,M300 RTK,true,drone_images/M300 RTK_withpayload.png,25.775000,-80.197000,25.774500,-80.197300,apolloshield_dji,dji,,,2414500000,RADAR-A2D2-4F2A,Sensor Downtown Miami Ground Zero Approach,380,CRITICAL,RED
1772040408296,A2D2-4F2A,FLT-4F2A-001,25.780259,-80.192128,91.7,0.1,0,M300 RTK,true,drone_images/M300 RTK_withpayload.png,25.775000,-80.197000,25.774500,-80.197300,apolloshield_dji,dji,,,2414500000,RADAR-A2D2-4F2A,Sensor Downtown Miami Ground Zero Approach,380,CRITICAL,RED
1772040409145,A2D2-4F2A,FLT-4F2A-001,25.780259,-80.192128,91.7,0.1,0,M300 RTK,true,drone_images/M300 RTK_withpayload.png,25.775000,-80.197000,25.774500,-80.197300,apolloshield_dji,dji,,,2414500000,RADAR-A2D2-4F2A,Sensor Downtown Miami Ground Zero Approach,380,CRITICAL,RED
1772040410224,A2D2-4F2A,FLT-4F2A-001,25.780259,-80.192128,91.7,42,0,M300 RTK,true,drone_images/M300 RTK_withpayload.png,25.775000,-80.197000,25.774500,-80.197300,apolloshield_dji,dji,,,2414500000,RADAR-A2D2-4F2A,Sensor Downtown Miami Ground Zero Approach,380,CRITICAL,RED
1772040411025,A2D2-4F2A,FLT-4F2A-001,25.780259,-80.192128,91.7,42,0,M300 RTK,true,drone_images/M300 RTK_withpayload.png,25.775000,-80.197000,25.774500,-80.197300,apolloshield_dji,dji,,,2414500000,RADAR-A2D2-4F2A,Sensor Downtown Miami Ground Zero Approach,380,CRITICAL,RED
1772040411939,A2D2-4F2A,FLT-4F2A-001,25.780259,-80.192128,91.7,42,0,M300 RTK,true,drone_images/M300 RTK_withpayload.png,25.775000,-80.197000,25.774500,-80.197300,apolloshield_dji,dji,,,2414500000,RADAR-A2D2-4F2A,Sensor Downtown Miami Ground Zero Approach,380,CRITICAL,RED
1772040413115,A2D2-4F2A,FLT-4F2A-001,25.780259,-80.192128,91.7,42,0,M300 RTK,true,drone_images/M300 RTK_withpayload.png,25.775000,-80.197000,25.774500,-80.197300,apolloshield_dji,dji,,,2414500000,RADAR-A2D2-4F2A,Sensor Downtown Miami Ground Zero Approach,380,CRITICAL,RED
1772040413905,A2D2-4F2A,FLT-4F2A-001,25.780259,-80.192128,91.7,42,0,M300 RTK,true,drone_images/M300 RTK_withpayload.png,25.775000,-80.197000,25.774500,-80.197300,apolloshield_dji,dji,,,2414500000,RADAR-A2D2-4F2A,Sensor Downtown Miami Ground Zero Approach,380,CRITICAL,RED
1772040414905,A2D2-4F2A,FLT-4F2A-001,25.780259,-80.192128,91.7,42,0,M300 RTK,true,drone_images/M300 RTK_withpayload.png,25.775000,-80.197000,25.774500,-80.197300,apolloshield_dji,dji,,,2414500000,RADAR-A2D2-4F2A,Sensor Downtown Miami Ground Zero Approach,380,CRITICAL,RED
1772040415761,A2D2-4F2A,FLT-4F2A-001,25.780259,-80.192128,91.7,42,0,M300 RTK,true,drone_images/M300 RTK_withpayload.png,25.775000,-80.197000,25.774500,-80.197300,apolloshield_dji,dji,,,2414500000,RADAR-A2D2-4F2A,Sensor Downtown Miami Ground Zero Approach,380,CRITICAL,RED
1772040416898,A2D2-4F2A,FLT-4F2A-001,25.780259,-80.192128,91.7,42,0,M300 RTK,true,drone_images/M300 RTK_withpayload.png,25.775000,-80.197000,25.774500,-80.197300,apolloshield_dji,dji,,,2414500000,RADAR-A2D2-4F2A,Sensor Downtown Miami Ground Zero Approach,380,CRITICAL,RED
1772040417834,A2D2-4F2A,FLT-4F2A-001,25.780259,-80.192128,91.7,42,0,M300 RTK,true,drone_images/M300 RTK_withpayload.png,25.775000,-80.197000,25.774500,-80.197300,apolloshield_dji,dji,,,2414500000,RADAR-A2D2-4F2A,Sensor Downtown Miami Ground Zero Approach,380,CRITICAL,RED
1772040418744,A2D2-4F2A,FLT-4F2A-001,25.780259,-80.192128,91.7,42,0,M300 RTK,true,drone_images/M300 RTK_withpayload.png,25.775000,-80.197000,25.774500,-80.197300,apolloshield_dji,dji,,,2414500000,RADAR-A2D2-4F2A,Sensor Downtown Miami Ground Zero Approach,380,CRITICAL,RED
1772040419929,A2D2-4F2A,FLT-4F2A-001,25.780259,-80.192128,91.7,0.1,0,M300 RTK,true,drone_images/M300 RTK_withpayload.png,25.775000,-80.197000,25.774500,-80.197300,apolloshield_dji,dji,,,2414500000,RADAR-A2D2-4F2A,Sensor Downtown Miami Ground Zero Approach,380,CRITICAL,RED
1772040421514,A2D2-4F2A,FLT-4F2A-001,25.780259,-80.192128,91.7,0.1,0,M300 RTK,true,drone_images/M300 RTK_withpayload.png,25.775000,-80.197000,25.774500,-80.197300,apolloshield_dji,dji,,,2414500000,RADAR-A2D2-4F2A,Sensor Downtown Miami Ground Zero Approach,380,CRITICAL,RED
1772040422194,A2D2-4F2A,FLT-4F2A-001,25.780259,-80.192128,91.7,0.1,0,M300 RTK,true,drone_images/M300 RTK_withpayload.png,25.775000,-80.197000,25.774500,-80.197300,apolloshield_dji,dji,,,2414500000,RADAR-A2D2-4F2A,Sensor Downtown Miami Ground Zero Approach,380,CRITICAL,RED
1772040423080,A2D2-4F2A,FLT-4F2A-001,25.780259,-80.192128,91.7,0.1,0,M300 RTK,true,drone_images/M300 RTK_withpayload.png,25.775000,-80.197000,25.774500,-80.197300,apolloshield_dji,dji,,,2414500000,RADAR-A2D2-4F2A,Sensor Downtown Miami Ground Zero Approach,380,CRITICAL,RED
1772040424132,A2D2-4F2A,FLT-4F2A-001,25.780259,-80.192128,91.7,0.1,0,M300 RTK,true,drone_images/M300 RTK_withpayload.png,25.775000,-80.197000,25.774500,-80.197300,apolloshield_dji,dji,,,2414500000,RADAR-A2D2-4F2A,Sensor Downtown Miami Ground Zero Approach,380,CRITICAL,RED
1772040425695,A2D2-4F2A,FLT-4F2A-001,25.780259,-80.192128,91.7,0.1,0,M300 RTK,true,drone_images/M300 RTK_withpayload.png,25.775000,-80.197000,25.774500,-80.197300,apolloshield_dji,dji,,,2414500000,RADAR-A2D2-4F2A,Sensor Downtown Miami Ground Zero Approach,380,CRITICAL,RED
1772040426278,A2D2-4F2A,FLT-4F2A-001,25.780259,-80.192128,91.7,0.1,0,M300 RTK,true,drone_images/M300 RTK_withpayload.png,25.775000,-80.197000,25.774500,-80.197300,apolloshield_dji,dji,,,2414500000,RADAR-A2D2-4F2A,Sensor Downtown Miami Ground Zero Approach,380,CRITICAL,RED
1772040427455,A2D2-4F2A,FLT-4F2A-001,25.780259,-80.192128,91.7,0.1,0,M300 RTK,true,drone_images/M300 RTK_withpayload.png,25.775000,-80.197000,25.774500,-80.197300,apolloshield_dji,dji,,,2414500000,RADAR-A2D2-4F2A,Sensor Downtown Miami Ground Zero Approach,380,CRITICAL,RED
1772040427795,A2D2-4F2A,FLT-4F2A-001,25.780259,-80.192128,91.7,0.1,0,M300 RTK,true,drone_images/M300 RTK_withpayload.png,25.775000,-80.197000,25.774500,-80.197300,apolloshield_dji,dji,,,2414500000,RADAR-A2D2-4F2A,Sensor Downtown Miami Ground Zero Approach,380,CRITICAL,RED
1772040428841,A2D2-4F2A,FLT-4F2A-001,25.780259,-80.192128,91.7,0.1,0,M300 RTK,true,drone_images/M300 RTK_withpayload.png,25.775000,-80.197000,25.774500,-80.197300,apolloshield_dji,dji,,,2414500000,RADAR-A2D2-4F2A,Sensor Downtown Miami Ground Zero Approach,380,CRITICAL,RED
1772040430023,A2D2-4F2A,FLT-4F2A-001,25.780259,-80.192128,91.7,0.1,0,M300 RTK,true,drone_images/M300 RTK_withpayload.png,25.775000,-80.197000,25.774500,-80.197300,apolloshield_dji,dji,,,2414500000,RADAR-A2D2-4F2A,Sensor Downtown Miami Ground Zero Approach,380,CRITICAL,RED
1772040431082,A2D2-4F2A,FLT-4F2A-001,25.780259,-80.192128,91.7,0.1,0,M300 RTK,true,drone_images/M300 RTK_withpayload.png,25.775000,-80.197000,25.774500,-80.197300,apolloshield_dji,dji,,,2414500000,RADAR-A2D2-4F2A,Sensor Downtown Miami Ground Zero Approach,380,CRITICAL,RED
1772040432133,A2D2-4F2A,FLT-4F2A-001,25.780259,-80.192128,91.6,42,0,M300 RTK,true,drone_images/M300 RTK_withpayload.png,25.775000,-80.197000,25.774500,-80.197300,apolloshield_dji,dji,,,2414500000,RADAR-A2D2-4F2A,Sensor Downtown Miami Ground Zero Approach,380,CRITICAL,RED
1772040433399,A2D2-4F2A,FLT-4F2A-001,25.780259,-80.192128,91.6,42,0,M300 RTK,true,drone_images/M300 RTK_withpayload.png,25.775000,-80.197000,25.774500,-80.197300,apolloshield_dji,dji,,,2414500000,RADAR-A2D2-4F2A,Sensor Downtown Miami Ground Zero Approach,380,CRITICAL,RED
1772040434083,A2D2-4F2A,FLT-4F2A-001,25.780259,-80.192128,91.6,42,0,M300 RTK,true,drone_images/M300 RTK_withpayload.png,25.775000,-80.197000,25.774500,-80.197300,apolloshield_dji,dji,,,2414500000,RADAR-A2D2-4F2A,Sensor Downtown Miami Ground Zero Approach,380,CRITICAL,RED
1772040435494,A2D2-4F2A,FLT-4F2A-001,25.780259,-80.192128,91.6,42,0,M300 RTK,true,drone_images/M300 RTK_withpayload.png,25.775000,-80.197000,25.774500,-80.197300,apolloshield_dji,dji,,,2414500000,RADAR-A2D2-4F2A,Sensor Downtown Miami Ground Zero Approach,380,CRITICAL,RED
1772040436513,A2D2-4F2A,FLT-4F2A-001,25.780259,-80.192128,91.6,42,0,M300 RTK,true,drone_images/M300 RTK_withpayload.png,25.775000,-80.197000,25.774500,-80.197300,apolloshield_dji,dji,,,2414500000,RADAR-A2D2-4F2A,Sensor Downtown Miami Ground Zero Approach,380,CRITICAL,RED
1772040437343,A2D2-4F2A,FLT-4F2A-001,25.780270,-80.192128,88.3,2,0,M300 RTK,true,drone_images/M300 RTK_withpayload.png,25.775000,-80.197000,25.774500,-80.197300,apolloshield_dji,dji,,,2414500000,RADAR-A2D2-4F2A,Sensor Downtown Miami Ground Zero Approach,380,CRITICAL,RED
1772040438284,A2D2-4F2A,FLT-4F2A-001,25.780270,-80.192128,88.3,2,0,M300 RTK,true,drone_images/M300 RTK_withpayload.png,25.775000,-80.197000,25.774500,-80.197300,apolloshield_dji,dji,,,2414500000,RADAR-A2D2-4F2A,Sensor Downtown Miami Ground Zero Approach,380,CRITICAL,RED
1772040439972,A2D2-4F2A,FLT-4F2A-001,25.780270,-80.192128,88.3,2,0,M300 RTK,true,drone_images/M300 RTK_withpayload.png,25.775000,-80.197000,25.774500,-80.197300,apolloshield_dji,dji,,,2414500000,RADAR-A2D2-4F2A,Sensor Downtown Miami Ground Zero Approach,380,CRITICAL,RED
1772040440052,A2D2-4F2A,FLT-4F2A-001,25.780270,-80.192128,88.3,2,0,M300 RTK,true,drone_images/M300 RTK_withpayload.png,25.775000,-80.197000,25.774500,-80.197300,apolloshield_dji,dji,,,2414500000,RADAR-A2D2-4F2A,Sensor Downtown Miami Ground Zero Approach,380,CRITICAL,RED
1772040441267,A2D2-4F2A,FLT-4F2A-001,25.780287,-80.192128,84.8,0.9,0,M300 RTK,true,drone_images/M300 RTK_withpayload.png,25.775000,-80.197000,25.774500,-80.197300,apolloshield_dji,dji,,,2414500000,RADAR-A2D2-4F2A,Sensor Downtown Miami Ground Zero Approach,380,CRITICAL,RED
1772040441994,A2D2-4F2A,FLT-4F2A-001,25.780287,-80.192128,84.8,0.9,0,M300 RTK,true,drone_images/M300 RTK_withpayload.png,25.775000,-80.197000,25.774500,-80.197300,apolloshield_dji,dji,,,2414500000,RADAR-A2D2-4F2A,Sensor Downtown Miami Ground Zero Approach,380,CRITICAL,RED
1772040443067,A2D2-4F2A,FLT-4F2A-001,25.780287,-80.192128,84.8,0.9,0,M300 RTK,true,drone_images/M300 RTK_withpayload.png,25.775000,-80.197000,25.774500,-80.197300,apolloshield_dji,dji,,,2414500000,RADAR-A2D2-4F2A,Sensor Downtown Miami Ground Zero Approach,380,CRITICAL,RED
1772040443858,A2D2-4F2A,FLT-4F2A-001,25.780282,-80.192128,84.8,0.2,0,M300 RTK,true,drone_images/M300 RTK_withpayload.png,25.775000,-80.197000,25.774500,-80.197300,apolloshield_dji,dji,,,2414500000,RADAR-A2D2-4F2A,Sensor Downtown Miami Ground Zero Approach,380,CRITICAL,RED
1772040444784,A2D2-4F2A,FLT-4F2A-001,25.780282,-80.192128,84.8,0.2,0,M300 RTK,true,drone_images/M300 RTK_withpayload.png,25.775000,-80.197000,25.774500,-80.197300,apolloshield_dji,dji,,,2414500000,RADAR-A2D2-4F2A,Sensor Downtown Miami Ground Zero Approach,380,CRITICAL,RED
1772040445900,A2D2-4F2A,FLT-4F2A-001,25.780282,-80.192128,81.5,0.1,0,M300 RTK,true,drone_images/M300 RTK_withpayload.png,25.775000,-80.197000,25.774500,-80.197300,apolloshield_dji,dji,,,2414500000,RADAR-A2D2-4F2A,Sensor Downtown Miami Ground Zero Approach,380,CRITICAL,RED
1772040446856,A2D2-4F2A,FLT-4F2A-001,25.780282,-80.192128,81.5,0.1,0,M300 RTK,true,drone_images/M300 RTK_withpayload.png,25.775000,-80.197000,25.774500,-80.197300,apolloshield_dji,dji,,,2414500000,RADAR-A2D2-4F2A,Sensor Downtown Miami Ground Zero Approach,380,CRITICAL,RED
1772040448475,A2D2-4F2A,FLT-4F2A-001,25.780282,-80.192128,81.5,0.1,0,M300 RTK,true,drone_images/M300 RTK_withpayload.png,25.775000,-80.197000,25.774500,-80.197300,apolloshield_dji,dji,,,2414500000,RADAR-A2D2-4F2A,Sensor Downtown Miami Ground Zero Approach,380,CRITICAL,RED
1772040449897,A2D2-4F2A,FLT-4F2A-001,25.780282,-80.192128,81.5,0.1,0,M300 RTK,true,drone_images/M300 RTK_withpayload.png,25.775000,-80.197000,25.774500,-80.197300,apolloshield_dji,dji,,,2414500000,RADAR-A2D2-4F2A,Sensor Downtown Miami Ground Zero Approach,380,CRITICAL,RED
1772040450463,A2D2-4F2A,FLT-4F2A-001,25.780282,-80.192128,65,42,0,M300 RTK,true,drone_images/M300 RTK_withpayload.png,25.775000,-80.197000,25.774500,-80.197300,apolloshield_dji,dji,,,2414500000,RADAR-A2D2-4F2A,Sensor Downtown Miami Ground Zero Approach,380,CRITICAL,RED
1772040450998,A2D2-4F2A,FLT-4F2A-001,25.780282,-80.192128,65,42,0,M300 RTK,true,drone_images/M300 RTK_withpayload.png,25.775000,-80.197000,25.774500,-80.197300,apolloshield_dji,dji,,,2414500000,RADAR-A2D2-4F2A,Sensor Downtown Miami Ground Zero Approach,380,CRITICAL,RED
1772040452053,A2D2-4F2A,FLT-4F2A-001,25.780282,-80.192128,65,42,0,M300 RTK,true,drone_images/M300 RTK_withpayload.png,25.775000,-80.197000,25.774500,-80.197300,apolloshield_dji,dji,,,2414500000,RADAR-A2D2-4F2A,Sensor Downtown Miami Ground Zero Approach,380,CRITICAL,RED
1772040453090,A2D2-4F2A,FLT-4F2A-001,25.780282,-80.192128,65,42,0,M300 RTK,true,drone_images/M300 RTK_withpayload.png,25.775000,-80.197000,25.774500,-80.197300,apolloshield_dji,dji,,,2414500000,RADAR-A2D2-4F2A,Sensor Downtown Miami Ground Zero Approach,380,CRITICAL,RED
1772040454284,A2D2-4F2A,FLT-4F2A-001,25.780282,-80.192128,65,42,0,M300 RTK,true,drone_images/M300 RTK_withpayload.png,25.775000,-80.197000,25.774500,-80.197300,apolloshield_dji,dji,,,2414500000,RADAR-A2D2-4F2A,Sensor Downtown Miami Ground Zero Approach,380,CRITICAL,RED
1772040455475,A2D2-4F2A,FLT-4F2A-001,25.780270,-80.192128,64.9,0.4,0,M300 RTK,true,drone_images/M300 RTK_withpayload.png,25.775000,-80.197000,25.774500,-80.197300,apolloshield_dji,dji,,,2414500000,RADAR-A2D2-4F2A,Sensor Downtown Miami Ground Zero Approach,380,CRITICAL,RED
1772040456390,A2D2-4F2A,FLT-4F2A-001,25.780270,-80.192128,64.9,0.4,0,M300 RTK,true,drone_images/M300 RTK_withpayload.png,25.775000,-80.197000,25.774500,-80.197300,apolloshield_dji,dji,,,2414500000,RADAR-A2D2-4F2A,Sensor Downtown Miami Ground Zero Approach,380,CRITICAL,RED
1772040456997,A2D2-4F2A,FLT-4F2A-001,25.780270,-80.192128,64.9,0.4,0,M300 RTK,true,drone_images/M300 RTK_withpayload.png,25.775000,-80.197000,25.774500,-80.197300,apolloshield_dji,dji,,,2414500000,RADAR-A2D2-4F2A,Sensor Downtown Miami Ground Zero Approach,380,CRITICAL,RED
1772040458200,A2D2-4F2A,FLT-4F2A-001,25.780270,-80.192128,64.9,0.4,0,M300 RTK,true,drone_images/M300 RTK_withpayload.png,25.775000,-80.197000,25.774500,-80.197300,apolloshield_dji,dji,,,2414500000,RADAR-A2D2-4F2A,Sensor Downtown Miami Ground Zero Approach,380,CRITICAL,RED
1772040459128,A2D2-4F2A,FLT-4F2A-001,25.780264,-80.192134,66.7,42,0,M300 RTK,true,drone_images/M300 RTK_withpayload.png,25.775000,-80.197000,25.774500,-80.197300,apolloshield_dji,dji,,,2414500000,RADAR-A2D2-4F2A,Sensor Downtown Miami Ground Zero Approach,380,CRITICAL,RED
1772040460028,A2D2-4F2A,FLT-4F2A-001,25.780264,-80.192134,66.7,42,0,M300 RTK,true,drone_images/M300 RTK_withpayload.png,25.775000,-80.197000,25.774500,-80.197300,apolloshield_dji,dji,,,2414500000,RADAR-A2D2-4F2A,Sensor Downtown Miami Ground Zero Approach,380,CRITICAL,RED
1772040460878,A2D2-4F2A,FLT-4F2A-001,25.780264,-80.192134,66.7,42,0,M300 RTK,true,drone_images/M300 RTK_withpayload.png,25.775000,-80.197000,25.774500,-80.197300,apolloshield_dji,dji,,,2414500000,RADAR-A2D2-4F2A,Sensor Downtown Miami Ground Zero Approach,380,CRITICAL,RED
1772040462227,A2D2-4F2A,FLT-4F2A-001,25.780264,-80.192134,66.7,42,0,M300 RTK,true,drone_images/M300 RTK_withpayload.png,25.775000,-80.197000,25.774500,-80.197300,apolloshield_dji,dji,,,2414500000,RADAR-A2D2-4F2A,Sensor Downtown Miami Ground Zero Approach,380,CRITICAL,RED
1772040463054,A2D2-4F2A,FLT-4F2A-001,25.780264,-80.192134,66.7,42,0,M300 RTK,true,drone_images/M300 RTK_withpayload.png,25.775000,-80.197000,25.774500,-80.197300,apolloshield_dji,dji,,,2414500000,RADAR-A2D2-4F2A,Sensor Downtown Miami Ground Zero Approach,380,CRITICAL,RED
1772040464537,A2D2-4F2A,FLT-4F2A-001,25.780253,-80.192134,66.7,42,0,M300 RTK,true,drone_images/M300 RTK_withpayload.png,25.775000,-80.197000,25.774500,-80.197300,apolloshield_dji,dji,,,2414500000,RADAR-A2D2-4F2A,Sensor Downtown Miami Ground Zero Approach,380,CRITICAL,RED
1772040465833,A2D2-4F2A,FLT-4F2A-001,25.780253,-80.192134,66.7,42,0,M300 RTK,true,drone_images/M300 RTK_withpayload.png,25.775000,-80.197000,25.774500,-80.197300,apolloshield_dji,dji,,,2414500000,RADAR-A2D2-4F2A,Sensor Downtown Miami Ground Zero Approach,380,CRITICAL,RED
1772040466589,A2D2-4F2A,FLT-4F2A-001,25.780253,-80.192134,66.7,42,0,M300 RTK,true,drone_images/M300 RTK_withpayload.png,25.775000,-80.197000,25.774500,-80.197300,apolloshield_dji,dji,,,2414500000,RADAR-A2D2-4F2A,Sensor Downtown Miami Ground Zero Approach,380,CRITICAL,RED
1772040467462,A2D2-4F2A,FLT-4F2A-001,25.780253,-80.192134,66.7,42,0,M300 RTK,true,drone_images/M300 RTK_withpayload.png,25.775000,-80.197000,25.774500,-80.197300,apolloshield_dji,dji,,,2414500000,RADAR-A2D2-4F2A,Sensor Downtown Miami Ground Zero Approach,380,CRITICAL,RED
1772040467903,A2D2-4F2A,FLT-4F2A-001,25.780253,-80.192134,66.7,42,0,M300 RTK,true,drone_images/M300 RTK_withpayload.png,25.775000,-80.197000,25.774500,-80.197300,apolloshield_dji,dji,,,2414500000,RADAR-A2D2-4F2A,Sensor Downtown Miami Ground Zero Approach,380,CRITICAL,RED
1772040469209,A2D2-4F2A,FLT-4F2A-001,25.780253,-80.192134,66.7,42,0,M300 RTK,true,drone_images/M300 RTK_withpayload.png,25.775000,-80.197000,25.774500,-80.197300,apolloshield_dji,dji,,,2414500000,RADAR-A2D2-4F2A,Sensor Downtown Miami Ground Zero Approach,380,CRITICAL,RED
1772040470258,A2D2-4F2A,FLT-4F2A-001,25.780253,-80.192134,66.7,42,0,M300 RTK,true,drone_images/M300 RTK_withpayload.png,25.775000,-80.197000,25.774500,-80.197300,apolloshield_dji,dji,,,2414500000,RADAR-A2D2-4F2A,Sensor Downtown Miami Ground Zero Approach,380,CRITICAL,RED
1772040471324,A2D2-4F2A,FLT-4F2A-001,25.780253,-80.192134,66.7,42,0,M300 RTK,true,drone_images/M300 RTK_withpayload.png,25.775000,-80.197000,25.774500,-80.197300,apolloshield_dji,dji,,,2414500000,RADAR-A2D2-4F2A,Sensor Downtown Miami Ground Zero Approach,380,CRITICAL,RED
1772040472193,A2D2-4F2A,FLT-4F2A-001,25.780253,-80.192134,66.7,42,0,M300 RTK,true,drone_images/M300 RTK_withpayload.png,25.775000,-80.197000,25.774500,-80.197300,apolloshield_dji,dji,,,2414500000,RADAR-A2D2-4F2A,Sensor Downtown Miami Ground Zero Approach,380,CRITICAL,RED
1772040473083,A2D2-4F2A,FLT-4F2A-001,25.780253,-80.192134,66.7,42,0,M300 RTK,true,drone_images/M300 RTK_withpayload.png,25.775000,-80.197000,25.774500,-80.197300,apolloshield_dji,dji,,,2414500000,RADAR-A2D2-4F2A,Sensor Downtown Miami Ground Zero Approach,380,CRITICAL,RED
1772040474036,A2D2-4F2A,FLT-4F2A-001,25.780253,-80.192134,66.7,42,0,M300 RTK,true,drone_images/M300 RTK_withpayload.png,25.775000,-80.197000,25.774500,-80.197300,apolloshield_dji,dji,,,2414500000,RADAR-A2D2-4F2A,Sensor Downtown Miami Ground Zero Approach,380,CRITICAL,RED
1772040474992,A2D2-4F2A,FLT-4F2A-001,25.780253,-80.192134,66.7,42,0,M300 RTK,true,drone_images/M300 RTK_withpayload.png,25.775000,-80.197000,25.774500,-80.197300,apolloshield_dji,dji,,,2414500000,RADAR-A2D2-4F2A,Sensor Downtown Miami Ground Zero Approach,380,CRITICAL,RED
1772040476400,A2D2-4F2A,FLT-4F2A-001,25.780253,-80.192134,66.7,42,0,M300 RTK,true,drone_images/M300 RTK_withpayload.png,25.775000,-80.197000,25.774500,-80.197300,apolloshield_dji,dji,,,2414500000,RADAR-A2D2-4F2A,Sensor Downtown Miami Ground Zero Approach,380,CRITICAL,RED
1772040476975,A2D2-4F2A,FLT-4F2A-001,25.780253,-80.192134,66.7,42,0,M300 RTK,true,drone_images/M300 RTK_withpayload.png,25.775000,-80.197000,25.774500,-80.197300,apolloshield_dji,dji,,,2414500000,RADAR-A2D2-4F2A,Sensor Downtown Miami Ground Zero Approach,380,CRITICAL,RED
1772040477964,A2D2-4F2A,FLT-4F2A-001,25.780333,-80.191739,15.8,0.5,0,M300 RTK,true,drone_images/M300 RTK_withpayload.png,25.775000,-80.197000,25.774500,-80.197300,apolloshield_dji,dji,,,2414500000,RADAR-A2D2-4F2A,Sensor Downtown Miami Ground Zero Approach,380,CRITICAL,RED
1772040479327,A2D2-4F2A,FLT-4F2A-001,25.780333,-80.191739,15.8,0.5,0,M300 RTK,true,drone_images/M300 RTK_withpayload.png,25.775000,-80.197000,25.774500,-80.197300,apolloshield_dji,dji,,,2414500000,RADAR-A2D2-4F2A,Sensor Downtown Miami Ground Zero Approach,380,CRITICAL,RED
1772040479993,A2D2-4F2A,FLT-4F2A-001,25.780333,-80.191739,15.8,0.5,0,M300 RTK,true,drone_images/M300 RTK_withpayload.png,25.775000,-80.197000,25.774500,-80.197300,apolloshield_dji,dji,,,2414500000,RADAR-A2D2-4F2A,Sensor Downtown Miami Ground Zero Approach,380,CRITICAL,RED
1772040480898,A2D2-4F2A,FLT-4F2A-001,25.780333,-80.191739,15.8,0.5,0,M300 RTK,true,drone_images/M300 RTK_withpayload.png,25.775000,-80.197000,25.774500,-80.197300,apolloshield_dji,dji,,,2414500000,RADAR-A2D2-4F2A,Sensor Downtown Miami Ground Zero Approach,380,CRITICAL,RED
1772040482057,A2D2-4F2A,FLT-4F2A-001,25.780333,-80.191739,14.1,0.1,0,M300 RTK,true,drone_images/M300 RTK_withpayload.png,25.775000,-80.197000,25.774500,-80.197300,apolloshield_dji,dji,,,2414500000,RADAR-A2D2-4F2A,Sensor Downtown Miami Ground Zero Approach,380,CRITICAL,RED
1772040483222,A2D2-4F2A,FLT-4F2A-001,25.780333,-80.191739,14.1,0.1,0,M300 RTK,true,drone_images/M300 RTK_withpayload.png,25.775000,-80.197000,25.774500,-80.197300,apolloshield_dji,dji,,,2414500000,RADAR-A2D2-4F2A,Sensor Downtown Miami Ground Zero Approach,380,CRITICAL,RED
1772040483771,A2D2-4F2A,FLT-4F2A-001,25.780333,-80.191739,14.1,0.1,0,M300 RTK,true,drone_images/M300 RTK_withpayload.png,25.775000,-80.197000,25.774500,-80.197300,apolloshield_dji,dji,,,2414500000,RADAR-A2D2-4F2A,Sensor Downtown Miami Ground Zero Approach,380,CRITICAL,RED
1772040485093,A2D2-4F2A,FLT-4F2A-001,25.780333,-80.191739,14.1,0.1,0,M300 RTK,true,drone_images/M300 RTK_withpayload.png,25.775000,-80.197000,25.774500,-80.197300,apolloshield_dji,dji,,,2414500000,RADAR-A2D2-4F2A,Sensor Downtown Miami Ground Zero Approach,380,CRITICAL,RED
1772040485865,A2D2-4F2A,FLT-4F2A-001,25.780333,-80.191739,14.1,0.1,0,M300 RTK,true,drone_images/M300 RTK_withpayload.png,25.775000,-80.197000,25.774500,-80.197300,apolloshield_dji,dji,,,2414500000,RADAR-A2D2-4F2A,Sensor Downtown Miami Ground Zero Approach,380,CRITICAL,RED
1772040486939,A2D2-4F2A,FLT-4F2A-001,25.780333,-80.191739,14.1,0.1,0,M300 RTK,true,drone_images/M300 RTK_withpayload.png,25.775000,-80.197000,25.774500,-80.197300,apolloshield_dji,dji,,,2414500000,RADAR-A2D2-4F2A,Sensor Downtown Miami Ground Zero Approach,380,CRITICAL,RED
1772040487913,A2D2-4F2A,FLT-4F2A-001,25.780333,-80.191739,14.1,0.1,0,M300 RTK,true,drone_images/M300 RTK_withpayload.png,25.775000,-80.197000,25.774500,-80.197300,apolloshield_dji,dji,,,2414500000,RADAR-A2D2-4F2A,Sensor Downtown Miami Ground Zero Approach,380,CRITICAL,RED
1772040488946,A2D2-4F2A,FLT-4F2A-001,25.780333,-80.191739,14.1,0.1,0,M300 RTK,true,drone_images/M300 RTK_withpayload.png,25.775000,-80.197000,25.774500,-80.197300,apolloshield_dji,dji,,,2414500000,RADAR-A2D2-4F2A,Sensor Downtown Miami Ground Zero Approach,380,CRITICAL,RED
1772040489740,A2D2-4F2A,FLT-4F2A-001,25.780333,-80.191739,14.1,0.1,0,M300 RTK,true,drone_images/M300 RTK_withpayload.png,25.775000,-80.197000,25.774500,-80.197300,apolloshield_dji,dji,,,2414500000,RADAR-A2D2-4F2A,Sensor Downtown Miami Ground Zero Approach,380,CRITICAL,RED
1772040491022,A2D2-4F2A,FLT-4F2A-001,25.780333,-80.191739,14.1,0.1,0,M300 RTK,true,drone_images/M300 RTK_withpayload.png,25.775000,-80.197000,25.774500,-80.197300,apolloshield_dji,dji,,,2414500000,RADAR-A2D2-4F2A,Sensor Downtown Miami Ground Zero Approach,380,CRITICAL,RED
1772040491978,A2D2-4F2A,FLT-4F2A-001,25.780333,-80.191739,14.1,0.1,0,M300 RTK,true,drone_images/M300 RTK_withpayload.png,25.775000,-80.197000,25.774500,-80.197300,apolloshield_dji,dji,,,2414500000,RADAR-A2D2-4F2A,Sensor Downtown Miami Ground Zero Approach,380,CRITICAL,RED
1772040493051,A2D2-4F2A,FLT-4F2A-001,25.780333,-80.191739,14.1,0.1,0,M300 RTK,true,drone_images/M300 RTK_withpayload.png,25.775000,-80.197000,25.774500,-80.197300,apolloshield_dji,dji,,,2414500000,RADAR-A2D2-4F2A,Sensor Downtown Miami Ground Zero Approach,380,CRITICAL,RED
1772040493941,A2D2-4F2A,FLT-4F2A-001,25.780333,-80.191739,14.1,0.1,0,M300 RTK,true,drone_images/M300 RTK_withpayload.png,25.775000,-80.197000,25.774500,-80.197300,apolloshield_dji,dji,,,2414500000,RADAR-A2D2-4F2A,Sensor Downtown Miami Ground Zero Approach,380,CRITICAL,RED
1772040495114,A2D2-4F2A,FLT-4F2A-001,25.780333,-80.191739,14.1,0.1,0,M300 RTK,true,drone_images/M300 RTK_withpayload.png,25.775000,-80.197000,25.774500,-80.197300,apolloshield_dji,dji,,,2414500000,RADAR-A2D2-4F2A,Sensor Downtown Miami Ground Zero Approach,380,CRITICAL,RED
1772040495845,A2D2-4F2A,FLT-4F2A-001,25.780333,-80.191739,14.1,0.1,0,M300 RTK,true,drone_images/M300 RTK_withpayload.png,25.775000,-80.197000,25.774500,-80.197300,apolloshield_dji,dji,,,2414500000,RADAR-A2D2-4F2A,Sensor Downtown Miami Ground Zero Approach,380,CRITICAL,RED
1772040496802,A2D2-4F2A,FLT-4F2A-001,25.780333,-80.191739,14.1,0.1,0,M300 RTK,true,drone_images/M300 RTK_withpayload.png,25.775000,-80.197000,25.774500,-80.197300,apolloshield_dji,dji,,,2414500000,RADAR-A2D2-4F2A,Sensor Downtown Miami Ground Zero Approach,380,CRITICAL,RED
1772040498611,A2D2-4F2A,FLT-4F2A-001,25.780333,-80.191739,14.1,0.1,0,M300 RTK,true,drone_images/M300 RTK_withpayload.png,25.775000,-80.197000,25.774500,-80.197300,apolloshield_dji,dji,,,2414500000,RADAR-A2D2-4F2A,Sensor Downtown Miami Ground Zero Approach,380,CRITICAL,RED
1772040500013,A2D2-4F2A,FLT-4F2A-001,25.780333,-80.191739,14.1,0.1,0,M300 RTK,true,drone_images/M300 RTK_withpayload.png,25.775000,-80.197000,25.774500,-80.197300,apolloshield_dji,dji,,,2414500000,RADAR-A2D2-4F2A,Sensor Downtown Miami Ground Zero Approach,380,CRITICAL,RED
1772040500145,A2D2-4F2A,FLT-4F2A-001,25.780333,-80.191739,14.1,0.1,0,M300 RTK,true,drone_images/M300 RTK_withpayload.png,25.775000,-80.197000,25.774500,-80.197300,apolloshield_dji,dji,,,2414500000,RADAR-A2D2-4F2A,Sensor Downtown Miami Ground Zero Approach,380,CRITICAL,RED
1772040500767,A2D2-4F2A,FLT-4F2A-001,25.780333,-80.191739,14.1,0.1,0,M300 RTK,true,drone_images/M300 RTK_withpayload.png,25.775000,-80.197000,25.774500,-80.197300,apolloshield_dji,dji,,,2414500000,RADAR-A2D2-4F2A,Sensor Downtown Miami Ground Zero Approach,380,CRITICAL,RED
1772040502763,A2D2-4F2A,FLT-4F2A-001,25.780333,-80.191739,14.1,0.1,0,M300 RTK,true,drone_images/M300 RTK_withpayload.png,25.775000,-80.197000,25.774500,-80.197300,apolloshield_dji,dji,,,2414500000,RADAR-A2D2-4F2A,Sensor Downtown Miami Ground Zero Approach,380,CRITICAL,RED
1772040504415,A2D2-4F2A,FLT-4F2A-001,25.780333,-80.191739,14.1,0.1,0,M300 RTK,true,drone_images/M300 RTK_withpayload.png,25.775000,-80.197000,25.774500,-80.197300,apolloshield_dji,dji,,,2414500000,RADAR-A2D2-4F2A,Sensor Downtown Miami Ground Zero Approach,380,CRITICAL,RED
1772040504458,A2D2-4F2A,FLT-4F2A-001,25.780333,-80.191739,14.1,0.1,0,M300 RTK,true,drone_images/M300 RTK_withpayload.png,25.775000,-80.197000,25.774500,-80.197300,apolloshield_dji,dji,,,2414500000,RADAR-A2D2-4F2A,Sensor Downtown Miami Ground Zero Approach,380,CRITICAL,RED
1772040504995,A2D2-4F2A,FLT-4F2A-001,25.780333,-80.191739,14.1,0.1,0,M300 RTK,true,drone_images/M300 RTK_withpayload.png,25.775000,-80.197000,25.774500,-80.197300,apolloshield_dji,dji,,,2414500000,RADAR-A2D2-4F2A,Sensor Downtown Miami Ground Zero Approach,380,CRITICAL,RED
1772040506285,A2D2-4F2A,FLT-4F2A-001,25.780333,-80.191739,14.1,0.1,0,M300 RTK,true,drone_images/M300 RTK_withpayload.png,25.775000,-80.197000,25.774500,-80.197300,apolloshield_dji,dji,,,2414500000,RADAR-A2D2-4F2A,Sensor Downtown Miami Ground Zero Approach,380,CRITICAL,RED
1772040507104,A2D2-4F2A,FLT-4F2A-001,25.780333,-80.191739,14.1,0.1,0,M300 RTK,true,drone_images/M300 RTK_withpayload.png,25.775000,-80.197000,25.774500,-80.197300,apolloshield_dji,dji,,,2414500000,RADAR-A2D2-4F2A,Sensor Downtown Miami Ground Zero Approach,380,CRITICAL,RED
1772040508006,A2D2-4F2A,FLT-4F2A-001,25.780333,-80.191739,14.1,0.1,0,M300 RTK,true,drone_images/M300 RTK_withpayload.png,25.775000,-80.197000,25.774500,-80.197300,apolloshield_dji,dji,,,2414500000,RADAR-A2D2-4F2A,Sensor Downtown Miami Ground Zero Approach,380,CRITICAL,RED
1772040509391,A2D2-4F2A,FLT-4F2A-001,25.780333,-80.191739,14.1,0.1,0,M300 RTK,true,drone_images/M300 RTK_withpayload.png,25.775000,-80.197000,25.774500,-80.197300,apolloshield_dji,dji,,,2414500000,RADAR-A2D2-4F2A,Sensor Downtown Miami Ground Zero Approach,380,CRITICAL,RED
1772040509916,A2D2-4F2A,FLT-4F2A-001,25.780333,-80.191739,14.1,0.1,0,M300 RTK,true,drone_images/M300 RTK_withpayload.png,25.775000,-80.197000,25.774500,-80.197300,apolloshield_dji,dji,,,2414500000,RADAR-A2D2-4F2A,Sensor Downtown Miami Ground Zero Approach,380,CRITICAL,RED
1772040511155,A2D2-4F2A,FLT-4F2A-001,25.780333,-80.191739,14.1,0.1,0,M300 RTK,true,drone_images/M300 RTK_withpayload.png,25.775000,-80.197000,25.774500,-80.197300,apolloshield_dji,dji,,,2414500000,RADAR-A2D2-4F2A,Sensor Downtown Miami Ground Zero Approach,380,CRITICAL,RED
1772040511883,A2D2-4F2A,FLT-4F2A-001,25.780333,-80.191739,14.1,0.1,0,M300 RTK,true,drone_images/M300 RTK_withpayload.png,25.775000,-80.197000,25.774500,-80.197300,apolloshield_dji,dji,,,2414500000,RADAR-A2D2-4F2A,Sensor Downtown Miami Ground Zero Approach,380,CRITICAL,RED
1772040513148,A2D2-4F2A,FLT-4F2A-001,25.780333,-80.191739,14.1,0.1,0,M300 RTK,true,drone_images/M300 RTK_withpayload.png,25.775000,-80.197000,25.774500,-80.197300,apolloshield_dji,dji,,,2414500000,RADAR-A2D2-4F2A,Sensor Downtown Miami Ground Zero Approach,380,CRITICAL,RED
1772040514165,A2D2-4F2A,FLT-4F2A-001,25.780333,-80.191739,14.1,0.1,0,M300 RTK,true,drone_images/M300 RTK_withpayload.png,25.775000,-80.197000,25.774500,-80.197300,apolloshield_dji,dji,,,2414500000,RADAR-A2D2-4F2A,Sensor Downtown Miami Ground Zero Approach,380,CRITICAL,RED
1772040514999,A2D2-4F2A,FLT-4F2A-001,25.780333,-80.191739,14.1,0.1,0,M300 RTK,true,drone_images/M300 RTK_withpayload.png,25.775000,-80.197000,25.774500,-80.197300,apolloshield_dji,dji,,,2414500000,RADAR-A2D2-4F2A,Sensor Downtown Miami Ground Zero Approach,380,CRITICAL,RED
1772040516614,A2D2-4F2A,FLT-4F2A-001,25.780333,-80.191739,14.1,0.1,0,M300 RTK,true,drone_images/M300 RTK_withpayload.png,25.775000,-80.197000,25.774500,-80.197300,apolloshield_dji,dji,,,2414500000,RADAR-A2D2-4F2A,Sensor Downtown Miami Ground Zero Approach,380,CRITICAL,RED
1772040517067,A2D2-4F2A,FLT-4F2A-001,25.780333,-80.191739,14.1,0.1,0,M300 RTK,true,drone_images/M300 RTK_withpayload.png,25.775000,-80.197000,25.774500,-80.197300,apolloshield_dji,dji,,,2414500000,RADAR-A2D2-4F2A,Sensor Downtown Miami Ground Zero Approach,380,CRITICAL,RED
1772040518154,A2D2-4F2A,FLT-4F2A-001,25.780333,-80.191739,14.1,0.1,0,M300 RTK,true,drone_images/M300 RTK_withpayload.png,25.775000,-80.197000,25.774500,-80.197300,apolloshield_dji,dji,,,2414500000,RADAR-A2D2-4F2A,Sensor Downtown Miami Ground Zero Approach,380,CRITICAL,RED
1772040519539,A2D2-4F2A,FLT-4F2A-001,25.780333,-80.191739,14.1,0.1,0,M300 RTK,true,drone_images/M300 RTK_withpayload.png,25.775000,-80.197000,25.774500,-80.197300,apolloshield_dji,dji,,,2414500000,RADAR-A2D2-4F2A,Sensor Downtown Miami Ground Zero Approach,380,CRITICAL,RED
1772040519922,A2D2-4F2A,FLT-4F2A-001,25.780333,-80.191739,14.1,0.1,0,M300 RTK,true,drone_images/M300 RTK_withpayload.png,25.775000,-80.197000,25.774500,-80.197300,apolloshield_dji,dji,,,2414500000,RADAR-A2D2-4F2A,Sensor Downtown Miami Ground Zero Approach,380,CRITICAL,RED
1772040521114,A2D2-4F2A,FLT-4F2A-001,25.780333,-80.191739,14.1,0.1,0,M300 RTK,true,drone_images/M300 RTK_withpayload.png,25.775000,-80.197000,25.774500,-80.197300,apolloshield_dji,dji,,,2414500000,RADAR-A2D2-4F2A,Sensor Downtown Miami Ground Zero Approach,380,CRITICAL,RED
1772040522169,A2D2-4F2A,FLT-4F2A-001,25.780333,-80.191739,14.1,0.1,0,M300 RTK,true,drone_images/M300 RTK_withpayload.png,25.775000,-80.197000,25.774500,-80.197300,apolloshield_dji,dji,,,2414500000,RADAR-A2D2-4F2A,Sensor Downtown Miami Ground Zero Approach,380,CRITICAL,RED
1772040522793,A2D2-4F2A,FLT-4F2A-001,25.780333,-80.191739,14.1,0.1,0,M300 RTK,true,drone_images/M300 RTK_withpayload.png,25.775000,-80.197000,25.774500,-80.197300,apolloshield_dji,dji,,,2414500000,RADAR-A2D2-4F2A,Sensor Downtown Miami Ground Zero Approach,380,CRITICAL,RED
1772040524042,A2D2-4F2A,FLT-4F2A-001,25.780333,-80.191739,14.1,0.1,0,M300 RTK,true,drone_images/M300 RTK_withpayload.png,25.775000,-80.197000,25.774500,-80.197300,apolloshield_dji,dji,,,2414500000,RADAR-A2D2-4F2A,Sensor Downtown Miami Ground Zero Approach,380,CRITICAL,RED
1772040525016,A2D2-4F2A,FLT-4F2A-001,25.780333,-80.191739,14.1,0.1,0,M300 RTK,true,drone_images/M300 RTK_withpayload.png,25.775000,-80.197000,25.774500,-80.197300,apolloshield_dji,dji,,,2414500000,RADAR-A2D2-4F2A,Sensor Downtown Miami Ground Zero Approach,380,CRITICAL,RED
1772040526064,A2D2-4F2A,FLT-4F2A-001,25.780333,-80.191739,14.1,0.1,0,M300 RTK,true,drone_images/M300 RTK_withpayload.png,25.775000,-80.197000,25.774500,-80.197300,apolloshield_dji,dji,,,2414500000,RADAR-A2D2-4F2A,Sensor Downtown Miami Ground Zero Approach,380,CRITICAL,RED