timestamp,drone_id,flight_id,lat,lng,altitude,speed,azimuth,drone_type,has_payload,imagePath,home_lat,home_lng,pilot_lat,pilot_lng,detection_type,sensor_type,angle,error,frequency_hz,device_id,device_name,aboveGroundLevel,threatLevel,zone
1773240324319,A2D2-C9B2,FLT-C9B2-001,28.196525,-80.603926,60.9,16,0,Mavic 2,false,drone_images/Mavic 2.png,28.195000,-80.605000,28.194500,-80.605300,apolloshield_dji,dji,,,2414500000,RADAR-A2D2-C9B2,Sensor Cape Canaveral / Space Coast,140,GREEN,GREEN
1773240325378,A2D2-C9B2,FLT-C9B2-001,28.196525,-80.603926,60.9,7.1300282,0,Mavic 2,false,drone_images/Mavic 2.png,28.195000,-80.605000,28.194500,-80.605300,apolloshield_dji,dji,,,2414500000,RADAR-A2D2-C9B2,Sensor Cape Canaveral / Space Coast,140,GREEN,GREEN
1773240326422,A2D2-C9B2,FLT-C9B2-001,28.196525,-80.603926,60.9,7.1300282,0,Mavic 2,false,drone_images/Mavic 2.png,28.195000,-80.605000,28.194500,-80.605300,apolloshield_dji,dji,,,2414500000,RADAR-A2D2-C9B2,Sensor Cape Canaveral / Space Coast,140,GREEN,GREEN
1773240327464,A2D2-C9B2,FLT-C9B2-001,28.196525,-80.603926,60.9,7.1300282,0,Mavic 2,false,drone_images/Mavic 2.png,28.195000,-80.605000,28.194500,-80.605300,apolloshield_dji,dji,,,2414500000,RADAR-A2D2-C9B2,Sensor Cape Canaveral / Space Coast,140,GREEN,GREEN
1773240328553,A2D2-C9B2,FLT-C9B2-001,28.196525,-80.603926,60.9,7.1300282,0,Mavic 2,false,drone_images/Mavic 2.png,28.195000,-80.605000,28.194500,-80.605300,apolloshield_dji,dji,,,2414500000,RADAR-A2D2-C9B2,Sensor Cape Canaveral / Space Coast,140,GREEN,GREEN
1773240329561,A2D2-C9B2,FLT-C9B2-001,28.196525,-80.603926,60.9,7.1300282,0,Mavic 2,false,drone_images/Mavic 2.png,28.195000,-80.605000,28.194500,-80.605300,apolloshield_dji,dji,,,2414500000,RADAR-A2D2-C9B2,Sensor Cape Canaveral / Space Coast,140,GREEN,GREEN
1773240330613,A2D2-C9B2,FLT-C9B2-001,28.196525,-80.603926,60.9,7.1300282,0,Mavic 2,false,drone_images/Mavic 2.png,28.195000,-80.605000,28.194500,-80.605300,apolloshield_dji,dji,,,2414500000,RADAR-A2D2-C9B2,Sensor Cape Canaveral / Space Coast,140,GREEN,GREEN
1773240331657,A2D2-C9B2,FLT-C9B2-001,28.196525,-80.603926,60.9,7.1300282,0,Mavic 2,false,drone_images/Mavic 2.png,28.195000,-80.605000,28.194500,-80.605300,apolloshield_dji,dji,,,2414500000,RADAR-A2D2-C9B2,Sensor Cape Canaveral / Space Coast,140,GREEN,GREEN
1773240337951,A2D2-C9B2,FLT-C9B2-001,28.196525,-80.603926,60.9,7.1300282,0,Mavic 2,false,drone_images/Mavic 2.png,28.195000,-80.605000,28.194500,-80.605300,apolloshield_dji,dji,,,2414500000,RADAR-A2D2-C9B2,Sensor Cape Canaveral / Space Coast,140,GREEN,GREEN
1773240338870,A2D2-C9B2,FLT-C9B2-001,28.195746,-80.603926,60.9,7.140028,0,Mavic 2,false,drone_images/Mavic 2.png,28.195000,-80.605000,28.194500,-80.605300,apolloshield_dji,dji,,,2414500000,RADAR-A2D2-C9B2,Sensor Cape Canaveral / Space Coast,140,GREEN,GREEN
1773240339946,A2D2-C9B2,FLT-C9B2-001,28.195746,-80.603926,60.9,7.140028,0,Mavic 2,false,drone_images/Mavic 2.png,28.195000,-80.605000,28.194500,-80.605300,apolloshield_dji,dji,,,2414500000,RADAR-A2D2-C9B2,Sensor Cape Canaveral / Space Coast,140,GREEN,GREEN
1773240340914,A2D2-C9B2,FLT-C9B2-001,28.195746,-80.603926,60.9,7.140028,0,Mavic 2,false,drone_images/Mavic 2.png,28.195000,-80.605000,28.194500,-80.605300,apolloshield_dji,dji,,,2414500000,RADAR-A2D2-C9B2,Sensor Cape Canaveral / Space Coast,140,GREEN,GREEN
1773240341882,A2D2-C9B2,FLT-C9B2-001,28.195746,-80.603926,60.9,7.140028,0,Mavic 2,false,drone_images/Mavic 2.png,28.195000,-80.605000,28.194500,-80.605300,apolloshield_dji,dji,,,2414500000,RADAR-A2D2-C9B2,Sensor Cape Canaveral / Space Coast,140,GREEN,GREEN
1773240342917,A2D2-C9B2,FLT-C9B2-001,28.195746,-80.603926,60.9,7.170028,0,Mavic 2,false,drone_images/Mavic 2.png,28.195000,-80.605000,28.194500,-80.605300,apolloshield_dji,dji,,,2414500000,RADAR-A2D2-C9B2,Sensor Cape Canaveral / Space Coast,140,GREEN,GREEN
1773240343937,A2D2-C9B2,FLT-C9B2-001,28.195167,-80.603926,61,5.670079,0,Mavic 2,false,drone_images/Mavic 2.png,28.195000,-80.605000,28.194500,-80.605300,apolloshield_dji,dji,,,2414500000,RADAR-A2D2-C9B2,Sensor Cape Canaveral / Space Coast,140,GREEN,GREEN
1773240344948,A2D2-C9B2,FLT-C9B2-001,28.195167,-80.603926,61,5.670079,0,Mavic 2,false,drone_images/Mavic 2.png,28.195000,-80.605000,28.194500,-80.605300,apolloshield_dji,dji,,,2414500000,RADAR-A2D2-C9B2,Sensor Cape Canaveral / Space Coast,140,GREEN,GREEN
1773240346000,A2D2-C9B2,FLT-C9B2-001,28.195167,-80.603926,61,5.670079,0,Mavic 2,false,drone_images/Mavic 2.png,28.195000,-80.605000,28.194500,-80.605300,apolloshield_dji,dji,,,2414500000,RADAR-A2D2-C9B2,Sensor Cape Canaveral / Space Coast,140,GREEN,GREEN
1773240347041,A2D2-C9B2,FLT-C9B2-001,28.195167,-80.603926,61,5.670079,0,Mavic 2,false,drone_images/Mavic 2.png,28.195000,-80.605000,28.194500,-80.605300,apolloshield_dji,dji,,,2414500000,RADAR-A2D2-C9B2,Sensor Cape Canaveral / Space Coast,140,GREEN,GREEN
1773240348107,A2D2-C9B2,FLT-C9B2-001,28.195167,-80.603926,61,5.670079,0,Mavic 2,false,drone_images/Mavic 2.png,28.195000,-80.605000,28.194500,-80.605300,apolloshield_dji,dji,,,2414500000,RADAR-A2D2-C9B2,Sensor Cape Canaveral / Space Coast,140,GREEN,GREEN
1773240349138,A2D2-C9B2,FLT-C9B2-001,28.195167,-80.603926,61,5.670079,0,Mavic 2,false,drone_images/Mavic 2.png,28.195000,-80.605000,28.194500,-80.605300,apolloshield_dji,dji,,,2414500000,RADAR-A2D2-C9B2,Sensor Cape Canaveral / Space Coast,140,GREEN,GREEN
1773240350151,A2D2-C9B2,FLT-C9B2-001,28.195167,-80.603926,61,5.670079,0,Mavic 2,false,drone_images/Mavic 2.png,28.195000,-80.605000,28.194500,-80.605300,apolloshield_dji,dji,,,2414500000,RADAR-A2D2-C9B2,Sensor Cape Canaveral / Space Coast,140,GREEN,GREEN
1773240351212,A2D2-C9B2,FLT-C9B2-001,28.195167,-80.603926,61,4.0103116,0,Mavic 2,false,drone_images/Mavic 2.png,28.195000,-80.605000,28.194500,-80.605300,apolloshield_dji,dji,,,2414500000,RADAR-A2D2-C9B2,Sensor Cape Canaveral / Space Coast,140,GREEN,GREEN
1773240352264,A2D2-C9B2,FLT-C9B2-001,28.194996,-80.603926,60.9,5.5300093,0,Mavic 2,false,drone_images/Mavic 2.png,28.195000,-80.605000,28.194500,-80.605300,apolloshield_dji,dji,,,2414500000,RADAR-A2D2-C9B2,Sensor Cape Canaveral / Space Coast,140,GREEN,GREEN
1773240353233,A2D2-C9B2,FLT-C9B2-001,28.194996,-80.603926,60.9,5.5300093,0,Mavic 2,false,drone_images/Mavic 2.png,28.195000,-80.605000,28.194500,-80.605300,apolloshield_dji,dji,,,2414500000,RADAR-A2D2-C9B2,Sensor Cape Canaveral / Space Coast,140,GREEN,GREEN
1773240354202,A2D2-C9B2,FLT-C9B2-001,28.194996,-80.603926,60.9,5.5300093,0,Mavic 2,false,drone_images/Mavic 2.png,28.195000,-80.605000,28.194500,-80.605300,apolloshield_dji,dji,,,2414500000,RADAR-A2D2-C9B2,Sensor Cape Canaveral / Space Coast,140,GREEN,GREEN
1773240355254,A2D2-C9B2,FLT-C9B2-001,28.194996,-80.603926,60.9,0.55145264,0,Mavic 2,false,drone_images/Mavic 2.png,28.195000,-80.605000,28.194500,-80.605300,apolloshield_dji,dji,,,2414500000,RADAR-A2D2-C9B2,Sensor Cape Canaveral / Space Coast,140,GREEN,GREEN
1773240356299,A2D2-C9B2,FLT-C9B2-001,28.194864,-80.603926,60.9,0.55145264,0,Mavic 2,false,drone_images/Mavic 2.png,28.195000,-80.605000,28.194500,-80.605300,apolloshield_dji,dji,,,2414500000,RADAR-A2D2-C9B2,Sensor Cape Canaveral / Space Coast,140,GREEN,GREEN
1773240357365,A2D2-C9B2,FLT-C9B2-001,28.194864,-80.603926,60.9,0.55145264,0,Mavic 2,false,drone_images/Mavic 2.png,28.195000,-80.605000,28.194500,-80.605300,apolloshield_dji,dji,,,2414500000,RADAR-A2D2-C9B2,Sensor Cape Canaveral / Space Coast,140,GREEN,GREEN
1773240358397,A2D2-C9B2,FLT-C9B2-001,28.194864,-80.603926,60.9,0.55145264,0,Mavic 2,false,drone_images/Mavic 2.png,28.195000,-80.605000,28.194500,-80.605300,apolloshield_dji,dji,,,2414500000,RADAR-A2D2-C9B2,Sensor Cape Canaveral / Space Coast,140,GREEN,GREEN
1773240359443,A2D2-C9B2,FLT-C9B2-001,28.194864,-80.603926,60.9,3.2706115,0,Mavic 2,false,drone_images/Mavic 2.png,28.195000,-80.605000,28.194500,-80.605300,apolloshield_dji,dji,,,2414500000,RADAR-A2D2-C9B2,Sensor Cape Canaveral / Space Coast,140,GREEN,GREEN
1773240360491,A2D2-C9B2,FLT-C9B2-001,28.194881,-80.603909,60.9,3.2706115,0,Mavic 2,false,drone_images/Mavic 2.png,28.195000,-80.605000,28.194500,-80.605300,apolloshield_dji,dji,,,2414500000,RADAR-A2D2-C9B2,Sensor Cape Canaveral / Space Coast,140,GREEN,GREEN
1773240361543,A2D2-C9B2,FLT-C9B2-001,28.194881,-80.603909,60.9,3.2706115,0,Mavic 2,false,drone_images/Mavic 2.png,28.195000,-80.605000,28.194500,-80.605300,apolloshield_dji,dji,,,2414500000,RADAR-A2D2-C9B2,Sensor Cape Canaveral / Space Coast,140,GREEN,GREEN
1773240362455,A2D2-C9B2,FLT-C9B2-001,28.194881,-80.603909,60.9,3.2706115,0,Mavic 2,false,drone_images/Mavic 2.png,28.195000,-80.605000,28.194500,-80.605300,apolloshield_dji,dji,,,2414500000,RADAR-A2D2-C9B2,Sensor Cape Canaveral / Space Coast,140,GREEN,GREEN
1773240363462,A2D2-C9B2,FLT-C9B2-001,28.194881,-80.603909,60.9,3.2706115,0,Mavic 2,false,drone_images/Mavic 2.png,28.195000,-80.605000,28.194500,-80.605300,apolloshield_dji,dji,,,2414500000,RADAR-A2D2-C9B2,Sensor Cape Canaveral / Space Coast,140,GREEN,GREEN
1773240364536,A2D2-C9B2,FLT-C9B2-001,28.194904,-80.603634,60.9,7.2184277,0,Mavic 2,false,drone_images/Mavic 2.png,28.195000,-80.605000,28.194500,-80.605300,apolloshield_dji,dji,,,2414500000,RADAR-A2D2-C9B2,Sensor Cape Canaveral / Space Coast,140,GREEN,GREEN
1773240365539,A2D2-C9B2,FLT-C9B2-001,28.194904,-80.603634,60.9,7.2184277,0,Mavic 2,false,drone_images/Mavic 2.png,28.195000,-80.605000,28.194500,-80.605300,apolloshield_dji,dji,,,2414500000,RADAR-A2D2-C9B2,Sensor Cape Canaveral / Space Coast,140,GREEN,GREEN
1773240366557,A2D2-C9B2,FLT-C9B2-001,28.194921,-80.603445,60.9,2.5015395,0,Mavic 2,false,drone_images/Mavic 2.png,28.195000,-80.605000,28.194500,-80.605300,apolloshield_dji,dji,,,2414500000,RADAR-A2D2-C9B2,Sensor Cape Canaveral / Space Coast,140,GREEN,GREEN
1773240367527,A2D2-C9B2,FLT-C9B2-001,28.194921,-80.603445,60.9,2.5015395,0,Mavic 2,false,drone_images/Mavic 2.png,28.195000,-80.605000,28.194500,-80.605300,apolloshield_dji,dji,,,2414500000,RADAR-A2D2-C9B2,Sensor Cape Canaveral / Space Coast,140,GREEN,GREEN
1773240368569,A2D2-C9B2,FLT-C9B2-001,28.194921,-80.603445,60.9,2.5015395,0,Mavic 2,false,drone_images/Mavic 2.png,28.195000,-80.605000,28.194500,-80.605300,apolloshield_dji,dji,,,2414500000,RADAR-A2D2-C9B2,Sensor Cape Canaveral / Space Coast,140,GREEN,GREEN
1773240369572,A2D2-C9B2,FLT-C9B2-001,28.194921,-80.603445,60.9,2.5015395,0,Mavic 2,false,drone_images/Mavic 2.png,28.195000,-80.605000,28.194500,-80.605300,apolloshield_dji,dji,,,2414500000,RADAR-A2D2-C9B2,Sensor Cape Canaveral / Space Coast,140,GREEN,GREEN
1773240370612,A2D2-C9B2,FLT-C9B2-001,28.194921,-80.603445,60.9,2.5015395,0,Mavic 2,false,drone_images/Mavic 2.png,28.195000,-80.605000,28.194500,-80.605300,apolloshield_dji,dji,,,2414500000,RADAR-A2D2-C9B2,Sensor Cape Canaveral / Space Coast,140,GREEN,GREEN
1773240371598,A2D2-C9B2,FLT-C9B2-001,28.194921,-80.603445,60.9,2.5015395,0,Mavic 2,false,drone_images/Mavic 2.png,28.195000,-80.605000,28.194500,-80.605300,apolloshield_dji,dji,,,2414500000,RADAR-A2D2-C9B2,Sensor Cape Canaveral / Space Coast,140,GREEN,GREEN
1773240372706,A2D2-C9B2,FLT-C9B2-001,28.194921,-80.603445,60.9,2.5015395,0,Mavic 2,false,drone_images/Mavic 2.png,28.195000,-80.605000,28.194500,-80.605300,apolloshield_dji,dji,,,2414500000,RADAR-A2D2-C9B2,Sensor Cape Canaveral / Space Coast,140,GREEN,GREEN
1773240373652,A2D2-C9B2,FLT-C9B2-001,28.194921,-80.603445,60.9,2.5015395,0,Mavic 2,false,drone_images/Mavic 2.png,28.195000,-80.605000,28.194500,-80.605300,apolloshield_dji,dji,,,2414500000,RADAR-A2D2-C9B2,Sensor Cape Canaveral / Space Coast,140,GREEN,GREEN
1773240374647,A2D2-C9B2,FLT-C9B2-001,28.194921,-80.603445,60.9,2.5015395,0,Mavic 2,false,drone_images/Mavic 2.png,28.195000,-80.605000,28.194500,-80.605300,apolloshield_dji,dji,,,2414500000,RADAR-A2D2-C9B2,Sensor Cape Canaveral / Space Coast,140,GREEN,GREEN
1773240375696,A2D2-C9B2,FLT-C9B2-001,28.194921,-80.603445,60.9,2.5015395,0,Mavic 2,false,drone_images/Mavic 2.png,28.195000,-80.605000,28.194500,-80.605300,apolloshield_dji,dji,,,2414500000,RADAR-A2D2-C9B2,Sensor Cape Canaveral / Space Coast,140,GREEN,GREEN
1773240376745,A2D2-C9B2,FLT-C9B2-001,28.194921,-80.603445,60.9,2.5015395,0,Mavic 2,false,drone_images/Mavic 2.png,28.195000,-80.605000,28.194500,-80.605300,apolloshield_dji,dji,,,2414500000,RADAR-A2D2-C9B2,Sensor Cape Canaveral / Space Coast,140,GREEN,GREEN
1773240377678,A2D2-C9B2,FLT-C9B2-001,28.194921,-80.603445,60.9,2.5015395,0,Mavic 2,false,drone_images/Mavic 2.png,28.195000,-80.605000,28.194500,-80.605300,apolloshield_dji,dji,,,2414500000,RADAR-A2D2-C9B2,Sensor Cape Canaveral / Space Coast,140,GREEN,GREEN
1773240378663,A2D2-C9B2,FLT-C9B2-001,28.194921,-80.603445,60.9,2.5015395,0,Mavic 2,false,drone_images/Mavic 2.png,28.195000,-80.605000,28.194500,-80.605300,apolloshield_dji,dji,,,2414500000,RADAR-A2D2-C9B2,Sensor Cape Canaveral / Space Coast,140,GREEN,GREEN
1773240379719,A2D2-C9B2,FLT-C9B2-001,28.194921,-80.603445,60.9,2.5015395,0,Mavic 2,false,drone_images/Mavic 2.png,28.195000,-80.605000,28.194500,-80.605300,apolloshield_dji,dji,,,2414500000,RADAR-A2D2-C9B2,Sensor Cape Canaveral / Space Coast,140,GREEN,GREEN
1773240380692,A2D2-C9B2,FLT-C9B2-001,28.194921,-80.603445,60.9,2.5015395,0,Mavic 2,false,drone_images/Mavic 2.png,28.195000,-80.605000,28.194500,-80.605300,apolloshield_dji,dji,,,2414500000,RADAR-A2D2-C9B2,Sensor Cape Canaveral / Space Coast,140,GREEN,GREEN
1773240381719,A2D2-C9B2,FLT-C9B2-001,28.194921,-80.603445,60.9,2.5015395,0,Mavic 2,false,drone_images/Mavic 2.png,28.195000,-80.605000,28.194500,-80.605300,apolloshield_dji,dji,,,2414500000,RADAR-A2D2-C9B2,Sensor Cape Canaveral / Space Coast,140,GREEN,GREEN
1773240382693,A2D2-C9B2,FLT-C9B2-001,28.194921,-80.603445,60.9,2.5015395,0,Mavic 2,false,drone_images/Mavic 2.png,28.195000,-80.605000,28.194500,-80.605300,apolloshield_dji,dji,,,2414500000,RADAR-A2D2-C9B2,Sensor Cape Canaveral / Space Coast,140,GREEN,GREEN
1773240383728,A2D2-C9B2,FLT-C9B2-001,28.194921,-80.603445,60.9,2.5015395,0,Mavic 2,false,drone_images/Mavic 2.png,28.195000,-80.605000,28.194500,-80.605300,apolloshield_dji,dji,,,2414500000,RADAR-A2D2-C9B2,Sensor Cape Canaveral / Space Coast,140,GREEN,GREEN
1773240384754,A2D2-C9B2,FLT-C9B2-001,28.194921,-80.603445,60.9,2.5015395,0,Mavic 2,false,drone_images/Mavic 2.png,28.195000,-80.605000,28.194500,-80.605300,apolloshield_dji,dji,,,2414500000,RADAR-A2D2-C9B2,Sensor Cape Canaveral / Space Coast,140,GREEN,GREEN
1773240385898,A2D2-C9B2,FLT-C9B2-001,28.194921,-80.603445,60.9,2.5015395,0,Mavic 2,false,drone_images/Mavic 2.png,28.195000,-80.605000,28.194500,-80.605300,apolloshield_dji,dji,,,2414500000,RADAR-A2D2-C9B2,Sensor Cape Canaveral / Space Coast,140,GREEN,GREEN
1773240429000,A2D2-C9B2,FLT-C9B2-001,28.172231,-80.549025,140,16,0,Mavic 2,false,drone_images/Mavic 2.png,28.195000,-80.605000,28.194500,-80.605300,apolloshield_df,dji,365,10,2459500000,GMMM00MM08850001V64F,bluvec2.0-GMMM00MM08850001V64F,140,GREEN,GREEN
1773240452260,A2D2-C9B2,FLT-C9B2-001,28.199768,-80.603462,60.9,16,0,Mavic 2,false,drone_images/Mavic 2.png,28.195000,-80.605000,28.194500,-80.605300,apolloshield_dji,dji,,,2414500000,RADAR-A2D2-C9B2,Sensor Cape Canaveral / Space Coast,140,GREEN,GREEN
1773240453320,A2D2-C9B2,FLT-C9B2-001,28.199768,-80.603462,60.9,1.7,0,Mavic 2,false,drone_images/Mavic 2.png,28.195000,-80.605000,28.194500,-80.605300,apolloshield_dji,dji,,,2414500000,RADAR-A2D2-C9B2,Sensor Cape Canaveral / Space Coast,140,GREEN,GREEN
1773240455077,A2D2-C9B2,FLT-C9B2-001,28.199768,-80.603462,60.9,1.7,0,Mavic 2,false,drone_images/Mavic 2.png,28.195000,-80.605000,28.194500,-80.605300,apolloshield_dji,dji,,,2414500000,RADAR-A2D2-C9B2,Sensor Cape Canaveral / Space Coast,140,GREEN,GREEN
1773240455385,A2D2-C9B2,FLT-C9B2-001,28.199768,-80.603462,60.9,1.7,0,Mavic 2,false,drone_images/Mavic 2.png,28.195000,-80.605000,28.194500,-80.605300,apolloshield_dji,dji,,,2414500000,RADAR-A2D2-C9B2,Sensor Cape Canaveral / Space Coast,140,GREEN,GREEN
1773240456271,A2D2-C9B2,FLT-C9B2-001,28.199768,-80.603462,60.9,1.7,0,Mavic 2,false,drone_images/Mavic 2.png,28.195000,-80.605000,28.194500,-80.605300,apolloshield_dji,dji,,,2414500000,RADAR-A2D2-C9B2,Sensor Cape Canaveral / Space Coast,140,GREEN,GREEN
1773240457338,A2D2-C9B2,FLT-C9B2-001,28.199768,-80.603462,60.9,1.7,0,Mavic 2,false,drone_images/Mavic 2.png,28.195000,-80.605000,28.194500,-80.605300,apolloshield_dji,dji,,,2414500000,RADAR-A2D2-C9B2,Sensor Cape Canaveral / Space Coast,140,GREEN,GREEN
1773240458418,A2D2-C9B2,FLT-C9B2-001,28.199768,-80.603462,60.9,1.7,0,Mavic 2,false,drone_images/Mavic 2.png,28.195000,-80.605000,28.194500,-80.605300,apolloshield_dji,dji,,,2414500000,RADAR-A2D2-C9B2,Sensor Cape Canaveral / Space Coast,140,GREEN,GREEN
1773240459581,A2D2-C9B2,FLT-C9B2-001,28.199768,-80.603462,60.9,1.7,0,Mavic 2,false,drone_images/Mavic 2.png,28.195000,-80.605000,28.194500,-80.605300,apolloshield_dji,dji,,,2414500000,RADAR-A2D2-C9B2,Sensor Cape Canaveral / Space Coast,140,GREEN,GREEN
1773240460628,A2D2-C9B2,FLT-C9B2-001,28.199768,-80.603462,60.9,1.7,0,Mavic 2,false,drone_images/Mavic 2.png,28.195000,-80.605000,28.194500,-80.605300,apolloshield_dji,dji,,,2414500000,RADAR-A2D2-C9B2,Sensor Cape Canaveral / Space Coast,140,GREEN,GREEN
1773240461677,A2D2-C9B2,FLT-C9B2-001,28.199768,-80.603462,60.9,1.7,0,Mavic 2,false,drone_images/Mavic 2.png,28.195000,-80.605000,28.194500,-80.605300,apolloshield_dji,dji,,,2414500000,RADAR-A2D2-C9B2,Sensor Cape Canaveral / Space Coast,140,GREEN,GREEN
1773240462588,A2D2-C9B2,FLT-C9B2-001,28.199768,-80.603462,60.9,1.7,0,Mavic 2,false,drone_images/Mavic 2.png,28.195000,-80.605000,28.194500,-80.605300,apolloshield_dji,dji,,,2414500000,RADAR-A2D2-C9B2,Sensor Cape Canaveral / Space Coast,140,GREEN,GREEN
1773240463774,A2D2-C9B2,FLT-C9B2-001,28.199768,-80.603462,60.9,1.7,0,Mavic 2,false,drone_images/Mavic 2.png,28.195000,-80.605000,28.194500,-80.605300,apolloshield_dji,dji,,,2414500000,RADAR-A2D2-C9B2,Sensor Cape Canaveral / Space Coast,140,GREEN,GREEN
1773240464710,A2D2-C9B2,FLT-C9B2-001,28.199768,-80.603462,60.9,1.7,0,Mavic 2,false,drone_images/Mavic 2.png,28.195000,-80.605000,28.194500,-80.605300,apolloshield_dji,dji,,,2414500000,RADAR-A2D2-C9B2,Sensor Cape Canaveral / Space Coast,140,GREEN,GREEN
1773240465660,A2D2-C9B2,FLT-C9B2-001,28.199768,-80.603462,60.9,1.7,0,Mavic 2,false,drone_images/Mavic 2.png,28.195000,-80.605000,28.194500,-80.605300,apolloshield_dji,dji,,,2414500000,RADAR-A2D2-C9B2,Sensor Cape Canaveral / Space Coast,140,GREEN,GREEN
1773240466724,A2D2-C9B2,FLT-C9B2-001,28.199768,-80.603462,60.9,1.7,0,Mavic 2,false,drone_images/Mavic 2.png,28.195000,-80.605000,28.194500,-80.605300,apolloshield_dji,dji,,,2414500000,RADAR-A2D2-C9B2,Sensor Cape Canaveral / Space Coast,140,GREEN,GREEN
1773240467665,A2D2-C9B2,FLT-C9B2-001,28.199768,-80.603462,60.9,1.7,0,Mavic 2,false,drone_images/Mavic 2.png,28.195000,-80.605000,28.194500,-80.605300,apolloshield_dji,dji,,,2414500000,RADAR-A2D2-C9B2,Sensor Cape Canaveral / Space Coast,140,GREEN,GREEN
1773240468701,A2D2-C9B2,FLT-C9B2-001,28.199768,-80.603462,60.9,1.7,0,Mavic 2,false,drone_images/Mavic 2.png,28.195000,-80.605000,28.194500,-80.605300,apolloshield_dji,dji,,,2414500000,RADAR-A2D2-C9B2,Sensor Cape Canaveral / Space Coast,140,GREEN,GREEN
1773240469722,A2D2-C9B2,FLT-C9B2-001,28.199768,-80.603462,60.9,1.7,0,Mavic 2,false,drone_images/Mavic 2.png,28.195000,-80.605000,28.194500,-80.605300,apolloshield_dji,dji,,,2414500000,RADAR-A2D2-C9B2,Sensor Cape Canaveral / Space Coast,140,GREEN,GREEN
1773240471021,A2D2-C9B2,FLT-C9B2-001,28.199768,-80.603462,60.9,1.7,0,Mavic 2,false,drone_images/Mavic 2.png,28.195000,-80.605000,28.194500,-80.605300,apolloshield_dji,dji,,,2414500000,RADAR-A2D2-C9B2,Sensor Cape Canaveral / Space Coast,140,GREEN,GREEN
1773240584355,A2D2-C9B2,FLT-C9B2-001,28.203934,-80.602998,60.9,16,0,Mavic 2,false,drone_images/Mavic 2.png,28.195000,-80.605000,28.194500,-80.605300,apolloshield_dji,dji,,,2414500000,RADAR-A2D2-C9B2,Sensor Cape Canaveral / Space Coast,140,GREEN,GREEN
1773240585276,A2D2-C9B2,FLT-C9B2-001,28.203934,-80.602998,60.9,7.4100065,0,Mavic 2,false,drone_images/Mavic 2.png,28.195000,-80.605000,28.194500,-80.605300,apolloshield_dji,dji,,,2414500000,RADAR-A2D2-C9B2,Sensor Cape Canaveral / Space Coast,140,GREEN,GREEN
1773240586342,A2D2-C9B2,FLT-C9B2-001,28.203934,-80.602998,60.9,7.4100065,0,Mavic 2,false,drone_images/Mavic 2.png,28.195000,-80.605000,28.194500,-80.605300,apolloshield_dji,dji,,,2414500000,RADAR-A2D2-C9B2,Sensor Cape Canaveral / Space Coast,140,GREEN,GREEN
1773240587338,A2D2-C9B2,FLT-C9B2-001,28.203934,-80.602998,60.9,7.4100065,0,Mavic 2,false,drone_images/Mavic 2.png,28.195000,-80.605000,28.194500,-80.605300,apolloshield_dji,dji,,,2414500000,RADAR-A2D2-C9B2,Sensor Cape Canaveral / Space Coast,140,GREEN,GREEN
1773240588297,A2D2-C9B2,FLT-C9B2-001,28.203934,-80.602998,60.9,7.4100065,0,Mavic 2,false,drone_images/Mavic 2.png,28.195000,-80.605000,28.194500,-80.605300,apolloshield_dji,dji,,,2414500000,RADAR-A2D2-C9B2,Sensor Cape Canaveral / Space Coast,140,GREEN,GREEN
1773240589698,A2D2-C9B2,FLT-C9B2-001,28.203934,-80.602998,60.9,7.4100065,0,Mavic 2,false,drone_images/Mavic 2.png,28.195000,-80.605000,28.194500,-80.605300,apolloshield_dji,dji,,,2414500000,RADAR-A2D2-C9B2,Sensor Cape Canaveral / Space Coast,140,GREEN,GREEN
1773240590942,A2D2-C9B2,FLT-C9B2-001,28.203934,-80.602998,60.9,7.4100065,0,Mavic 2,false,drone_images/Mavic 2.png,28.195000,-80.605000,28.194500,-80.605300,apolloshield_dji,dji,,,2414500000,RADAR-A2D2-C9B2,Sensor Cape Canaveral / Space Coast,140,GREEN,GREEN
1773240592219,A2D2-C9B2,FLT-C9B2-001,28.203934,-80.602998,60.9,7.4100065,0,Mavic 2,false,drone_images/Mavic 2.png,28.195000,-80.605000,28.194500,-80.605300,apolloshield_dji,dji,,,2414500000,RADAR-A2D2-C9B2,Sensor Cape Canaveral / Space Coast,140,GREEN,GREEN
1773240593843,A2D2-C9B2,FLT-C9B2-001,28.203934,-80.602998,60.9,7.4100065,0,Mavic 2,false,drone_images/Mavic 2.png,28.195000,-80.605000,28.194500,-80.605300,apolloshield_dji,dji,,,2414500000,RADAR-A2D2-C9B2,Sensor Cape Canaveral / Space Coast,140,GREEN,GREEN
1773240594725,A2D2-C9B2,FLT-C9B2-001,28.203934,-80.602998,60.9,7.4100065,0,Mavic 2,false,drone_images/Mavic 2.png,28.195000,-80.605000,28.194500,-80.605300,apolloshield_dji,dji,,,2414500000,RADAR-A2D2-C9B2,Sensor Cape Canaveral / Space Coast,140,GREEN,GREEN
1773240596272,A2D2-C9B2,FLT-C9B2-001,28.203934,-80.602998,60.9,7.4100065,0,Mavic 2,false,drone_images/Mavic 2.png,28.195000,-80.605000,28.194500,-80.605300,apolloshield_dji,dji,,,2414500000,RADAR-A2D2-C9B2,Sensor Cape Canaveral / Space Coast,140,GREEN,GREEN
1773240597462,A2D2-C9B2,FLT-C9B2-001,28.203934,-80.602998,60.9,7.4100065,0,Mavic 2,false,drone_images/Mavic 2.png,28.195000,-80.605000,28.194500,-80.605300,apolloshield_dji,dji,,,2414500000,RADAR-A2D2-C9B2,Sensor Cape Canaveral / Space Coast,140,GREEN,GREEN
1773240598761,A2D2-C9B2,FLT-C9B2-001,28.203934,-80.602998,60.9,7.4100065,0,Mavic 2,false,drone_images/Mavic 2.png,28.195000,-80.605000,28.194500,-80.605300,apolloshield_dji,dji,,,2414500000,RADAR-A2D2-C9B2,Sensor Cape Canaveral / Space Coast,140,GREEN,GREEN
1773240600192,A2D2-C9B2,FLT-C9B2-001,28.203934,-80.602998,60.9,7.4100065,0,Mavic 2,false,drone_images/Mavic 2.png,28.195000,-80.605000,28.194500,-80.605300,apolloshield_dji,dji,,,2414500000,RADAR-A2D2-C9B2,Sensor Cape Canaveral / Space Coast,140,GREEN,GREEN
1773240601710,A2D2-C9B2,FLT-C9B2-001,28.203934,-80.602998,60.9,7.4100065,0,Mavic 2,false,drone_images/Mavic 2.png,28.195000,-80.605000,28.194500,-80.605300,apolloshield_dji,dji,,,2414500000,RADAR-A2D2-C9B2,Sensor Cape Canaveral / Space Coast,140,GREEN,GREEN
1773240603139,A2D2-C9B2,FLT-C9B2-001,28.203934,-80.602998,60.9,7.4100065,0,Mavic 2,false,drone_images/Mavic 2.png,28.195000,-80.605000,28.194500,-80.605300,apolloshield_dji,dji,,,2414500000,RADAR-A2D2-C9B2,Sensor Cape Canaveral / Space Coast,140,GREEN,GREEN
1773240604279,A2D2-C9B2,FLT-C9B2-001,28.203934,-80.602998,60.9,7.4100065,0,Mavic 2,false,drone_images/Mavic 2.png,28.195000,-80.605000,28.194500,-80.605300,apolloshield_dji,dji,,,2414500000,RADAR-A2D2-C9B2,Sensor Cape Canaveral / Space Coast,140,GREEN,GREEN
1773240613193,A2D2-C9B2,FLT-C9B2-001,28.203934,-80.602998,60.9,16,0,Mavic 2,false,drone_images/Mavic 2.png,28.195000,-80.605000,28.194500,-80.605300,apolloshield_dji,dji,,,2414500000,RADAR-A2D2-C9B2,Sensor Cape Canaveral / Space Coast,140,GREEN,GREEN
1773240614241,A2D2-C9B2,FLT-C9B2-001,28.202060,-80.602992,60.9,7.14,0,Mavic 2,false,drone_images/Mavic 2.png,28.195000,-80.605000,28.194500,-80.605300,apolloshield_dji,dji,,,2414500000,RADAR-A2D2-C9B2,Sensor Cape Canaveral / Space Coast,140,GREEN,GREEN
1773240615417,A2D2-C9B2,FLT-C9B2-001,28.202060,-80.602992,60.9,7.14,0,Mavic 2,false,drone_images/Mavic 2.png,28.195000,-80.605000,28.194500,-80.605300,apolloshield_dji,dji,,,2414500000,RADAR-A2D2-C9B2,Sensor Cape Canaveral / Space Coast,140,GREEN,GREEN
1773240616411,A2D2-C9B2,FLT-C9B2-001,28.202060,-80.602992,60.9,7.14,0,Mavic 2,false,drone_images/Mavic 2.png,28.195000,-80.605000,28.194500,-80.605300,apolloshield_dji,dji,,,2414500000,RADAR-A2D2-C9B2,Sensor Cape Canaveral / Space Coast,140,GREEN,GREEN
1773240617556,A2D2-C9B2,FLT-C9B2-001,28.202060,-80.602992,60.9,7.14,0,Mavic 2,false,drone_images/Mavic 2.png,28.195000,-80.605000,28.194500,-80.605300,apolloshield_dji,dji,,,2414500000,RADAR-A2D2-C9B2,Sensor Cape Canaveral / Space Coast,140,GREEN,GREEN
1773240618641,A2D2-C9B2,FLT-C9B2-001,28.202060,-80.602992,60.9,7.14,0,Mavic 2,false,drone_images/Mavic 2.png,28.195000,-80.605000,28.194500,-80.605300,apolloshield_dji,dji,,,2414500000,RADAR-A2D2-C9B2,Sensor Cape Canaveral / Space Coast,140,GREEN,GREEN
1773240619705,A2D2-C9B2,FLT-C9B2-001,28.202060,-80.602992,60.9,7.14,0,Mavic 2,false,drone_images/Mavic 2.png,28.195000,-80.605000,28.194500,-80.605300,apolloshield_dji,dji,,,2414500000,RADAR-A2D2-C9B2,Sensor Cape Canaveral / Space Coast,140,GREEN,GREEN
1773240620769,A2D2-C9B2,FLT-C9B2-001,28.202060,-80.602992,60.9,7.14,0,Mavic 2,false,drone_images/Mavic 2.png,28.195000,-80.605000,28.194500,-80.605300,apolloshield_dji,dji,,,2414500000,RADAR-A2D2-C9B2,Sensor Cape Canaveral / Space Coast,140,GREEN,GREEN
1773240621925,A2D2-C9B2,FLT-C9B2-001,28.202060,-80.602992,60.9,7.14,0,Mavic 2,false,drone_images/Mavic 2.png,28.195000,-80.605000,28.194500,-80.605300,apolloshield_dji,dji,,,2414500000,RADAR-A2D2-C9B2,Sensor Cape Canaveral / Space Coast,140,GREEN,GREEN
1773240622955,A2D2-C9B2,FLT-C9B2-001,28.201476,-80.602998,60.9,7.16,0,Mavic 2,false,drone_images/Mavic 2.png,28.195000,-80.605000,28.194500,-80.605300,apolloshield_dji,dji,,,2414500000,RADAR-A2D2-C9B2,Sensor Cape Canaveral / Space Coast,140,GREEN,GREEN
1773240624025,A2D2-C9B2,FLT-C9B2-001,28.201476,-80.602998,60.9,7.16,0,Mavic 2,false,drone_images/Mavic 2.png,28.195000,-80.605000,28.194500,-80.605300,apolloshield_dji,dji,,,2414500000,RADAR-A2D2-C9B2,Sensor Cape Canaveral / Space Coast,140,GREEN,GREEN
1773240625114,A2D2-C9B2,FLT-C9B2-001,28.201476,-80.602998,60.9,7.16,0,Mavic 2,false,drone_images/Mavic 2.png,28.195000,-80.605000,28.194500,-80.605300,apolloshield_dji,dji,,,2414500000,RADAR-A2D2-C9B2,Sensor Cape Canaveral / Space Coast,140,GREEN,GREEN
1773240626192,A2D2-C9B2,FLT-C9B2-001,28.201149,-80.602998,60.9,7.13,0,Mavic 2,false,drone_images/Mavic 2.png,28.195000,-80.605000,28.194500,-80.605300,apolloshield_dji,dji,,,2414500000,RADAR-A2D2-C9B2,Sensor Cape Canaveral / Space Coast,140,GREEN,GREEN
1773240627346,A2D2-C9B2,FLT-C9B2-001,28.201149,-80.602998,60.9,7.13,0,Mavic 2,false,drone_images/Mavic 2.png,28.195000,-80.605000,28.194500,-80.605300,apolloshield_dji,dji,,,2414500000,RADAR-A2D2-C9B2,Sensor Cape Canaveral / Space Coast,140,GREEN,GREEN
1773240628394,A2D2-C9B2,FLT-C9B2-001,28.201149,-80.602998,60.9,7.13,0,Mavic 2,false,drone_images/Mavic 2.png,28.195000,-80.605000,28.194500,-80.605300,apolloshield_dji,dji,,,2414500000,RADAR-A2D2-C9B2,Sensor Cape Canaveral / Space Coast,140,GREEN,GREEN
1773240629443,A2D2-C9B2,FLT-C9B2-001,28.201149,-80.602998,60.9,7.1600065,0,Mavic 2,false,drone_images/Mavic 2.png,28.195000,-80.605000,28.194500,-80.605300,apolloshield_dji,dji,,,2414500000,RADAR-A2D2-C9B2,Sensor Cape Canaveral / Space Coast,140,GREEN,GREEN
1773240630522,A2D2-C9B2,FLT-C9B2-001,28.201023,-80.602998,60.9,7.1600065,0,Mavic 2,false,drone_images/Mavic 2.png,28.195000,-80.605000,28.194500,-80.605300,apolloshield_dji,dji,,,2414500000,RADAR-A2D2-C9B2,Sensor Cape Canaveral / Space Coast,140,GREEN,GREEN
1773240631825,A2D2-C9B2,FLT-C9B2-001,28.201023,-80.602998,60.9,7.1600065,0,Mavic 2,false,drone_images/Mavic 2.png,28.195000,-80.605000,28.194500,-80.605300,apolloshield_dji,dji,,,2414500000,RADAR-A2D2-C9B2,Sensor Cape Canaveral / Space Coast,140,GREEN,GREEN
1773240632905,A2D2-C9B2,FLT-C9B2-001,28.200828,-80.602998,60.9,7.14,0,Mavic 2,false,drone_images/Mavic 2.png,28.195000,-80.605000,28.194500,-80.605300,apolloshield_dji,dji,,,2414500000,RADAR-A2D2-C9B2,Sensor Cape Canaveral / Space Coast,140,GREEN,GREEN
1773240633752,A2D2-C9B2,FLT-C9B2-001,28.200828,-80.602998,60.9,7.14,0,Mavic 2,false,drone_images/Mavic 2.png,28.195000,-80.605000,28.194500,-80.605300,apolloshield_dji,dji,,,2414500000,RADAR-A2D2-C9B2,Sensor Cape Canaveral / Space Coast,140,GREEN,GREEN
1773240634965,A2D2-C9B2,FLT-C9B2-001,28.200828,-80.602998,60.9,7.14,0,Mavic 2,false,drone_images/Mavic 2.png,28.195000,-80.605000,28.194500,-80.605300,apolloshield_dji,dji,,,2414500000,RADAR-A2D2-C9B2,Sensor Cape Canaveral / Space Coast,140,GREEN,GREEN
1773240636259,A2D2-C9B2,FLT-C9B2-001,28.200828,-80.602998,60.9,7.14,0,Mavic 2,false,drone_images/Mavic 2.png,28.195000,-80.605000,28.194500,-80.605300,apolloshield_dji,dji,,,2414500000,RADAR-A2D2-C9B2,Sensor Cape Canaveral / Space Coast,140,GREEN,GREEN
1773240636970,A2D2-C9B2,FLT-C9B2-001,28.200828,-80.602998,60.9,7.14,0,Mavic 2,false,drone_images/Mavic 2.png,28.195000,-80.605000,28.194500,-80.605300,apolloshield_dji,dji,,,2414500000,RADAR-A2D2-C9B2,Sensor Cape Canaveral / Space Coast,140,GREEN,GREEN
1773240638051,A2D2-C9B2,FLT-C9B2-001,28.200828,-80.602998,60.9,7.14,0,Mavic 2,false,drone_images/Mavic 2.png,28.195000,-80.605000,28.194500,-80.605300,apolloshield_dji,dji,,,2414500000,RADAR-A2D2-C9B2,Sensor Cape Canaveral / Space Coast,140,GREEN,GREEN
1773240639193,A2D2-C9B2,FLT-C9B2-001,28.200828,-80.602998,60.9,7.14,0,Mavic 2,false,drone_images/Mavic 2.png,28.195000,-80.605000,28.194500,-80.605300,apolloshield_dji,dji,,,2414500000,RADAR-A2D2-C9B2,Sensor Cape Canaveral / Space Coast,140,GREEN,GREEN
1773240640298,A2D2-C9B2,FLT-C9B2-001,28.200828,-80.602998,60.9,7.14,0,Mavic 2,false,drone_images/Mavic 2.png,28.195000,-80.605000,28.194500,-80.605300,apolloshield_dji,dji,,,2414500000,RADAR-A2D2-C9B2,Sensor Cape Canaveral / Space Coast,140,GREEN,GREEN
1773240641386,A2D2-C9B2,FLT-C9B2-001,28.200828,-80.602998,60.9,7.14,0,Mavic 2,false,drone_images/Mavic 2.png,28.195000,-80.605000,28.194500,-80.605300,apolloshield_dji,dji,,,2414500000,RADAR-A2D2-C9B2,Sensor Cape Canaveral / Space Coast,140,GREEN,GREEN
1773240642550,A2D2-C9B2,FLT-C9B2-001,28.200828,-80.602998,60.9,7.14,0,Mavic 2,false,drone_images/Mavic 2.png,28.195000,-80.605000,28.194500,-80.605300,apolloshield_dji,dji,,,2414500000,RADAR-A2D2-C9B2,Sensor Cape Canaveral / Space Coast,140,GREEN,GREEN
1773240643598,A2D2-C9B2,FLT-C9B2-001,28.200828,-80.602998,60.9,7.14,0,Mavic 2,false,drone_images/Mavic 2.png,28.195000,-80.605000,28.194500,-80.605300,apolloshield_dji,dji,,,2414500000,RADAR-A2D2-C9B2,Sensor Cape Canaveral / Space Coast,140,GREEN,GREEN
1773240644707,A2D2-C9B2,FLT-C9B2-001,28.200828,-80.602998,60.9,7.14,0,Mavic 2,false,drone_images/Mavic 2.png,28.195000,-80.605000,28.194500,-80.605300,apolloshield_dji,dji,,,2414500000,RADAR-A2D2-C9B2,Sensor Cape Canaveral / Space Coast,140,GREEN,GREEN
1773240645729,A2D2-C9B2,FLT-C9B2-001,28.200828,-80.602998,60.9,7.14,0,Mavic 2,false,drone_images/Mavic 2.png,28.195000,-80.605000,28.194500,-80.605300,apolloshield_dji,dji,,,2414500000,RADAR-A2D2-C9B2,Sensor Cape Canaveral / Space Coast,140,GREEN,GREEN
1773240646743,A2D2-C9B2,FLT-C9B2-001,28.200828,-80.602998,60.9,7.14,0,Mavic 2,false,drone_images/Mavic 2.png,28.195000,-80.605000,28.194500,-80.605300,apolloshield_dji,dji,,,2414500000,RADAR-A2D2-C9B2,Sensor Cape Canaveral / Space Coast,140,GREEN,GREEN
1773240647815,A2D2-C9B2,FLT-C9B2-001,28.200828,-80.602998,60.9,7.14,0,Mavic 2,false,drone_images/Mavic 2.png,28.195000,-80.605000,28.194500,-80.605300,apolloshield_dji,dji,,,2414500000,RADAR-A2D2-C9B2,Sensor Cape Canaveral / Space Coast,140,GREEN,GREEN
1773240649090,A2D2-C9B2,FLT-C9B2-001,28.200828,-80.602998,60.9,7.14,0,Mavic 2,false,drone_images/Mavic 2.png,28.195000,-80.605000,28.194500,-80.605300,apolloshield_dji,dji,,,2414500000,RADAR-A2D2-C9B2,Sensor Cape Canaveral / Space Coast,140,GREEN,GREEN
1773240649941,A2D2-C9B2,FLT-C9B2-001,28.200828,-80.602998,60.9,7.14,0,Mavic 2,false,drone_images/Mavic 2.png,28.195000,-80.605000,28.194500,-80.605300,apolloshield_dji,dji,,,2414500000,RADAR-A2D2-C9B2,Sensor Cape Canaveral / Space Coast,140,GREEN,GREEN
1773240651091,A2D2-C9B2,FLT-C9B2-001,28.200828,-80.602998,60.9,7.14,0,Mavic 2,false,drone_images/Mavic 2.png,28.195000,-80.605000,28.194500,-80.605300,apolloshield_dji,dji,,,2414500000,RADAR-A2D2-C9B2,Sensor Cape Canaveral / Space Coast,140,GREEN,GREEN
1773240653171,A2D2-C9B2,FLT-C9B2-001,28.200828,-80.602998,60.9,16,0,Mavic 2,false,drone_images/Mavic 2.png,28.195000,-80.605000,28.194500,-80.605300,apolloshield_dji,dji,,,2414500000,RADAR-A2D2-C9B2,Sensor Cape Canaveral / Space Coast,140,GREEN,GREEN
1773240654142,A2D2-C9B2,FLT-C9B2-001,28.199751,-80.602998,60.9,0.17262676,0,Mavic 2,false,drone_images/Mavic 2.png,28.195000,-80.605000,28.194500,-80.605300,apolloshield_dji,dji,,,2414500000,RADAR-A2D2-C9B2,Sensor Cape Canaveral / Space Coast,140,GREEN,GREEN
1773240655245,A2D2-C9B2,FLT-C9B2-001,28.199751,-80.602998,60.9,0.17262676,0,Mavic 2,false,drone_images/Mavic 2.png,28.195000,-80.605000,28.194500,-80.605300,apolloshield_dji,dji,,,2414500000,RADAR-A2D2-C9B2,Sensor Cape Canaveral / Space Coast,140,GREEN,GREEN
1773240656347,A2D2-C9B2,FLT-C9B2-001,28.199751,-80.602998,60.9,0.17262676,0,Mavic 2,false,drone_images/Mavic 2.png,28.195000,-80.605000,28.194500,-80.605300,apolloshield_dji,dji,,,2414500000,RADAR-A2D2-C9B2,Sensor Cape Canaveral / Space Coast,140,GREEN,GREEN
1773240657433,A2D2-C9B2,FLT-C9B2-001,28.199751,-80.602998,60.9,5.310009,0,Mavic 2,false,drone_images/Mavic 2.png,28.195000,-80.605000,28.194500,-80.605300,apolloshield_dji,dji,,,2414500000,RADAR-A2D2-C9B2,Sensor Cape Canaveral / Space Coast,140,GREEN,GREEN
1773240658597,A2D2-C9B2,FLT-C9B2-001,28.199705,-80.602998,60.8,5.310009,0,Mavic 2,false,drone_images/Mavic 2.png,28.195000,-80.605000,28.194500,-80.605300,apolloshield_dji,dji,,,2414500000,RADAR-A2D2-C9B2,Sensor Cape Canaveral / Space Coast,140,GREEN,GREEN
1773240659630,A2D2-C9B2,FLT-C9B2-001,28.199705,-80.602998,60.8,5.310009,0,Mavic 2,false,drone_images/Mavic 2.png,28.195000,-80.605000,28.194500,-80.605300,apolloshield_dji,dji,,,2414500000,RADAR-A2D2-C9B2,Sensor Cape Canaveral / Space Coast,140,GREEN,GREEN
1773240660670,A2D2-C9B2,FLT-C9B2-001,28.199705,-80.602998,60.8,5.310009,0,Mavic 2,false,drone_images/Mavic 2.png,28.195000,-80.605000,28.194500,-80.605300,apolloshield_dji,dji,,,2414500000,RADAR-A2D2-C9B2,Sensor Cape Canaveral / Space Coast,140,GREEN,GREEN
1773240661796,A2D2-C9B2,FLT-C9B2-001,28.199705,-80.602998,60.8,5.310009,0,Mavic 2,false,drone_images/Mavic 2.png,28.195000,-80.605000,28.194500,-80.605300,apolloshield_dji,dji,,,2414500000,RADAR-A2D2-C9B2,Sensor Cape Canaveral / Space Coast,140,GREEN,GREEN
1773240662900,A2D2-C9B2,FLT-C9B2-001,28.199705,-80.602998,60.8,5.310009,0,Mavic 2,false,drone_images/Mavic 2.png,28.195000,-80.605000,28.194500,-80.605300,apolloshield_dji,dji,,,2414500000,RADAR-A2D2-C9B2,Sensor Cape Canaveral / Space Coast,140,GREEN,GREEN
1773240664055,A2D2-C9B2,FLT-C9B2-001,28.199705,-80.602998,60.8,5.310009,0,Mavic 2,false,drone_images/Mavic 2.png,28.195000,-80.605000,28.194500,-80.605300,apolloshield_dji,dji,,,2414500000,RADAR-A2D2-C9B2,Sensor Cape Canaveral / Space Coast,140,GREEN,GREEN
1773240665094,A2D2-C9B2,FLT-C9B2-001,28.199705,-80.602998,60.8,5.310009,0,Mavic 2,false,drone_images/Mavic 2.png,28.195000,-80.605000,28.194500,-80.605300,apolloshield_dji,dji,,,2414500000,RADAR-A2D2-C9B2,Sensor Cape Canaveral / Space Coast,140,GREEN,GREEN
1773240666143,A2D2-C9B2,FLT-C9B2-001,28.199705,-80.602998,60.8,5.310009,0,Mavic 2,false,drone_images/Mavic 2.png,28.195000,-80.605000,28.194500,-80.605300,apolloshield_dji,dji,,,2414500000,RADAR-A2D2-C9B2,Sensor Cape Canaveral / Space Coast,140,GREEN,GREEN
1773240667200,A2D2-C9B2,FLT-C9B2-001,28.199705,-80.602998,60.8,5.310009,0,Mavic 2,false,drone_images/Mavic 2.png,28.195000,-80.605000,28.194500,-80.605300,apolloshield_dji,dji,,,2414500000,RADAR-A2D2-C9B2,Sensor Cape Canaveral / Space Coast,140,GREEN,GREEN
1773240668239,A2D2-C9B2,FLT-C9B2-001,28.199705,-80.602998,60.8,5.310009,0,Mavic 2,false,drone_images/Mavic 2.png,28.195000,-80.605000,28.194500,-80.605300,apolloshield_dji,dji,,,2414500000,RADAR-A2D2-C9B2,Sensor Cape Canaveral / Space Coast,140,GREEN,GREEN
1773240669298,A2D2-C9B2,FLT-C9B2-001,28.199705,-80.602998,60.8,5.310009,0,Mavic 2,false,drone_images/Mavic 2.png,28.195000,-80.605000,28.194500,-80.605300,apolloshield_dji,dji,,,2414500000,RADAR-A2D2-C9B2,Sensor Cape Canaveral / Space Coast,140,GREEN,GREEN
1773240670361,A2D2-C9B2,FLT-C9B2-001,28.199705,-80.602998,60.8,5.310009,0,Mavic 2,false,drone_images/Mavic 2.png,28.195000,-80.605000,28.194500,-80.605300,apolloshield_dji,dji,,,2414500000,RADAR-A2D2-C9B2,Sensor Cape Canaveral / Space Coast,140,GREEN,GREEN
1773240671652,A2D2-C9B2,FLT-C9B2-001,28.199705,-80.602998,60.8,5.310009,0,Mavic 2,false,drone_images/Mavic 2.png,28.195000,-80.605000,28.194500,-80.605300,apolloshield_dji,dji,,,2414500000,RADAR-A2D2-C9B2,Sensor Cape Canaveral / Space Coast,140,GREEN,GREEN
1773240672748,A2D2-C9B2,FLT-C9B2-001,28.199705,-80.602998,60.8,5.310009,0,Mavic 2,false,drone_images/Mavic 2.png,28.195000,-80.605000,28.194500,-80.605300,apolloshield_dji,dji,,,2414500000,RADAR-A2D2-C9B2,Sensor Cape Canaveral / Space Coast,140,GREEN,GREEN
1773240673665,A2D2-C9B2,FLT-C9B2-001,28.199705,-80.602998,60.8,5.310009,0,Mavic 2,false,drone_images/Mavic 2.png,28.195000,-80.605000,28.194500,-80.605300,apolloshield_dji,dji,,,2414500000,RADAR-A2D2-C9B2,Sensor Cape Canaveral / Space Coast,140,GREEN,GREEN
1773240674651,A2D2-C9B2,FLT-C9B2-001,28.199705,-80.602998,60.8,5.310009,0,Mavic 2,false,drone_images/Mavic 2.png,28.195000,-80.605000,28.194500,-80.605300,apolloshield_dji,dji,,,2414500000,RADAR-A2D2-C9B2,Sensor Cape Canaveral / Space Coast,140,GREEN,GREEN
1773240675943,A2D2-C9B2,FLT-C9B2-001,28.199705,-80.602998,60.8,5.310009,0,Mavic 2,false,drone_images/Mavic 2.png,28.195000,-80.605000,28.194500,-80.605300,apolloshield_dji,dji,,,2414500000,RADAR-A2D2-C9B2,Sensor Cape Canaveral / Space Coast,140,GREEN,GREEN
1773240676824,A2D2-C9B2,FLT-C9B2-001,28.199705,-80.602998,60.8,5.310009,0,Mavic 2,false,drone_images/Mavic 2.png,28.195000,-80.605000,28.194500,-80.605300,apolloshield_dji,dji,,,2414500000,RADAR-A2D2-C9B2,Sensor Cape Canaveral / Space Coast,140,GREEN,GREEN
1773240678200,A2D2-C9B2,FLT-C9B2-001,28.199705,-80.602998,60.8,7.4400268,0,Mavic 2,false,drone_images/Mavic 2.png,28.195000,-80.605000,28.194500,-80.605300,apolloshield_dji,dji,,,2414500000,RADAR-A2D2-C9B2,Sensor Cape Canaveral / Space Coast,140,GREEN,GREEN
1773240679130,A2D2-C9B2,FLT-C9B2-001,28.199264,-80.602998,60.9,7.2100277,0,Mavic 2,false,drone_images/Mavic 2.png,28.195000,-80.605000,28.194500,-80.605300,apolloshield_dji,dji,,,2414500000,RADAR-A2D2-C9B2,Sensor Cape Canaveral / Space Coast,140,GREEN,GREEN
1773240680297,A2D2-C9B2,FLT-C9B2-001,28.199201,-80.602998,60.9,7.1300282,0,Mavic 2,false,drone_images/Mavic 2.png,28.195000,-80.605000,28.194500,-80.605300,apolloshield_dji,dji,,,2414500000,RADAR-A2D2-C9B2,Sensor Cape Canaveral / Space Coast,140,GREEN,GREEN
1773240681870,A2D2-C9B2,FLT-C9B2-001,28.199201,-80.602998,60.9,7.1300282,0,Mavic 2,false,drone_images/Mavic 2.png,28.195000,-80.605000,28.194500,-80.605300,apolloshield_dji,dji,,,2414500000,RADAR-A2D2-C9B2,Sensor Cape Canaveral / Space Coast,140,GREEN,GREEN
1773240682456,A2D2-C9B2,FLT-C9B2-001,28.199201,-80.602998,60.9,7.1300282,0,Mavic 2,false,drone_images/Mavic 2.png,28.195000,-80.605000,28.194500,-80.605300,apolloshield_dji,dji,,,2414500000,RADAR-A2D2-C9B2,Sensor Cape Canaveral / Space Coast,140,GREEN,GREEN
1773240683513,A2D2-C9B2,FLT-C9B2-001,28.199201,-80.602998,60.9,7.1300282,0,Mavic 2,false,drone_images/Mavic 2.png,28.195000,-80.605000,28.194500,-80.605300,apolloshield_dji,dji,,,2414500000,RADAR-A2D2-C9B2,Sensor Cape Canaveral / Space Coast,140,GREEN,GREEN
1773240684580,A2D2-C9B2,FLT-C9B2-001,28.199201,-80.602998,60.9,7.1300282,0,Mavic 2,false,drone_images/Mavic 2.png,28.195000,-80.605000,28.194500,-80.605300,apolloshield_dji,dji,,,2414500000,RADAR-A2D2-C9B2,Sensor Cape Canaveral / Space Coast,140,GREEN,GREEN
1773240685816,A2D2-C9B2,FLT-C9B2-001,28.199201,-80.602998,60.9,7.1700068,0,Mavic 2,false,drone_images/Mavic 2.png,28.195000,-80.605000,28.194500,-80.605300,apolloshield_dji,dji,,,2414500000,RADAR-A2D2-C9B2,Sensor Cape Canaveral / Space Coast,140,GREEN,GREEN
1773240686785,A2D2-C9B2,FLT-C9B2-001,28.198880,-80.602998,60.9,7.1700068,0,Mavic 2,false,drone_images/Mavic 2.png,28.195000,-80.605000,28.194500,-80.605300,apolloshield_dji,dji,,,2414500000,RADAR-A2D2-C9B2,Sensor Cape Canaveral / Space Coast,140,GREEN,GREEN
1773240687904,A2D2-C9B2,FLT-C9B2-001,28.198880,-80.602998,60.9,7.1700068,0,Mavic 2,false,drone_images/Mavic 2.png,28.195000,-80.605000,28.194500,-80.605300,apolloshield_dji,dji,,,2414500000,RADAR-A2D2-C9B2,Sensor Cape Canaveral / Space Coast,140,GREEN,GREEN
1773240688965,A2D2-C9B2,FLT-C9B2-001,28.198880,-80.602998,60.9,7.1700068,0,Mavic 2,false,drone_images/Mavic 2.png,28.195000,-80.605000,28.194500,-80.605300,apolloshield_dji,dji,,,2414500000,RADAR-A2D2-C9B2,Sensor Cape Canaveral / Space Coast,140,GREEN,GREEN
1773240689931,A2D2-C9B2,FLT-C9B2-001,28.198880,-80.602998,60.9,7.1700068,0,Mavic 2,false,drone_images/Mavic 2.png,28.195000,-80.605000,28.194500,-80.605300,apolloshield_dji,dji,,,2414500000,RADAR-A2D2-C9B2,Sensor Cape Canaveral / Space Coast,140,GREEN,GREEN
1773240691075,A2D2-C9B2,FLT-C9B2-001,28.198880,-80.602998,60.9,7.1700068,0,Mavic 2,false,drone_images/Mavic 2.png,28.195000,-80.605000,28.194500,-80.605300,apolloshield_dji,dji,,,2414500000,RADAR-A2D2-C9B2,Sensor Cape Canaveral / Space Coast,140,GREEN,GREEN
1773240692151,A2D2-C9B2,FLT-C9B2-001,28.198359,-80.602998,60.9,7.140028,0,Mavic 2,false,drone_images/Mavic 2.png,28.195000,-80.605000,28.194500,-80.605300,apolloshield_dji,dji,,,2414500000,RADAR-A2D2-C9B2,Sensor Cape Canaveral / Space Coast,140,GREEN,GREEN
1773240693190,A2D2-C9B2,FLT-C9B2-001,28.198359,-80.602998,60.9,7.140028,0,Mavic 2,false,drone_images/Mavic 2.png,28.195000,-80.605000,28.194500,-80.605300,apolloshield_dji,dji,,,2414500000,RADAR-A2D2-C9B2,Sensor Cape Canaveral / Space Coast,140,GREEN,GREEN
1773240694337,A2D2-C9B2,FLT-C9B2-001,28.198164,-80.602998,60.9,7.19,0,Mavic 2,false,drone_images/Mavic 2.png,28.195000,-80.605000,28.194500,-80.605300,apolloshield_dji,dji,,,2414500000,RADAR-A2D2-C9B2,Sensor Cape Canaveral / Space Coast,140,GREEN,GREEN
1773240695502,A2D2-C9B2,FLT-C9B2-001,28.198164,-80.602998,60.9,7.19,0,Mavic 2,false,drone_images/Mavic 2.png,28.195000,-80.605000,28.194500,-80.605300,apolloshield_dji,dji,,,2414500000,RADAR-A2D2-C9B2,Sensor Cape Canaveral / Space Coast,140,GREEN,GREEN
1773240696555,A2D2-C9B2,FLT-C9B2-001,28.198038,-80.602998,60.9,7.14,0,Mavic 2,false,drone_images/Mavic 2.png,28.195000,-80.605000,28.194500,-80.605300,apolloshield_dji,dji,,,2414500000,RADAR-A2D2-C9B2,Sensor Cape Canaveral / Space Coast,140,GREEN,GREEN
1773240697600,A2D2-C9B2,FLT-C9B2-001,28.198038,-80.602998,60.9,7.14,0,Mavic 2,false,drone_images/Mavic 2.png,28.195000,-80.605000,28.194500,-80.605300,apolloshield_dji,dji,,,2414500000,RADAR-A2D2-C9B2,Sensor Cape Canaveral / Space Coast,140,GREEN,GREEN
1773240698682,A2D2-C9B2,FLT-C9B2-001,28.198038,-80.602998,60.9,7.14,0,Mavic 2,false,drone_images/Mavic 2.png,28.195000,-80.605000,28.194500,-80.605300,apolloshield_dji,dji,,,2414500000,RADAR-A2D2-C9B2,Sensor Cape Canaveral / Space Coast,140,GREEN,GREEN
1773240700060,A2D2-C9B2,FLT-C9B2-001,28.198038,-80.602998,60.9,7.14,0,Mavic 2,false,drone_images/Mavic 2.png,28.195000,-80.605000,28.194500,-80.605300,apolloshield_dji,dji,,,2414500000,RADAR-A2D2-C9B2,Sensor Cape Canaveral / Space Coast,140,GREEN,GREEN
1773240700915,A2D2-C9B2,FLT-C9B2-001,28.198038,-80.602998,60.9,7.14,0,Mavic 2,false,drone_images/Mavic 2.png,28.195000,-80.605000,28.194500,-80.605300,apolloshield_dji,dji,,,2414500000,RADAR-A2D2-C9B2,Sensor Cape Canaveral / Space Coast,140,GREEN,GREEN
1773240701976,A2D2-C9B2,FLT-C9B2-001,28.198038,-80.602998,60.9,7.0900636,0,Mavic 2,false,drone_images/Mavic 2.png,28.195000,-80.605000,28.194500,-80.605300,apolloshield_dji,dji,,,2414500000,RADAR-A2D2-C9B2,Sensor Cape Canaveral / Space Coast,140,GREEN,GREEN
1773240702988,A2D2-C9B2,FLT-C9B2-001,28.197906,-80.602998,60.9,7.180028,0,Mavic 2,false,drone_images/Mavic 2.png,28.195000,-80.605000,28.194500,-80.605300,apolloshield_dji,dji,,,2414500000,RADAR-A2D2-C9B2,Sensor Cape Canaveral / Space Coast,140,GREEN,GREEN
1773240704076,A2D2-C9B2,FLT-C9B2-001,28.197717,-80.602998,60.9,7.180028,0,Mavic 2,false,drone_images/Mavic 2.png,28.195000,-80.605000,28.194500,-80.605300,apolloshield_dji,dji,,,2414500000,RADAR-A2D2-C9B2,Sensor Cape Canaveral / Space Coast,140,GREEN,GREEN
1773240705121,A2D2-C9B2,FLT-C9B2-001,28.197717,-80.602998,60.9,7.180028,0,Mavic 2,false,drone_images/Mavic 2.png,28.195000,-80.605000,28.194500,-80.605300,apolloshield_dji,dji,,,2414500000,RADAR-A2D2-C9B2,Sensor Cape Canaveral / Space Coast,140,GREEN,GREEN
1773240706200,A2D2-C9B2,FLT-C9B2-001,28.197717,-80.602998,60.9,7.180028,0,Mavic 2,false,drone_images/Mavic 2.png,28.195000,-80.605000,28.194500,-80.605300,apolloshield_dji,dji,,,2414500000,RADAR-A2D2-C9B2,Sensor Cape Canaveral / Space Coast,140,GREEN,GREEN
1773240707286,A2D2-C9B2,FLT-C9B2-001,28.197717,-80.602998,60.9,7.180028,0,Mavic 2,false,drone_images/Mavic 2.png,28.195000,-80.605000,28.194500,-80.605300,apolloshield_dji,dji,,,2414500000,RADAR-A2D2-C9B2,Sensor Cape Canaveral / Space Coast,140,GREEN,GREEN
1773240708384,A2D2-C9B2,FLT-C9B2-001,28.197717,-80.602998,60.9,7.180028,0,Mavic 2,false,drone_images/Mavic 2.png,28.195000,-80.605000,28.194500,-80.605300,apolloshield_dji,dji,,,2414500000,RADAR-A2D2-C9B2,Sensor Cape Canaveral / Space Coast,140,GREEN,GREEN
1773240709658,A2D2-C9B2,FLT-C9B2-001,28.197717,-80.602998,60.9,7.180028,0,Mavic 2,false,drone_images/Mavic 2.png,28.195000,-80.605000,28.194500,-80.605300,apolloshield_dji,dji,,,2414500000,RADAR-A2D2-C9B2,Sensor Cape Canaveral / Space Coast,140,GREEN,GREEN
1773240710595,A2D2-C9B2,FLT-C9B2-001,28.197717,-80.602998,60.9,7.180028,0,Mavic 2,false,drone_images/Mavic 2.png,28.195000,-80.605000,28.194500,-80.605300,apolloshield_dji,dji,,,2414500000,RADAR-A2D2-C9B2,Sensor Cape Canaveral / Space Coast,140,GREEN,GREEN
1773240711843,A2D2-C9B2,FLT-C9B2-001,28.197717,-80.602998,60.9,7.180028,0,Mavic 2,false,drone_images/Mavic 2.png,28.195000,-80.605000,28.194500,-80.605300,apolloshield_dji,dji,,,2414500000,RADAR-A2D2-C9B2,Sensor Cape Canaveral / Space Coast,140,GREEN,GREEN
1773240712906,A2D2-C9B2,FLT-C9B2-001,28.197717,-80.602998,60.9,7.180028,0,Mavic 2,false,drone_images/Mavic 2.png,28.195000,-80.605000,28.194500,-80.605300,apolloshield_dji,dji,,,2414500000,RADAR-A2D2-C9B2,Sensor Cape Canaveral / Space Coast,140,GREEN,GREEN
1773240713994,A2D2-C9B2,FLT-C9B2-001,28.197717,-80.602998,60.9,7.180028,0,Mavic 2,false,drone_images/Mavic 2.png,28.195000,-80.605000,28.194500,-80.605300,apolloshield_dji,dji,,,2414500000,RADAR-A2D2-C9B2,Sensor Cape Canaveral / Space Coast,140,GREEN,GREEN
1773240715085,A2D2-C9B2,FLT-C9B2-001,28.197717,-80.602998,60.9,7.180028,0,Mavic 2,false,drone_images/Mavic 2.png,28.195000,-80.605000,28.194500,-80.605300,apolloshield_dji,dji,,,2414500000,RADAR-A2D2-C9B2,Sensor Cape Canaveral / Space Coast,140,GREEN,GREEN
1773240716162,A2D2-C9B2,FLT-C9B2-001,28.197717,-80.602998,60.9,7.180028,0,Mavic 2,false,drone_images/Mavic 2.png,28.195000,-80.605000,28.194500,-80.605300,apolloshield_dji,dji,,,2414500000,RADAR-A2D2-C9B2,Sensor Cape Canaveral / Space Coast,140,GREEN,GREEN
1773240717199,A2D2-C9B2,FLT-C9B2-001,28.197717,-80.602998,60.9,7.180028,0,Mavic 2,false,drone_images/Mavic 2.png,28.195000,-80.605000,28.194500,-80.605300,apolloshield_dji,dji,,,2414500000,RADAR-A2D2-C9B2,Sensor Cape Canaveral / Space Coast,140,GREEN,GREEN
1773240718275,A2D2-C9B2,FLT-C9B2-001,28.197717,-80.602998,60.9,7.180028,0,Mavic 2,false,drone_images/Mavic 2.png,28.195000,-80.605000,28.194500,-80.605300,apolloshield_dji,dji,,,2414500000,RADAR-A2D2-C9B2,Sensor Cape Canaveral / Space Coast,140,GREEN,GREEN
1773240719445,A2D2-C9B2,FLT-C9B2-001,28.197717,-80.602998,60.9,7.180028,0,Mavic 2,false,drone_images/Mavic 2.png,28.195000,-80.605000,28.194500,-80.605300,apolloshield_dji,dji,,,2414500000,RADAR-A2D2-C9B2,Sensor Cape Canaveral / Space Coast,140,GREEN,GREEN
1773240720671,A2D2-C9B2,FLT-C9B2-001,28.197717,-80.602998,60.9,7.180028,0,Mavic 2,false,drone_images/Mavic 2.png,28.195000,-80.605000,28.194500,-80.605300,apolloshield_dji,dji,,,2414500000,RADAR-A2D2-C9B2,Sensor Cape Canaveral / Space Coast,140,GREEN,GREEN
1773240721583,A2D2-C9B2,FLT-C9B2-001,28.197717,-80.602998,60.9,7.180028,0,Mavic 2,false,drone_images/Mavic 2.png,28.195000,-80.605000,28.194500,-80.605300,apolloshield_dji,dji,,,2414500000,RADAR-A2D2-C9B2,Sensor Cape Canaveral / Space Coast,140,GREEN,GREEN
1773240722950,A2D2-C9B2,FLT-C9B2-001,28.197717,-80.602998,60.9,7.180028,0,Mavic 2,false,drone_images/Mavic 2.png,28.195000,-80.605000,28.194500,-80.605300,apolloshield_dji,dji,,,2414500000,RADAR-A2D2-C9B2,Sensor Cape Canaveral / Space Coast,140,GREEN,GREEN
1773240726197,A2D2-C9B2,FLT-C9B2-001,28.196290,-80.602998,60.9,16,0,Mavic 2,false,drone_images/Mavic 2.png,28.195000,-80.605000,28.194500,-80.605300,apolloshield_dji,dji,,,2414500000,RADAR-A2D2-C9B2,Sensor Cape Canaveral / Space Coast,140,GREEN,GREEN
1773240727383,A2D2-C9B2,FLT-C9B2-001,28.196290,-80.602998,60.9,7.160063,0,Mavic 2,false,drone_images/Mavic 2.png,28.195000,-80.605000,28.194500,-80.605300,apolloshield_dji,dji,,,2414500000,RADAR-A2D2-C9B2,Sensor Cape Canaveral / Space Coast,140,GREEN,GREEN
1773240728363,A2D2-C9B2,FLT-C9B2-001,28.196290,-80.602998,60.9,7.160063,0,Mavic 2,false,drone_images/Mavic 2.png,28.195000,-80.605000,28.194500,-80.605300,apolloshield_dji,dji,,,2414500000,RADAR-A2D2-C9B2,Sensor Cape Canaveral / Space Coast,140,GREEN,GREEN
1773240729616,A2D2-C9B2,FLT-C9B2-001,28.196290,-80.602998,60.9,7.160063,0,Mavic 2,false,drone_images/Mavic 2.png,28.195000,-80.605000,28.194500,-80.605300,apolloshield_dji,dji,,,2414500000,RADAR-A2D2-C9B2,Sensor Cape Canaveral / Space Coast,140,GREEN,GREEN
1773240730628,A2D2-C9B2,FLT-C9B2-001,28.196290,-80.602998,60.9,7.160063,0,Mavic 2,false,drone_images/Mavic 2.png,28.195000,-80.605000,28.194500,-80.605300,apolloshield_dji,dji,,,2414500000,RADAR-A2D2-C9B2,Sensor Cape Canaveral / Space Coast,140,GREEN,GREEN
1773240731675,A2D2-C9B2,FLT-C9B2-001,28.196290,-80.602998,60.9,7.160063,0,Mavic 2,false,drone_images/Mavic 2.png,28.195000,-80.605000,28.194500,-80.605300,apolloshield_dji,dji,,,2414500000,RADAR-A2D2-C9B2,Sensor Cape Canaveral / Space Coast,140,GREEN,GREEN
1773240732775,A2D2-C9B2,FLT-C9B2-001,28.196290,-80.602998,60.9,7.160063,0,Mavic 2,false,drone_images/Mavic 2.png,28.195000,-80.605000,28.194500,-80.605300,apolloshield_dji,dji,,,2414500000,RADAR-A2D2-C9B2,Sensor Cape Canaveral / Space Coast,140,GREEN,GREEN
1773240733876,A2D2-C9B2,FLT-C9B2-001,28.196290,-80.602998,60.9,7.160063,0,Mavic 2,false,drone_images/Mavic 2.png,28.195000,-80.605000,28.194500,-80.605300,apolloshield_dji,dji,,,2414500000,RADAR-A2D2-C9B2,Sensor Cape Canaveral / Space Coast,140,GREEN,GREEN
1773240734977,A2D2-C9B2,FLT-C9B2-001,28.196290,-80.602998,60.9,7.130175,0,Mavic 2,false,drone_images/Mavic 2.png,28.195000,-80.605000,28.194500,-80.605300,apolloshield_dji,dji,,,2414500000,RADAR-A2D2-C9B2,Sensor Cape Canaveral / Space Coast,140,GREEN,GREEN
1773240736012,A2D2-C9B2,FLT-C9B2-001,28.195517,-80.602998,60.9,7.130175,0,Mavic 2,false,drone_images/Mavic 2.png,28.195000,-80.605000,28.194500,-80.605300,apolloshield_dji,dji,,,2414500000,RADAR-A2D2-C9B2,Sensor Cape Canaveral / Space Coast,140,GREEN,GREEN
1773240737095,A2D2-C9B2,FLT-C9B2-001,28.195517,-80.602998,60.9,7.130175,0,Mavic 2,false,drone_images/Mavic 2.png,28.195000,-80.605000,28.194500,-80.605300,apolloshield_dji,dji,,,2414500000,RADAR-A2D2-C9B2,Sensor Cape Canaveral / Space Coast,140,GREEN,GREEN
1773240738170,A2D2-C9B2,FLT-C9B2-001,28.195517,-80.602998,60.9,7.130175,0,Mavic 2,false,drone_images/Mavic 2.png,28.195000,-80.605000,28.194500,-80.605300,apolloshield_dji,dji,,,2414500000,RADAR-A2D2-C9B2,Sensor Cape Canaveral / Space Coast,140,GREEN,GREEN
1773240739227,A2D2-C9B2,FLT-C9B2-001,28.195517,-80.602998,60.9,7.180063,0,Mavic 2,false,drone_images/Mavic 2.png,28.195000,-80.605000,28.194500,-80.605300,apolloshield_dji,dji,,,2414500000,RADAR-A2D2-C9B2,Sensor Cape Canaveral / Space Coast,140,GREEN,GREEN
1773240740328,A2D2-C9B2,FLT-C9B2-001,28.195322,-80.602998,60.9,7.180063,0,Mavic 2,false,drone_images/Mavic 2.png,28.195000,-80.605000,28.194500,-80.605300,apolloshield_dji,dji,,,2414500000,RADAR-A2D2-C9B2,Sensor Cape Canaveral / Space Coast,140,GREEN,GREEN
1773240741449,A2D2-C9B2,FLT-C9B2-001,28.195322,-80.602998,60.9,7.180063,0,Mavic 2,false,drone_images/Mavic 2.png,28.195000,-80.605000,28.194500,-80.605300,apolloshield_dji,dji,,,2414500000,RADAR-A2D2-C9B2,Sensor Cape Canaveral / Space Coast,140,GREEN,GREEN
1773240742492,A2D2-C9B2,FLT-C9B2-001,28.195322,-80.602998,60.9,7.180063,0,Mavic 2,false,drone_images/Mavic 2.png,28.195000,-80.605000,28.194500,-80.605300,apolloshield_dji,dji,,,2414500000,RADAR-A2D2-C9B2,Sensor Cape Canaveral / Space Coast,140,GREEN,GREEN
1773240743568,A2D2-C9B2,FLT-C9B2-001,28.195322,-80.602998,60.9,7.180063,0,Mavic 2,false,drone_images/Mavic 2.png,28.195000,-80.605000,28.194500,-80.605300,apolloshield_dji,dji,,,2414500000,RADAR-A2D2-C9B2,Sensor Cape Canaveral / Space Coast,140,GREEN,GREEN
1773240744967,A2D2-C9B2,FLT-C9B2-001,28.195322,-80.602998,60.9,7.180063,0,Mavic 2,false,drone_images/Mavic 2.png,28.195000,-80.605000,28.194500,-80.605300,apolloshield_dji,dji,,,2414500000,RADAR-A2D2-C9B2,Sensor Cape Canaveral / Space Coast,140,GREEN,GREEN
1773240745677,A2D2-C9B2,FLT-C9B2-001,28.195322,-80.602998,60.9,7.180063,0,Mavic 2,false,drone_images/Mavic 2.png,28.195000,-80.605000,28.194500,-80.605300,apolloshield_dji,dji,,,2414500000,RADAR-A2D2-C9B2,Sensor Cape Canaveral / Space Coast,140,GREEN,GREEN
1773240746926,A2D2-C9B2,FLT-C9B2-001,28.195322,-80.602998,60.9,7.180063,0,Mavic 2,false,drone_images/Mavic 2.png,28.195000,-80.605000,28.194500,-80.605300,apolloshield_dji,dji,,,2414500000,RADAR-A2D2-C9B2,Sensor Cape Canaveral / Space Coast,140,GREEN,GREEN
1773240747929,A2D2-C9B2,FLT-C9B2-001,28.195322,-80.602998,60.9,7.180063,0,Mavic 2,false,drone_images/Mavic 2.png,28.195000,-80.605000,28.194500,-80.605300,apolloshield_dji,dji,,,2414500000,RADAR-A2D2-C9B2,Sensor Cape Canaveral / Space Coast,140,GREEN,GREEN
1773240749144,A2D2-C9B2,FLT-C9B2-001,28.195322,-80.602998,60.9,7.180063,0,Mavic 2,false,drone_images/Mavic 2.png,28.195000,-80.605000,28.194500,-80.605300,apolloshield_dji,dji,,,2414500000,RADAR-A2D2-C9B2,Sensor Cape Canaveral / Space Coast,140,GREEN,GREEN
1773240750086,A2D2-C9B2,FLT-C9B2-001,28.194984,-80.602998,61,5.49,0,Mavic 2,false,drone_images/Mavic 2.png,28.195000,-80.605000,28.194500,-80.605300,apolloshield_dji,dji,,,2414500000,RADAR-A2D2-C9B2,Sensor Cape Canaveral / Space Coast,140,GREEN,GREEN
1773240751180,A2D2-C9B2,FLT-C9B2-001,28.194984,-80.602998,61,0.3195309,0,Mavic 2,false,drone_images/Mavic 2.png,28.195000,-80.605000,28.194500,-80.605300,apolloshield_dji,dji,,,2414500000,RADAR-A2D2-C9B2,Sensor Cape Canaveral / Space Coast,140,GREEN,GREEN
1773240752231,A2D2-C9B2,FLT-C9B2-001,28.194938,-80.602998,60.9,0.3195309,0,Mavic 2,false,drone_images/Mavic 2.png,28.195000,-80.605000,28.194500,-80.605300,apolloshield_dji,dji,,,2414500000,RADAR-A2D2-C9B2,Sensor Cape Canaveral / Space Coast,140,GREEN,GREEN
1773240753347,A2D2-C9B2,FLT-C9B2-001,28.194938,-80.602998,60.9,0.3195309,0,Mavic 2,false,drone_images/Mavic 2.png,28.195000,-80.605000,28.194500,-80.605300,apolloshield_dji,dji,,,2414500000,RADAR-A2D2-C9B2,Sensor Cape Canaveral / Space Coast,140,GREEN,GREEN
1773240754627,A2D2-C9B2,FLT-C9B2-001,28.194938,-80.602998,60.9,0.3195309,0,Mavic 2,false,drone_images/Mavic 2.png,28.195000,-80.605000,28.194500,-80.605300,apolloshield_dji,dji,,,2414500000,RADAR-A2D2-C9B2,Sensor Cape Canaveral / Space Coast,140,GREEN,GREEN
1773240755793,A2D2-C9B2,FLT-C9B2-001,28.194938,-80.602998,60.9,0.3195309,0,Mavic 2,false,drone_images/Mavic 2.png,28.195000,-80.605000,28.194500,-80.605300,apolloshield_dji,dji,,,2414500000,RADAR-A2D2-C9B2,Sensor Cape Canaveral / Space Coast,140,GREEN,GREEN
1773240756710,A2D2-C9B2,FLT-C9B2-001,28.194938,-80.602998,60.9,0.3195309,0,Mavic 2,false,drone_images/Mavic 2.png,28.195000,-80.605000,28.194500,-80.605300,apolloshield_dji,dji,,,2414500000,RADAR-A2D2-C9B2,Sensor Cape Canaveral / Space Coast,140,GREEN,GREEN
1773240757744,A2D2-C9B2,FLT-C9B2-001,28.194938,-80.602998,60.9,0.3195309,0,Mavic 2,false,drone_images/Mavic 2.png,28.195000,-80.605000,28.194500,-80.605300,apolloshield_dji,dji,,,2414500000,RADAR-A2D2-C9B2,Sensor Cape Canaveral / Space Coast,140,GREEN,GREEN
1773240758817,A2D2-C9B2,FLT-C9B2-001,28.194967,-80.602906,60.9,4.801135,0,Mavic 2,false,drone_images/Mavic 2.png,28.195000,-80.605000,28.194500,-80.605300,apolloshield_dji,dji,,,2414500000,RADAR-A2D2-C9B2,Sensor Cape Canaveral / Space Coast,140,GREEN,GREEN
1773240759987,A2D2-C9B2,FLT-C9B2-001,28.194967,-80.602906,60.9,4.801135,0,Mavic 2,false,drone_images/Mavic 2.png,28.195000,-80.605000,28.194500,-80.605300,apolloshield_dji,dji,,,2414500000,RADAR-A2D2-C9B2,Sensor Cape Canaveral / Space Coast,140,GREEN,GREEN
1773240761036,A2D2-C9B2,FLT-C9B2-001,28.194967,-80.602906,60.9,4.801135,0,Mavic 2,false,drone_images/Mavic 2.png,28.195000,-80.605000,28.194500,-80.605300,apolloshield_dji,dji,,,2414500000,RADAR-A2D2-C9B2,Sensor Cape Canaveral / Space Coast,140,GREEN,GREEN
1773240762125,A2D2-C9B2,FLT-C9B2-001,28.194967,-80.602906,60.9,4.801135,0,Mavic 2,false,drone_images/Mavic 2.png,28.195000,-80.605000,28.194500,-80.605300,apolloshield_dji,dji,,,2414500000,RADAR-A2D2-C9B2,Sensor Cape Canaveral / Space Coast,140,GREEN,GREEN
1773240763190,A2D2-C9B2,FLT-C9B2-001,28.194967,-80.602906,60.9,4.801135,0,Mavic 2,false,drone_images/Mavic 2.png,28.195000,-80.605000,28.194500,-80.605300,apolloshield_dji,dji,,,2414500000,RADAR-A2D2-C9B2,Sensor Cape Canaveral / Space Coast,140,GREEN,GREEN
1773240764209,A2D2-C9B2,FLT-C9B2-001,28.194967,-80.602906,60.9,4.801135,0,Mavic 2,false,drone_images/Mavic 2.png,28.195000,-80.605000,28.194500,-80.605300,apolloshield_dji,dji,,,2414500000,RADAR-A2D2-C9B2,Sensor Cape Canaveral / Space Coast,140,GREEN,GREEN
1773240765305,A2D2-C9B2,FLT-C9B2-001,28.194967,-80.602906,60.9,4.801135,0,Mavic 2,false,drone_images/Mavic 2.png,28.195000,-80.605000,28.194500,-80.605300,apolloshield_dji,dji,,,2414500000,RADAR-A2D2-C9B2,Sensor Cape Canaveral / Space Coast,140,GREEN,GREEN
1773240766441,A2D2-C9B2,FLT-C9B2-001,28.194967,-80.602906,60.9,4.801135,0,Mavic 2,false,drone_images/Mavic 2.png,28.195000,-80.605000,28.194500,-80.605300,apolloshield_dji,dji,,,2414500000,RADAR-A2D2-C9B2,Sensor Cape Canaveral / Space Coast,140,GREEN,GREEN
1773240767880,A2D2-C9B2,FLT-C9B2-001,28.194967,-80.602906,60.9,4.801135,0,Mavic 2,false,drone_images/Mavic 2.png,28.195000,-80.605000,28.194500,-80.605300,apolloshield_dji,dji,,,2414500000,RADAR-A2D2-C9B2,Sensor Cape Canaveral / Space Coast,140,GREEN,GREEN
1773240768925,A2D2-C9B2,FLT-C9B2-001,28.194967,-80.602906,60.9,4.801135,0,Mavic 2,false,drone_images/Mavic 2.png,28.195000,-80.605000,28.194500,-80.605300,apolloshield_dji,dji,,,2414500000,RADAR-A2D2-C9B2,Sensor Cape Canaveral / Space Coast,140,GREEN,GREEN
1773240769975,A2D2-C9B2,FLT-C9B2-001,28.194967,-80.602906,60.9,4.801135,0,Mavic 2,false,drone_images/Mavic 2.png,28.195000,-80.605000,28.194500,-80.605300,apolloshield_dji,dji,,,2414500000,RADAR-A2D2-C9B2,Sensor Cape Canaveral / Space Coast,140,GREEN,GREEN
1773240771207,A2D2-C9B2,FLT-C9B2-001,28.194967,-80.602906,60.9,4.801135,0,Mavic 2,false,drone_images/Mavic 2.png,28.195000,-80.605000,28.194500,-80.605300,apolloshield_dji,dji,,,2414500000,RADAR-A2D2-C9B2,Sensor Cape Canaveral / Space Coast,140,GREEN,GREEN
1773240772188,A2D2-C9B2,FLT-C9B2-001,28.194967,-80.602906,60.9,4.801135,0,Mavic 2,false,drone_images/Mavic 2.png,28.195000,-80.605000,28.194500,-80.605300,apolloshield_dji,dji,,,2414500000,RADAR-A2D2-C9B2,Sensor Cape Canaveral / Space Coast,140,GREEN,GREEN
1773240773309,A2D2-C9B2,FLT-C9B2-001,28.194967,-80.602906,60.9,4.801135,0,Mavic 2,false,drone_images/Mavic 2.png,28.195000,-80.605000,28.194500,-80.605300,apolloshield_dji,dji,,,2414500000,RADAR-A2D2-C9B2,Sensor Cape Canaveral / Space Coast,140,GREEN,GREEN
1773240774346,A2D2-C9B2,FLT-C9B2-001,28.194967,-80.602906,60.9,4.801135,0,Mavic 2,false,drone_images/Mavic 2.png,28.195000,-80.605000,28.194500,-80.605300,apolloshield_dji,dji,,,2414500000,RADAR-A2D2-C9B2,Sensor Cape Canaveral / Space Coast,140,GREEN,GREEN
1773240775489,A2D2-C9B2,FLT-C9B2-001,28.194967,-80.602906,60.9,4.801135,0,Mavic 2,false,drone_images/Mavic 2.png,28.195000,-80.605000,28.194500,-80.605300,apolloshield_dji,dji,,,2414500000,RADAR-A2D2-C9B2,Sensor Cape Canaveral / Space Coast,140,GREEN,GREEN
1773240776617,A2D2-C9B2,FLT-C9B2-001,28.194967,-80.602906,60.9,4.801135,0,Mavic 2,false,drone_images/Mavic 2.png,28.195000,-80.605000,28.194500,-80.605300,apolloshield_dji,dji,,,2414500000,RADAR-A2D2-C9B2,Sensor Cape Canaveral / Space Coast,140,GREEN,GREEN
1773240777680,A2D2-C9B2,FLT-C9B2-001,28.194967,-80.602906,60.9,4.801135,0,Mavic 2,false,drone_images/Mavic 2.png,28.195000,-80.605000,28.194500,-80.605300,apolloshield_dji,dji,,,2414500000,RADAR-A2D2-C9B2,Sensor Cape Canaveral / Space Coast,140,GREEN,GREEN
1773240811540,A2D2-C9B2,FLT-C9B2-001,28.194967,-80.602906,60.9,16,0,Mavic 2,false,drone_images/Mavic 2.png,28.195000,-80.605000,28.194500,-80.605300,apolloshield_dji,dji,,,2414500000,RADAR-A2D2-C9B2,Sensor Cape Canaveral / Space Coast,140,GREEN,GREEN
1773240812559,A2D2-C9B2,FLT-C9B2-001,28.197614,-80.602534,60.9,7.1600065,0,Mavic 2,false,drone_images/Mavic 2.png,28.195000,-80.605000,28.194500,-80.605300,apolloshield_dji,dji,,,2414500000,RADAR-A2D2-C9B2,Sensor Cape Canaveral / Space Coast,140,GREEN,GREEN
1773240813679,A2D2-C9B2,FLT-C9B2-001,28.197614,-80.602534,60.9,7.1600065,0,Mavic 2,false,drone_images/Mavic 2.png,28.195000,-80.605000,28.194500,-80.605300,apolloshield_dji,dji,,,2414500000,RADAR-A2D2-C9B2,Sensor Cape Canaveral / Space Coast,140,GREEN,GREEN
1773240814818,A2D2-C9B2,FLT-C9B2-001,28.197614,-80.602534,60.9,7.1600065,0,Mavic 2,false,drone_images/Mavic 2.png,28.195000,-80.605000,28.194500,-80.605300,apolloshield_dji,dji,,,2414500000,RADAR-A2D2-C9B2,Sensor Cape Canaveral / Space Coast,140,GREEN,GREEN
1773240816205,A2D2-C9B2,FLT-C9B2-001,28.197614,-80.602534,60.9,7.1600065,0,Mavic 2,false,drone_images/Mavic 2.png,28.195000,-80.605000,28.194500,-80.605300,apolloshield_dji,dji,,,2414500000,RADAR-A2D2-C9B2,Sensor Cape Canaveral / Space Coast,140,GREEN,GREEN
1773240817131,A2D2-C9B2,FLT-C9B2-001,28.197614,-80.602534,60.9,7.1600065,0,Mavic 2,false,drone_images/Mavic 2.png,28.195000,-80.605000,28.194500,-80.605300,apolloshield_dji,dji,,,2414500000,RADAR-A2D2-C9B2,Sensor Cape Canaveral / Space Coast,140,GREEN,GREEN
1773240818087,A2D2-C9B2,FLT-C9B2-001,28.197614,-80.602534,60.9,7.1600065,0,Mavic 2,false,drone_images/Mavic 2.png,28.195000,-80.605000,28.194500,-80.605300,apolloshield_dji,dji,,,2414500000,RADAR-A2D2-C9B2,Sensor Cape Canaveral / Space Coast,140,GREEN,GREEN
1773240819234,A2D2-C9B2,FLT-C9B2-001,28.197614,-80.602534,60.9,7.1600065,0,Mavic 2,false,drone_images/Mavic 2.png,28.195000,-80.605000,28.194500,-80.605300,apolloshield_dji,dji,,,2414500000,RADAR-A2D2-C9B2,Sensor Cape Canaveral / Space Coast,140,GREEN,GREEN
1773240820289,A2D2-C9B2,FLT-C9B2-001,28.197614,-80.602534,60.9,7.1600065,0,Mavic 2,false,drone_images/Mavic 2.png,28.195000,-80.605000,28.194500,-80.605300,apolloshield_dji,dji,,,2414500000,RADAR-A2D2-C9B2,Sensor Cape Canaveral / Space Coast,140,GREEN,GREEN
1773240821331,A2D2-C9B2,FLT-C9B2-001,28.197614,-80.602534,60.9,7.1600065,0,Mavic 2,false,drone_images/Mavic 2.png,28.195000,-80.605000,28.194500,-80.605300,apolloshield_dji,dji,,,2414500000,RADAR-A2D2-C9B2,Sensor Cape Canaveral / Space Coast,140,GREEN,GREEN
1773240822417,A2D2-C9B2,FLT-C9B2-001,28.197614,-80.602534,60.9,7.1600065,0,Mavic 2,false,drone_images/Mavic 2.png,28.195000,-80.605000,28.194500,-80.605300,apolloshield_dji,dji,,,2414500000,RADAR-A2D2-C9B2,Sensor Cape Canaveral / Space Coast,140,GREEN,GREEN
1773240823694,A2D2-C9B2,FLT-C9B2-001,28.197614,-80.602534,60.9,7.1600065,0,Mavic 2,false,drone_images/Mavic 2.png,28.195000,-80.605000,28.194500,-80.605300,apolloshield_dji,dji,,,2414500000,RADAR-A2D2-C9B2,Sensor Cape Canaveral / Space Coast,140,GREEN,GREEN
1773240824598,A2D2-C9B2,FLT-C9B2-001,28.197614,-80.602534,60.9,7.1600065,0,Mavic 2,false,drone_images/Mavic 2.png,28.195000,-80.605000,28.194500,-80.605300,apolloshield_dji,dji,,,2414500000,RADAR-A2D2-C9B2,Sensor Cape Canaveral / Space Coast,140,GREEN,GREEN
1773240825707,A2D2-C9B2,FLT-C9B2-001,28.197614,-80.602534,60.9,7.1600065,0,Mavic 2,false,drone_images/Mavic 2.png,28.195000,-80.605000,28.194500,-80.605300,apolloshield_dji,dji,,,2414500000,RADAR-A2D2-C9B2,Sensor Cape Canaveral / Space Coast,140,GREEN,GREEN
1773240826671,A2D2-C9B2,FLT-C9B2-001,28.197614,-80.602534,60.9,7.1600065,0,Mavic 2,false,drone_images/Mavic 2.png,28.195000,-80.605000,28.194500,-80.605300,apolloshield_dji,dji,,,2414500000,RADAR-A2D2-C9B2,Sensor Cape Canaveral / Space Coast,140,GREEN,GREEN
1773240827782,A2D2-C9B2,FLT-C9B2-001,28.197614,-80.602534,60.9,7.1600065,0,Mavic 2,false,drone_images/Mavic 2.png,28.195000,-80.605000,28.194500,-80.605300,apolloshield_dji,dji,,,2414500000,RADAR-A2D2-C9B2,Sensor Cape Canaveral / Space Coast,140,GREEN,GREEN
1773240828838,A2D2-C9B2,FLT-C9B2-001,28.197614,-80.602534,60.9,7.1600065,0,Mavic 2,false,drone_images/Mavic 2.png,28.195000,-80.605000,28.194500,-80.605300,apolloshield_dji,dji,,,2414500000,RADAR-A2D2-C9B2,Sensor Cape Canaveral / Space Coast,140,GREEN,GREEN
1773240829861,A2D2-C9B2,FLT-C9B2-001,28.197614,-80.602534,60.9,7.1600065,0,Mavic 2,false,drone_images/Mavic 2.png,28.195000,-80.605000,28.194500,-80.605300,apolloshield_dji,dji,,,2414500000,RADAR-A2D2-C9B2,Sensor Cape Canaveral / Space Coast,140,GREEN,GREEN
1773240830961,A2D2-C9B2,FLT-C9B2-001,28.197614,-80.602534,60.9,7.1600065,0,Mavic 2,false,drone_images/Mavic 2.png,28.195000,-80.605000,28.194500,-80.605300,apolloshield_dji,dji,,,2414500000,RADAR-A2D2-C9B2,Sensor Cape Canaveral / Space Coast,140,GREEN,GREEN
1773240854411,A2D2-C9B2,FLT-C9B2-001,28.199992,-80.602528,60.9,16,0,Mavic 2,false,drone_images/Mavic 2.png,28.195000,-80.605000,28.194500,-80.605300,apolloshield_dji,dji,,,2414500000,RADAR-A2D2-C9B2,Sensor Cape Canaveral / Space Coast,140,GREEN,GREEN
1773240855544,A2D2-C9B2,FLT-C9B2-001,28.199992,-80.602528,60.9,6.510069,0,Mavic 2,false,drone_images/Mavic 2.png,28.195000,-80.605000,28.194500,-80.605300,apolloshield_dji,dji,,,2414500000,RADAR-A2D2-C9B2,Sensor Cape Canaveral / Space Coast,140,GREEN,GREEN
1773240856590,A2D2-C9B2,FLT-C9B2-001,28.199992,-80.602528,60.9,6.510069,0,Mavic 2,false,drone_images/Mavic 2.png,28.195000,-80.605000,28.194500,-80.605300,apolloshield_dji,dji,,,2414500000,RADAR-A2D2-C9B2,Sensor Cape Canaveral / Space Coast,140,GREEN,GREEN
1773240857639,A2D2-C9B2,FLT-C9B2-001,28.199992,-80.602528,60.9,6.510069,0,Mavic 2,false,drone_images/Mavic 2.png,28.195000,-80.605000,28.194500,-80.605300,apolloshield_dji,dji,,,2414500000,RADAR-A2D2-C9B2,Sensor Cape Canaveral / Space Coast,140,GREEN,GREEN
1773240858896,A2D2-C9B2,FLT-C9B2-001,28.199992,-80.602528,60.9,6.510069,0,Mavic 2,false,drone_images/Mavic 2.png,28.195000,-80.605000,28.194500,-80.605300,apolloshield_dji,dji,,,2414500000,RADAR-A2D2-C9B2,Sensor Cape Canaveral / Space Coast,140,GREEN,GREEN
1773240859777,A2D2-C9B2,FLT-C9B2-001,28.199992,-80.602528,60.9,6.510069,0,Mavic 2,false,drone_images/Mavic 2.png,28.195000,-80.605000,28.194500,-80.605300,apolloshield_dji,dji,,,2414500000,RADAR-A2D2-C9B2,Sensor Cape Canaveral / Space Coast,140,GREEN,GREEN
1773240860948,A2D2-C9B2,FLT-C9B2-001,28.199992,-80.602528,60.9,6.510069,0,Mavic 2,false,drone_images/Mavic 2.png,28.195000,-80.605000,28.194500,-80.605300,apolloshield_dji,dji,,,2414500000,RADAR-A2D2-C9B2,Sensor Cape Canaveral / Space Coast,140,GREEN,GREEN
1773240862088,A2D2-C9B2,FLT-C9B2-001,28.199992,-80.602528,60.9,6.510069,0,Mavic 2,false,drone_images/Mavic 2.png,28.195000,-80.605000,28.194500,-80.605300,apolloshield_dji,dji,,,2414500000,RADAR-A2D2-C9B2,Sensor Cape Canaveral / Space Coast,140,GREEN,GREEN
1773240863153,A2D2-C9B2,FLT-C9B2-001,28.199992,-80.602528,60.9,6.510069,0,Mavic 2,false,drone_images/Mavic 2.png,28.195000,-80.605000,28.194500,-80.605300,apolloshield_dji,dji,,,2414500000,RADAR-A2D2-C9B2,Sensor Cape Canaveral / Space Coast,140,GREEN,GREEN
1773240864196,A2D2-C9B2,FLT-C9B2-001,28.199992,-80.602528,60.9,6.510069,0,Mavic 2,false,drone_images/Mavic 2.png,28.195000,-80.605000,28.194500,-80.605300,apolloshield_dji,dji,,,2414500000,RADAR-A2D2-C9B2,Sensor Cape Canaveral / Space Coast,140,GREEN,GREEN
1773240865403,A2D2-C9B2,FLT-C9B2-001,28.199992,-80.602528,60.9,6.510069,0,Mavic 2,false,drone_images/Mavic 2.png,28.195000,-80.605000,28.194500,-80.605300,apolloshield_dji,dji,,,2414500000,RADAR-A2D2-C9B2,Sensor Cape Canaveral / Space Coast,140,GREEN,GREEN
1773240866414,A2D2-C9B2,FLT-C9B2-001,28.199992,-80.602528,60.9,6.510069,0,Mavic 2,false,drone_images/Mavic 2.png,28.195000,-80.605000,28.194500,-80.605300,apolloshield_dji,dji,,,2414500000,RADAR-A2D2-C9B2,Sensor Cape Canaveral / Space Coast,140,GREEN,GREEN
1773240867488,A2D2-C9B2,FLT-C9B2-001,28.199992,-80.602528,60.9,6.510069,0,Mavic 2,false,drone_images/Mavic 2.png,28.195000,-80.605000,28.194500,-80.605300,apolloshield_dji,dji,,,2414500000,RADAR-A2D2-C9B2,Sensor Cape Canaveral / Space Coast,140,GREEN,GREEN
1773240868548,A2D2-C9B2,FLT-C9B2-001,28.199992,-80.602528,60.9,6.510069,0,Mavic 2,false,drone_images/Mavic 2.png,28.195000,-80.605000,28.194500,-80.605300,apolloshield_dji,dji,,,2414500000,RADAR-A2D2-C9B2,Sensor Cape Canaveral / Space Coast,140,GREEN,GREEN
1773240869694,A2D2-C9B2,FLT-C9B2-001,28.199992,-80.602528,60.9,6.510069,0,Mavic 2,false,drone_images/Mavic 2.png,28.195000,-80.605000,28.194500,-80.605300,apolloshield_dji,dji,,,2414500000,RADAR-A2D2-C9B2,Sensor Cape Canaveral / Space Coast,140,GREEN,GREEN
1773240870716,A2D2-C9B2,FLT-C9B2-001,28.199992,-80.602528,60.9,6.510069,0,Mavic 2,false,drone_images/Mavic 2.png,28.195000,-80.605000,28.194500,-80.605300,apolloshield_dji,dji,,,2414500000,RADAR-A2D2-C9B2,Sensor Cape Canaveral / Space Coast,140,GREEN,GREEN
1773240871949,A2D2-C9B2,FLT-C9B2-001,28.199992,-80.602528,60.9,6.510069,0,Mavic 2,false,drone_images/Mavic 2.png,28.195000,-80.605000,28.194500,-80.605300,apolloshield_dji,dji,,,2414500000,RADAR-A2D2-C9B2,Sensor Cape Canaveral / Space Coast,140,GREEN,GREEN
1773240872918,A2D2-C9B2,FLT-C9B2-001,28.199992,-80.602528,60.9,6.510069,0,Mavic 2,false,drone_images/Mavic 2.png,28.195000,-80.605000,28.194500,-80.605300,apolloshield_dji,dji,,,2414500000,RADAR-A2D2-C9B2,Sensor Cape Canaveral / Space Coast,140,GREEN,GREEN
1773240875126,A2D2-C9B2,FLT-C9B2-001,28.199992,-80.602528,60.9,16,0,Mavic 2,false,drone_images/Mavic 2.png,28.195000,-80.605000,28.194500,-80.605300,apolloshield_dji,dji,,,2414500000,RADAR-A2D2-C9B2,Sensor Cape Canaveral / Space Coast,140,GREEN,GREEN
1773240876225,A2D2-C9B2,FLT-C9B2-001,28.200313,-80.602528,60.9,7.180028,0,Mavic 2,false,drone_images/Mavic 2.png,28.195000,-80.605000,28.194500,-80.605300,apolloshield_dji,dji,,,2414500000,RADAR-A2D2-C9B2,Sensor Cape Canaveral / Space Coast,140,GREEN,GREEN
1773240877424,A2D2-C9B2,FLT-C9B2-001,28.200313,-80.602528,60.9,7.180028,0,Mavic 2,false,drone_images/Mavic 2.png,28.195000,-80.605000,28.194500,-80.605300,apolloshield_dji,dji,,,2414500000,RADAR-A2D2-C9B2,Sensor Cape Canaveral / Space Coast,140,GREEN,GREEN
1773240878492,A2D2-C9B2,FLT-C9B2-001,28.200507,-80.602528,60.9,7.1701746,0,Mavic 2,false,drone_images/Mavic 2.png,28.195000,-80.605000,28.194500,-80.605300,apolloshield_dji,dji,,,2414500000,RADAR-A2D2-C9B2,Sensor Cape Canaveral / Space Coast,140,GREEN,GREEN
1773240879519,A2D2-C9B2,FLT-C9B2-001,28.200507,-80.602528,60.9,7.1701746,0,Mavic 2,false,drone_images/Mavic 2.png,28.195000,-80.605000,28.194500,-80.605300,apolloshield_dji,dji,,,2414500000,RADAR-A2D2-C9B2,Sensor Cape Canaveral / Space Coast,140,GREEN,GREEN
1773240880591,A2D2-C9B2,FLT-C9B2-001,28.200507,-80.602528,60.9,7.1701746,0,Mavic 2,false,drone_images/Mavic 2.png,28.195000,-80.605000,28.194500,-80.605300,apolloshield_dji,dji,,,2414500000,RADAR-A2D2-C9B2,Sensor Cape Canaveral / Space Coast,140,GREEN,GREEN
1773240881821,A2D2-C9B2,FLT-C9B2-001,28.200507,-80.602528,60.9,7.1701746,0,Mavic 2,false,drone_images/Mavic 2.png,28.195000,-80.605000,28.194500,-80.605300,apolloshield_dji,dji,,,2414500000,RADAR-A2D2-C9B2,Sensor Cape Canaveral / Space Coast,140,GREEN,GREEN
1773240882705,A2D2-C9B2,FLT-C9B2-001,28.200507,-80.602528,60.9,7.1701746,0,Mavic 2,false,drone_images/Mavic 2.png,28.195000,-80.605000,28.194500,-80.605300,apolloshield_dji,dji,,,2414500000,RADAR-A2D2-C9B2,Sensor Cape Canaveral / Space Coast,140,GREEN,GREEN
1773240883831,A2D2-C9B2,FLT-C9B2-001,28.200507,-80.602528,60.9,7.1701746,0,Mavic 2,false,drone_images/Mavic 2.png,28.195000,-80.605000,28.194500,-80.605300,apolloshield_dji,dji,,,2414500000,RADAR-A2D2-C9B2,Sensor Cape Canaveral / Space Coast,140,GREEN,GREEN
1773240884797,A2D2-C9B2,FLT-C9B2-001,28.200507,-80.602528,60.9,7.1701746,0,Mavic 2,false,drone_images/Mavic 2.png,28.195000,-80.605000,28.194500,-80.605300,apolloshield_dji,dji,,,2414500000,RADAR-A2D2-C9B2,Sensor Cape Canaveral / Space Coast,140,GREEN,GREEN
1773240885859,A2D2-C9B2,FLT-C9B2-001,28.200507,-80.602528,60.9,7.1701746,0,Mavic 2,false,drone_images/Mavic 2.png,28.195000,-80.605000,28.194500,-80.605300,apolloshield_dji,dji,,,2414500000,RADAR-A2D2-C9B2,Sensor Cape Canaveral / Space Coast,140,GREEN,GREEN
1773240886987,A2D2-C9B2,FLT-C9B2-001,28.200507,-80.602528,60.9,7.1701746,0,Mavic 2,false,drone_images/Mavic 2.png,28.195000,-80.605000,28.194500,-80.605300,apolloshield_dji,dji,,,2414500000,RADAR-A2D2-C9B2,Sensor Cape Canaveral / Space Coast,140,GREEN,GREEN
1773240888081,A2D2-C9B2,FLT-C9B2-001,28.200507,-80.602528,60.9,7.1701746,0,Mavic 2,false,drone_images/Mavic 2.png,28.195000,-80.605000,28.194500,-80.605300,apolloshield_dji,dji,,,2414500000,RADAR-A2D2-C9B2,Sensor Cape Canaveral / Space Coast,140,GREEN,GREEN
1773240889176,A2D2-C9B2,FLT-C9B2-001,28.200507,-80.602528,60.9,7.1701746,0,Mavic 2,false,drone_images/Mavic 2.png,28.195000,-80.605000,28.194500,-80.605300,apolloshield_dji,dji,,,2414500000,RADAR-A2D2-C9B2,Sensor Cape Canaveral / Space Coast,140,GREEN,GREEN
1773240890253,A2D2-C9B2,FLT-C9B2-001,28.200507,-80.602528,60.9,7.1701746,0,Mavic 2,false,drone_images/Mavic 2.png,28.195000,-80.605000,28.194500,-80.605300,apolloshield_dji,dji,,,2414500000,RADAR-A2D2-C9B2,Sensor Cape Canaveral / Space Coast,140,GREEN,GREEN
1773240891299,A2D2-C9B2,FLT-C9B2-001,28.200507,-80.602528,60.9,7.1701746,0,Mavic 2,false,drone_images/Mavic 2.png,28.195000,-80.605000,28.194500,-80.605300,apolloshield_dji,dji,,,2414500000,RADAR-A2D2-C9B2,Sensor Cape Canaveral / Space Coast,140,GREEN,GREEN
1773240892352,A2D2-C9B2,FLT-C9B2-001,28.200507,-80.602528,60.9,7.1701746,0,Mavic 2,false,drone_images/Mavic 2.png,28.195000,-80.605000,28.194500,-80.605300,apolloshield_dji,dji,,,2414500000,RADAR-A2D2-C9B2,Sensor Cape Canaveral / Space Coast,140,GREEN,GREEN
1773240893426,A2D2-C9B2,FLT-C9B2-001,28.200507,-80.602528,60.9,7.1701746,0,Mavic 2,false,drone_images/Mavic 2.png,28.195000,-80.605000,28.194500,-80.605300,apolloshield_dji,dji,,,2414500000,RADAR-A2D2-C9B2,Sensor Cape Canaveral / Space Coast,140,GREEN,GREEN
1773240894591,A2D2-C9B2,FLT-C9B2-001,28.200507,-80.602528,60.9,7.1701746,0,Mavic 2,false,drone_images/Mavic 2.png,28.195000,-80.605000,28.194500,-80.605300,apolloshield_dji,dji,,,2414500000,RADAR-A2D2-C9B2,Sensor Cape Canaveral / Space Coast,140,GREEN,GREEN
1773240895776,A2D2-C9B2,FLT-C9B2-001,28.200507,-80.602528,60.9,7.160063,0,Mavic 2,false,drone_images/Mavic 2.png,28.195000,-80.605000,28.194500,-80.605300,apolloshield_dji,dji,,,2414500000,RADAR-A2D2-C9B2,Sensor Cape Canaveral / Space Coast,140,GREEN,GREEN
1773240896607,A2D2-C9B2,FLT-C9B2-001,28.201476,-80.602528,60.9,7.160063,0,Mavic 2,false,drone_images/Mavic 2.png,28.195000,-80.605000,28.194500,-80.605300,apolloshield_dji,dji,,,2414500000,RADAR-A2D2-C9B2,Sensor Cape Canaveral / Space Coast,140,GREEN,GREEN
1773240897606,A2D2-C9B2,FLT-C9B2-001,28.201476,-80.602528,60.9,7.160063,0,Mavic 2,false,drone_images/Mavic 2.png,28.195000,-80.605000,28.194500,-80.605300,apolloshield_dji,dji,,,2414500000,RADAR-A2D2-C9B2,Sensor Cape Canaveral / Space Coast,140,GREEN,GREEN
1773240898760,A2D2-C9B2,FLT-C9B2-001,28.201476,-80.602528,60.9,7.160063,0,Mavic 2,false,drone_images/Mavic 2.png,28.195000,-80.605000,28.194500,-80.605300,apolloshield_dji,dji,,,2414500000,RADAR-A2D2-C9B2,Sensor Cape Canaveral / Space Coast,140,GREEN,GREEN
1773240899754,A2D2-C9B2,FLT-C9B2-001,28.201476,-80.602528,60.9,7.160063,0,Mavic 2,false,drone_images/Mavic 2.png,28.195000,-80.605000,28.194500,-80.605300,apolloshield_dji,dji,,,2414500000,RADAR-A2D2-C9B2,Sensor Cape Canaveral / Space Coast,140,GREEN,GREEN
1773240900843,A2D2-C9B2,FLT-C9B2-001,28.201476,-80.602528,60.9,7.160063,0,Mavic 2,false,drone_images/Mavic 2.png,28.195000,-80.605000,28.194500,-80.605300,apolloshield_dji,dji,,,2414500000,RADAR-A2D2-C9B2,Sensor Cape Canaveral / Space Coast,140,GREEN,GREEN
1773240902118,A2D2-C9B2,FLT-C9B2-001,28.201476,-80.602528,60.9,7.160063,0,Mavic 2,false,drone_images/Mavic 2.png,28.195000,-80.605000,28.194500,-80.605300,apolloshield_dji,dji,,,2414500000,RADAR-A2D2-C9B2,Sensor Cape Canaveral / Space Coast,140,GREEN,GREEN
1773240903144,A2D2-C9B2,FLT-C9B2-001,28.201476,-80.602528,60.9,7.160063,0,Mavic 2,false,drone_images/Mavic 2.png,28.195000,-80.605000,28.194500,-80.605300,apolloshield_dji,dji,,,2414500000,RADAR-A2D2-C9B2,Sensor Cape Canaveral / Space Coast,140,GREEN,GREEN
1773240904163,A2D2-C9B2,FLT-C9B2-001,28.201476,-80.602528,60.9,7.160063,0,Mavic 2,false,drone_images/Mavic 2.png,28.195000,-80.605000,28.194500,-80.605300,apolloshield_dji,dji,,,2414500000,RADAR-A2D2-C9B2,Sensor Cape Canaveral / Space Coast,140,GREEN,GREEN
1773240905315,A2D2-C9B2,FLT-C9B2-001,28.201476,-80.602528,60.9,7.160063,0,Mavic 2,false,drone_images/Mavic 2.png,28.195000,-80.605000,28.194500,-80.605300,apolloshield_dji,dji,,,2414500000,RADAR-A2D2-C9B2,Sensor Cape Canaveral / Space Coast,140,GREEN,GREEN
1773240906272,A2D2-C9B2,FLT-C9B2-001,28.201476,-80.602528,60.9,7.160063,0,Mavic 2,false,drone_images/Mavic 2.png,28.195000,-80.605000,28.194500,-80.605300,apolloshield_dji,dji,,,2414500000,RADAR-A2D2-C9B2,Sensor Cape Canaveral / Space Coast,140,GREEN,GREEN
1773240907314,A2D2-C9B2,FLT-C9B2-001,28.201476,-80.602528,60.9,7.160063,0,Mavic 2,false,drone_images/Mavic 2.png,28.195000,-80.605000,28.194500,-80.605300,apolloshield_dji,dji,,,2414500000,RADAR-A2D2-C9B2,Sensor Cape Canaveral / Space Coast,140,GREEN,GREEN
1773240908355,A2D2-C9B2,FLT-C9B2-001,28.201476,-80.602528,60.9,7.160063,0,Mavic 2,false,drone_images/Mavic 2.png,28.195000,-80.605000,28.194500,-80.605300,apolloshield_dji,dji,,,2414500000,RADAR-A2D2-C9B2,Sensor Cape Canaveral / Space Coast,140,GREEN,GREEN
1773240909464,A2D2-C9B2,FLT-C9B2-001,28.201476,-80.602528,60.9,7.160063,0,Mavic 2,false,drone_images/Mavic 2.png,28.195000,-80.605000,28.194500,-80.605300,apolloshield_dji,dji,,,2414500000,RADAR-A2D2-C9B2,Sensor Cape Canaveral / Space Coast,140,GREEN,GREEN
1773240910500,A2D2-C9B2,FLT-C9B2-001,28.201476,-80.602528,60.9,7.160063,0,Mavic 2,false,drone_images/Mavic 2.png,28.195000,-80.605000,28.194500,-80.605300,apolloshield_dji,dji,,,2414500000,RADAR-A2D2-C9B2,Sensor Cape Canaveral / Space Coast,140,GREEN,GREEN
1773240911600,A2D2-C9B2,FLT-C9B2-001,28.201476,-80.602528,60.9,7.160063,0,Mavic 2,false,drone_images/Mavic 2.png,28.195000,-80.605000,28.194500,-80.605300,apolloshield_dji,dji,,,2414500000,RADAR-A2D2-C9B2,Sensor Cape Canaveral / Space Coast,140,GREEN,GREEN
1773240912686,A2D2-C9B2,FLT-C9B2-001,28.201476,-80.602528,60.9,7.160063,0,Mavic 2,false,drone_images/Mavic 2.png,28.195000,-80.605000,28.194500,-80.605300,apolloshield_dji,dji,,,2414500000,RADAR-A2D2-C9B2,Sensor Cape Canaveral / Space Coast,140,GREEN,GREEN
1773240913859,A2D2-C9B2,FLT-C9B2-001,28.201476,-80.602528,60.9,7.160063,0,Mavic 2,false,drone_images/Mavic 2.png,28.195000,-80.605000,28.194500,-80.605300,apolloshield_dji,dji,,,2414500000,RADAR-A2D2-C9B2,Sensor Cape Canaveral / Space Coast,140,GREEN,GREEN
1773240914990,A2D2-C9B2,FLT-C9B2-001,28.201476,-80.602528,60.9,7.160063,0,Mavic 2,false,drone_images/Mavic 2.png,28.195000,-80.605000,28.194500,-80.605300,apolloshield_dji,dji,,,2414500000,RADAR-A2D2-C9B2,Sensor Cape Canaveral / Space Coast,140,GREEN,GREEN
1773240919151,A2D2-C9B2,FLT-C9B2-001,28.201476,-80.602528,60.9,16,0,Mavic 2,false,drone_images/Mavic 2.png,28.195000,-80.605000,28.194500,-80.605300,apolloshield_dji,dji,,,2414500000,RADAR-A2D2-C9B2,Sensor Cape Canaveral / Space Coast,140,GREEN,GREEN
1773240920253,A2D2-C9B2,FLT-C9B2-001,28.203223,-80.602528,60.9,7.150007,0,Mavic 2,false,drone_images/Mavic 2.png,28.195000,-80.605000,28.194500,-80.605300,apolloshield_dji,dji,,,2414500000,RADAR-A2D2-C9B2,Sensor Cape Canaveral / Space Coast,140,GREEN,GREEN
1773240921370,A2D2-C9B2,FLT-C9B2-001,28.203223,-80.602528,60.9,7.150007,0,Mavic 2,false,drone_images/Mavic 2.png,28.195000,-80.605000,28.194500,-80.605300,apolloshield_dji,dji,,,2414500000,RADAR-A2D2-C9B2,Sensor Cape Canaveral / Space Coast,140,GREEN,GREEN
1773240922414,A2D2-C9B2,FLT-C9B2-001,28.203286,-80.602528,60.9,7.1300282,0,Mavic 2,false,drone_images/Mavic 2.png,28.195000,-80.605000,28.194500,-80.605300,apolloshield_dji,dji,,,2414500000,RADAR-A2D2-C9B2,Sensor Cape Canaveral / Space Coast,140,GREEN,GREEN
1773240923559,A2D2-C9B2,FLT-C9B2-001,28.203286,-80.602528,60.9,7.1300282,0,Mavic 2,false,drone_images/Mavic 2.png,28.195000,-80.605000,28.194500,-80.605300,apolloshield_dji,dji,,,2414500000,RADAR-A2D2-C9B2,Sensor Cape Canaveral / Space Coast,140,GREEN,GREEN
1773240924607,A2D2-C9B2,FLT-C9B2-001,28.203286,-80.602528,60.9,7.1300282,0,Mavic 2,false,drone_images/Mavic 2.png,28.195000,-80.605000,28.194500,-80.605300,apolloshield_dji,dji,,,2414500000,RADAR-A2D2-C9B2,Sensor Cape Canaveral / Space Coast,140,GREEN,GREEN
1773240925785,A2D2-C9B2,FLT-C9B2-001,28.203286,-80.602528,60.9,7.1300282,0,Mavic 2,false,drone_images/Mavic 2.png,28.195000,-80.605000,28.194500,-80.605300,apolloshield_dji,dji,,,2414500000,RADAR-A2D2-C9B2,Sensor Cape Canaveral / Space Coast,140,GREEN,GREEN
1773240926773,A2D2-C9B2,FLT-C9B2-001,28.203286,-80.602528,60.9,7.1300282,0,Mavic 2,false,drone_images/Mavic 2.png,28.195000,-80.605000,28.194500,-80.605300,apolloshield_dji,dji,,,2414500000,RADAR-A2D2-C9B2,Sensor Cape Canaveral / Space Coast,140,GREEN,GREEN
1773240927770,A2D2-C9B2,FLT-C9B2-001,28.203286,-80.602528,60.9,7.1300282,0,Mavic 2,false,drone_images/Mavic 2.png,28.195000,-80.605000,28.194500,-80.605300,apolloshield_dji,dji,,,2414500000,RADAR-A2D2-C9B2,Sensor Cape Canaveral / Space Coast,140,GREEN,GREEN
1773240928855,A2D2-C9B2,FLT-C9B2-001,28.203286,-80.602528,60.9,7.1300282,0,Mavic 2,false,drone_images/Mavic 2.png,28.195000,-80.605000,28.194500,-80.605300,apolloshield_dji,dji,,,2414500000,RADAR-A2D2-C9B2,Sensor Cape Canaveral / Space Coast,140,GREEN,GREEN
1773240929938,A2D2-C9B2,FLT-C9B2-001,28.203286,-80.602528,60.9,7.1300282,0,Mavic 2,false,drone_images/Mavic 2.png,28.195000,-80.605000,28.194500,-80.605300,apolloshield_dji,dji,,,2414500000,RADAR-A2D2-C9B2,Sensor Cape Canaveral / Space Coast,140,GREEN,GREEN
1773240930964,A2D2-C9B2,FLT-C9B2-001,28.203286,-80.602528,60.9,7.1300282,0,Mavic 2,false,drone_images/Mavic 2.png,28.195000,-80.605000,28.194500,-80.605300,apolloshield_dji,dji,,,2414500000,RADAR-A2D2-C9B2,Sensor Cape Canaveral / Space Coast,140,GREEN,GREEN
1773240932097,A2D2-C9B2,FLT-C9B2-001,28.203286,-80.602528,60.9,7.1300282,0,Mavic 2,false,drone_images/Mavic 2.png,28.195000,-80.605000,28.194500,-80.605300,apolloshield_dji,dji,,,2414500000,RADAR-A2D2-C9B2,Sensor Cape Canaveral / Space Coast,140,GREEN,GREEN
1773240933145,A2D2-C9B2,FLT-C9B2-001,28.203286,-80.602528,60.9,7.1300282,0,Mavic 2,false,drone_images/Mavic 2.png,28.195000,-80.605000,28.194500,-80.605300,apolloshield_dji,dji,,,2414500000,RADAR-A2D2-C9B2,Sensor Cape Canaveral / Space Coast,140,GREEN,GREEN
1773240934253,A2D2-C9B2,FLT-C9B2-001,28.203286,-80.602528,60.9,7.1300282,0,Mavic 2,false,drone_images/Mavic 2.png,28.195000,-80.605000,28.194500,-80.605300,apolloshield_dji,dji,,,2414500000,RADAR-A2D2-C9B2,Sensor Cape Canaveral / Space Coast,140,GREEN,GREEN
1773240935931,A2D2-C9B2,FLT-C9B2-001,28.203286,-80.602528,60.9,7.1300282,0,Mavic 2,false,drone_images/Mavic 2.png,28.195000,-80.605000,28.194500,-80.605300,apolloshield_dji,dji,,,2414500000,RADAR-A2D2-C9B2,Sensor Cape Canaveral / Space Coast,140,GREEN,GREEN
1773240936463,A2D2-C9B2,FLT-C9B2-001,28.203286,-80.602528,60.9,7.1300282,0,Mavic 2,false,drone_images/Mavic 2.png,28.195000,-80.605000,28.194500,-80.605300,apolloshield_dji,dji,,,2414500000,RADAR-A2D2-C9B2,Sensor Cape Canaveral / Space Coast,140,GREEN,GREEN
1773240937535,A2D2-C9B2,FLT-C9B2-001,28.203286,-80.602528,60.9,7.1300282,0,Mavic 2,false,drone_images/Mavic 2.png,28.195000,-80.605000,28.194500,-80.605300,apolloshield_dji,dji,,,2414500000,RADAR-A2D2-C9B2,Sensor Cape Canaveral / Space Coast,140,GREEN,GREEN
1773240938669,A2D2-C9B2,FLT-C9B2-001,28.203286,-80.602528,60.9,7.1300282,0,Mavic 2,false,drone_images/Mavic 2.png,28.195000,-80.605000,28.194500,-80.605300,apolloshield_dji,dji,,,2414500000,RADAR-A2D2-C9B2,Sensor Cape Canaveral / Space Coast,140,GREEN,GREEN
1773240939810,A2D2-C9B2,FLT-C9B2-001,28.203286,-80.602528,60.9,7.1300282,0,Mavic 2,false,drone_images/Mavic 2.png,28.195000,-80.605000,28.194500,-80.605300,apolloshield_dji,dji,,,2414500000,RADAR-A2D2-C9B2,Sensor Cape Canaveral / Space Coast,140,GREEN,GREEN
1773240940860,A2D2-C9B2,FLT-C9B2-001,28.203286,-80.602528,60.9,7.1300282,0,Mavic 2,false,drone_images/Mavic 2.png,28.195000,-80.605000,28.194500,-80.605300,apolloshield_dji,dji,,,2414500000,RADAR-A2D2-C9B2,Sensor Cape Canaveral / Space Coast,140,GREEN,GREEN
1773240941913,A2D2-C9B2,FLT-C9B2-001,28.203286,-80.602528,60.9,7.1300282,0,Mavic 2,false,drone_images/Mavic 2.png,28.195000,-80.605000,28.194500,-80.605300,apolloshield_dji,dji,,,2414500000,RADAR-A2D2-C9B2,Sensor Cape Canaveral / Space Coast,140,GREEN,GREEN
1773240942965,A2D2-C9B2,FLT-C9B2-001,28.204174,-80.602528,60.9,0.060827628,0,Mavic 2,false,drone_images/Mavic 2.png,28.195000,-80.605000,28.194500,-80.605300,apolloshield_dji,dji,,,2414500000,RADAR-A2D2-C9B2,Sensor Cape Canaveral / Space Coast,140,GREEN,GREEN
1773240944028,A2D2-C9B2,FLT-C9B2-001,28.204174,-80.602528,60.9,0.060827628,0,Mavic 2,false,drone_images/Mavic 2.png,28.195000,-80.605000,28.194500,-80.605300,apolloshield_dji,dji,,,2414500000,RADAR-A2D2-C9B2,Sensor Cape Canaveral / Space Coast,140,GREEN,GREEN
1773240945438,A2D2-C9B2,FLT-C9B2-001,28.204174,-80.602528,60.9,0.060827628,0,Mavic 2,false,drone_images/Mavic 2.png,28.195000,-80.605000,28.194500,-80.605300,apolloshield_dji,dji,,,2414500000,RADAR-A2D2-C9B2,Sensor Cape Canaveral / Space Coast,140,GREEN,GREEN
1773240946536,A2D2-C9B2,FLT-C9B2-001,28.204163,-80.602477,61,4.8387294,0,Mavic 2,false,drone_images/Mavic 2.png,28.195000,-80.605000,28.194500,-80.605300,apolloshield_dji,dji,,,2414500000,RADAR-A2D2-C9B2,Sensor Cape Canaveral / Space Coast,140,GREEN,GREEN
1773240947526,A2D2-C9B2,FLT-C9B2-001,28.204163,-80.602477,61,8.932245,0,Mavic 2,false,drone_images/Mavic 2.png,28.195000,-80.605000,28.194500,-80.605300,apolloshield_dji,dji,,,2414500000,RADAR-A2D2-C9B2,Sensor Cape Canaveral / Space Coast,140,GREEN,GREEN
1773240948724,A2D2-C9B2,FLT-C9B2-001,28.204134,-80.602333,60.9,8.932245,0,Mavic 2,false,drone_images/Mavic 2.png,28.195000,-80.605000,28.194500,-80.605300,apolloshield_dji,dji,,,2414500000,RADAR-A2D2-C9B2,Sensor Cape Canaveral / Space Coast,140,GREEN,GREEN
1773240949680,A2D2-C9B2,FLT-C9B2-001,28.204134,-80.602333,60.9,8.932245,0,Mavic 2,false,drone_images/Mavic 2.png,28.195000,-80.605000,28.194500,-80.605300,apolloshield_dji,dji,,,2414500000,RADAR-A2D2-C9B2,Sensor Cape Canaveral / Space Coast,140,GREEN,GREEN
1773240950823,A2D2-C9B2,FLT-C9B2-001,28.204065,-80.601972,60.8,14.805539,0,Mavic 2,false,drone_images/Mavic 2.png,28.195000,-80.605000,28.194500,-80.605300,apolloshield_dji,dji,,,2414500000,RADAR-A2D2-C9B2,Sensor Cape Canaveral / Space Coast,140,GREEN,GREEN
1773240951878,A2D2-C9B2,FLT-C9B2-001,28.204065,-80.601972,60.8,14.805539,0,Mavic 2,false,drone_images/Mavic 2.png,28.195000,-80.605000,28.194500,-80.605300,apolloshield_dji,dji,,,2414500000,RADAR-A2D2-C9B2,Sensor Cape Canaveral / Space Coast,140,GREEN,GREEN
1773240953039,A2D2-C9B2,FLT-C9B2-001,28.204065,-80.601972,60.8,14.805539,0,Mavic 2,false,drone_images/Mavic 2.png,28.195000,-80.605000,28.194500,-80.605300,apolloshield_dji,dji,,,2414500000,RADAR-A2D2-C9B2,Sensor Cape Canaveral / Space Coast,140,GREEN,GREEN
1773240954149,A2D2-C9B2,FLT-C9B2-001,28.203974,-80.601520,60.9,15.227452,0,Mavic 2,false,drone_images/Mavic 2.png,28.195000,-80.605000,28.194500,-80.605300,apolloshield_dji,dji,,,2414500000,RADAR-A2D2-C9B2,Sensor Cape Canaveral / Space Coast,140,GREEN,GREEN
1773240955261,A2D2-C9B2,FLT-C9B2-001,28.203974,-80.601520,60.9,15.227452,0,Mavic 2,false,drone_images/Mavic 2.png,28.195000,-80.605000,28.194500,-80.605300,apolloshield_dji,dji,,,2414500000,RADAR-A2D2-C9B2,Sensor Cape Canaveral / Space Coast,140,GREEN,GREEN
1773240956587,A2D2-C9B2,FLT-C9B2-001,28.203974,-80.601520,60.9,15.227452,0,Mavic 2,false,drone_images/Mavic 2.png,28.195000,-80.605000,28.194500,-80.605300,apolloshield_dji,dji,,,2414500000,RADAR-A2D2-C9B2,Sensor Cape Canaveral / Space Coast,140,GREEN,GREEN
1773240957445,A2D2-C9B2,FLT-C9B2-001,28.203974,-80.601520,60.9,15.227452,0,Mavic 2,false,drone_images/Mavic 2.png,28.195000,-80.605000,28.194500,-80.605300,apolloshield_dji,dji,,,2414500000,RADAR-A2D2-C9B2,Sensor Cape Canaveral / Space Coast,140,GREEN,GREEN
1773240958529,A2D2-C9B2,FLT-C9B2-001,28.203974,-80.601520,60.9,15.227452,0,Mavic 2,false,drone_images/Mavic 2.png,28.195000,-80.605000,28.194500,-80.605300,apolloshield_dji,dji,,,2414500000,RADAR-A2D2-C9B2,Sensor Cape Canaveral / Space Coast,140,GREEN,GREEN
1773240959733,A2D2-C9B2,FLT-C9B2-001,28.203974,-80.601520,60.9,15.069075,0,Mavic 2,false,drone_images/Mavic 2.png,28.195000,-80.605000,28.194500,-80.605300,apolloshield_dji,dji,,,2414500000,RADAR-A2D2-C9B2,Sensor Cape Canaveral / Space Coast,140,GREEN,GREEN
1773240960784,A2D2-C9B2,FLT-C9B2-001,28.203767,-80.600465,60.9,15.064747,0,Mavic 2,false,drone_images/Mavic 2.png,28.195000,-80.605000,28.194500,-80.605300,apolloshield_dji,dji,,,2414500000,RADAR-A2D2-C9B2,Sensor Cape Canaveral / Space Coast,140,GREEN,GREEN
1773240961853,A2D2-C9B2,FLT-C9B2-001,28.203767,-80.600465,60.9,15.064747,0,Mavic 2,false,drone_images/Mavic 2.png,28.195000,-80.605000,28.194500,-80.605300,apolloshield_dji,dji,,,2414500000,RADAR-A2D2-C9B2,Sensor Cape Canaveral / Space Coast,140,GREEN,GREEN
1773240962909,A2D2-C9B2,FLT-C9B2-001,28.203739,-80.600316,60.9,14.979052,0,Mavic 2,false,drone_images/Mavic 2.png,28.195000,-80.605000,28.194500,-80.605300,apolloshield_dji,dji,,,2414500000,RADAR-A2D2-C9B2,Sensor Cape Canaveral / Space Coast,140,GREEN,GREEN
1773240964018,A2D2-C9B2,FLT-C9B2-001,28.203739,-80.600316,60.9,14.979052,0,Mavic 2,false,drone_images/Mavic 2.png,28.195000,-80.605000,28.194500,-80.605300,apolloshield_dji,dji,,,2414500000,RADAR-A2D2-C9B2,Sensor Cape Canaveral / Space Coast,140,GREEN,GREEN
1773240965169,A2D2-C9B2,FLT-C9B2-001,28.203739,-80.600316,60.9,14.979052,0,Mavic 2,false,drone_images/Mavic 2.png,28.195000,-80.605000,28.194500,-80.605300,apolloshield_dji,dji,,,2414500000,RADAR-A2D2-C9B2,Sensor Cape Canaveral / Space Coast,140,GREEN,GREEN
1773240966199,A2D2-C9B2,FLT-C9B2-001,28.203739,-80.600316,60.9,14.979052,0,Mavic 2,false,drone_images/Mavic 2.png,28.195000,-80.605000,28.194500,-80.605300,apolloshield_dji,dji,,,2414500000,RADAR-A2D2-C9B2,Sensor Cape Canaveral / Space Coast,140,GREEN,GREEN
1773240967281,A2D2-C9B2,FLT-C9B2-001,28.203739,-80.600316,60.9,14.979052,0,Mavic 2,false,drone_images/Mavic 2.png,28.195000,-80.605000,28.194500,-80.605300,apolloshield_dji,dji,,,2414500000,RADAR-A2D2-C9B2,Sensor Cape Canaveral / Space Coast,140,GREEN,GREEN
1773240968380,A2D2-C9B2,FLT-C9B2-001,28.203739,-80.600316,60.9,14.979052,0,Mavic 2,false,drone_images/Mavic 2.png,28.195000,-80.605000,28.194500,-80.605300,apolloshield_dji,dji,,,2414500000,RADAR-A2D2-C9B2,Sensor Cape Canaveral / Space Coast,140,GREEN,GREEN
1773240969494,A2D2-C9B2,FLT-C9B2-001,28.203739,-80.600316,60.9,14.979052,0,Mavic 2,false,drone_images/Mavic 2.png,28.195000,-80.605000,28.194500,-80.605300,apolloshield_dji,dji,,,2414500000,RADAR-A2D2-C9B2,Sensor Cape Canaveral / Space Coast,140,GREEN,GREEN
1773240970564,A2D2-C9B2,FLT-C9B2-001,28.203441,-80.598815,60.9,15.0213785,0,Mavic 2,false,drone_images/Mavic 2.png,28.195000,-80.605000,28.194500,-80.605300,apolloshield_dji,dji,,,2414500000,RADAR-A2D2-C9B2,Sensor Cape Canaveral / Space Coast,140,GREEN,GREEN
1773240971818,A2D2-C9B2,FLT-C9B2-001,28.203441,-80.598815,60.9,15.0213785,0,Mavic 2,false,drone_images/Mavic 2.png,28.195000,-80.605000,28.194500,-80.605300,apolloshield_dji,dji,,,2414500000,RADAR-A2D2-C9B2,Sensor Cape Canaveral / Space Coast,140,GREEN,GREEN
1773240972841,A2D2-C9B2,FLT-C9B2-001,28.203441,-80.598815,60.9,15.0213785,0,Mavic 2,false,drone_images/Mavic 2.png,28.195000,-80.605000,28.194500,-80.605300,apolloshield_dji,dji,,,2414500000,RADAR-A2D2-C9B2,Sensor Cape Canaveral / Space Coast,140,GREEN,GREEN
1773240973889,A2D2-C9B2,FLT-C9B2-001,28.203441,-80.598815,60.9,15.0213785,0,Mavic 2,false,drone_images/Mavic 2.png,28.195000,-80.605000,28.194500,-80.605300,apolloshield_dji,dji,,,2414500000,RADAR-A2D2-C9B2,Sensor Cape Canaveral / Space Coast,140,GREEN,GREEN
1773240975074,A2D2-C9B2,FLT-C9B2-001,28.203384,-80.598517,61,15.078836,0,Mavic 2,false,drone_images/Mavic 2.png,28.195000,-80.605000,28.194500,-80.605300,apolloshield_dji,dji,,,2414500000,RADAR-A2D2-C9B2,Sensor Cape Canaveral / Space Coast,140,GREEN,GREEN
1773240976020,A2D2-C9B2,FLT-C9B2-001,28.203384,-80.598517,61,15.078836,0,Mavic 2,false,drone_images/Mavic 2.png,28.195000,-80.605000,28.194500,-80.605300,apolloshield_dji,dji,,,2414500000,RADAR-A2D2-C9B2,Sensor Cape Canaveral / Space Coast,140,GREEN,GREEN
1773240977143,A2D2-C9B2,FLT-C9B2-001,28.203384,-80.598517,61,15.078836,0,Mavic 2,false,drone_images/Mavic 2.png,28.195000,-80.605000,28.194500,-80.605300,apolloshield_dji,dji,,,2414500000,RADAR-A2D2-C9B2,Sensor Cape Canaveral / Space Coast,140,GREEN,GREEN
1773240978188,A2D2-C9B2,FLT-C9B2-001,28.203384,-80.598517,61,15.078836,0,Mavic 2,false,drone_images/Mavic 2.png,28.195000,-80.605000,28.194500,-80.605300,apolloshield_dji,dji,,,2414500000,RADAR-A2D2-C9B2,Sensor Cape Canaveral / Space Coast,140,GREEN,GREEN
1773240979254,A2D2-C9B2,FLT-C9B2-001,28.203384,-80.598517,61,15.078836,0,Mavic 2,false,drone_images/Mavic 2.png,28.195000,-80.605000,28.194500,-80.605300,apolloshield_dji,dji,,,2414500000,RADAR-A2D2-C9B2,Sensor Cape Canaveral / Space Coast,140,GREEN,GREEN
1773240980288,A2D2-C9B2,FLT-C9B2-001,28.203384,-80.598517,61,15.078836,0,Mavic 2,false,drone_images/Mavic 2.png,28.195000,-80.605000,28.194500,-80.605300,apolloshield_dji,dji,,,2414500000,RADAR-A2D2-C9B2,Sensor Cape Canaveral / Space Coast,140,GREEN,GREEN
1773240981403,A2D2-C9B2,FLT-C9B2-001,28.203384,-80.598517,61,15.078836,0,Mavic 2,false,drone_images/Mavic 2.png,28.195000,-80.605000,28.194500,-80.605300,apolloshield_dji,dji,,,2414500000,RADAR-A2D2-C9B2,Sensor Cape Canaveral / Space Coast,140,GREEN,GREEN
1773240982456,A2D2-C9B2,FLT-C9B2-001,28.203384,-80.598517,61,15.078836,0,Mavic 2,false,drone_images/Mavic 2.png,28.195000,-80.605000,28.194500,-80.605300,apolloshield_dji,dji,,,2414500000,RADAR-A2D2-C9B2,Sensor Cape Canaveral / Space Coast,140,GREEN,GREEN
1773240983548,A2D2-C9B2,FLT-C9B2-001,28.203384,-80.598517,61,15.078836,0,Mavic 2,false,drone_images/Mavic 2.png,28.195000,-80.605000,28.194500,-80.605300,apolloshield_dji,dji,,,2414500000,RADAR-A2D2-C9B2,Sensor Cape Canaveral / Space Coast,140,GREEN,GREEN
1773240984600,A2D2-C9B2,FLT-C9B2-001,28.203028,-80.596713,60.9,14.869519,0,Mavic 2,false,drone_images/Mavic 2.png,28.195000,-80.605000,28.194500,-80.605300,apolloshield_dji,dji,,,2414500000,RADAR-A2D2-C9B2,Sensor Cape Canaveral / Space Coast,140,GREEN,GREEN
1773240985727,A2D2-C9B2,FLT-C9B2-001,28.203028,-80.596713,60.9,14.869519,0,Mavic 2,false,drone_images/Mavic 2.png,28.195000,-80.605000,28.194500,-80.605300,apolloshield_dji,dji,,,2414500000,RADAR-A2D2-C9B2,Sensor Cape Canaveral / Space Coast,140,GREEN,GREEN
1773240986762,A2D2-C9B2,FLT-C9B2-001,28.203028,-80.596713,60.9,14.869519,0,Mavic 2,false,drone_images/Mavic 2.png,28.195000,-80.605000,28.194500,-80.605300,apolloshield_dji,dji,,,2414500000,RADAR-A2D2-C9B2,Sensor Cape Canaveral / Space Coast,140,GREEN,GREEN
1773240987794,A2D2-C9B2,FLT-C9B2-001,28.203028,-80.596713,60.9,14.869519,0,Mavic 2,false,drone_images/Mavic 2.png,28.195000,-80.605000,28.194500,-80.605300,apolloshield_dji,dji,,,2414500000,RADAR-A2D2-C9B2,Sensor Cape Canaveral / Space Coast,140,GREEN,GREEN
1773240988961,A2D2-C9B2,FLT-C9B2-001,28.203028,-80.596713,60.9,14.869519,0,Mavic 2,false,drone_images/Mavic 2.png,28.195000,-80.605000,28.194500,-80.605300,apolloshield_dji,dji,,,2414500000,RADAR-A2D2-C9B2,Sensor Cape Canaveral / Space Coast,140,GREEN,GREEN
1773240990030,A2D2-C9B2,FLT-C9B2-001,28.203028,-80.596713,60.9,14.869519,0,Mavic 2,false,drone_images/Mavic 2.png,28.195000,-80.605000,28.194500,-80.605300,apolloshield_dji,dji,,,2414500000,RADAR-A2D2-C9B2,Sensor Cape Canaveral / Space Coast,140,GREEN,GREEN
1773240991212,A2D2-C9B2,FLT-C9B2-001,28.203028,-80.596713,60.9,14.869519,0,Mavic 2,false,drone_images/Mavic 2.png,28.195000,-80.605000,28.194500,-80.605300,apolloshield_dji,dji,,,2414500000,RADAR-A2D2-C9B2,Sensor Cape Canaveral / Space Coast,140,GREEN,GREEN
1773240992238,A2D2-C9B2,FLT-C9B2-001,28.203028,-80.596713,60.9,14.869519,0,Mavic 2,false,drone_images/Mavic 2.png,28.195000,-80.605000,28.194500,-80.605300,apolloshield_dji,dji,,,2414500000,RADAR-A2D2-C9B2,Sensor Cape Canaveral / Space Coast,140,GREEN,GREEN
1773240993292,A2D2-C9B2,FLT-C9B2-001,28.203028,-80.596713,60.9,14.869519,0,Mavic 2,false,drone_images/Mavic 2.png,28.195000,-80.605000,28.194500,-80.605300,apolloshield_dji,dji,,,2414500000,RADAR-A2D2-C9B2,Sensor Cape Canaveral / Space Coast,140,GREEN,GREEN
1773240994441,A2D2-C9B2,FLT-C9B2-001,28.203028,-80.596713,60.9,14.869519,0,Mavic 2,false,drone_images/Mavic 2.png,28.195000,-80.605000,28.194500,-80.605300,apolloshield_dji,dji,,,2414500000,RADAR-A2D2-C9B2,Sensor Cape Canaveral / Space Coast,140,GREEN,GREEN
1773240995579,A2D2-C9B2,FLT-C9B2-001,28.203028,-80.596713,60.9,14.869519,0,Mavic 2,false,drone_images/Mavic 2.png,28.195000,-80.605000,28.194500,-80.605300,apolloshield_dji,dji,,,2414500000,RADAR-A2D2-C9B2,Sensor Cape Canaveral / Space Coast,140,GREEN,GREEN
1773240996591,A2D2-C9B2,FLT-C9B2-001,28.203028,-80.596713,60.9,14.869519,0,Mavic 2,false,drone_images/Mavic 2.png,28.195000,-80.605000,28.194500,-80.605300,apolloshield_dji,dji,,,2414500000,RADAR-A2D2-C9B2,Sensor Cape Canaveral / Space Coast,140,GREEN,GREEN
1773240997745,A2D2-C9B2,FLT-C9B2-001,28.203028,-80.596713,60.9,14.869519,0,Mavic 2,false,drone_images/Mavic 2.png,28.195000,-80.605000,28.194500,-80.605300,apolloshield_dji,dji,,,2414500000,RADAR-A2D2-C9B2,Sensor Cape Canaveral / Space Coast,140,GREEN,GREEN
1773240998915,A2D2-C9B2,FLT-C9B2-001,28.203028,-80.596713,60.9,14.869519,0,Mavic 2,false,drone_images/Mavic 2.png,28.195000,-80.605000,28.194500,-80.605300,apolloshield_dji,dji,,,2414500000,RADAR-A2D2-C9B2,Sensor Cape Canaveral / Space Coast,140,GREEN,GREEN
1773241000103,A2D2-C9B2,FLT-C9B2-001,28.203028,-80.596713,60.9,14.869519,0,Mavic 2,false,drone_images/Mavic 2.png,28.195000,-80.605000,28.194500,-80.605300,apolloshield_dji,dji,,,2414500000,RADAR-A2D2-C9B2,Sensor Cape Canaveral / Space Coast,140,GREEN,GREEN
1773241000951,A2D2-C9B2,FLT-C9B2-001,28.203028,-80.596713,60.9,14.869519,0,Mavic 2,false,drone_images/Mavic 2.png,28.195000,-80.605000,28.194500,-80.605300,apolloshield_dji,dji,,,2414500000,RADAR-A2D2-C9B2,Sensor Cape Canaveral / Space Coast,140,GREEN,GREEN
1773241002009,A2D2-C9B2,FLT-C9B2-001,28.203028,-80.596713,60.9,14.869519,0,Mavic 2,false,drone_images/Mavic 2.png,28.195000,-80.605000,28.194500,-80.605300,apolloshield_dji,dji,,,2414500000,RADAR-A2D2-C9B2,Sensor Cape Canaveral / Space Coast,140,GREEN,GREEN
1773241003120,A2D2-C9B2,FLT-C9B2-001,28.203028,-80.596713,60.9,14.869519,0,Mavic 2,false,drone_images/Mavic 2.png,28.195000,-80.605000,28.194500,-80.605300,apolloshield_dji,dji,,,2414500000,RADAR-A2D2-C9B2,Sensor Cape Canaveral / Space Coast,140,GREEN,GREEN
1773241240764,A2D2-C9B2,FLT-C9B2-001,28.203573,-80.600775,60.9,16,0,Mavic 2,false,drone_images/Mavic 2.png,28.195000,-80.605000,28.194500,-80.605300,apolloshield_dji,dji,,,2414500000,RADAR-A2D2-C9B2,Sensor Cape Canaveral / Space Coast,140,GREEN,GREEN
1773241241980,A2D2-C9B2,FLT-C9B2-001,28.203573,-80.600775,60.9,9.967517,0,Mavic 2,false,drone_images/Mavic 2.png,28.195000,-80.605000,28.194500,-80.605300,apolloshield_dji,dji,,,2414500000,RADAR-A2D2-C9B2,Sensor Cape Canaveral / Space Coast,140,GREEN,GREEN
1773241243089,A2D2-C9B2,FLT-C9B2-001,28.203573,-80.600775,60.9,9.967517,0,Mavic 2,false,drone_images/Mavic 2.png,28.195000,-80.605000,28.194500,-80.605300,apolloshield_dji,dji,,,2414500000,RADAR-A2D2-C9B2,Sensor Cape Canaveral / Space Coast,140,GREEN,GREEN
1773241244301,A2D2-C9B2,FLT-C9B2-001,28.203573,-80.600775,60.9,9.967517,0,Mavic 2,false,drone_images/Mavic 2.png,28.195000,-80.605000,28.194500,-80.605300,apolloshield_dji,dji,,,2414500000,RADAR-A2D2-C9B2,Sensor Cape Canaveral / Space Coast,140,GREEN,GREEN
1773241245550,A2D2-C9B2,FLT-C9B2-001,28.203573,-80.600775,60.9,9.967517,0,Mavic 2,false,drone_images/Mavic 2.png,28.195000,-80.605000,28.194500,-80.605300,apolloshield_dji,dji,,,2414500000,RADAR-A2D2-C9B2,Sensor Cape Canaveral / Space Coast,140,GREEN,GREEN
1773241246815,A2D2-C9B2,FLT-C9B2-001,28.203573,-80.600775,60.9,9.967517,0,Mavic 2,false,drone_images/Mavic 2.png,28.195000,-80.605000,28.194500,-80.605300,apolloshield_dji,dji,,,2414500000,RADAR-A2D2-C9B2,Sensor Cape Canaveral / Space Coast,140,GREEN,GREEN
1773241247958,A2D2-C9B2,FLT-C9B2-001,28.203573,-80.600775,60.9,9.967517,0,Mavic 2,false,drone_images/Mavic 2.png,28.195000,-80.605000,28.194500,-80.605300,apolloshield_dji,dji,,,2414500000,RADAR-A2D2-C9B2,Sensor Cape Canaveral / Space Coast,140,GREEN,GREEN
1773241249201,A2D2-C9B2,FLT-C9B2-001,28.203573,-80.600775,60.9,9.947794,0,Mavic 2,false,drone_images/Mavic 2.png,28.195000,-80.605000,28.194500,-80.605300,apolloshield_dji,dji,,,2414500000,RADAR-A2D2-C9B2,Sensor Cape Canaveral / Space Coast,140,GREEN,GREEN
1773241250330,A2D2-C9B2,FLT-C9B2-001,28.203750,-80.601984,60.9,9.947794,0,Mavic 2,false,drone_images/Mavic 2.png,28.195000,-80.605000,28.194500,-80.605300,apolloshield_dji,dji,,,2414500000,RADAR-A2D2-C9B2,Sensor Cape Canaveral / Space Coast,140,GREEN,GREEN
1773241251467,A2D2-C9B2,FLT-C9B2-001,28.203750,-80.601984,60.9,9.947794,0,Mavic 2,false,drone_images/Mavic 2.png,28.195000,-80.605000,28.194500,-80.605300,apolloshield_dji,dji,,,2414500000,RADAR-A2D2-C9B2,Sensor Cape Canaveral / Space Coast,140,GREEN,GREEN
1773241253328,A2D2-C9B2,FLT-C9B2-001,28.203779,-80.602184,60.9,9.985595,0,Mavic 2,false,drone_images/Mavic 2.png,28.195000,-80.605000,28.194500,-80.605300,apolloshield_dji,dji,,,2414500000,RADAR-A2D2-C9B2,Sensor Cape Canaveral / Space Coast,140,GREEN,GREEN
1773241253847,A2D2-C9B2,FLT-C9B2-001,28.203779,-80.602184,60.9,9.985595,0,Mavic 2,false,drone_images/Mavic 2.png,28.195000,-80.605000,28.194500,-80.605300,apolloshield_dji,dji,,,2414500000,RADAR-A2D2-C9B2,Sensor Cape Canaveral / Space Coast,140,GREEN,GREEN
1773241254895,A2D2-C9B2,FLT-C9B2-001,28.203779,-80.602184,60.9,9.985595,0,Mavic 2,false,drone_images/Mavic 2.png,28.195000,-80.605000,28.194500,-80.605300,apolloshield_dji,dji,,,2414500000,RADAR-A2D2-C9B2,Sensor Cape Canaveral / Space Coast,140,GREEN,GREEN
1773241255945,A2D2-C9B2,FLT-C9B2-001,28.203779,-80.602184,60.9,9.985595,0,Mavic 2,false,drone_images/Mavic 2.png,28.195000,-80.605000,28.194500,-80.605300,apolloshield_dji,dji,,,2414500000,RADAR-A2D2-C9B2,Sensor Cape Canaveral / Space Coast,140,GREEN,GREEN
1773241257027,A2D2-C9B2,FLT-C9B2-001,28.203779,-80.602184,60.9,7.685844,0,Mavic 2,false,drone_images/Mavic 2.png,28.195000,-80.605000,28.194500,-80.605300,apolloshield_dji,dji,,,2414500000,RADAR-A2D2-C9B2,Sensor Cape Canaveral / Space Coast,140,GREEN,GREEN
1773241258060,A2D2-C9B2,FLT-C9B2-001,28.203825,-80.602477,61,7.685844,0,Mavic 2,false,drone_images/Mavic 2.png,28.195000,-80.605000,28.194500,-80.605300,apolloshield_dji,dji,,,2414500000,RADAR-A2D2-C9B2,Sensor Cape Canaveral / Space Coast,140,GREEN,GREEN
1773241259337,A2D2-C9B2,FLT-C9B2-001,28.203825,-80.602477,61,7.685844,0,Mavic 2,false,drone_images/Mavic 2.png,28.195000,-80.605000,28.194500,-80.605300,apolloshield_dji,dji,,,2414500000,RADAR-A2D2-C9B2,Sensor Cape Canaveral / Space Coast,140,GREEN,GREEN
1773241260295,A2D2-C9B2,FLT-C9B2-001,28.203825,-80.602477,61,7.685844,0,Mavic 2,false,drone_images/Mavic 2.png,28.195000,-80.605000,28.194500,-80.605300,apolloshield_dji,dji,,,2414500000,RADAR-A2D2-C9B2,Sensor Cape Canaveral / Space Coast,140,GREEN,GREEN
1773241261283,A2D2-C9B2,FLT-C9B2-001,28.203825,-80.602477,61,7.685844,0,Mavic 2,false,drone_images/Mavic 2.png,28.195000,-80.605000,28.194500,-80.605300,apolloshield_dji,dji,,,2414500000,RADAR-A2D2-C9B2,Sensor Cape Canaveral / Space Coast,140,GREEN,GREEN
1773241262442,A2D2-C9B2,FLT-C9B2-001,28.203825,-80.602477,61,7.685844,0,Mavic 2,false,drone_images/Mavic 2.png,28.195000,-80.605000,28.194500,-80.605300,apolloshield_dji,dji,,,2414500000,RADAR-A2D2-C9B2,Sensor Cape Canaveral / Space Coast,140,GREEN,GREEN
1773241263534,A2D2-C9B2,FLT-C9B2-001,28.203825,-80.602477,61,7.685844,0,Mavic 2,false,drone_images/Mavic 2.png,28.195000,-80.605000,28.194500,-80.605300,apolloshield_dji,dji,,,2414500000,RADAR-A2D2-C9B2,Sensor Cape Canaveral / Space Coast,140,GREEN,GREEN
1773241264607,A2D2-C9B2,FLT-C9B2-001,28.203825,-80.602477,61,7.685844,0,Mavic 2,false,drone_images/Mavic 2.png,28.195000,-80.605000,28.194500,-80.605300,apolloshield_dji,dji,,,2414500000,RADAR-A2D2-C9B2,Sensor Cape Canaveral / Space Coast,140,GREEN,GREEN
1773241265637,A2D2-C9B2,FLT-C9B2-001,28.203825,-80.602477,61,7.685844,0,Mavic 2,false,drone_images/Mavic 2.png,28.195000,-80.605000,28.194500,-80.605300,apolloshield_dji,dji,,,2414500000,RADAR-A2D2-C9B2,Sensor Cape Canaveral / Space Coast,140,GREEN,GREEN
1773241266781,A2D2-C9B2,FLT-C9B2-001,28.203825,-80.602477,61,7.685844,0,Mavic 2,false,drone_images/Mavic 2.png,28.195000,-80.605000,28.194500,-80.605300,apolloshield_dji,dji,,,2414500000,RADAR-A2D2-C9B2,Sensor Cape Canaveral / Space Coast,140,GREEN,GREEN
1773241267865,A2D2-C9B2,FLT-C9B2-001,28.203825,-80.602477,61,7.685844,0,Mavic 2,false,drone_images/Mavic 2.png,28.195000,-80.605000,28.194500,-80.605300,apolloshield_dji,dji,,,2414500000,RADAR-A2D2-C9B2,Sensor Cape Canaveral / Space Coast,140,GREEN,GREEN
1773241268887,A2D2-C9B2,FLT-C9B2-001,28.203825,-80.602477,61,7.685844,0,Mavic 2,false,drone_images/Mavic 2.png,28.195000,-80.605000,28.194500,-80.605300,apolloshield_dji,dji,,,2414500000,RADAR-A2D2-C9B2,Sensor Cape Canaveral / Space Coast,140,GREEN,GREEN
1773241270103,A2D2-C9B2,FLT-C9B2-001,28.203825,-80.602477,61,7.685844,0,Mavic 2,false,drone_images/Mavic 2.png,28.195000,-80.605000,28.194500,-80.605300,apolloshield_dji,dji,,,2414500000,RADAR-A2D2-C9B2,Sensor Cape Canaveral / Space Coast,140,GREEN,GREEN
1773241271175,A2D2-C9B2,FLT-C9B2-001,28.203825,-80.602477,61,7.685844,0,Mavic 2,false,drone_images/Mavic 2.png,28.195000,-80.605000,28.194500,-80.605300,apolloshield_dji,dji,,,2414500000,RADAR-A2D2-C9B2,Sensor Cape Canaveral / Space Coast,140,GREEN,GREEN
1773241272224,A2D2-C9B2,FLT-C9B2-001,28.203825,-80.602477,61,7.685844,0,Mavic 2,false,drone_images/Mavic 2.png,28.195000,-80.605000,28.194500,-80.605300,apolloshield_dji,dji,,,2414500000,RADAR-A2D2-C9B2,Sensor Cape Canaveral / Space Coast,140,GREEN,GREEN
1773241273245,A2D2-C9B2,FLT-C9B2-001,28.203825,-80.602477,61,7.685844,0,Mavic 2,false,drone_images/Mavic 2.png,28.195000,-80.605000,28.194500,-80.605300,apolloshield_dji,dji,,,2414500000,RADAR-A2D2-C9B2,Sensor Cape Canaveral / Space Coast,140,GREEN,GREEN
1773241274294,A2D2-C9B2,FLT-C9B2-001,28.203825,-80.602477,61,7.685844,0,Mavic 2,false,drone_images/Mavic 2.png,28.195000,-80.605000,28.194500,-80.605300,apolloshield_dji,dji,,,2414500000,RADAR-A2D2-C9B2,Sensor Cape Canaveral / Space Coast,140,GREEN,GREEN
1773241275468,A2D2-C9B2,FLT-C9B2-001,28.203825,-80.602477,61,7.685844,0,Mavic 2,false,drone_images/Mavic 2.png,28.195000,-80.605000,28.194500,-80.605300,apolloshield_dji,dji,,,2414500000,RADAR-A2D2-C9B2,Sensor Cape Canaveral / Space Coast,140,GREEN,GREEN
1773241277297,A2D2-C9B2,FLT-C9B2-001,28.203825,-80.602477,61,7.685844,0,Mavic 2,false,drone_images/Mavic 2.png,28.195000,-80.605000,28.194500,-80.605300,apolloshield_dji,dji,,,2414500000,RADAR-A2D2-C9B2,Sensor Cape Canaveral / Space Coast,140,GREEN,GREEN
1773241328442,A2D2-C9B2,FLT-C9B2-001,28.204558,-80.602534,60.9,16,0,Mavic 2,false,drone_images/Mavic 2.png,28.195000,-80.605000,28.194500,-80.605300,apolloshield_dji,dji,,,2414500000,RADAR-A2D2-C9B2,Sensor Cape Canaveral / Space Coast,140,GREEN,GREEN
1773241330391,A2D2-C9B2,FLT-C9B2-001,28.204558,-80.602534,60.9,0.7317104,0,Mavic 2,false,drone_images/Mavic 2.png,28.195000,-80.605000,28.194500,-80.605300,apolloshield_dji,dji,,,2414500000,RADAR-A2D2-C9B2,Sensor Cape Canaveral / Space Coast,140,GREEN,GREEN
1773241331208,A2D2-C9B2,FLT-C9B2-001,28.204558,-80.602534,60.9,0.7317104,0,Mavic 2,false,drone_images/Mavic 2.png,28.195000,-80.605000,28.194500,-80.605300,apolloshield_dji,dji,,,2414500000,RADAR-A2D2-C9B2,Sensor Cape Canaveral / Space Coast,140,GREEN,GREEN
1773241332321,A2D2-C9B2,FLT-C9B2-001,28.204558,-80.602534,60.9,0.7317104,0,Mavic 2,false,drone_images/Mavic 2.png,28.195000,-80.605000,28.194500,-80.605300,apolloshield_dji,dji,,,2414500000,RADAR-A2D2-C9B2,Sensor Cape Canaveral / Space Coast,140,GREEN,GREEN
1773241333199,A2D2-C9B2,FLT-C9B2-001,28.204558,-80.602534,60.9,0.7317104,0,Mavic 2,false,drone_images/Mavic 2.png,28.195000,-80.605000,28.194500,-80.605300,apolloshield_dji,dji,,,2414500000,RADAR-A2D2-C9B2,Sensor Cape Canaveral / Space Coast,140,GREEN,GREEN
1773241334265,A2D2-C9B2,FLT-C9B2-001,28.204558,-80.602534,60.9,0.7317104,0,Mavic 2,false,drone_images/Mavic 2.png,28.195000,-80.605000,28.194500,-80.605300,apolloshield_dji,dji,,,2414500000,RADAR-A2D2-C9B2,Sensor Cape Canaveral / Space Coast,140,GREEN,GREEN
1773241335424,A2D2-C9B2,FLT-C9B2-001,28.204558,-80.602534,60.9,0.7317104,0,Mavic 2,false,drone_images/Mavic 2.png,28.195000,-80.605000,28.194500,-80.605300,apolloshield_dji,dji,,,2414500000,RADAR-A2D2-C9B2,Sensor Cape Canaveral / Space Coast,140,GREEN,GREEN
1773241336514,A2D2-C9B2,FLT-C9B2-001,28.204558,-80.602534,60.9,0.7317104,0,Mavic 2,false,drone_images/Mavic 2.png,28.195000,-80.605000,28.194500,-80.605300,apolloshield_dji,dji,,,2414500000,RADAR-A2D2-C9B2,Sensor Cape Canaveral / Space Coast,140,GREEN,GREEN
1773241337525,A2D2-C9B2,FLT-C9B2-001,28.204558,-80.602534,60.9,0.7317104,0,Mavic 2,false,drone_images/Mavic 2.png,28.195000,-80.605000,28.194500,-80.605300,apolloshield_dji,dji,,,2414500000,RADAR-A2D2-C9B2,Sensor Cape Canaveral / Space Coast,140,GREEN,GREEN
1773241338790,A2D2-C9B2,FLT-C9B2-001,28.204558,-80.602534,60.9,0.7317104,0,Mavic 2,false,drone_images/Mavic 2.png,28.195000,-80.605000,28.194500,-80.605300,apolloshield_dji,dji,,,2414500000,RADAR-A2D2-C9B2,Sensor Cape Canaveral / Space Coast,140,GREEN,GREEN
1773241339726,A2D2-C9B2,FLT-C9B2-001,28.204558,-80.602534,60.9,0.7317104,0,Mavic 2,false,drone_images/Mavic 2.png,28.195000,-80.605000,28.194500,-80.605300,apolloshield_dji,dji,,,2414500000,RADAR-A2D2-C9B2,Sensor Cape Canaveral / Space Coast,140,GREEN,GREEN
1773241340716,A2D2-C9B2,FLT-C9B2-001,28.204558,-80.602534,60.9,0.7317104,0,Mavic 2,false,drone_images/Mavic 2.png,28.195000,-80.605000,28.194500,-80.605300,apolloshield_dji,dji,,,2414500000,RADAR-A2D2-C9B2,Sensor Cape Canaveral / Space Coast,140,GREEN,GREEN
1773241341933,A2D2-C9B2,FLT-C9B2-001,28.204558,-80.602534,60.9,0.7317104,0,Mavic 2,false,drone_images/Mavic 2.png,28.195000,-80.605000,28.194500,-80.605300,apolloshield_dji,dji,,,2414500000,RADAR-A2D2-C9B2,Sensor Cape Canaveral / Space Coast,140,GREEN,GREEN
1773241343132,A2D2-C9B2,FLT-C9B2-001,28.204558,-80.602534,60.9,0.7317104,0,Mavic 2,false,drone_images/Mavic 2.png,28.195000,-80.605000,28.194500,-80.605300,apolloshield_dji,dji,,,2414500000,RADAR-A2D2-C9B2,Sensor Cape Canaveral / Space Coast,140,GREEN,GREEN
1773241344424,A2D2-C9B2,FLT-C9B2-001,28.204558,-80.602534,60.9,0.7317104,0,Mavic 2,false,drone_images/Mavic 2.png,28.195000,-80.605000,28.194500,-80.605300,apolloshield_dji,dji,,,2414500000,RADAR-A2D2-C9B2,Sensor Cape Canaveral / Space Coast,140,GREEN,GREEN
1773241345307,A2D2-C9B2,FLT-C9B2-001,28.204558,-80.602534,60.9,0.7317104,0,Mavic 2,false,drone_images/Mavic 2.png,28.195000,-80.605000,28.194500,-80.605300,apolloshield_dji,dji,,,2414500000,RADAR-A2D2-C9B2,Sensor Cape Canaveral / Space Coast,140,GREEN,GREEN
1773241346441,A2D2-C9B2,FLT-C9B2-001,28.204558,-80.602534,60.9,0.7317104,0,Mavic 2,false,drone_images/Mavic 2.png,28.195000,-80.605000,28.194500,-80.605300,apolloshield_dji,dji,,,2414500000,RADAR-A2D2-C9B2,Sensor Cape Canaveral / Space Coast,140,GREEN,GREEN
1773241347441,A2D2-C9B2,FLT-C9B2-001,28.204558,-80.602534,60.9,0.7317104,0,Mavic 2,false,drone_images/Mavic 2.png,28.195000,-80.605000,28.194500,-80.605300,apolloshield_dji,dji,,,2414500000,RADAR-A2D2-C9B2,Sensor Cape Canaveral / Space Coast,140,GREEN,GREEN
1773241386174,A2D2-C9B2,FLT-C9B2-001,28.204558,-80.602534,60.9,16,0,Mavic 2,false,drone_images/Mavic 2.png,28.195000,-80.605000,28.194500,-80.605300,apolloshield_dji,dji,,,2414500000,RADAR-A2D2-C9B2,Sensor Cape Canaveral / Space Coast,140,GREEN,GREEN
1773241387594,A2D2-C9B2,FLT-C9B2-001,28.201997,-80.602064,60.9,7.18,0,Mavic 2,false,drone_images/Mavic 2.png,28.195000,-80.605000,28.194500,-80.605300,apolloshield_dji,dji,,,2414500000,RADAR-A2D2-C9B2,Sensor Cape Canaveral / Space Coast,140,GREEN,GREEN
1773241389169,A2D2-C9B2,FLT-C9B2-001,28.201997,-80.602064,60.9,7.18,0,Mavic 2,false,drone_images/Mavic 2.png,28.195000,-80.605000,28.194500,-80.605300,apolloshield_dji,dji,,,2414500000,RADAR-A2D2-C9B2,Sensor Cape Canaveral / Space Coast,140,GREEN,GREEN
1773241390812,A2D2-C9B2,FLT-C9B2-001,28.201997,-80.602064,60.9,7.160063,0,Mavic 2,false,drone_images/Mavic 2.png,28.195000,-80.605000,28.194500,-80.605300,apolloshield_dji,dji,,,2414500000,RADAR-A2D2-C9B2,Sensor Cape Canaveral / Space Coast,140,GREEN,GREEN
1773241393061,A2D2-C9B2,FLT-C9B2-001,28.201802,-80.602064,60.9,7.160063,0,Mavic 2,false,drone_images/Mavic 2.png,28.195000,-80.605000,28.194500,-80.605300,apolloshield_dji,dji,,,2414500000,RADAR-A2D2-C9B2,Sensor Cape Canaveral / Space Coast,140,GREEN,GREEN
1773241393446,A2D2-C9B2,FLT-C9B2-001,28.201802,-80.602064,60.9,7.160063,0,Mavic 2,false,drone_images/Mavic 2.png,28.195000,-80.605000,28.194500,-80.605300,apolloshield_dji,dji,,,2414500000,RADAR-A2D2-C9B2,Sensor Cape Canaveral / Space Coast,140,GREEN,GREEN
1773241394091,A2D2-C9B2,FLT-C9B2-001,28.201802,-80.602064,60.9,7.160063,0,Mavic 2,false,drone_images/Mavic 2.png,28.195000,-80.605000,28.194500,-80.605300,apolloshield_dji,dji,,,2414500000,RADAR-A2D2-C9B2,Sensor Cape Canaveral / Space Coast,140,GREEN,GREEN
1773241397199,A2D2-C9B2,FLT-C9B2-001,28.201802,-80.602064,60.9,7.160063,0,Mavic 2,false,drone_images/Mavic 2.png,28.195000,-80.605000,28.194500,-80.605300,apolloshield_dji,dji,,,2414500000,RADAR-A2D2-C9B2,Sensor Cape Canaveral / Space Coast,140,GREEN,GREEN
1773241398254,A2D2-C9B2,FLT-C9B2-001,28.201802,-80.602064,60.9,7.160063,0,Mavic 2,false,drone_images/Mavic 2.png,28.195000,-80.605000,28.194500,-80.605300,apolloshield_dji,dji,,,2414500000,RADAR-A2D2-C9B2,Sensor Cape Canaveral / Space Coast,140,GREEN,GREEN
1773241399073,A2D2-C9B2,FLT-C9B2-001,28.201802,-80.602064,60.9,7.160063,0,Mavic 2,false,drone_images/Mavic 2.png,28.195000,-80.605000,28.194500,-80.605300,apolloshield_dji,dji,,,2414500000,RADAR-A2D2-C9B2,Sensor Cape Canaveral / Space Coast,140,GREEN,GREEN
1773241400667,A2D2-C9B2,FLT-C9B2-001,28.201802,-80.602064,60.9,7.160063,0,Mavic 2,false,drone_images/Mavic 2.png,28.195000,-80.605000,28.194500,-80.605300,apolloshield_dji,dji,,,2414500000,RADAR-A2D2-C9B2,Sensor Cape Canaveral / Space Coast,140,GREEN,GREEN
1773241401290,A2D2-C9B2,FLT-C9B2-001,28.201802,-80.602064,60.9,7.160063,0,Mavic 2,false,drone_images/Mavic 2.png,28.195000,-80.605000,28.194500,-80.605300,apolloshield_dji,dji,,,2414500000,RADAR-A2D2-C9B2,Sensor Cape Canaveral / Space Coast,140,GREEN,GREEN
1773241403097,A2D2-C9B2,FLT-C9B2-001,28.201802,-80.602064,60.9,7.160063,0,Mavic 2,false,drone_images/Mavic 2.png,28.195000,-80.605000,28.194500,-80.605300,apolloshield_dji,dji,,,2414500000,RADAR-A2D2-C9B2,Sensor Cape Canaveral / Space Coast,140,GREEN,GREEN
1773241403265,A2D2-C9B2,FLT-C9B2-001,28.200960,-80.602064,60.9,7.1600065,0,Mavic 2,false,drone_images/Mavic 2.png,28.195000,-80.605000,28.194500,-80.605300,apolloshield_dji,dji,,,2414500000,RADAR-A2D2-C9B2,Sensor Cape Canaveral / Space Coast,140,GREEN,GREEN
1773241404648,A2D2-C9B2,FLT-C9B2-001,28.200960,-80.602064,60.9,7.1600065,0,Mavic 2,false,drone_images/Mavic 2.png,28.195000,-80.605000,28.194500,-80.605300,apolloshield_dji,dji,,,2414500000,RADAR-A2D2-C9B2,Sensor Cape Canaveral / Space Coast,140,GREEN,GREEN
1773241406411,A2D2-C9B2,FLT-C9B2-001,28.200960,-80.602064,60.9,7.1600065,0,Mavic 2,false,drone_images/Mavic 2.png,28.195000,-80.605000,28.194500,-80.605300,apolloshield_dji,dji,,,2414500000,RADAR-A2D2-C9B2,Sensor Cape Canaveral / Space Coast,140,GREEN,GREEN
1773241407530,A2D2-C9B2,FLT-C9B2-001,28.200570,-80.602064,60.9,7.2,0,Mavic 2,false,drone_images/Mavic 2.png,28.195000,-80.605000,28.194500,-80.605300,apolloshield_dji,dji,,,2414500000,RADAR-A2D2-C9B2,Sensor Cape Canaveral / Space Coast,140,GREEN,GREEN
1773241408787,A2D2-C9B2,FLT-C9B2-001,28.200570,-80.602064,60.9,7.2,0,Mavic 2,false,drone_images/Mavic 2.png,28.195000,-80.605000,28.194500,-80.605300,apolloshield_dji,dji,,,2414500000,RADAR-A2D2-C9B2,Sensor Cape Canaveral / Space Coast,140,GREEN,GREEN
1773241410853,A2D2-C9B2,FLT-C9B2-001,28.200570,-80.602064,60.9,7.2,0,Mavic 2,false,drone_images/Mavic 2.png,28.195000,-80.605000,28.194500,-80.605300,apolloshield_dji,dji,,,2414500000,RADAR-A2D2-C9B2,Sensor Cape Canaveral / Space Coast,140,GREEN,GREEN
1773241412264,A2D2-C9B2,FLT-C9B2-001,28.200376,-80.602064,60.9,7.100176,0,Mavic 2,false,drone_images/Mavic 2.png,28.195000,-80.605000,28.194500,-80.605300,apolloshield_dji,dji,,,2414500000,RADAR-A2D2-C9B2,Sensor Cape Canaveral / Space Coast,140,GREEN,GREEN
1773241413883,A2D2-C9B2,FLT-C9B2-001,28.200376,-80.602064,60.9,7.100176,0,Mavic 2,false,drone_images/Mavic 2.png,28.195000,-80.605000,28.194500,-80.605300,apolloshield_dji,dji,,,2414500000,RADAR-A2D2-C9B2,Sensor Cape Canaveral / Space Coast,140,GREEN,GREEN
1773241415468,A2D2-C9B2,FLT-C9B2-001,28.200376,-80.602064,60.9,7.100176,0,Mavic 2,false,drone_images/Mavic 2.png,28.195000,-80.605000,28.194500,-80.605300,apolloshield_dji,dji,,,2414500000,RADAR-A2D2-C9B2,Sensor Cape Canaveral / Space Coast,140,GREEN,GREEN
1773241416374,A2D2-C9B2,FLT-C9B2-001,28.200376,-80.602064,60.9,7.240007,0,Mavic 2,false,drone_images/Mavic 2.png,28.195000,-80.605000,28.194500,-80.605300,apolloshield_dji,dji,,,2414500000,RADAR-A2D2-C9B2,Sensor Cape Canaveral / Space Coast,140,GREEN,GREEN
1773241417710,A2D2-C9B2,FLT-C9B2-001,28.200055,-80.602064,60.9,7.240007,0,Mavic 2,false,drone_images/Mavic 2.png,28.195000,-80.605000,28.194500,-80.605300,apolloshield_dji,dji,,,2414500000,RADAR-A2D2-C9B2,Sensor Cape Canaveral / Space Coast,140,GREEN,GREEN
1773241419080,A2D2-C9B2,FLT-C9B2-001,28.199860,-80.602064,60.9,7.13,0,Mavic 2,false,drone_images/Mavic 2.png,28.195000,-80.605000,28.194500,-80.605300,apolloshield_dji,dji,,,2414500000,RADAR-A2D2-C9B2,Sensor Cape Canaveral / Space Coast,140,GREEN,GREEN
1773241420110,A2D2-C9B2,FLT-C9B2-001,28.199860,-80.602064,60.9,7.13,0,Mavic 2,false,drone_images/Mavic 2.png,28.195000,-80.605000,28.194500,-80.605300,apolloshield_dji,dji,,,2414500000,RADAR-A2D2-C9B2,Sensor Cape Canaveral / Space Coast,140,GREEN,GREEN
1773241421801,A2D2-C9B2,FLT-C9B2-001,28.199860,-80.602064,60.9,7.13,0,Mavic 2,false,drone_images/Mavic 2.png,28.195000,-80.605000,28.194500,-80.605300,apolloshield_dji,dji,,,2414500000,RADAR-A2D2-C9B2,Sensor Cape Canaveral / Space Coast,140,GREEN,GREEN
1773241422790,A2D2-C9B2,FLT-C9B2-001,28.199860,-80.602064,60.9,7.13,0,Mavic 2,false,drone_images/Mavic 2.png,28.195000,-80.605000,28.194500,-80.605300,apolloshield_dji,dji,,,2414500000,RADAR-A2D2-C9B2,Sensor Cape Canaveral / Space Coast,140,GREEN,GREEN
1773241425291,A2D2-C9B2,FLT-C9B2-001,28.199860,-80.602064,60.9,7.13,0,Mavic 2,false,drone_images/Mavic 2.png,28.195000,-80.605000,28.194500,-80.605300,apolloshield_dji,dji,,,2414500000,RADAR-A2D2-C9B2,Sensor Cape Canaveral / Space Coast,140,GREEN,GREEN
1773241426731,A2D2-C9B2,FLT-C9B2-001,28.199860,-80.602064,60.9,3.2801373,0,Mavic 2,false,drone_images/Mavic 2.png,28.195000,-80.605000,28.194500,-80.605300,apolloshield_dji,dji,,,2414500000,RADAR-A2D2-C9B2,Sensor Cape Canaveral / Space Coast,140,GREEN,GREEN
1773241426745,A2D2-C9B2,FLT-C9B2-001,28.199757,-80.602064,60.9,3.2801373,0,Mavic 2,false,drone_images/Mavic 2.png,28.195000,-80.605000,28.194500,-80.605300,apolloshield_dji,dji,,,2414500000,RADAR-A2D2-C9B2,Sensor Cape Canaveral / Space Coast,140,GREEN,GREEN
1773241428026,A2D2-C9B2,FLT-C9B2-001,28.199757,-80.602064,60.9,3.2801373,0,Mavic 2,false,drone_images/Mavic 2.png,28.195000,-80.605000,28.194500,-80.605300,apolloshield_dji,dji,,,2414500000,RADAR-A2D2-C9B2,Sensor Cape Canaveral / Space Coast,140,GREEN,GREEN
1773241429908,A2D2-C9B2,FLT-C9B2-001,28.199757,-80.602064,60.9,3.2801373,0,Mavic 2,false,drone_images/Mavic 2.png,28.195000,-80.605000,28.194500,-80.605300,apolloshield_dji,dji,,,2414500000,RADAR-A2D2-C9B2,Sensor Cape Canaveral / Space Coast,140,GREEN,GREEN
1773241431142,A2D2-C9B2,FLT-C9B2-001,28.199757,-80.602064,60.9,3.2801373,0,Mavic 2,false,drone_images/Mavic 2.png,28.195000,-80.605000,28.194500,-80.605300,apolloshield_dji,dji,,,2414500000,RADAR-A2D2-C9B2,Sensor Cape Canaveral / Space Coast,140,GREEN,GREEN
1773241432112,A2D2-C9B2,FLT-C9B2-001,28.199757,-80.602064,60.9,3.2801373,0,Mavic 2,false,drone_images/Mavic 2.png,28.195000,-80.605000,28.194500,-80.605300,apolloshield_dji,dji,,,2414500000,RADAR-A2D2-C9B2,Sensor Cape Canaveral / Space Coast,140,GREEN,GREEN
1773241433441,A2D2-C9B2,FLT-C9B2-001,28.199757,-80.602064,60.9,3.2801373,0,Mavic 2,false,drone_images/Mavic 2.png,28.195000,-80.605000,28.194500,-80.605300,apolloshield_dji,dji,,,2414500000,RADAR-A2D2-C9B2,Sensor Cape Canaveral / Space Coast,140,GREEN,GREEN
1773241435544,A2D2-C9B2,FLT-C9B2-001,28.199757,-80.602064,60.9,3.2801373,0,Mavic 2,false,drone_images/Mavic 2.png,28.195000,-80.605000,28.194500,-80.605300,apolloshield_dji,dji,,,2414500000,RADAR-A2D2-C9B2,Sensor Cape Canaveral / Space Coast,140,GREEN,GREEN
1773241436293,A2D2-C9B2,FLT-C9B2-001,28.199757,-80.602064,60.9,3.2801373,0,Mavic 2,false,drone_images/Mavic 2.png,28.195000,-80.605000,28.194500,-80.605300,apolloshield_dji,dji,,,2414500000,RADAR-A2D2-C9B2,Sensor Cape Canaveral / Space Coast,140,GREEN,GREEN
1773241437509,A2D2-C9B2,FLT-C9B2-001,28.199757,-80.602064,60.9,3.2801373,0,Mavic 2,false,drone_images/Mavic 2.png,28.195000,-80.605000,28.194500,-80.605300,apolloshield_dji,dji,,,2414500000,RADAR-A2D2-C9B2,Sensor Cape Canaveral / Space Coast,140,GREEN,GREEN
1773241438970,A2D2-C9B2,FLT-C9B2-001,28.199757,-80.602064,60.9,3.2801373,0,Mavic 2,false,drone_images/Mavic 2.png,28.195000,-80.605000,28.194500,-80.605300,apolloshield_dji,dji,,,2414500000,RADAR-A2D2-C9B2,Sensor Cape Canaveral / Space Coast,140,GREEN,GREEN
1773241439963,A2D2-C9B2,FLT-C9B2-001,28.199757,-80.602064,60.9,3.2801373,0,Mavic 2,false,drone_images/Mavic 2.png,28.195000,-80.605000,28.194500,-80.605300,apolloshield_dji,dji,,,2414500000,RADAR-A2D2-C9B2,Sensor Cape Canaveral / Space Coast,140,GREEN,GREEN
1773241441538,A2D2-C9B2,FLT-C9B2-001,28.199757,-80.602064,60.9,3.2801373,0,Mavic 2,false,drone_images/Mavic 2.png,28.195000,-80.605000,28.194500,-80.605300,apolloshield_dji,dji,,,2414500000,RADAR-A2D2-C9B2,Sensor Cape Canaveral / Space Coast,140,GREEN,GREEN
1773241442593,A2D2-C9B2,FLT-C9B2-001,28.199757,-80.602064,60.9,3.2801373,0,Mavic 2,false,drone_images/Mavic 2.png,28.195000,-80.605000,28.194500,-80.605300,apolloshield_dji,dji,,,2414500000,RADAR-A2D2-C9B2,Sensor Cape Canaveral / Space Coast,140,GREEN,GREEN
1773241443907,A2D2-C9B2,FLT-C9B2-001,28.199757,-80.602064,60.9,3.2801373,0,Mavic 2,false,drone_images/Mavic 2.png,28.195000,-80.605000,28.194500,-80.605300,apolloshield_dji,dji,,,2414500000,RADAR-A2D2-C9B2,Sensor Cape Canaveral / Space Coast,140,GREEN,GREEN
1773241445637,A2D2-C9B2,FLT-C9B2-001,28.199757,-80.602064,60.9,3.2801373,0,Mavic 2,false,drone_images/Mavic 2.png,28.195000,-80.605000,28.194500,-80.605300,apolloshield_dji,dji,,,2414500000,RADAR-A2D2-C9B2,Sensor Cape Canaveral / Space Coast,140,GREEN,GREEN
1773241454700,A2D2-C9B2,FLT-C9B2-001,28.199121,-80.602064,60.9,7.1100636,0,Mavic 2,false,drone_images/Mavic 2.png,28.195000,-80.605000,28.194500,-80.605300,apolloshield_dji,dji,,,2414500000,RADAR-A2D2-C9B2,Sensor Cape Canaveral / Space Coast,140,GREEN,GREEN
1773241456885,A2D2-C9B2,FLT-C9B2-001,28.199121,-80.602064,60.9,7.1100636,0,Mavic 2,false,drone_images/Mavic 2.png,28.195000,-80.605000,28.194500,-80.605300,apolloshield_dji,dji,,,2414500000,RADAR-A2D2-C9B2,Sensor Cape Canaveral / Space Coast,140,GREEN,GREEN
1773241457053,A2D2-C9B2,FLT-C9B2-001,28.198995,-80.602064,60.9,7.100176,0,Mavic 2,false,drone_images/Mavic 2.png,28.195000,-80.605000,28.194500,-80.605300,apolloshield_dji,dji,,,2414500000,RADAR-A2D2-C9B2,Sensor Cape Canaveral / Space Coast,140,GREEN,GREEN
1773241459902,A2D2-C9B2,FLT-C9B2-001,28.198932,-80.602064,60.8,7.17,0,Mavic 2,false,drone_images/Mavic 2.png,28.195000,-80.605000,28.194500,-80.605300,apolloshield_dji,dji,,,2414500000,RADAR-A2D2-C9B2,Sensor Cape Canaveral / Space Coast,140,GREEN,GREEN
1773241460231,A2D2-C9B2,FLT-C9B2-001,28.198932,-80.602064,60.8,7.17,0,Mavic 2,false,drone_images/Mavic 2.png,28.195000,-80.605000,28.194500,-80.605300,apolloshield_dji,dji,,,2414500000,RADAR-A2D2-C9B2,Sensor Cape Canaveral / Space Coast,140,GREEN,GREEN
1773241461027,A2D2-C9B2,FLT-C9B2-001,28.198932,-80.602064,60.8,7.17,0,Mavic 2,false,drone_images/Mavic 2.png,28.195000,-80.605000,28.194500,-80.605300,apolloshield_dji,dji,,,2414500000,RADAR-A2D2-C9B2,Sensor Cape Canaveral / Space Coast,140,GREEN,GREEN
1773241464082,A2D2-C9B2,FLT-C9B2-001,28.198932,-80.602064,60.8,7.17,0,Mavic 2,false,drone_images/Mavic 2.png,28.195000,-80.605000,28.194500,-80.605300,apolloshield_dji,dji,,,2414500000,RADAR-A2D2-C9B2,Sensor Cape Canaveral / Space Coast,140,GREEN,GREEN
1773241464318,A2D2-C9B2,FLT-C9B2-001,28.198932,-80.602064,60.8,7.17,0,Mavic 2,false,drone_images/Mavic 2.png,28.195000,-80.605000,28.194500,-80.605300,apolloshield_dji,dji,,,2414500000,RADAR-A2D2-C9B2,Sensor Cape Canaveral / Space Coast,140,GREEN,GREEN
1773241466388,A2D2-C9B2,FLT-C9B2-001,28.198932,-80.602064,60.8,7.17,0,Mavic 2,false,drone_images/Mavic 2.png,28.195000,-80.605000,28.194500,-80.605300,apolloshield_dji,dji,,,2414500000,RADAR-A2D2-C9B2,Sensor Cape Canaveral / Space Coast,140,GREEN,GREEN
1773241467545,A2D2-C9B2,FLT-C9B2-001,28.198932,-80.602064,60.8,7.17,0,Mavic 2,false,drone_images/Mavic 2.png,28.195000,-80.605000,28.194500,-80.605300,apolloshield_dji,dji,,,2414500000,RADAR-A2D2-C9B2,Sensor Cape Canaveral / Space Coast,140,GREEN,GREEN
1773241467552,A2D2-C9B2,FLT-C9B2-001,28.198932,-80.602064,60.8,7.17,0,Mavic 2,false,drone_images/Mavic 2.png,28.195000,-80.605000,28.194500,-80.605300,apolloshield_dji,dji,,,2414500000,RADAR-A2D2-C9B2,Sensor Cape Canaveral / Space Coast,140,GREEN,GREEN
1773241468359,A2D2-C9B2,FLT-C9B2-001,28.198932,-80.602064,60.8,7.17,0,Mavic 2,false,drone_images/Mavic 2.png,28.195000,-80.605000,28.194500,-80.605300,apolloshield_dji,dji,,,2414500000,RADAR-A2D2-C9B2,Sensor Cape Canaveral / Space Coast,140,GREEN,GREEN
1773241468636,A2D2-C9B2,FLT-C9B2-001,28.198932,-80.602064,60.8,7.17,0,Mavic 2,false,drone_images/Mavic 2.png,28.195000,-80.605000,28.194500,-80.605300,apolloshield_dji,dji,,,2414500000,RADAR-A2D2-C9B2,Sensor Cape Canaveral / Space Coast,140,GREEN,GREEN
1773241470899,A2D2-C9B2,FLT-C9B2-001,28.198932,-80.602064,60.8,7.17,0,Mavic 2,false,drone_images/Mavic 2.png,28.195000,-80.605000,28.194500,-80.605300,apolloshield_dji,dji,,,2414500000,RADAR-A2D2-C9B2,Sensor Cape Canaveral / Space Coast,140,GREEN,GREEN
1773241472468,A2D2-C9B2,FLT-C9B2-001,28.198932,-80.602064,60.8,7.17,0,Mavic 2,false,drone_images/Mavic 2.png,28.195000,-80.605000,28.194500,-80.605300,apolloshield_dji,dji,,,2414500000,RADAR-A2D2-C9B2,Sensor Cape Canaveral / Space Coast,140,GREEN,GREEN
1773241473559,A2D2-C9B2,FLT-C9B2-001,28.198932,-80.602064,60.8,7.17,0,Mavic 2,false,drone_images/Mavic 2.png,28.195000,-80.605000,28.194500,-80.605300,apolloshield_dji,dji,,,2414500000,RADAR-A2D2-C9B2,Sensor Cape Canaveral / Space Coast,140,GREEN,GREEN
1773241475343,A2D2-C9B2,FLT-C9B2-001,28.198932,-80.602064,60.8,7.17,0,Mavic 2,false,drone_images/Mavic 2.png,28.195000,-80.605000,28.194500,-80.605300,apolloshield_dji,dji,,,2414500000,RADAR-A2D2-C9B2,Sensor Cape Canaveral / Space Coast,140,GREEN,GREEN
1773241475752,A2D2-C9B2,FLT-C9B2-001,28.198932,-80.602064,60.8,7.17,0,Mavic 2,false,drone_images/Mavic 2.png,28.195000,-80.605000,28.194500,-80.605300,apolloshield_dji,dji,,,2414500000,RADAR-A2D2-C9B2,Sensor Cape Canaveral / Space Coast,140,GREEN,GREEN
1773241484094,A2D2-C9B2,FLT-C9B2-001,28.197247,-80.602064,60.9,7.1400065,0,Mavic 2,false,drone_images/Mavic 2.png,28.195000,-80.605000,28.194500,-80.605300,apolloshield_dji,dji,,,2414500000,RADAR-A2D2-C9B2,Sensor Cape Canaveral / Space Coast,140,GREEN,GREEN
1773241488854,A2D2-C9B2,FLT-C9B2-001,28.197121,-80.602064,60.9,7.170063,0,Mavic 2,false,drone_images/Mavic 2.png,28.195000,-80.605000,28.194500,-80.605300,apolloshield_dji,dji,,,2414500000,RADAR-A2D2-C9B2,Sensor Cape Canaveral / Space Coast,140,GREEN,GREEN
1773241489263,A2D2-C9B2,FLT-C9B2-001,28.197247,-80.602064,60.9,7.1400065,0,Mavic 2,false,drone_images/Mavic 2.png,28.195000,-80.605000,28.194500,-80.605300,apolloshield_dji,dji,,,2414500000,RADAR-A2D2-C9B2,Sensor Cape Canaveral / Space Coast,140,GREEN,GREEN
1773241489560,A2D2-C9B2,FLT-C9B2-001,28.197121,-80.602064,60.9,7.170063,0,Mavic 2,false,drone_images/Mavic 2.png,28.195000,-80.605000,28.194500,-80.605300,apolloshield_dji,dji,,,2414500000,RADAR-A2D2-C9B2,Sensor Cape Canaveral / Space Coast,140,GREEN,GREEN
1773241492524,A2D2-C9B2,FLT-C9B2-001,28.197121,-80.602064,60.9,7.170063,0,Mavic 2,false,drone_images/Mavic 2.png,28.195000,-80.605000,28.194500,-80.605300,apolloshield_dji,dji,,,2414500000,RADAR-A2D2-C9B2,Sensor Cape Canaveral / Space Coast,140,GREEN,GREEN
1773241495418,A2D2-C9B2,FLT-C9B2-001,28.197121,-80.602064,60.9,7.170063,0,Mavic 2,false,drone_images/Mavic 2.png,28.195000,-80.605000,28.194500,-80.605300,apolloshield_dji,dji,,,2414500000,RADAR-A2D2-C9B2,Sensor Cape Canaveral / Space Coast,140,GREEN,GREEN
1773241496751,A2D2-C9B2,FLT-C9B2-001,28.197121,-80.602064,60.9,7.170063,0,Mavic 2,false,drone_images/Mavic 2.png,28.195000,-80.605000,28.194500,-80.605300,apolloshield_dji,dji,,,2414500000,RADAR-A2D2-C9B2,Sensor Cape Canaveral / Space Coast,140,GREEN,GREEN
1773241497521,A2D2-C9B2,FLT-C9B2-001,28.197121,-80.602064,60.9,7.170063,0,Mavic 2,false,drone_images/Mavic 2.png,28.195000,-80.605000,28.194500,-80.605300,apolloshield_dji,dji,,,2414500000,RADAR-A2D2-C9B2,Sensor Cape Canaveral / Space Coast,140,GREEN,GREEN
1773241498006,A2D2-C9B2,FLT-C9B2-001,28.197121,-80.602064,60.9,7.170063,0,Mavic 2,false,drone_images/Mavic 2.png,28.195000,-80.605000,28.194500,-80.605300,apolloshield_dji,dji,,,2414500000,RADAR-A2D2-C9B2,Sensor Cape Canaveral / Space Coast,140,GREEN,GREEN
1773241498388,A2D2-C9B2,FLT-C9B2-001,28.196411,-80.602064,60.9,7.130007,0,Mavic 2,false,drone_images/Mavic 2.png,28.195000,-80.605000,28.194500,-80.605300,apolloshield_dji,dji,,,2414500000,RADAR-A2D2-C9B2,Sensor Cape Canaveral / Space Coast,140,GREEN,GREEN
1773241499028,A2D2-C9B2,FLT-C9B2-001,28.196411,-80.602064,60.9,7.130007,0,Mavic 2,false,drone_images/Mavic 2.png,28.195000,-80.605000,28.194500,-80.605300,apolloshield_dji,dji,,,2414500000,RADAR-A2D2-C9B2,Sensor Cape Canaveral / Space Coast,140,GREEN,GREEN
1773241499422,A2D2-C9B2,FLT-C9B2-001,28.197121,-80.602064,60.9,7.170063,0,Mavic 2,false,drone_images/Mavic 2.png,28.195000,-80.605000,28.194500,-80.605300,apolloshield_dji,dji,,,2414500000,RADAR-A2D2-C9B2,Sensor Cape Canaveral / Space Coast,140,GREEN,GREEN
1773241500324,A2D2-C9B2,FLT-C9B2-001,28.196411,-80.602064,60.9,7.130007,0,Mavic 2,false,drone_images/Mavic 2.png,28.195000,-80.605000,28.194500,-80.605300,apolloshield_dji,dji,,,2414500000,RADAR-A2D2-C9B2,Sensor Cape Canaveral / Space Coast,140,GREEN,GREEN
1773241500662,A2D2-C9B2,FLT-C9B2-001,28.196411,-80.602064,60.9,7.130007,0,Mavic 2,false,drone_images/Mavic 2.png,28.195000,-80.605000,28.194500,-80.605300,apolloshield_dji,dji,,,2414500000,RADAR-A2D2-C9B2,Sensor Cape Canaveral / Space Coast,140,GREEN,GREEN
1773241501595,A2D2-C9B2,FLT-C9B2-001,28.196411,-80.602064,60.9,7.130007,0,Mavic 2,false,drone_images/Mavic 2.png,28.195000,-80.605000,28.194500,-80.605300,apolloshield_dji,dji,,,2414500000,RADAR-A2D2-C9B2,Sensor Cape Canaveral / Space Coast,140,GREEN,GREEN
1773241502616,A2D2-C9B2,FLT-C9B2-001,28.196411,-80.602064,60.9,7.130007,0,Mavic 2,false,drone_images/Mavic 2.png,28.195000,-80.605000,28.194500,-80.605300,apolloshield_dji,dji,,,2414500000,RADAR-A2D2-C9B2,Sensor Cape Canaveral / Space Coast,140,GREEN,GREEN
1773241503589,A2D2-C9B2,FLT-C9B2-001,28.196411,-80.602064,60.9,7.130007,0,Mavic 2,false,drone_images/Mavic 2.png,28.195000,-80.605000,28.194500,-80.605300,apolloshield_dji,dji,,,2414500000,RADAR-A2D2-C9B2,Sensor Cape Canaveral / Space Coast,140,GREEN,GREEN
1773241504306,A2D2-C9B2,FLT-C9B2-001,28.196411,-80.602064,60.9,7.130007,0,Mavic 2,false,drone_images/Mavic 2.png,28.195000,-80.605000,28.194500,-80.605300,apolloshield_dji,dji,,,2414500000,RADAR-A2D2-C9B2,Sensor Cape Canaveral / Space Coast,140,GREEN,GREEN
1773241504605,A2D2-C9B2,FLT-C9B2-001,28.195889,-80.602064,60.9,7.1600065,0,Mavic 2,false,drone_images/Mavic 2.png,28.195000,-80.605000,28.194500,-80.605300,apolloshield_dji,dji,,,2414500000,RADAR-A2D2-C9B2,Sensor Cape Canaveral / Space Coast,140,GREEN,GREEN
1773241504804,A2D2-C9B2,FLT-C9B2-001,28.195889,-80.602064,60.9,7.1600065,0,Mavic 2,false,drone_images/Mavic 2.png,28.195000,-80.605000,28.194500,-80.605300,apolloshield_dji,dji,,,2414500000,RADAR-A2D2-C9B2,Sensor Cape Canaveral / Space Coast,140,GREEN,GREEN
1773241506743,A2D2-C9B2,FLT-C9B2-001,28.195889,-80.602064,60.9,7.1600065,0,Mavic 2,false,drone_images/Mavic 2.png,28.195000,-80.605000,28.194500,-80.605300,apolloshield_dji,dji,,,2414500000,RADAR-A2D2-C9B2,Sensor Cape Canaveral / Space Coast,140,GREEN,GREEN
1773241508418,A2D2-C9B2,FLT-C9B2-001,28.195889,-80.602064,60.9,7.1600065,0,Mavic 2,false,drone_images/Mavic 2.png,28.195000,-80.605000,28.194500,-80.605300,apolloshield_dji,dji,,,2414500000,RADAR-A2D2-C9B2,Sensor Cape Canaveral / Space Coast,140,GREEN,GREEN
1773241508644,A2D2-C9B2,FLT-C9B2-001,28.195889,-80.602064,60.9,7.1600065,0,Mavic 2,false,drone_images/Mavic 2.png,28.195000,-80.605000,28.194500,-80.605300,apolloshield_dji,dji,,,2414500000,RADAR-A2D2-C9B2,Sensor Cape Canaveral / Space Coast,140,GREEN,GREEN
1773241508841,A2D2-C9B2,FLT-C9B2-001,28.195889,-80.602064,60.9,7.1600065,0,Mavic 2,false,drone_images/Mavic 2.png,28.195000,-80.605000,28.194500,-80.605300,apolloshield_dji,dji,,,2414500000,RADAR-A2D2-C9B2,Sensor Cape Canaveral / Space Coast,140,GREEN,GREEN
1773241509474,A2D2-C9B2,FLT-C9B2-001,28.195889,-80.602064,60.9,7.1600065,0,Mavic 2,false,drone_images/Mavic 2.png,28.195000,-80.605000,28.194500,-80.605300,apolloshield_dji,dji,,,2414500000,RADAR-A2D2-C9B2,Sensor Cape Canaveral / Space Coast,140,GREEN,GREEN
1773241511002,A2D2-C9B2,FLT-C9B2-001,28.195889,-80.602064,60.9,7.1600065,0,Mavic 2,false,drone_images/Mavic 2.png,28.195000,-80.605000,28.194500,-80.605300,apolloshield_dji,dji,,,2414500000,RADAR-A2D2-C9B2,Sensor Cape Canaveral / Space Coast,140,GREEN,GREEN
1773241513171,A2D2-C9B2,FLT-C9B2-001,28.195889,-80.602064,60.9,7.1600065,0,Mavic 2,false,drone_images/Mavic 2.png,28.195000,-80.605000,28.194500,-80.605300,apolloshield_dji,dji,,,2414500000,RADAR-A2D2-C9B2,Sensor Cape Canaveral / Space Coast,140,GREEN,GREEN
1773241513890,A2D2-C9B2,FLT-C9B2-001,28.195889,-80.602064,60.9,7.1600065,0,Mavic 2,false,drone_images/Mavic 2.png,28.195000,-80.605000,28.194500,-80.605300,apolloshield_dji,dji,,,2414500000,RADAR-A2D2-C9B2,Sensor Cape Canaveral / Space Coast,140,GREEN,GREEN
1773241514113,A2D2-C9B2,FLT-C9B2-001,28.195889,-80.602064,60.9,7.1600065,0,Mavic 2,false,drone_images/Mavic 2.png,28.195000,-80.605000,28.194500,-80.605300,apolloshield_dji,dji,,,2414500000,RADAR-A2D2-C9B2,Sensor Cape Canaveral / Space Coast,140,GREEN,GREEN
1773241515983,A2D2-C9B2,FLT-C9B2-001,28.195889,-80.602064,60.9,7.1600065,0,Mavic 2,false,drone_images/Mavic 2.png,28.195000,-80.605000,28.194500,-80.605300,apolloshield_dji,dji,,,2414500000,RADAR-A2D2-C9B2,Sensor Cape Canaveral / Space Coast,140,GREEN,GREEN
1773241516048,A2D2-C9B2,FLT-C9B2-001,28.195889,-80.602064,60.9,7.1600065,0,Mavic 2,false,drone_images/Mavic 2.png,28.195000,-80.605000,28.194500,-80.605300,apolloshield_dji,dji,,,2414500000,RADAR-A2D2-C9B2,Sensor Cape Canaveral / Space Coast,140,GREEN,GREEN
1773241517286,A2D2-C9B2,FLT-C9B2-001,28.195889,-80.602064,60.9,7.1600065,0,Mavic 2,false,drone_images/Mavic 2.png,28.195000,-80.605000,28.194500,-80.605300,apolloshield_dji,dji,,,2414500000,RADAR-A2D2-C9B2,Sensor Cape Canaveral / Space Coast,140,GREEN,GREEN
1773241518214,A2D2-C9B2,FLT-C9B2-001,28.195139,-80.602064,60.9,5.8300085,0,Mavic 2,false,drone_images/Mavic 2.png,28.195000,-80.605000,28.194500,-80.605300,apolloshield_dji,dji,,,2414500000,RADAR-A2D2-C9B2,Sensor Cape Canaveral / Space Coast,140,GREEN,GREEN
1773241519348,A2D2-C9B2,FLT-C9B2-001,28.195139,-80.602064,60.9,5.8300085,0,Mavic 2,false,drone_images/Mavic 2.png,28.195000,-80.605000,28.194500,-80.605300,apolloshield_dji,dji,,,2414500000,RADAR-A2D2-C9B2,Sensor Cape Canaveral / Space Coast,140,GREEN,GREEN
1773241520408,A2D2-C9B2,FLT-C9B2-001,28.195139,-80.602064,60.9,5.8300085,0,Mavic 2,false,drone_images/Mavic 2.png,28.195000,-80.605000,28.194500,-80.605300,apolloshield_dji,dji,,,2414500000,RADAR-A2D2-C9B2,Sensor Cape Canaveral / Space Coast,140,GREEN,GREEN
1773241521466,A2D2-C9B2,FLT-C9B2-001,28.195139,-80.602064,60.9,5.8300085,0,Mavic 2,false,drone_images/Mavic 2.png,28.195000,-80.605000,28.194500,-80.605300,apolloshield_dji,dji,,,2414500000,RADAR-A2D2-C9B2,Sensor Cape Canaveral / Space Coast,140,GREEN,GREEN
1773241522562,A2D2-C9B2,FLT-C9B2-001,28.195013,-80.602064,60.9,0.5903389,0,Mavic 2,false,drone_images/Mavic 2.png,28.195000,-80.605000,28.194500,-80.605300,apolloshield_dji,dji,,,2414500000,RADAR-A2D2-C9B2,Sensor Cape Canaveral / Space Coast,140,GREEN,GREEN
1773241523652,A2D2-C9B2,FLT-C9B2-001,28.195013,-80.602064,60.9,0.5903389,0,Mavic 2,false,drone_images/Mavic 2.png,28.195000,-80.605000,28.194500,-80.605300,apolloshield_dji,dji,,,2414500000,RADAR-A2D2-C9B2,Sensor Cape Canaveral / Space Coast,140,GREEN,GREEN
1773241525676,A2D2-C9B2,FLT-C9B2-001,28.195013,-80.602064,60.9,0.5903389,0,Mavic 2,false,drone_images/Mavic 2.png,28.195000,-80.605000,28.194500,-80.605300,apolloshield_dji,dji,,,2414500000,RADAR-A2D2-C9B2,Sensor Cape Canaveral / Space Coast,140,GREEN,GREEN
1773241525783,A2D2-C9B2,FLT-C9B2-001,28.195013,-80.602064,60.9,0.5903389,0,Mavic 2,false,drone_images/Mavic 2.png,28.195000,-80.605000,28.194500,-80.605300,apolloshield_dji,dji,,,2414500000,RADAR-A2D2-C9B2,Sensor Cape Canaveral / Space Coast,140,GREEN,GREEN
1773241526864,A2D2-C9B2,FLT-C9B2-001,28.195013,-80.602064,60.9,0.5903389,0,Mavic 2,false,drone_images/Mavic 2.png,28.195000,-80.605000,28.194500,-80.605300,apolloshield_dji,dji,,,2414500000,RADAR-A2D2-C9B2,Sensor Cape Canaveral / Space Coast,140,GREEN,GREEN
1773241527882,A2D2-C9B2,FLT-C9B2-001,28.195013,-80.602064,60.9,0.5903389,0,Mavic 2,false,drone_images/Mavic 2.png,28.195000,-80.605000,28.194500,-80.605300,apolloshield_dji,dji,,,2414500000,RADAR-A2D2-C9B2,Sensor Cape Canaveral / Space Coast,140,GREEN,GREEN
1773241528996,A2D2-C9B2,FLT-C9B2-001,28.195013,-80.602064,60.9,0.5903389,0,Mavic 2,false,drone_images/Mavic 2.png,28.195000,-80.605000,28.194500,-80.605300,apolloshield_dji,dji,,,2414500000,RADAR-A2D2-C9B2,Sensor Cape Canaveral / Space Coast,140,GREEN,GREEN
1773241530353,A2D2-C9B2,FLT-C9B2-001,28.195013,-80.602064,60.9,0.5903389,0,Mavic 2,false,drone_images/Mavic 2.png,28.195000,-80.605000,28.194500,-80.605300,apolloshield_dji,dji,,,2414500000,RADAR-A2D2-C9B2,Sensor Cape Canaveral / Space Coast,140,GREEN,GREEN
1773241531288,A2D2-C9B2,FLT-C9B2-001,28.195013,-80.602064,60.9,0.5903389,0,Mavic 2,false,drone_images/Mavic 2.png,28.195000,-80.605000,28.194500,-80.605300,apolloshield_dji,dji,,,2414500000,RADAR-A2D2-C9B2,Sensor Cape Canaveral / Space Coast,140,GREEN,GREEN
1773241532396,A2D2-C9B2,FLT-C9B2-001,28.195013,-80.602064,60.9,0.5903389,0,Mavic 2,false,drone_images/Mavic 2.png,28.195000,-80.605000,28.194500,-80.605300,apolloshield_dji,dji,,,2414500000,RADAR-A2D2-C9B2,Sensor Cape Canaveral / Space Coast,140,GREEN,GREEN
1773241533393,A2D2-C9B2,FLT-C9B2-001,28.195013,-80.602064,60.9,0.49477267,0,Mavic 2,false,drone_images/Mavic 2.png,28.195000,-80.605000,28.194500,-80.605300,apolloshield_dji,dji,,,2414500000,RADAR-A2D2-C9B2,Sensor Cape Canaveral / Space Coast,140,GREEN,GREEN
1773241534493,A2D2-C9B2,FLT-C9B2-001,28.195076,-80.601583,60.9,1.0084146,0,Mavic 2,false,drone_images/Mavic 2.png,28.195000,-80.605000,28.194500,-80.605300,apolloshield_dji,dji,,,2414500000,RADAR-A2D2-C9B2,Sensor Cape Canaveral / Space Coast,140,GREEN,GREEN
1773241535563,A2D2-C9B2,FLT-C9B2-001,28.195076,-80.601583,60.9,1.0084146,0,Mavic 2,false,drone_images/Mavic 2.png,28.195000,-80.605000,28.194500,-80.605300,apolloshield_dji,dji,,,2414500000,RADAR-A2D2-C9B2,Sensor Cape Canaveral / Space Coast,140,GREEN,GREEN
1773241537727,A2D2-C9B2,FLT-C9B2-001,28.195076,-80.601583,60.9,1.0084146,0,Mavic 2,false,drone_images/Mavic 2.png,28.195000,-80.605000,28.194500,-80.605300,apolloshield_dji,dji,,,2414500000,RADAR-A2D2-C9B2,Sensor Cape Canaveral / Space Coast,140,GREEN,GREEN
1773241537764,A2D2-C9B2,FLT-C9B2-001,28.195076,-80.601583,60.9,1.0084146,0,Mavic 2,false,drone_images/Mavic 2.png,28.195000,-80.605000,28.194500,-80.605300,apolloshield_dji,dji,,,2414500000,RADAR-A2D2-C9B2,Sensor Cape Canaveral / Space Coast,140,GREEN,GREEN
1773241538835,A2D2-C9B2,FLT-C9B2-001,28.195076,-80.601583,60.9,1.0084146,0,Mavic 2,false,drone_images/Mavic 2.png,28.195000,-80.605000,28.194500,-80.605300,apolloshield_dji,dji,,,2414500000,RADAR-A2D2-C9B2,Sensor Cape Canaveral / Space Coast,140,GREEN,GREEN
1773241539886,A2D2-C9B2,FLT-C9B2-001,28.195076,-80.601583,60.9,1.0084146,0,Mavic 2,false,drone_images/Mavic 2.png,28.195000,-80.605000,28.194500,-80.605300,apolloshield_dji,dji,,,2414500000,RADAR-A2D2-C9B2,Sensor Cape Canaveral / Space Coast,140,GREEN,GREEN
1773241541021,A2D2-C9B2,FLT-C9B2-001,28.195076,-80.601583,60.9,1.0084146,0,Mavic 2,false,drone_images/Mavic 2.png,28.195000,-80.605000,28.194500,-80.605300,apolloshield_dji,dji,,,2414500000,RADAR-A2D2-C9B2,Sensor Cape Canaveral / Space Coast,140,GREEN,GREEN
1773241542197,A2D2-C9B2,FLT-C9B2-001,28.195076,-80.601583,60.9,1.0084146,0,Mavic 2,false,drone_images/Mavic 2.png,28.195000,-80.605000,28.194500,-80.605300,apolloshield_dji,dji,,,2414500000,RADAR-A2D2-C9B2,Sensor Cape Canaveral / Space Coast,140,GREEN,GREEN
1773241543128,A2D2-C9B2,FLT-C9B2-001,28.195076,-80.601583,60.9,1.0084146,0,Mavic 2,false,drone_images/Mavic 2.png,28.195000,-80.605000,28.194500,-80.605300,apolloshield_dji,dji,,,2414500000,RADAR-A2D2-C9B2,Sensor Cape Canaveral / Space Coast,140,GREEN,GREEN
1773241544202,A2D2-C9B2,FLT-C9B2-001,28.195076,-80.601583,60.9,1.0084146,0,Mavic 2,false,drone_images/Mavic 2.png,28.195000,-80.605000,28.194500,-80.605300,apolloshield_dji,dji,,,2414500000,RADAR-A2D2-C9B2,Sensor Cape Canaveral / Space Coast,140,GREEN,GREEN
1773241545343,A2D2-C9B2,FLT-C9B2-001,28.195076,-80.601583,60.9,1.0084146,0,Mavic 2,false,drone_images/Mavic 2.png,28.195000,-80.605000,28.194500,-80.605300,apolloshield_dji,dji,,,2414500000,RADAR-A2D2-C9B2,Sensor Cape Canaveral / Space Coast,140,GREEN,GREEN
1773241546467,A2D2-C9B2,FLT-C9B2-001,28.195076,-80.601583,60.9,1.0084146,0,Mavic 2,false,drone_images/Mavic 2.png,28.195000,-80.605000,28.194500,-80.605300,apolloshield_dji,dji,,,2414500000,RADAR-A2D2-C9B2,Sensor Cape Canaveral / Space Coast,140,GREEN,GREEN
1773241547438,A2D2-C9B2,FLT-C9B2-001,28.195076,-80.601583,60.9,1.0084146,0,Mavic 2,false,drone_images/Mavic 2.png,28.195000,-80.605000,28.194500,-80.605300,apolloshield_dji,dji,,,2414500000,RADAR-A2D2-C9B2,Sensor Cape Canaveral / Space Coast,140,GREEN,GREEN
1773241548536,A2D2-C9B2,FLT-C9B2-001,28.195076,-80.601583,60.9,1.0084146,0,Mavic 2,false,drone_images/Mavic 2.png,28.195000,-80.605000,28.194500,-80.605300,apolloshield_dji,dji,,,2414500000,RADAR-A2D2-C9B2,Sensor Cape Canaveral / Space Coast,140,GREEN,GREEN
1773241549648,A2D2-C9B2,FLT-C9B2-001,28.195076,-80.601583,60.9,1.0084146,0,Mavic 2,false,drone_images/Mavic 2.png,28.195000,-80.605000,28.194500,-80.605300,apolloshield_dji,dji,,,2414500000,RADAR-A2D2-C9B2,Sensor Cape Canaveral / Space Coast,140,GREEN,GREEN
1773241550692,A2D2-C9B2,FLT-C9B2-001,28.195076,-80.601583,60.9,1.0084146,0,Mavic 2,false,drone_images/Mavic 2.png,28.195000,-80.605000,28.194500,-80.605300,apolloshield_dji,dji,,,2414500000,RADAR-A2D2-C9B2,Sensor Cape Canaveral / Space Coast,140,GREEN,GREEN
1773241552011,A2D2-C9B2,FLT-C9B2-001,28.195076,-80.601583,60.9,1.0084146,0,Mavic 2,false,drone_images/Mavic 2.png,28.195000,-80.605000,28.194500,-80.605300,apolloshield_dji,dji,,,2414500000,RADAR-A2D2-C9B2,Sensor Cape Canaveral / Space Coast,140,GREEN,GREEN
1773241553209,A2D2-C9B2,FLT-C9B2-001,28.195076,-80.601583,60.9,1.0084146,0,Mavic 2,false,drone_images/Mavic 2.png,28.195000,-80.605000,28.194500,-80.605300,apolloshield_dji,dji,,,2414500000,RADAR-A2D2-C9B2,Sensor Cape Canaveral / Space Coast,140,GREEN,GREEN
1773241656487,A2D2-C9B2,FLT-C9B2-001,28.200983,-80.601600,60.9,16,0,Mavic 2,false,drone_images/Mavic 2.png,28.195000,-80.605000,28.194500,-80.605300,apolloshield_dji,dji,,,2414500000,RADAR-A2D2-C9B2,Sensor Cape Canaveral / Space Coast,140,GREEN,GREEN
1773241657539,A2D2-C9B2,FLT-C9B2-001,28.200983,-80.601600,60.9,7.17,0,Mavic 2,false,drone_images/Mavic 2.png,28.195000,-80.605000,28.194500,-80.605300,apolloshield_dji,dji,,,2414500000,RADAR-A2D2-C9B2,Sensor Cape Canaveral / Space Coast,140,GREEN,GREEN
1773241658735,A2D2-C9B2,FLT-C9B2-001,28.200983,-80.601600,60.9,7.17,0,Mavic 2,false,drone_images/Mavic 2.png,28.195000,-80.605000,28.194500,-80.605300,apolloshield_dji,dji,,,2414500000,RADAR-A2D2-C9B2,Sensor Cape Canaveral / Space Coast,140,GREEN,GREEN
1773241659772,A2D2-C9B2,FLT-C9B2-001,28.200983,-80.601600,60.9,7.17,0,Mavic 2,false,drone_images/Mavic 2.png,28.195000,-80.605000,28.194500,-80.605300,apolloshield_dji,dji,,,2414500000,RADAR-A2D2-C9B2,Sensor Cape Canaveral / Space Coast,140,GREEN,GREEN
1773241660926,A2D2-C9B2,FLT-C9B2-001,28.200983,-80.601600,60.9,7.17,0,Mavic 2,false,drone_images/Mavic 2.png,28.195000,-80.605000,28.194500,-80.605300,apolloshield_dji,dji,,,2414500000,RADAR-A2D2-C9B2,Sensor Cape Canaveral / Space Coast,140,GREEN,GREEN
1773241661950,A2D2-C9B2,FLT-C9B2-001,28.200983,-80.601600,60.9,7.17,0,Mavic 2,false,drone_images/Mavic 2.png,28.195000,-80.605000,28.194500,-80.605300,apolloshield_dji,dji,,,2414500000,RADAR-A2D2-C9B2,Sensor Cape Canaveral / Space Coast,140,GREEN,GREEN
1773241662943,A2D2-C9B2,FLT-C9B2-001,28.200983,-80.601600,60.9,7.17,0,Mavic 2,false,drone_images/Mavic 2.png,28.195000,-80.605000,28.194500,-80.605300,apolloshield_dji,dji,,,2414500000,RADAR-A2D2-C9B2,Sensor Cape Canaveral / Space Coast,140,GREEN,GREEN
1773241664069,A2D2-C9B2,FLT-C9B2-001,28.200983,-80.601600,60.9,7.17,0,Mavic 2,false,drone_images/Mavic 2.png,28.195000,-80.605000,28.194500,-80.605300,apolloshield_dji,dji,,,2414500000,RADAR-A2D2-C9B2,Sensor Cape Canaveral / Space Coast,140,GREEN,GREEN
1773241665162,A2D2-C9B2,FLT-C9B2-001,28.200983,-80.601600,60.9,7.17,0,Mavic 2,false,drone_images/Mavic 2.png,28.195000,-80.605000,28.194500,-80.605300,apolloshield_dji,dji,,,2414500000,RADAR-A2D2-C9B2,Sensor Cape Canaveral / Space Coast,140,GREEN,GREEN
1773241666447,A2D2-C9B2,FLT-C9B2-001,28.200983,-80.601600,60.9,7.17,0,Mavic 2,false,drone_images/Mavic 2.png,28.195000,-80.605000,28.194500,-80.605300,apolloshield_dji,dji,,,2414500000,RADAR-A2D2-C9B2,Sensor Cape Canaveral / Space Coast,140,GREEN,GREEN
1773241667374,A2D2-C9B2,FLT-C9B2-001,28.200983,-80.601600,60.9,7.17,0,Mavic 2,false,drone_images/Mavic 2.png,28.195000,-80.605000,28.194500,-80.605300,apolloshield_dji,dji,,,2414500000,RADAR-A2D2-C9B2,Sensor Cape Canaveral / Space Coast,140,GREEN,GREEN
1773241668343,A2D2-C9B2,FLT-C9B2-001,28.200983,-80.601600,60.9,7.17,0,Mavic 2,false,drone_images/Mavic 2.png,28.195000,-80.605000,28.194500,-80.605300,apolloshield_dji,dji,,,2414500000,RADAR-A2D2-C9B2,Sensor Cape Canaveral / Space Coast,140,GREEN,GREEN
1773241669386,A2D2-C9B2,FLT-C9B2-001,28.200983,-80.601600,60.9,7.17,0,Mavic 2,false,drone_images/Mavic 2.png,28.195000,-80.605000,28.194500,-80.605300,apolloshield_dji,dji,,,2414500000,RADAR-A2D2-C9B2,Sensor Cape Canaveral / Space Coast,140,GREEN,GREEN
1773241671246,A2D2-C9B2,FLT-C9B2-001,28.200983,-80.601600,60.9,7.17,0,Mavic 2,false,drone_images/Mavic 2.png,28.195000,-80.605000,28.194500,-80.605300,apolloshield_dji,dji,,,2414500000,RADAR-A2D2-C9B2,Sensor Cape Canaveral / Space Coast,140,GREEN,GREEN
1773241671702,A2D2-C9B2,FLT-C9B2-001,28.200983,-80.601600,60.9,7.17,0,Mavic 2,false,drone_images/Mavic 2.png,28.195000,-80.605000,28.194500,-80.605300,apolloshield_dji,dji,,,2414500000,RADAR-A2D2-C9B2,Sensor Cape Canaveral / Space Coast,140,GREEN,GREEN
1773241672755,A2D2-C9B2,FLT-C9B2-001,28.201888,-80.601600,60.9,7.17,0,Mavic 2,false,drone_images/Mavic 2.png,28.195000,-80.605000,28.194500,-80.605300,apolloshield_dji,dji,,,2414500000,RADAR-A2D2-C9B2,Sensor Cape Canaveral / Space Coast,140,GREEN,GREEN
1773241673791,A2D2-C9B2,FLT-C9B2-001,28.201888,-80.601600,60.9,7.17,0,Mavic 2,false,drone_images/Mavic 2.png,28.195000,-80.605000,28.194500,-80.605300,apolloshield_dji,dji,,,2414500000,RADAR-A2D2-C9B2,Sensor Cape Canaveral / Space Coast,140,GREEN,GREEN
1773241674901,A2D2-C9B2,FLT-C9B2-001,28.202272,-80.601600,60.9,7.16,0,Mavic 2,false,drone_images/Mavic 2.png,28.195000,-80.605000,28.194500,-80.605300,apolloshield_dji,dji,,,2414500000,RADAR-A2D2-C9B2,Sensor Cape Canaveral / Space Coast,140,GREEN,GREEN
1773241676444,A2D2-C9B2,FLT-C9B2-001,28.202272,-80.601600,60.9,7.16,0,Mavic 2,false,drone_images/Mavic 2.png,28.195000,-80.605000,28.194500,-80.605300,apolloshield_dji,dji,,,2414500000,RADAR-A2D2-C9B2,Sensor Cape Canaveral / Space Coast,140,GREEN,GREEN
1773241676994,A2D2-C9B2,FLT-C9B2-001,28.202272,-80.601600,60.9,7.16,0,Mavic 2,false,drone_images/Mavic 2.png,28.195000,-80.605000,28.194500,-80.605300,apolloshield_dji,dji,,,2414500000,RADAR-A2D2-C9B2,Sensor Cape Canaveral / Space Coast,140,GREEN,GREEN
1773241678042,A2D2-C9B2,FLT-C9B2-001,28.202272,-80.601600,60.9,7.16,0,Mavic 2,false,drone_images/Mavic 2.png,28.195000,-80.605000,28.194500,-80.605300,apolloshield_dji,dji,,,2414500000,RADAR-A2D2-C9B2,Sensor Cape Canaveral / Space Coast,140,GREEN,GREEN
1773241679329,A2D2-C9B2,FLT-C9B2-001,28.202272,-80.601600,60.9,7.16,0,Mavic 2,false,drone_images/Mavic 2.png,28.195000,-80.605000,28.194500,-80.605300,apolloshield_dji,dji,,,2414500000,RADAR-A2D2-C9B2,Sensor Cape Canaveral / Space Coast,140,GREEN,GREEN
1773241680228,A2D2-C9B2,FLT-C9B2-001,28.202272,-80.601600,60.9,7.16,0,Mavic 2,false,drone_images/Mavic 2.png,28.195000,-80.605000,28.194500,-80.605300,apolloshield_dji,dji,,,2414500000,RADAR-A2D2-C9B2,Sensor Cape Canaveral / Space Coast,140,GREEN,GREEN
1773241681324,A2D2-C9B2,FLT-C9B2-001,28.202272,-80.601600,60.9,7.16,0,Mavic 2,false,drone_images/Mavic 2.png,28.195000,-80.605000,28.194500,-80.605300,apolloshield_dji,dji,,,2414500000,RADAR-A2D2-C9B2,Sensor Cape Canaveral / Space Coast,140,GREEN,GREEN
1773241682494,A2D2-C9B2,FLT-C9B2-001,28.202272,-80.601600,60.9,7.16,0,Mavic 2,false,drone_images/Mavic 2.png,28.195000,-80.605000,28.194500,-80.605300,apolloshield_dji,dji,,,2414500000,RADAR-A2D2-C9B2,Sensor Cape Canaveral / Space Coast,140,GREEN,GREEN
1773242813443,A2D2-C9B2,FLT-C9B2-001,28.200164,-80.598810,60.9,16,0,Mavic 2,false,drone_images/Mavic 2.png,28.195000,-80.605000,28.194500,-80.605300,apolloshield_dji,dji,,,2414500000,RADAR-A2D2-C9B2,Sensor Cape Canaveral / Space Coast,140,GREEN,GREEN
1773242814372,A2D2-C9B2,FLT-C9B2-001,28.201344,-80.598810,60.9,7.1100283,0,Mavic 2,false,drone_images/Mavic 2.png,28.195000,-80.605000,28.194500,-80.605300,apolloshield_dji,dji,,,2414500000,RADAR-A2D2-C9B2,Sensor Cape Canaveral / Space Coast,140,GREEN,GREEN
1773242815347,A2D2-C9B2,FLT-C9B2-001,28.201344,-80.598810,60.9,7.1100283,0,Mavic 2,false,drone_images/Mavic 2.png,28.195000,-80.605000,28.194500,-80.605300,apolloshield_dji,dji,,,2414500000,RADAR-A2D2-C9B2,Sensor Cape Canaveral / Space Coast,140,GREEN,GREEN
1773242816580,A2D2-C9B2,FLT-C9B2-001,28.201344,-80.598810,60.9,7.1100283,0,Mavic 2,false,drone_images/Mavic 2.png,28.195000,-80.605000,28.194500,-80.605300,apolloshield_dji,dji,,,2414500000,RADAR-A2D2-C9B2,Sensor Cape Canaveral / Space Coast,140,GREEN,GREEN
1773242817542,A2D2-C9B2,FLT-C9B2-001,28.201344,-80.598810,60.9,7.08,0,Mavic 2,false,drone_images/Mavic 2.png,28.195000,-80.605000,28.194500,-80.605300,apolloshield_dji,dji,,,2414500000,RADAR-A2D2-C9B2,Sensor Cape Canaveral / Space Coast,140,GREEN,GREEN
1773242818560,A2D2-C9B2,FLT-C9B2-001,28.201476,-80.598810,60.9,7.08,0,Mavic 2,false,drone_images/Mavic 2.png,28.195000,-80.605000,28.194500,-80.605300,apolloshield_dji,dji,,,2414500000,RADAR-A2D2-C9B2,Sensor Cape Canaveral / Space Coast,140,GREEN,GREEN
1773242819493,A2D2-C9B2,FLT-C9B2-001,28.201476,-80.598810,60.9,7.08,0,Mavic 2,false,drone_images/Mavic 2.png,28.195000,-80.605000,28.194500,-80.605300,apolloshield_dji,dji,,,2414500000,RADAR-A2D2-C9B2,Sensor Cape Canaveral / Space Coast,140,GREEN,GREEN
1773242820543,A2D2-C9B2,FLT-C9B2-001,28.201476,-80.598810,60.9,7.08,0,Mavic 2,false,drone_images/Mavic 2.png,28.195000,-80.605000,28.194500,-80.605300,apolloshield_dji,dji,,,2414500000,RADAR-A2D2-C9B2,Sensor Cape Canaveral / Space Coast,140,GREEN,GREEN
1773242821515,A2D2-C9B2,FLT-C9B2-001,28.201476,-80.598810,60.9,7.08,0,Mavic 2,false,drone_images/Mavic 2.png,28.195000,-80.605000,28.194500,-80.605300,apolloshield_dji,dji,,,2414500000,RADAR-A2D2-C9B2,Sensor Cape Canaveral / Space Coast,140,GREEN,GREEN
1773242822898,A2D2-C9B2,FLT-C9B2-001,28.201476,-80.598810,60.9,7.08,0,Mavic 2,false,drone_images/Mavic 2.png,28.195000,-80.605000,28.194500,-80.605300,apolloshield_dji,dji,,,2414500000,RADAR-A2D2-C9B2,Sensor Cape Canaveral / Space Coast,140,GREEN,GREEN
1773242823811,A2D2-C9B2,FLT-C9B2-001,28.201476,-80.598810,60.9,7.08,0,Mavic 2,false,drone_images/Mavic 2.png,28.195000,-80.605000,28.194500,-80.605300,apolloshield_dji,dji,,,2414500000,RADAR-A2D2-C9B2,Sensor Cape Canaveral / Space Coast,140,GREEN,GREEN
1773242824702,A2D2-C9B2,FLT-C9B2-001,28.201476,-80.598810,60.9,7.08,0,Mavic 2,false,drone_images/Mavic 2.png,28.195000,-80.605000,28.194500,-80.605300,apolloshield_dji,dji,,,2414500000,RADAR-A2D2-C9B2,Sensor Cape Canaveral / Space Coast,140,GREEN,GREEN
1773242825584,A2D2-C9B2,FLT-C9B2-001,28.201476,-80.598810,60.9,7.08,0,Mavic 2,false,drone_images/Mavic 2.png,28.195000,-80.605000,28.194500,-80.605300,apolloshield_dji,dji,,,2414500000,RADAR-A2D2-C9B2,Sensor Cape Canaveral / Space Coast,140,GREEN,GREEN
1773242826615,A2D2-C9B2,FLT-C9B2-001,28.201991,-80.598810,60.9,7.160028,0,Mavic 2,false,drone_images/Mavic 2.png,28.195000,-80.605000,28.194500,-80.605300,apolloshield_dji,dji,,,2414500000,RADAR-A2D2-C9B2,Sensor Cape Canaveral / Space Coast,140,GREEN,GREEN
1773242827674,A2D2-C9B2,FLT-C9B2-001,28.201991,-80.598810,60.9,7.160028,0,Mavic 2,false,drone_images/Mavic 2.png,28.195000,-80.605000,28.194500,-80.605300,apolloshield_dji,dji,,,2414500000,RADAR-A2D2-C9B2,Sensor Cape Canaveral / Space Coast,140,GREEN,GREEN
1773242828757,A2D2-C9B2,FLT-C9B2-001,28.202381,-80.598810,60.9,7.060177,0,Mavic 2,false,drone_images/Mavic 2.png,28.195000,-80.605000,28.194500,-80.605300,apolloshield_dji,dji,,,2414500000,RADAR-A2D2-C9B2,Sensor Cape Canaveral / Space Coast,140,GREEN,GREEN
1773242829720,A2D2-C9B2,FLT-C9B2-001,28.202381,-80.598810,60.9,7.060177,0,Mavic 2,false,drone_images/Mavic 2.png,28.195000,-80.605000,28.194500,-80.605300,apolloshield_dji,dji,,,2414500000,RADAR-A2D2-C9B2,Sensor Cape Canaveral / Space Coast,140,GREEN,GREEN
1773242830816,A2D2-C9B2,FLT-C9B2-001,28.202381,-80.598810,60.9,7.060177,0,Mavic 2,false,drone_images/Mavic 2.png,28.195000,-80.605000,28.194500,-80.605300,apolloshield_dji,dji,,,2414500000,RADAR-A2D2-C9B2,Sensor Cape Canaveral / Space Coast,140,GREEN,GREEN
1773242831846,A2D2-C9B2,FLT-C9B2-001,28.202381,-80.598810,60.9,7.060177,0,Mavic 2,false,drone_images/Mavic 2.png,28.195000,-80.605000,28.194500,-80.605300,apolloshield_dji,dji,,,2414500000,RADAR-A2D2-C9B2,Sensor Cape Canaveral / Space Coast,140,GREEN,GREEN
1773242832796,A2D2-C9B2,FLT-C9B2-001,28.202381,-80.598810,60.9,7.060177,0,Mavic 2,false,drone_images/Mavic 2.png,28.195000,-80.605000,28.194500,-80.605300,apolloshield_dji,dji,,,2414500000,RADAR-A2D2-C9B2,Sensor Cape Canaveral / Space Coast,140,GREEN,GREEN
1773242833748,A2D2-C9B2,FLT-C9B2-001,28.202381,-80.598810,60.9,7.060177,0,Mavic 2,false,drone_images/Mavic 2.png,28.195000,-80.605000,28.194500,-80.605300,apolloshield_dji,dji,,,2414500000,RADAR-A2D2-C9B2,Sensor Cape Canaveral / Space Coast,140,GREEN,GREEN
1773242834762,A2D2-C9B2,FLT-C9B2-001,28.202381,-80.598810,60.9,7.060177,0,Mavic 2,false,drone_images/Mavic 2.png,28.195000,-80.605000,28.194500,-80.605300,apolloshield_dji,dji,,,2414500000,RADAR-A2D2-C9B2,Sensor Cape Canaveral / Space Coast,140,GREEN,GREEN
1773242835794,A2D2-C9B2,FLT-C9B2-001,28.202381,-80.598810,60.9,7.060177,0,Mavic 2,false,drone_images/Mavic 2.png,28.195000,-80.605000,28.194500,-80.605300,apolloshield_dji,dji,,,2414500000,RADAR-A2D2-C9B2,Sensor Cape Canaveral / Space Coast,140,GREEN,GREEN
1773242836783,A2D2-C9B2,FLT-C9B2-001,28.202381,-80.598810,60.9,7.060177,0,Mavic 2,false,drone_images/Mavic 2.png,28.195000,-80.605000,28.194500,-80.605300,apolloshield_dji,dji,,,2414500000,RADAR-A2D2-C9B2,Sensor Cape Canaveral / Space Coast,140,GREEN,GREEN
1773242851626,A2D2-C9B2,FLT-C9B2-001,28.202381,-80.598810,60.9,7.060177,0,Mavic 2,false,drone_images/Mavic 2.png,28.195000,-80.605000,28.194500,-80.605300,apolloshield_dji,dji,,,2414500000,RADAR-A2D2-C9B2,Sensor Cape Canaveral / Space Coast,140,GREEN,GREEN
1773242851840,A2D2-C9B2,FLT-C9B2-001,28.202381,-80.598810,60.9,7.060177,0,Mavic 2,false,drone_images/Mavic 2.png,28.195000,-80.605000,28.194500,-80.605300,apolloshield_dji,dji,,,2414500000,RADAR-A2D2-C9B2,Sensor Cape Canaveral / Space Coast,140,GREEN,GREEN
1773242851841,A2D2-C9B2,FLT-C9B2-001,28.202381,-80.598810,60.9,7.060177,0,Mavic 2,false,drone_images/Mavic 2.png,28.195000,-80.605000,28.194500,-80.605300,apolloshield_dji,dji,,,2414500000,RADAR-A2D2-C9B2,Sensor Cape Canaveral / Space Coast,140,GREEN,GREEN
1773242851842,A2D2-C9B2,FLT-C9B2-001,28.202381,-80.598810,60.9,7.060177,0,Mavic 2,false,drone_images/Mavic 2.png,28.195000,-80.605000,28.194500,-80.605300,apolloshield_dji,dji,,,2414500000,RADAR-A2D2-C9B2,Sensor Cape Canaveral / Space Coast,140,GREEN,GREEN
1773242851842,A2D2-C9B2,FLT-C9B2-001,28.202381,-80.598810,60.9,7.060177,0,Mavic 2,false,drone_images/Mavic 2.png,28.195000,-80.605000,28.194500,-80.605300,apolloshield_dji,dji,,,2414500000,RADAR-A2D2-C9B2,Sensor Cape Canaveral / Space Coast,140,GREEN,GREEN
1773242851843,A2D2-C9B2,FLT-C9B2-001,28.202381,-80.598810,60.9,7.060177,0,Mavic 2,false,drone_images/Mavic 2.png,28.195000,-80.605000,28.194500,-80.605300,apolloshield_dji,dji,,,2414500000,RADAR-A2D2-C9B2,Sensor Cape Canaveral / Space Coast,140,GREEN,GREEN
1773242851843,A2D2-C9B2,FLT-C9B2-001,28.202381,-80.598810,60.9,7.060177,0,Mavic 2,false,drone_images/Mavic 2.png,28.195000,-80.605000,28.194500,-80.605300,apolloshield_dji,dji,,,2414500000,RADAR-A2D2-C9B2,Sensor Cape Canaveral / Space Coast,140,GREEN,GREEN
1773242851844,A2D2-C9B2,FLT-C9B2-001,28.202381,-80.598810,60.9,7.060177,0,Mavic 2,false,drone_images/Mavic 2.png,28.195000,-80.605000,28.194500,-80.605300,apolloshield_dji,dji,,,2414500000,RADAR-A2D2-C9B2,Sensor Cape Canaveral / Space Coast,140,GREEN,GREEN
1773242851849,A2D2-C9B2,FLT-C9B2-001,28.202381,-80.598810,60.9,7.060177,0,Mavic 2,false,drone_images/Mavic 2.png,28.195000,-80.605000,28.194500,-80.605300,apolloshield_dji,dji,,,2414500000,RADAR-A2D2-C9B2,Sensor Cape Canaveral / Space Coast,140,GREEN,GREEN
1773242851850,A2D2-C9B2,FLT-C9B2-001,28.202381,-80.598810,60.9,7.060177,0,Mavic 2,false,drone_images/Mavic 2.png,28.195000,-80.605000,28.194500,-80.605300,apolloshield_dji,dji,,,2414500000,RADAR-A2D2-C9B2,Sensor Cape Canaveral / Space Coast,140,GREEN,GREEN
1773242851851,A2D2-C9B2,FLT-C9B2-001,28.202381,-80.598810,60.9,7.060177,0,Mavic 2,false,drone_images/Mavic 2.png,28.195000,-80.605000,28.194500,-80.605300,apolloshield_dji,dji,,,2414500000,RADAR-A2D2-C9B2,Sensor Cape Canaveral / Space Coast,140,GREEN,GREEN
1773242879357,A2D2-C9B2,FLT-C9B2-001,28.202381,-80.598810,60.9,16,0,Mavic 2,false,drone_images/Mavic 2.png,28.195000,-80.605000,28.194500,-80.605300,apolloshield_dji,dji,,,2414500000,RADAR-A2D2-C9B2,Sensor Cape Canaveral / Space Coast,140,GREEN,GREEN
1773242880519,A2D2-C9B2,FLT-C9B2-001,28.202381,-80.598810,60.9,7.060177,0,Mavic 2,false,drone_images/Mavic 2.png,28.195000,-80.605000,28.194500,-80.605300,apolloshield_dji,dji,,,2414500000,RADAR-A2D2-C9B2,Sensor Cape Canaveral / Space Coast,140,GREEN,GREEN
1773242881531,A2D2-C9B2,FLT-C9B2-001,28.202381,-80.598810,60.9,7.060177,0,Mavic 2,false,drone_images/Mavic 2.png,28.195000,-80.605000,28.194500,-80.605300,apolloshield_dji,dji,,,2414500000,RADAR-A2D2-C9B2,Sensor Cape Canaveral / Space Coast,140,GREEN,GREEN
1773242882662,A2D2-C9B2,FLT-C9B2-001,28.202381,-80.598810,60.9,7.060177,0,Mavic 2,false,drone_images/Mavic 2.png,28.195000,-80.605000,28.194500,-80.605300,apolloshield_dji,dji,,,2414500000,RADAR-A2D2-C9B2,Sensor Cape Canaveral / Space Coast,140,GREEN,GREEN
1773242883575,A2D2-C9B2,FLT-C9B2-001,28.202381,-80.598810,60.9,7.060177,0,Mavic 2,false,drone_images/Mavic 2.png,28.195000,-80.605000,28.194500,-80.605300,apolloshield_dji,dji,,,2414500000,RADAR-A2D2-C9B2,Sensor Cape Canaveral / Space Coast,140,GREEN,GREEN
1773242884664,A2D2-C9B2,FLT-C9B2-001,28.204363,-80.598300,61,4.0798283,0,Mavic 2,false,drone_images/Mavic 2.png,28.195000,-80.605000,28.194500,-80.605300,apolloshield_dji,dji,,,2414500000,RADAR-A2D2-C9B2,Sensor Cape Canaveral / Space Coast,140,GREEN,GREEN
1773242885623,A2D2-C9B2,FLT-C9B2-001,28.204363,-80.598300,61,4.0798283,0,Mavic 2,false,drone_images/Mavic 2.png,28.195000,-80.605000,28.194500,-80.605300,apolloshield_dji,dji,,,2414500000,RADAR-A2D2-C9B2,Sensor Cape Canaveral / Space Coast,140,GREEN,GREEN
1773242886560,A2D2-C9B2,FLT-C9B2-001,28.204255,-80.598111,60.9,10.237016,0,Mavic 2,false,drone_images/Mavic 2.png,28.195000,-80.605000,28.194500,-80.605300,apolloshield_dji,dji,,,2414500000,RADAR-A2D2-C9B2,Sensor Cape Canaveral / Space Coast,140,GREEN,GREEN
1773242887529,A2D2-C9B2,FLT-C9B2-001,28.204255,-80.598111,60.9,10.237016,0,Mavic 2,false,drone_images/Mavic 2.png,28.195000,-80.605000,28.194500,-80.605300,apolloshield_dji,dji,,,2414500000,RADAR-A2D2-C9B2,Sensor Cape Canaveral / Space Coast,140,GREEN,GREEN
1773242888545,A2D2-C9B2,FLT-C9B2-001,28.204255,-80.598111,60.9,10.237016,0,Mavic 2,false,drone_images/Mavic 2.png,28.195000,-80.605000,28.194500,-80.605300,apolloshield_dji,dji,,,2414500000,RADAR-A2D2-C9B2,Sensor Cape Canaveral / Space Coast,140,GREEN,GREEN
1773242889661,A2D2-C9B2,FLT-C9B2-001,28.204255,-80.598111,60.9,10.237016,0,Mavic 2,false,drone_images/Mavic 2.png,28.195000,-80.605000,28.194500,-80.605300,apolloshield_dji,dji,,,2414500000,RADAR-A2D2-C9B2,Sensor Cape Canaveral / Space Coast,140,GREEN,GREEN
1773242890603,A2D2-C9B2,FLT-C9B2-001,28.204255,-80.598111,60.9,10.237016,0,Mavic 2,false,drone_images/Mavic 2.png,28.195000,-80.605000,28.194500,-80.605300,apolloshield_dji,dji,,,2414500000,RADAR-A2D2-C9B2,Sensor Cape Canaveral / Space Coast,140,GREEN,GREEN
1773242891698,A2D2-C9B2,FLT-C9B2-001,28.204255,-80.598111,60.9,10.237016,0,Mavic 2,false,drone_images/Mavic 2.png,28.195000,-80.605000,28.194500,-80.605300,apolloshield_dji,dji,,,2414500000,RADAR-A2D2-C9B2,Sensor Cape Canaveral / Space Coast,140,GREEN,GREEN
1773242892625,A2D2-C9B2,FLT-C9B2-001,28.204255,-80.598111,60.9,10.237016,0,Mavic 2,false,drone_images/Mavic 2.png,28.195000,-80.605000,28.194500,-80.605300,apolloshield_dji,dji,,,2414500000,RADAR-A2D2-C9B2,Sensor Cape Canaveral / Space Coast,140,GREEN,GREEN
1773242893640,A2D2-C9B2,FLT-C9B2-001,28.204255,-80.598111,60.9,10.237016,0,Mavic 2,false,drone_images/Mavic 2.png,28.195000,-80.605000,28.194500,-80.605300,apolloshield_dji,dji,,,2414500000,RADAR-A2D2-C9B2,Sensor Cape Canaveral / Space Coast,140,GREEN,GREEN
1773242894722,A2D2-C9B2,FLT-C9B2-001,28.204255,-80.598111,60.9,10.237016,0,Mavic 2,false,drone_images/Mavic 2.png,28.195000,-80.605000,28.194500,-80.605300,apolloshield_dji,dji,,,2414500000,RADAR-A2D2-C9B2,Sensor Cape Canaveral / Space Coast,140,GREEN,GREEN
1773242895738,A2D2-C9B2,FLT-C9B2-001,28.204255,-80.598111,60.9,10.237016,0,Mavic 2,false,drone_images/Mavic 2.png,28.195000,-80.605000,28.194500,-80.605300,apolloshield_dji,dji,,,2414500000,RADAR-A2D2-C9B2,Sensor Cape Canaveral / Space Coast,140,GREEN,GREEN
1773242896800,A2D2-C9B2,FLT-C9B2-001,28.204255,-80.598111,60.9,10.237016,0,Mavic 2,false,drone_images/Mavic 2.png,28.195000,-80.605000,28.194500,-80.605300,apolloshield_dji,dji,,,2414500000,RADAR-A2D2-C9B2,Sensor Cape Canaveral / Space Coast,140,GREEN,GREEN
1773242897766,A2D2-C9B2,FLT-C9B2-001,28.204255,-80.598111,60.9,10.237016,0,Mavic 2,false,drone_images/Mavic 2.png,28.195000,-80.605000,28.194500,-80.605300,apolloshield_dji,dji,,,2414500000,RADAR-A2D2-C9B2,Sensor Cape Canaveral / Space Coast,140,GREEN,GREEN
1773242912242,A2D2-C9B2,FLT-C9B2-001,28.204255,-80.598111,60.9,10.237016,0,Mavic 2,false,drone_images/Mavic 2.png,28.195000,-80.605000,28.194500,-80.605300,apolloshield_dji,dji,,,2414500000,RADAR-A2D2-C9B2,Sensor Cape Canaveral / Space Coast,140,GREEN,GREEN
1773242912447,A2D2-C9B2,FLT-C9B2-001,28.204255,-80.598111,60.9,10.237016,0,Mavic 2,false,drone_images/Mavic 2.png,28.195000,-80.605000,28.194500,-80.605300,apolloshield_dji,dji,,,2414500000,RADAR-A2D2-C9B2,Sensor Cape Canaveral / Space Coast,140,GREEN,GREEN
1773242912448,A2D2-C9B2,FLT-C9B2-001,28.204255,-80.598111,60.9,10.237016,0,Mavic 2,false,drone_images/Mavic 2.png,28.195000,-80.605000,28.194500,-80.605300,apolloshield_dji,dji,,,2414500000,RADAR-A2D2-C9B2,Sensor Cape Canaveral / Space Coast,140,GREEN,GREEN
1773242912451,A2D2-C9B2,FLT-C9B2-001,28.204255,-80.598111,60.9,10.237016,0,Mavic 2,false,drone_images/Mavic 2.png,28.195000,-80.605000,28.194500,-80.605300,apolloshield_dji,dji,,,2414500000,RADAR-A2D2-C9B2,Sensor Cape Canaveral / Space Coast,140,GREEN,GREEN
1773242912457,A2D2-C9B2,FLT-C9B2-001,28.204255,-80.598111,60.9,10.237016,0,Mavic 2,false,drone_images/Mavic 2.png,28.195000,-80.605000,28.194500,-80.605300,apolloshield_dji,dji,,,2414500000,RADAR-A2D2-C9B2,Sensor Cape Canaveral / Space Coast,140,GREEN,GREEN
1773242912463,A2D2-C9B2,FLT-C9B2-001,28.204255,-80.598111,60.9,10.237016,0,Mavic 2,false,drone_images/Mavic 2.png,28.195000,-80.605000,28.194500,-80.605300,apolloshield_dji,dji,,,2414500000,RADAR-A2D2-C9B2,Sensor Cape Canaveral / Space Coast,140,GREEN,GREEN
1773242912466,A2D2-C9B2,FLT-C9B2-001,28.204255,-80.598111,60.9,10.237016,0,Mavic 2,false,drone_images/Mavic 2.png,28.195000,-80.605000,28.194500,-80.605300,apolloshield_dji,dji,,,2414500000,RADAR-A2D2-C9B2,Sensor Cape Canaveral / Space Coast,140,GREEN,GREEN
1773242912468,A2D2-C9B2,FLT-C9B2-001,28.204255,-80.598111,60.9,10.237016,0,Mavic 2,false,drone_images/Mavic 2.png,28.195000,-80.605000,28.194500,-80.605300,apolloshield_dji,dji,,,2414500000,RADAR-A2D2-C9B2,Sensor Cape Canaveral / Space Coast,140,GREEN,GREEN
1773242912476,A2D2-C9B2,FLT-C9B2-001,28.204255,-80.598111,60.9,10.237016,0,Mavic 2,false,drone_images/Mavic 2.png,28.195000,-80.605000,28.194500,-80.605300,apolloshield_dji,dji,,,2414500000,RADAR-A2D2-C9B2,Sensor Cape Canaveral / Space Coast,140,GREEN,GREEN
1773242912477,A2D2-C9B2,FLT-C9B2-001,28.204255,-80.598111,60.9,10.237016,0,Mavic 2,false,drone_images/Mavic 2.png,28.195000,-80.605000,28.194500,-80.605300,apolloshield_dji,dji,,,2414500000,RADAR-A2D2-C9B2,Sensor Cape Canaveral / Space Coast,140,GREEN,GREEN
1773242912478,A2D2-C9B2,FLT-C9B2-001,28.204255,-80.598111,60.9,10.237016,0,Mavic 2,false,drone_images/Mavic 2.png,28.195000,-80.605000,28.194500,-80.605300,apolloshield_dji,dji,,,2414500000,RADAR-A2D2-C9B2,Sensor Cape Canaveral / Space Coast,140,GREEN,GREEN
1773242912479,A2D2-C9B2,FLT-C9B2-001,28.204255,-80.598111,60.9,10.237016,0,Mavic 2,false,drone_images/Mavic 2.png,28.195000,-80.605000,28.194500,-80.605300,apolloshield_dji,dji,,,2414500000,RADAR-A2D2-C9B2,Sensor Cape Canaveral / Space Coast,140,GREEN,GREEN
1773242912480,A2D2-C9B2,FLT-C9B2-001,28.204255,-80.598111,60.9,10.237016,0,Mavic 2,false,drone_images/Mavic 2.png,28.195000,-80.605000,28.194500,-80.605300,apolloshield_dji,dji,,,2414500000,RADAR-A2D2-C9B2,Sensor Cape Canaveral / Space Coast,140,GREEN,GREEN
1773242912481,A2D2-C9B2,FLT-C9B2-001,28.202902,-80.595819,61,1.7586643,0,Mavic 2,false,drone_images/Mavic 2.png,28.195000,-80.605000,28.194500,-80.605300,apolloshield_dji,dji,,,2414500000,RADAR-A2D2-C9B2,Sensor Cape Canaveral / Space Coast,140,GREEN,GREEN
1773242913388,A2D2-C9B2,FLT-C9B2-001,28.202902,-80.595819,61,1.7808986,0,Mavic 2,false,drone_images/Mavic 2.png,28.195000,-80.605000,28.194500,-80.605300,apolloshield_dji,dji,,,2414500000,RADAR-A2D2-C9B2,Sensor Cape Canaveral / Space Coast,140,GREEN,GREEN
1773242914455,A2D2-C9B2,FLT-C9B2-001,28.202902,-80.595819,61,1.7808986,0,Mavic 2,false,drone_images/Mavic 2.png,28.195000,-80.605000,28.194500,-80.605300,apolloshield_dji,dji,,,2414500000,RADAR-A2D2-C9B2,Sensor Cape Canaveral / Space Coast,140,GREEN,GREEN
1773242915510,A2D2-C9B2,FLT-C9B2-001,28.202902,-80.595819,61,1.7808986,0,Mavic 2,false,drone_images/Mavic 2.png,28.195000,-80.605000,28.194500,-80.605300,apolloshield_dji,dji,,,2414500000,RADAR-A2D2-C9B2,Sensor Cape Canaveral / Space Coast,140,GREEN,GREEN
1773242916472,A2D2-C9B2,FLT-C9B2-001,28.202868,-80.595756,61,1.8388312,0,Mavic 2,false,drone_images/Mavic 2.png,28.195000,-80.605000,28.194500,-80.605300,apolloshield_dji,dji,,,2414500000,RADAR-A2D2-C9B2,Sensor Cape Canaveral / Space Coast,140,GREEN,GREEN
1773242917474,A2D2-C9B2,FLT-C9B2-001,28.202868,-80.595756,61,1.8388312,0,Mavic 2,false,drone_images/Mavic 2.png,28.195000,-80.605000,28.194500,-80.605300,apolloshield_dji,dji,,,2414500000,RADAR-A2D2-C9B2,Sensor Cape Canaveral / Space Coast,140,GREEN,GREEN
1773242918618,A2D2-C9B2,FLT-C9B2-001,28.202868,-80.595756,61,1.9197136,0,Mavic 2,false,drone_images/Mavic 2.png,28.195000,-80.605000,28.194500,-80.605300,apolloshield_dji,dji,,,2414500000,RADAR-A2D2-C9B2,Sensor Cape Canaveral / Space Coast,140,GREEN,GREEN
1773242919797,A2D2-C9B2,FLT-C9B2-001,28.202868,-80.595756,61,1.4811145,0,Mavic 2,false,drone_images/Mavic 2.png,28.195000,-80.605000,28.194500,-80.605300,apolloshield_dji,dji,,,2414500000,RADAR-A2D2-C9B2,Sensor Cape Canaveral / Space Coast,140,GREEN,GREEN
1773242920702,A2D2-C9B2,FLT-C9B2-001,28.202828,-80.595693,61,0.23853722,0,Mavic 2,false,drone_images/Mavic 2.png,28.195000,-80.605000,28.194500,-80.605300,apolloshield_dji,dji,,,2414500000,RADAR-A2D2-C9B2,Sensor Cape Canaveral / Space Coast,140,GREEN,GREEN
1773242921686,A2D2-C9B2,FLT-C9B2-001,28.202828,-80.595693,61,0.23853722,0,Mavic 2,false,drone_images/Mavic 2.png,28.195000,-80.605000,28.194500,-80.605300,apolloshield_dji,dji,,,2414500000,RADAR-A2D2-C9B2,Sensor Cape Canaveral / Space Coast,140,GREEN,GREEN
1773242922550,A2D2-C9B2,FLT-C9B2-001,28.202828,-80.595693,61,0.23853722,0,Mavic 2,false,drone_images/Mavic 2.png,28.195000,-80.605000,28.194500,-80.605300,apolloshield_dji,dji,,,2414500000,RADAR-A2D2-C9B2,Sensor Cape Canaveral / Space Coast,140,GREEN,GREEN
1773242923578,A2D2-C9B2,FLT-C9B2-001,28.202828,-80.595693,61,0.23853722,0,Mavic 2,false,drone_images/Mavic 2.png,28.195000,-80.605000,28.194500,-80.605300,apolloshield_dji,dji,,,2414500000,RADAR-A2D2-C9B2,Sensor Cape Canaveral / Space Coast,140,GREEN,GREEN
1773242924630,A2D2-C9B2,FLT-C9B2-001,28.202828,-80.595693,61,0.23853722,0,Mavic 2,false,drone_images/Mavic 2.png,28.195000,-80.605000,28.194500,-80.605300,apolloshield_dji,dji,,,2414500000,RADAR-A2D2-C9B2,Sensor Cape Canaveral / Space Coast,140,GREEN,GREEN
1773242925631,A2D2-C9B2,FLT-C9B2-001,28.202828,-80.595693,61,16,0,Mavic 2,false,drone_images/Mavic 2.png,28.195000,-80.605000,28.194500,-80.605300,apolloshield_dji,dji,,,2414500000,RADAR-A2D2-C9B2,Sensor Cape Canaveral / Space Coast,140,GREEN,GREEN
1773242927223,A2D2-C9B2,FLT-C9B2-001,28.202828,-80.595693,61,16,0,Mavic 2,false,drone_images/Mavic 2.png,28.195000,-80.605000,28.194500,-80.605300,apolloshield_dji,dji,,,2414500000,RADAR-A2D2-C9B2,Sensor Cape Canaveral / Space Coast,140,GREEN,GREEN
1773242927684,A2D2-C9B2,FLT-C9B2-001,28.202828,-80.595693,61,16,0,Mavic 2,false,drone_images/Mavic 2.png,28.195000,-80.605000,28.194500,-80.605300,apolloshield_dji,dji,,,2414500000,RADAR-A2D2-C9B2,Sensor Cape Canaveral / Space Coast,140,GREEN,GREEN
1773242928695,A2D2-C9B2,FLT-C9B2-001,28.202828,-80.595693,61,16,0,Mavic 2,false,drone_images/Mavic 2.png,28.195000,-80.605000,28.194500,-80.605300,apolloshield_dji,dji,,,2414500000,RADAR-A2D2-C9B2,Sensor Cape Canaveral / Space Coast,140,GREEN,GREEN
1773242929786,A2D2-C9B2,FLT-C9B2-001,28.202828,-80.595693,61,16,0,Mavic 2,false,drone_images/Mavic 2.png,28.195000,-80.605000,28.194500,-80.605300,apolloshield_dji,dji,,,2414500000,RADAR-A2D2-C9B2,Sensor Cape Canaveral / Space Coast,140,GREEN,GREEN
1773242930793,A2D2-C9B2,FLT-C9B2-001,28.202828,-80.595693,61,16,0,Mavic 2,false,drone_images/Mavic 2.png,28.195000,-80.605000,28.194500,-80.605300,apolloshield_dji,dji,,,2414500000,RADAR-A2D2-C9B2,Sensor Cape Canaveral / Space Coast,140,GREEN,GREEN
1773242931732,A2D2-C9B2,FLT-C9B2-001,28.202828,-80.595693,61,16,0,Mavic 2,false,drone_images/Mavic 2.png,28.195000,-80.605000,28.194500,-80.605300,apolloshield_dji,dji,,,2414500000,RADAR-A2D2-C9B2,Sensor Cape Canaveral / Space Coast,140,GREEN,GREEN
1773242932794,A2D2-C9B2,FLT-C9B2-001,28.202828,-80.595693,61,16,0,Mavic 2,false,drone_images/Mavic 2.png,28.195000,-80.605000,28.194500,-80.605300,apolloshield_dji,dji,,,2414500000,RADAR-A2D2-C9B2,Sensor Cape Canaveral / Space Coast,140,GREEN,GREEN
1773242933795,A2D2-C9B2,FLT-C9B2-001,28.202828,-80.595693,61,16,0,Mavic 2,false,drone_images/Mavic 2.png,28.195000,-80.605000,28.194500,-80.605300,apolloshield_dji,dji,,,2414500000,RADAR-A2D2-C9B2,Sensor Cape Canaveral / Space Coast,140,GREEN,GREEN
1773242934690,A2D2-C9B2,FLT-C9B2-001,28.202828,-80.595693,61,16,0,Mavic 2,false,drone_images/Mavic 2.png,28.195000,-80.605000,28.194500,-80.605300,apolloshield_dji,dji,,,2414500000,RADAR-A2D2-C9B2,Sensor Cape Canaveral / Space Coast,140,GREEN,GREEN
1773242935785,A2D2-C9B2,FLT-C9B2-001,28.202828,-80.595693,61,16,0,Mavic 2,false,drone_images/Mavic 2.png,28.195000,-80.605000,28.194500,-80.605300,apolloshield_dji,dji,,,2414500000,RADAR-A2D2-C9B2,Sensor Cape Canaveral / Space Coast,140,GREEN,GREEN
1773242937224,A2D2-C9B2,FLT-C9B2-001,28.202828,-80.595693,61,16,0,Mavic 2,false,drone_images/Mavic 2.png,28.195000,-80.605000,28.194500,-80.605300,apolloshield_dji,dji,,,2414500000,RADAR-A2D2-C9B2,Sensor Cape Canaveral / Space Coast,140,GREEN,GREEN
1773242937868,A2D2-C9B2,FLT-C9B2-001,28.202828,-80.595693,61,16,0,Mavic 2,false,drone_images/Mavic 2.png,28.195000,-80.605000,28.194500,-80.605300,apolloshield_dji,dji,,,2414500000,RADAR-A2D2-C9B2,Sensor Cape Canaveral / Space Coast,140,GREEN,GREEN
1773242938824,A2D2-C9B2,FLT-C9B2-001,28.202828,-80.595693,61,16,0,Mavic 2,false,drone_images/Mavic 2.png,28.195000,-80.605000,28.194500,-80.605300,apolloshield_dji,dji,,,2414500000,RADAR-A2D2-C9B2,Sensor Cape Canaveral / Space Coast,140,GREEN,GREEN
1773242940435,A2D2-C9B2,FLT-C9B2-001,28.202828,-80.595693,61,16,0,Mavic 2,false,drone_images/Mavic 2.png,28.195000,-80.605000,28.194500,-80.605300,apolloshield_dji,dji,,,2414500000,RADAR-A2D2-C9B2,Sensor Cape Canaveral / Space Coast,140,GREEN,GREEN
1773242940881,A2D2-C9B2,FLT-C9B2-001,28.202828,-80.595693,61,16,0,Mavic 2,false,drone_images/Mavic 2.png,28.195000,-80.605000,28.194500,-80.605300,apolloshield_dji,dji,,,2414500000,RADAR-A2D2-C9B2,Sensor Cape Canaveral / Space Coast,140,GREEN,GREEN
1773242941827,A2D2-C9B2,FLT-C9B2-001,28.202828,-80.595693,61,16,0,Mavic 2,false,drone_images/Mavic 2.png,28.195000,-80.605000,28.194500,-80.605300,apolloshield_dji,dji,,,2414500000,RADAR-A2D2-C9B2,Sensor Cape Canaveral / Space Coast,140,GREEN,GREEN
1773242942951,A2D2-C9B2,FLT-C9B2-001,28.202828,-80.595693,61,16,0,Mavic 2,false,drone_images/Mavic 2.png,28.195000,-80.605000,28.194500,-80.605300,apolloshield_dji,dji,,,2414500000,RADAR-A2D2-C9B2,Sensor Cape Canaveral / Space Coast,140,GREEN,GREEN
1773242943923,A2D2-C9B2,FLT-C9B2-001,28.202828,-80.595693,61,16,0,Mavic 2,false,drone_images/Mavic 2.png,28.195000,-80.605000,28.194500,-80.605300,apolloshield_dji,dji,,,2414500000,RADAR-A2D2-C9B2,Sensor Cape Canaveral / Space Coast,140,GREEN,GREEN
1773242944928,A2D2-C9B2,FLT-C9B2-001,28.202828,-80.595693,61,16,0,Mavic 2,false,drone_images/Mavic 2.png,28.195000,-80.605000,28.194500,-80.605300,apolloshield_dji,dji,,,2414500000,RADAR-A2D2-C9B2,Sensor Cape Canaveral / Space Coast,140,GREEN,GREEN
1773243074397,A2D2-C9B2,FLT-C9B2-001,28.202948,-80.595928,60.9,16,0,Mavic 2,false,drone_images/Mavic 2.png,28.195000,-80.605000,28.194500,-80.605300,apolloshield_dji,dji,,,2414500000,RADAR-A2D2-C9B2,Sensor Cape Canaveral / Space Coast,140,GREEN,GREEN
1773243075444,A2D2-C9B2,FLT-C9B2-001,28.202948,-80.595928,60.9,8.434986,0,Mavic 2,false,drone_images/Mavic 2.png,28.195000,-80.605000,28.194500,-80.605300,apolloshield_dji,dji,,,2414500000,RADAR-A2D2-C9B2,Sensor Cape Canaveral / Space Coast,140,GREEN,GREEN
1773243076619,A2D2-C9B2,FLT-C9B2-001,28.202948,-80.595928,60.9,8.434986,0,Mavic 2,false,drone_images/Mavic 2.png,28.195000,-80.605000,28.194500,-80.605300,apolloshield_dji,dji,,,2414500000,RADAR-A2D2-C9B2,Sensor Cape Canaveral / Space Coast,140,GREEN,GREEN
1773243077593,A2D2-C9B2,FLT-C9B2-001,28.202948,-80.595928,60.9,8.434986,0,Mavic 2,false,drone_images/Mavic 2.png,28.195000,-80.605000,28.194500,-80.605300,apolloshield_dji,dji,,,2414500000,RADAR-A2D2-C9B2,Sensor Cape Canaveral / Space Coast,140,GREEN,GREEN
1773243078429,A2D2-C9B2,FLT-C9B2-001,28.202948,-80.595928,60.9,8.434986,0,Mavic 2,false,drone_images/Mavic 2.png,28.195000,-80.605000,28.194500,-80.605300,apolloshield_dji,dji,,,2414500000,RADAR-A2D2-C9B2,Sensor Cape Canaveral / Space Coast,140,GREEN,GREEN
1773243093516,A2D2-C9B2,FLT-C9B2-001,28.202948,-80.595928,60.9,9.968977,0,Mavic 2,false,drone_images/Mavic 2.png,28.195000,-80.605000,28.194500,-80.605300,apolloshield_dji,dji,,,2414500000,RADAR-A2D2-C9B2,Sensor Cape Canaveral / Space Coast,140,GREEN,GREEN
1773243093813,A2D2-C9B2,FLT-C9B2-001,28.203160,-80.596375,60.9,9.968977,0,Mavic 2,false,drone_images/Mavic 2.png,28.195000,-80.605000,28.194500,-80.605300,apolloshield_dji,dji,,,2414500000,RADAR-A2D2-C9B2,Sensor Cape Canaveral / Space Coast,140,GREEN,GREEN
1773243093814,A2D2-C9B2,FLT-C9B2-001,28.203160,-80.596375,60.9,9.9154825,0,Mavic 2,false,drone_images/Mavic 2.png,28.195000,-80.605000,28.194500,-80.605300,apolloshield_dji,dji,,,2414500000,RADAR-A2D2-C9B2,Sensor Cape Canaveral / Space Coast,140,GREEN,GREEN
1773243093815,A2D2-C9B2,FLT-C9B2-001,28.203246,-80.596552,60.9,9.9154825,0,Mavic 2,false,drone_images/Mavic 2.png,28.195000,-80.605000,28.194500,-80.605300,apolloshield_dji,dji,,,2414500000,RADAR-A2D2-C9B2,Sensor Cape Canaveral / Space Coast,140,GREEN,GREEN
1773243093816,A2D2-C9B2,FLT-C9B2-001,28.203246,-80.596552,60.9,9.9154825,0,Mavic 2,false,drone_images/Mavic 2.png,28.195000,-80.605000,28.194500,-80.605300,apolloshield_dji,dji,,,2414500000,RADAR-A2D2-C9B2,Sensor Cape Canaveral / Space Coast,140,GREEN,GREEN
1773243093817,A2D2-C9B2,FLT-C9B2-001,28.203246,-80.596552,60.9,9.9154825,0,Mavic 2,false,drone_images/Mavic 2.png,28.195000,-80.605000,28.194500,-80.605300,apolloshield_dji,dji,,,2414500000,RADAR-A2D2-C9B2,Sensor Cape Canaveral / Space Coast,140,GREEN,GREEN
1773243093819,A2D2-C9B2,FLT-C9B2-001,28.203246,-80.596552,60.9,9.9154825,0,Mavic 2,false,drone_images/Mavic 2.png,28.195000,-80.605000,28.194500,-80.605300,apolloshield_dji,dji,,,2414500000,RADAR-A2D2-C9B2,Sensor Cape Canaveral / Space Coast,140,GREEN,GREEN
1773243093819,A2D2-C9B2,FLT-C9B2-001,28.203464,-80.596999,60.9,9.90669,0,Mavic 2,false,drone_images/Mavic 2.png,28.195000,-80.605000,28.194500,-80.605300,apolloshield_dji,dji,,,2414500000,RADAR-A2D2-C9B2,Sensor Cape Canaveral / Space Coast,140,GREEN,GREEN
1773243094086,A2D2-C9B2,FLT-C9B2-001,28.203464,-80.596999,60.9,9.925019,0,Mavic 2,false,drone_images/Mavic 2.png,28.195000,-80.605000,28.194500,-80.605300,apolloshield_dji,dji,,,2414500000,RADAR-A2D2-C9B2,Sensor Cape Canaveral / Space Coast,140,GREEN,GREEN
1773243094086,A2D2-C9B2,FLT-C9B2-001,28.203504,-80.597085,60.9,9.925019,0,Mavic 2,false,drone_images/Mavic 2.png,28.195000,-80.605000,28.194500,-80.605300,apolloshield_dji,dji,,,2414500000,RADAR-A2D2-C9B2,Sensor Cape Canaveral / Space Coast,140,GREEN,GREEN
1773243094089,A2D2-C9B2,FLT-C9B2-001,28.203504,-80.597085,60.9,9.925019,0,Mavic 2,false,drone_images/Mavic 2.png,28.195000,-80.605000,28.194500,-80.605300,apolloshield_dji,dji,,,2414500000,RADAR-A2D2-C9B2,Sensor Cape Canaveral / Space Coast,140,GREEN,GREEN
1773243094090,A2D2-C9B2,FLT-C9B2-001,28.203636,-80.597354,60.9,9.953814,0,Mavic 2,false,drone_images/Mavic 2.png,28.195000,-80.605000,28.194500,-80.605300,apolloshield_dji,dji,,,2414500000,RADAR-A2D2-C9B2,Sensor Cape Canaveral / Space Coast,140,GREEN,GREEN
1773243094093,A2D2-C9B2,FLT-C9B2-001,28.203636,-80.597354,60.9,9.953814,0,Mavic 2,false,drone_images/Mavic 2.png,28.195000,-80.605000,28.194500,-80.605300,apolloshield_dji,dji,,,2414500000,RADAR-A2D2-C9B2,Sensor Cape Canaveral / Space Coast,140,GREEN,GREEN
1773243094098,A2D2-C9B2,FLT-C9B2-001,28.203636,-80.597354,60.9,9.953814,0,Mavic 2,false,drone_images/Mavic 2.png,28.195000,-80.605000,28.194500,-80.605300,apolloshield_dji,dji,,,2414500000,RADAR-A2D2-C9B2,Sensor Cape Canaveral / Space Coast,140,GREEN,GREEN
1773243094101,A2D2-C9B2,FLT-C9B2-001,28.203636,-80.597354,60.9,9.953814,0,Mavic 2,false,drone_images/Mavic 2.png,28.195000,-80.605000,28.194500,-80.605300,apolloshield_dji,dji,,,2414500000,RADAR-A2D2-C9B2,Sensor Cape Canaveral / Space Coast,140,GREEN,GREEN
1773243094795,A2D2-C9B2,FLT-C9B2-001,28.203636,-80.597354,60.9,9.953814,0,Mavic 2,false,drone_images/Mavic 2.png,28.195000,-80.605000,28.194500,-80.605300,apolloshield_dji,dji,,,2414500000,RADAR-A2D2-C9B2,Sensor Cape Canaveral / Space Coast,140,GREEN,GREEN
1773243095858,A2D2-C9B2,FLT-C9B2-001,28.203636,-80.597354,60.9,9.953814,0,Mavic 2,false,drone_images/Mavic 2.png,28.195000,-80.605000,28.194500,-80.605300,apolloshield_dji,dji,,,2414500000,RADAR-A2D2-C9B2,Sensor Cape Canaveral / Space Coast,140,GREEN,GREEN
1773243096784,A2D2-C9B2,FLT-C9B2-001,28.203636,-80.597354,60.9,9.953814,0,Mavic 2,false,drone_images/Mavic 2.png,28.195000,-80.605000,28.194500,-80.605300,apolloshield_dji,dji,,,2414500000,RADAR-A2D2-C9B2,Sensor Cape Canaveral / Space Coast,140,GREEN,GREEN
1773243097892,A2D2-C9B2,FLT-C9B2-001,28.203636,-80.597354,60.9,9.953814,0,Mavic 2,false,drone_images/Mavic 2.png,28.195000,-80.605000,28.194500,-80.605300,apolloshield_dji,dji,,,2414500000,RADAR-A2D2-C9B2,Sensor Cape Canaveral / Space Coast,140,GREEN,GREEN
1773243098889,A2D2-C9B2,FLT-C9B2-001,28.203939,-80.597985,60.9,9.925019,0,Mavic 2,false,drone_images/Mavic 2.png,28.195000,-80.605000,28.194500,-80.605300,apolloshield_dji,dji,,,2414500000,RADAR-A2D2-C9B2,Sensor Cape Canaveral / Space Coast,140,GREEN,GREEN
1773243099952,A2D2-C9B2,FLT-C9B2-001,28.203939,-80.597985,60.9,9.925019,0,Mavic 2,false,drone_images/Mavic 2.png,28.195000,-80.605000,28.194500,-80.605300,apolloshield_dji,dji,,,2414500000,RADAR-A2D2-C9B2,Sensor Cape Canaveral / Space Coast,140,GREEN,GREEN
1773243100945,A2D2-C9B2,FLT-C9B2-001,28.204065,-80.598248,60.9,9.320869,0,Mavic 2,false,drone_images/Mavic 2.png,28.195000,-80.605000,28.194500,-80.605300,apolloshield_dji,dji,,,2414500000,RADAR-A2D2-C9B2,Sensor Cape Canaveral / Space Coast,140,GREEN,GREEN
1773243101899,A2D2-C9B2,FLT-C9B2-001,28.204065,-80.598248,60.9,9.320869,0,Mavic 2,false,drone_images/Mavic 2.png,28.195000,-80.605000,28.194500,-80.605300,apolloshield_dji,dji,,,2414500000,RADAR-A2D2-C9B2,Sensor Cape Canaveral / Space Coast,140,GREEN,GREEN
1773243102965,A2D2-C9B2,FLT-C9B2-001,28.204065,-80.598248,60.9,0.14422205,0,Mavic 2,false,drone_images/Mavic 2.png,28.195000,-80.605000,28.194500,-80.605300,apolloshield_dji,dji,,,2414500000,RADAR-A2D2-C9B2,Sensor Cape Canaveral / Space Coast,140,GREEN,GREEN
1773243104049,A2D2-C9B2,FLT-C9B2-001,28.204123,-80.598374,60.9,0.14422205,0,Mavic 2,false,drone_images/Mavic 2.png,28.195000,-80.605000,28.194500,-80.605300,apolloshield_dji,dji,,,2414500000,RADAR-A2D2-C9B2,Sensor Cape Canaveral / Space Coast,140,GREEN,GREEN
1773243105189,A2D2-C9B2,FLT-C9B2-001,28.204123,-80.598374,60.9,0.14422205,0,Mavic 2,false,drone_images/Mavic 2.png,28.195000,-80.605000,28.194500,-80.605300,apolloshield_dji,dji,,,2414500000,RADAR-A2D2-C9B2,Sensor Cape Canaveral / Space Coast,140,GREEN,GREEN
1773243106245,A2D2-C9B2,FLT-C9B2-001,28.204123,-80.598374,60.9,0.14422205,0,Mavic 2,false,drone_images/Mavic 2.png,28.195000,-80.605000,28.194500,-80.605300,apolloshield_dji,dji,,,2414500000,RADAR-A2D2-C9B2,Sensor Cape Canaveral / Space Coast,140,GREEN,GREEN
1773243107083,A2D2-C9B2,FLT-C9B2-001,28.204123,-80.598374,60.9,0.14422205,0,Mavic 2,false,drone_images/Mavic 2.png,28.195000,-80.605000,28.194500,-80.605300,apolloshield_dji,dji,,,2414500000,RADAR-A2D2-C9B2,Sensor Cape Canaveral / Space Coast,140,GREEN,GREEN
1773243108184,A2D2-C9B2,FLT-C9B2-001,28.204123,-80.598374,60.9,0.14422205,0,Mavic 2,false,drone_images/Mavic 2.png,28.195000,-80.605000,28.194500,-80.605300,apolloshield_dji,dji,,,2414500000,RADAR-A2D2-C9B2,Sensor Cape Canaveral / Space Coast,140,GREEN,GREEN
1773243109264,A2D2-C9B2,FLT-C9B2-001,28.204123,-80.598374,60.9,0.14422205,0,Mavic 2,false,drone_images/Mavic 2.png,28.195000,-80.605000,28.194500,-80.605300,apolloshield_dji,dji,,,2414500000,RADAR-A2D2-C9B2,Sensor Cape Canaveral / Space Coast,140,GREEN,GREEN
1773243110205,A2D2-C9B2,FLT-C9B2-001,28.204123,-80.598374,60.9,0.14422205,0,Mavic 2,false,drone_images/Mavic 2.png,28.195000,-80.605000,28.194500,-80.605300,apolloshield_dji,dji,,,2414500000,RADAR-A2D2-C9B2,Sensor Cape Canaveral / Space Coast,140,GREEN,GREEN
1773243111331,A2D2-C9B2,FLT-C9B2-001,28.204123,-80.598374,60.9,0.14422205,0,Mavic 2,false,drone_images/Mavic 2.png,28.195000,-80.605000,28.194500,-80.605300,apolloshield_dji,dji,,,2414500000,RADAR-A2D2-C9B2,Sensor Cape Canaveral / Space Coast,140,GREEN,GREEN
1773243112275,A2D2-C9B2,FLT-C9B2-001,28.204123,-80.598374,60.9,0.14422205,0,Mavic 2,false,drone_images/Mavic 2.png,28.195000,-80.605000,28.194500,-80.605300,apolloshield_dji,dji,,,2414500000,RADAR-A2D2-C9B2,Sensor Cape Canaveral / Space Coast,140,GREEN,GREEN
1773243113203,A2D2-C9B2,FLT-C9B2-001,28.204123,-80.598374,60.9,0.14422205,0,Mavic 2,false,drone_images/Mavic 2.png,28.195000,-80.605000,28.194500,-80.605300,apolloshield_dji,dji,,,2414500000,RADAR-A2D2-C9B2,Sensor Cape Canaveral / Space Coast,140,GREEN,GREEN
1773243114387,A2D2-C9B2,FLT-C9B2-001,28.204123,-80.598374,60.9,0.14422205,0,Mavic 2,false,drone_images/Mavic 2.png,28.195000,-80.605000,28.194500,-80.605300,apolloshield_dji,dji,,,2414500000,RADAR-A2D2-C9B2,Sensor Cape Canaveral / Space Coast,140,GREEN,GREEN
1773243115272,A2D2-C9B2,FLT-C9B2-001,28.204123,-80.598374,60.9,8.150006,0,Mavic 2,false,drone_images/Mavic 2.png,28.195000,-80.605000,28.194500,-80.605300,apolloshield_dji,dji,,,2414500000,RADAR-A2D2-C9B2,Sensor Cape Canaveral / Space Coast,140,GREEN,GREEN
1773243116317,A2D2-C9B2,FLT-C9B2-001,28.203974,-80.598346,60.9,8.150006,0,Mavic 2,false,drone_images/Mavic 2.png,28.195000,-80.605000,28.194500,-80.605300,apolloshield_dji,dji,,,2414500000,RADAR-A2D2-C9B2,Sensor Cape Canaveral / Space Coast,140,GREEN,GREEN
1773243117448,A2D2-C9B2,FLT-C9B2-001,28.203974,-80.598346,60.9,8.150006,0,Mavic 2,false,drone_images/Mavic 2.png,28.195000,-80.605000,28.194500,-80.605300,apolloshield_dji,dji,,,2414500000,RADAR-A2D2-C9B2,Sensor Cape Canaveral / Space Coast,140,GREEN,GREEN
1773243118373,A2D2-C9B2,FLT-C9B2-001,28.203974,-80.598346,60.9,8.150006,0,Mavic 2,false,drone_images/Mavic 2.png,28.195000,-80.605000,28.194500,-80.605300,apolloshield_dji,dji,,,2414500000,RADAR-A2D2-C9B2,Sensor Cape Canaveral / Space Coast,140,GREEN,GREEN
1773243119385,A2D2-C9B2,FLT-C9B2-001,28.203974,-80.598346,60.9,8.150006,0,Mavic 2,false,drone_images/Mavic 2.png,28.195000,-80.605000,28.194500,-80.605300,apolloshield_dji,dji,,,2414500000,RADAR-A2D2-C9B2,Sensor Cape Canaveral / Space Coast,140,GREEN,GREEN
1773243120444,A2D2-C9B2,FLT-C9B2-001,28.203974,-80.598346,60.9,8.150006,0,Mavic 2,false,drone_images/Mavic 2.png,28.195000,-80.605000,28.194500,-80.605300,apolloshield_dji,dji,,,2414500000,RADAR-A2D2-C9B2,Sensor Cape Canaveral / Space Coast,140,GREEN,GREEN
1773243121406,A2D2-C9B2,FLT-C9B2-001,28.203974,-80.598346,60.9,8.150006,0,Mavic 2,false,drone_images/Mavic 2.png,28.195000,-80.605000,28.194500,-80.605300,apolloshield_dji,dji,,,2414500000,RADAR-A2D2-C9B2,Sensor Cape Canaveral / Space Coast,140,GREEN,GREEN
1773243122441,A2D2-C9B2,FLT-C9B2-001,28.203974,-80.598346,60.9,8.150006,0,Mavic 2,false,drone_images/Mavic 2.png,28.195000,-80.605000,28.194500,-80.605300,apolloshield_dji,dji,,,2414500000,RADAR-A2D2-C9B2,Sensor Cape Canaveral / Space Coast,140,GREEN,GREEN
1773243123418,A2D2-C9B2,FLT-C9B2-001,28.203974,-80.598346,60.9,8.150006,0,Mavic 2,false,drone_images/Mavic 2.png,28.195000,-80.605000,28.194500,-80.605300,apolloshield_dji,dji,,,2414500000,RADAR-A2D2-C9B2,Sensor Cape Canaveral / Space Coast,140,GREEN,GREEN
1773243124498,A2D2-C9B2,FLT-C9B2-001,28.203974,-80.598346,60.9,8.150006,0,Mavic 2,false,drone_images/Mavic 2.png,28.195000,-80.605000,28.194500,-80.605300,apolloshield_dji,dji,,,2414500000,RADAR-A2D2-C9B2,Sensor Cape Canaveral / Space Coast,140,GREEN,GREEN
1773243125568,A2D2-C9B2,FLT-C9B2-001,28.203974,-80.598346,60.9,8.150006,0,Mavic 2,false,drone_images/Mavic 2.png,28.195000,-80.605000,28.194500,-80.605300,apolloshield_dji,dji,,,2414500000,RADAR-A2D2-C9B2,Sensor Cape Canaveral / Space Coast,140,GREEN,GREEN
1773243126489,A2D2-C9B2,FLT-C9B2-001,28.203974,-80.598346,60.9,8.150006,0,Mavic 2,false,drone_images/Mavic 2.png,28.195000,-80.605000,28.194500,-80.605300,apolloshield_dji,dji,,,2414500000,RADAR-A2D2-C9B2,Sensor Cape Canaveral / Space Coast,140,GREEN,GREEN
1773243127498,A2D2-C9B2,FLT-C9B2-001,28.203974,-80.598346,60.9,8.150006,0,Mavic 2,false,drone_images/Mavic 2.png,28.195000,-80.605000,28.194500,-80.605300,apolloshield_dji,dji,,,2414500000,RADAR-A2D2-C9B2,Sensor Cape Canaveral / Space Coast,140,GREEN,GREEN
1773243128536,A2D2-C9B2,FLT-C9B2-001,28.203974,-80.598346,60.9,8.150006,0,Mavic 2,false,drone_images/Mavic 2.png,28.195000,-80.605000,28.194500,-80.605300,apolloshield_dji,dji,,,2414500000,RADAR-A2D2-C9B2,Sensor Cape Canaveral / Space Coast,140,GREEN,GREEN
1773243129435,A2D2-C9B2,FLT-C9B2-001,28.203974,-80.598346,60.9,8.150006,0,Mavic 2,false,drone_images/Mavic 2.png,28.195000,-80.605000,28.194500,-80.605300,apolloshield_dji,dji,,,2414500000,RADAR-A2D2-C9B2,Sensor Cape Canaveral / Space Coast,140,GREEN,GREEN
1773243130544,A2D2-C9B2,FLT-C9B2-001,28.203974,-80.598346,60.9,8.150006,0,Mavic 2,false,drone_images/Mavic 2.png,28.195000,-80.605000,28.194500,-80.605300,apolloshield_dji,dji,,,2414500000,RADAR-A2D2-C9B2,Sensor Cape Canaveral / Space Coast,140,GREEN,GREEN
1773243131468,A2D2-C9B2,FLT-C9B2-001,28.203974,-80.598346,60.9,8.150006,0,Mavic 2,false,drone_images/Mavic 2.png,28.195000,-80.605000,28.194500,-80.605300,apolloshield_dji,dji,,,2414500000,RADAR-A2D2-C9B2,Sensor Cape Canaveral / Space Coast,140,GREEN,GREEN
1773243132577,A2D2-C9B2,FLT-C9B2-001,28.203974,-80.598346,60.9,8.150006,0,Mavic 2,false,drone_images/Mavic 2.png,28.195000,-80.605000,28.194500,-80.605300,apolloshield_dji,dji,,,2414500000,RADAR-A2D2-C9B2,Sensor Cape Canaveral / Space Coast,140,GREEN,GREEN
1773243133657,A2D2-C9B2,FLT-C9B2-001,28.203974,-80.598346,60.9,8.150006,0,Mavic 2,false,drone_images/Mavic 2.png,28.195000,-80.605000,28.194500,-80.605300,apolloshield_dji,dji,,,2414500000,RADAR-A2D2-C9B2,Sensor Cape Canaveral / Space Coast,140,GREEN,GREEN
1773243134514,A2D2-C9B2,FLT-C9B2-001,28.203831,-80.598340,60.9,1.11,0,Mavic 2,false,drone_images/Mavic 2.png,28.195000,-80.605000,28.194500,-80.605300,apolloshield_dji,dji,,,2414500000,RADAR-A2D2-C9B2,Sensor Cape Canaveral / Space Coast,140,GREEN,GREEN
1773243135440,A2D2-C9B2,FLT-C9B2-001,28.203831,-80.598340,60.9,3.91,0,Mavic 2,false,drone_images/Mavic 2.png,28.195000,-80.605000,28.194500,-80.605300,apolloshield_dji,dji,,,2414500000,RADAR-A2D2-C9B2,Sensor Cape Canaveral / Space Coast,140,GREEN,GREEN
1773243136641,A2D2-C9B2,FLT-C9B2-001,28.203831,-80.598340,60.9,3.91,0,Mavic 2,false,drone_images/Mavic 2.png,28.195000,-80.605000,28.194500,-80.605300,apolloshield_dji,dji,,,2414500000,RADAR-A2D2-C9B2,Sensor Cape Canaveral / Space Coast,140,GREEN,GREEN
1773243137545,A2D2-C9B2,FLT-C9B2-001,28.203831,-80.598340,60.9,3.91,0,Mavic 2,false,drone_images/Mavic 2.png,28.195000,-80.605000,28.194500,-80.605300,apolloshield_dji,dji,,,2414500000,RADAR-A2D2-C9B2,Sensor Cape Canaveral / Space Coast,140,GREEN,GREEN
1773243138646,A2D2-C9B2,FLT-C9B2-001,28.203831,-80.598340,60.9,3.91,0,Mavic 2,false,drone_images/Mavic 2.png,28.195000,-80.605000,28.194500,-80.605300,apolloshield_dji,dji,,,2414500000,RADAR-A2D2-C9B2,Sensor Cape Canaveral / Space Coast,140,GREEN,GREEN
1773243152920,A2D2-C9B2,FLT-C9B2-001,28.203831,-80.598340,60.9,3.91,0,Mavic 2,false,drone_images/Mavic 2.png,28.195000,-80.605000,28.194500,-80.605300,apolloshield_dji,dji,,,2414500000,RADAR-A2D2-C9B2,Sensor Cape Canaveral / Space Coast,140,GREEN,GREEN
1773243153136,A2D2-C9B2,FLT-C9B2-001,28.203831,-80.598340,60.9,3.91,0,Mavic 2,false,drone_images/Mavic 2.png,28.195000,-80.605000,28.194500,-80.605300,apolloshield_dji,dji,,,2414500000,RADAR-A2D2-C9B2,Sensor Cape Canaveral / Space Coast,140,GREEN,GREEN
1773243153141,A2D2-C9B2,FLT-C9B2-001,28.203831,-80.598340,60.9,3.91,0,Mavic 2,false,drone_images/Mavic 2.png,28.195000,-80.605000,28.194500,-80.605300,apolloshield_dji,dji,,,2414500000,RADAR-A2D2-C9B2,Sensor Cape Canaveral / Space Coast,140,GREEN,GREEN
1773243153144,A2D2-C9B2,FLT-C9B2-001,28.203831,-80.598340,60.9,3.91,0,Mavic 2,false,drone_images/Mavic 2.png,28.195000,-80.605000,28.194500,-80.605300,apolloshield_dji,dji,,,2414500000,RADAR-A2D2-C9B2,Sensor Cape Canaveral / Space Coast,140,GREEN,GREEN
1773243153149,A2D2-C9B2,FLT-C9B2-001,28.203831,-80.598340,60.9,3.91,0,Mavic 2,false,drone_images/Mavic 2.png,28.195000,-80.605000,28.194500,-80.605300,apolloshield_dji,dji,,,2414500000,RADAR-A2D2-C9B2,Sensor Cape Canaveral / Space Coast,140,GREEN,GREEN
1773243153150,A2D2-C9B2,FLT-C9B2-001,28.203831,-80.598340,60.9,3.91,0,Mavic 2,false,drone_images/Mavic 2.png,28.195000,-80.605000,28.194500,-80.605300,apolloshield_dji,dji,,,2414500000,RADAR-A2D2-C9B2,Sensor Cape Canaveral / Space Coast,140,GREEN,GREEN
1773243153157,A2D2-C9B2,FLT-C9B2-001,28.203831,-80.598340,60.9,3.91,0,Mavic 2,false,drone_images/Mavic 2.png,28.195000,-80.605000,28.194500,-80.605300,apolloshield_dji,dji,,,2414500000,RADAR-A2D2-C9B2,Sensor Cape Canaveral / Space Coast,140,GREEN,GREEN
1773243153161,A2D2-C9B2,FLT-C9B2-001,28.203831,-80.598340,60.9,3.91,0,Mavic 2,false,drone_images/Mavic 2.png,28.195000,-80.605000,28.194500,-80.605300,apolloshield_dji,dji,,,2414500000,RADAR-A2D2-C9B2,Sensor Cape Canaveral / Space Coast,140,GREEN,GREEN
1773243153165,A2D2-C9B2,FLT-C9B2-001,28.203831,-80.598340,60.9,3.91,0,Mavic 2,false,drone_images/Mavic 2.png,28.195000,-80.605000,28.194500,-80.605300,apolloshield_dji,dji,,,2414500000,RADAR-A2D2-C9B2,Sensor Cape Canaveral / Space Coast,140,GREEN,GREEN
1773243153338,A2D2-C9B2,FLT-C9B2-001,28.203831,-80.598340,60.9,3.8201177,0,Mavic 2,false,drone_images/Mavic 2.png,28.195000,-80.605000,28.194500,-80.605300,apolloshield_dji,dji,,,2414500000,RADAR-A2D2-C9B2,Sensor Cape Canaveral / Space Coast,140,GREEN,GREEN
1773243153339,A2D2-C9B2,FLT-C9B2-001,28.203831,-80.598340,60.9,3.8201177,0,Mavic 2,false,drone_images/Mavic 2.png,28.195000,-80.605000,28.194500,-80.605300,apolloshield_dji,dji,,,2414500000,RADAR-A2D2-C9B2,Sensor Cape Canaveral / Space Coast,140,GREEN,GREEN
1773243153341,A2D2-C9B2,FLT-C9B2-001,28.203831,-80.598340,60.9,3.8201177,0,Mavic 2,false,drone_images/Mavic 2.png,28.195000,-80.605000,28.194500,-80.605300,apolloshield_dji,dji,,,2414500000,RADAR-A2D2-C9B2,Sensor Cape Canaveral / Space Coast,140,GREEN,GREEN
1773243153342,A2D2-C9B2,FLT-C9B2-001,28.203831,-80.598340,60.9,3.8201177,0,Mavic 2,false,drone_images/Mavic 2.png,28.195000,-80.605000,28.194500,-80.605300,apolloshield_dji,dji,,,2414500000,RADAR-A2D2-C9B2,Sensor Cape Canaveral / Space Coast,140,GREEN,GREEN
1773243153344,A2D2-C9B2,FLT-C9B2-001,28.203831,-80.598340,60.9,3.8201177,0,Mavic 2,false,drone_images/Mavic 2.png,28.195000,-80.605000,28.194500,-80.605300,apolloshield_dji,dji,,,2414500000,RADAR-A2D2-C9B2,Sensor Cape Canaveral / Space Coast,140,GREEN,GREEN
1773243153879,A2D2-C9B2,FLT-C9B2-001,28.203831,-80.598340,60.9,3.8201177,0,Mavic 2,false,drone_images/Mavic 2.png,28.195000,-80.605000,28.194500,-80.605300,apolloshield_dji,dji,,,2414500000,RADAR-A2D2-C9B2,Sensor Cape Canaveral / Space Coast,140,GREEN,GREEN
1773243154773,A2D2-C9B2,FLT-C9B2-001,28.203831,-80.598340,60.9,3.8201177,0,Mavic 2,false,drone_images/Mavic 2.png,28.195000,-80.605000,28.194500,-80.605300,apolloshield_dji,dji,,,2414500000,RADAR-A2D2-C9B2,Sensor Cape Canaveral / Space Coast,140,GREEN,GREEN
1773243156193,A2D2-C9B2,FLT-C9B2-001,28.203831,-80.598340,60.9,3.8201177,0,Mavic 2,false,drone_images/Mavic 2.png,28.195000,-80.605000,28.194500,-80.605300,apolloshield_dji,dji,,,2414500000,RADAR-A2D2-C9B2,Sensor Cape Canaveral / Space Coast,140,GREEN,GREEN
1773243157042,A2D2-C9B2,FLT-C9B2-001,28.203831,-80.598340,60.9,3.8201177,0,Mavic 2,false,drone_images/Mavic 2.png,28.195000,-80.605000,28.194500,-80.605300,apolloshield_dji,dji,,,2414500000,RADAR-A2D2-C9B2,Sensor Cape Canaveral / Space Coast,140,GREEN,GREEN
1773243158122,A2D2-C9B2,FLT-C9B2-001,28.203831,-80.598340,60.9,3.8201177,0,Mavic 2,false,drone_images/Mavic 2.png,28.195000,-80.605000,28.194500,-80.605300,apolloshield_dji,dji,,,2414500000,RADAR-A2D2-C9B2,Sensor Cape Canaveral / Space Coast,140,GREEN,GREEN
1773243159188,A2D2-C9B2,FLT-C9B2-001,28.203831,-80.598340,60.9,3.8201177,0,Mavic 2,false,drone_images/Mavic 2.png,28.195000,-80.605000,28.194500,-80.605300,apolloshield_dji,dji,,,2414500000,RADAR-A2D2-C9B2,Sensor Cape Canaveral / Space Coast,140,GREEN,GREEN
1773243160059,A2D2-C9B2,FLT-C9B2-001,28.203831,-80.598340,60.9,3.8201177,0,Mavic 2,false,drone_images/Mavic 2.png,28.195000,-80.605000,28.194500,-80.605300,apolloshield_dji,dji,,,2414500000,RADAR-A2D2-C9B2,Sensor Cape Canaveral / Space Coast,140,GREEN,GREEN
1773243161169,A2D2-C9B2,FLT-C9B2-001,28.203831,-80.598340,60.9,3.8201177,0,Mavic 2,false,drone_images/Mavic 2.png,28.195000,-80.605000,28.194500,-80.605300,apolloshield_dji,dji,,,2414500000,RADAR-A2D2-C9B2,Sensor Cape Canaveral / Space Coast,140,GREEN,GREEN
1773243162177,A2D2-C9B2,FLT-C9B2-001,28.203831,-80.598340,60.9,3.8201177,0,Mavic 2,false,drone_images/Mavic 2.png,28.195000,-80.605000,28.194500,-80.605300,apolloshield_dji,dji,,,2414500000,RADAR-A2D2-C9B2,Sensor Cape Canaveral / Space Coast,140,GREEN,GREEN
1773243163413,A2D2-C9B2,FLT-C9B2-001,28.203831,-80.598340,60.9,3.8201177,0,Mavic 2,false,drone_images/Mavic 2.png,28.195000,-80.605000,28.194500,-80.605300,apolloshield_dji,dji,,,2414500000,RADAR-A2D2-C9B2,Sensor Cape Canaveral / Space Coast,140,GREEN,GREEN
1773243164112,A2D2-C9B2,FLT-C9B2-001,28.203831,-80.598340,60.9,3.8201177,0,Mavic 2,false,drone_images/Mavic 2.png,28.195000,-80.605000,28.194500,-80.605300,apolloshield_dji,dji,,,2414500000,RADAR-A2D2-C9B2,Sensor Cape Canaveral / Space Coast,140,GREEN,GREEN
1773243165144,A2D2-C9B2,FLT-C9B2-001,28.203831,-80.598340,60.9,3.8201177,0,Mavic 2,false,drone_images/Mavic 2.png,28.195000,-80.605000,28.194500,-80.605300,apolloshield_dji,dji,,,2414500000,RADAR-A2D2-C9B2,Sensor Cape Canaveral / Space Coast,140,GREEN,GREEN
1773243166160,A2D2-C9B2,FLT-C9B2-001,28.203831,-80.598340,60.9,3.8201177,0,Mavic 2,false,drone_images/Mavic 2.png,28.195000,-80.605000,28.194500,-80.605300,apolloshield_dji,dji,,,2414500000,RADAR-A2D2-C9B2,Sensor Cape Canaveral / Space Coast,140,GREEN,GREEN
1773243167189,A2D2-C9B2,FLT-C9B2-001,28.203831,-80.598340,60.9,3.8201177,0,Mavic 2,false,drone_images/Mavic 2.png,28.195000,-80.605000,28.194500,-80.605300,apolloshield_dji,dji,,,2414500000,RADAR-A2D2-C9B2,Sensor Cape Canaveral / Space Coast,140,GREEN,GREEN
1773243193375,A2D2-C9B2,FLT-C9B2-001,28.203831,-80.598340,60.9,16,0,Mavic 2,false,drone_images/Mavic 2.png,28.195000,-80.605000,28.194500,-80.605300,apolloshield_dji,dji,,,2414500000,RADAR-A2D2-C9B2,Sensor Cape Canaveral / Space Coast,140,GREEN,GREEN
1773243194389,A2D2-C9B2,FLT-C9B2-001,28.201957,-80.598346,60.9,7.1200075,0,Mavic 2,false,drone_images/Mavic 2.png,28.195000,-80.605000,28.194500,-80.605300,apolloshield_dji,dji,,,2414500000,RADAR-A2D2-C9B2,Sensor Cape Canaveral / Space Coast,140,GREEN,GREEN
1773243195396,A2D2-C9B2,FLT-C9B2-001,28.201957,-80.598346,60.9,7.1200075,0,Mavic 2,false,drone_images/Mavic 2.png,28.195000,-80.605000,28.194500,-80.605300,apolloshield_dji,dji,,,2414500000,RADAR-A2D2-C9B2,Sensor Cape Canaveral / Space Coast,140,GREEN,GREEN
1773243196389,A2D2-C9B2,FLT-C9B2-001,28.201957,-80.598346,60.9,7.1200075,0,Mavic 2,false,drone_images/Mavic 2.png,28.195000,-80.605000,28.194500,-80.605300,apolloshield_dji,dji,,,2414500000,RADAR-A2D2-C9B2,Sensor Cape Canaveral / Space Coast,140,GREEN,GREEN
1773243197382,A2D2-C9B2,FLT-C9B2-001,28.201957,-80.598346,60.9,7.1200075,0,Mavic 2,false,drone_images/Mavic 2.png,28.195000,-80.605000,28.194500,-80.605300,apolloshield_dji,dji,,,2414500000,RADAR-A2D2-C9B2,Sensor Cape Canaveral / Space Coast,140,GREEN,GREEN
1773243198385,A2D2-C9B2,FLT-C9B2-001,28.201957,-80.598346,60.9,7.1200075,0,Mavic 2,false,drone_images/Mavic 2.png,28.195000,-80.605000,28.194500,-80.605300,apolloshield_dji,dji,,,2414500000,RADAR-A2D2-C9B2,Sensor Cape Canaveral / Space Coast,140,GREEN,GREEN
1773243213295,A2D2-C9B2,FLT-C9B2-001,28.201957,-80.598346,60.9,7.1200075,0,Mavic 2,false,drone_images/Mavic 2.png,28.195000,-80.605000,28.194500,-80.605300,apolloshield_dji,dji,,,2414500000,RADAR-A2D2-C9B2,Sensor Cape Canaveral / Space Coast,140,GREEN,GREEN
1773243213502,A2D2-C9B2,FLT-C9B2-001,28.201957,-80.598346,60.9,7.1200075,0,Mavic 2,false,drone_images/Mavic 2.png,28.195000,-80.605000,28.194500,-80.605300,apolloshield_dji,dji,,,2414500000,RADAR-A2D2-C9B2,Sensor Cape Canaveral / Space Coast,140,GREEN,GREEN
1773243213503,A2D2-C9B2,FLT-C9B2-001,28.201957,-80.598346,60.9,7.1200075,0,Mavic 2,false,drone_images/Mavic 2.png,28.195000,-80.605000,28.194500,-80.605300,apolloshield_dji,dji,,,2414500000,RADAR-A2D2-C9B2,Sensor Cape Canaveral / Space Coast,140,GREEN,GREEN
1773243213504,A2D2-C9B2,FLT-C9B2-001,28.201957,-80.598346,60.9,7.1200075,0,Mavic 2,false,drone_images/Mavic 2.png,28.195000,-80.605000,28.194500,-80.605300,apolloshield_dji,dji,,,2414500000,RADAR-A2D2-C9B2,Sensor Cape Canaveral / Space Coast,140,GREEN,GREEN
1773243213505,A2D2-C9B2,FLT-C9B2-001,28.201957,-80.598346,60.9,7.0800076,0,Mavic 2,false,drone_images/Mavic 2.png,28.195000,-80.605000,28.194500,-80.605300,apolloshield_dji,dji,,,2414500000,RADAR-A2D2-C9B2,Sensor Cape Canaveral / Space Coast,140,GREEN,GREEN
1773243213507,A2D2-C9B2,FLT-C9B2-001,28.201120,-80.598340,60.9,7.0800076,0,Mavic 2,false,drone_images/Mavic 2.png,28.195000,-80.605000,28.194500,-80.605300,apolloshield_dji,dji,,,2414500000,RADAR-A2D2-C9B2,Sensor Cape Canaveral / Space Coast,140,GREEN,GREEN
1773243213507,A2D2-C9B2,FLT-C9B2-001,28.201120,-80.598340,60.9,7.0800076,0,Mavic 2,false,drone_images/Mavic 2.png,28.195000,-80.605000,28.194500,-80.605300,apolloshield_dji,dji,,,2414500000,RADAR-A2D2-C9B2,Sensor Cape Canaveral / Space Coast,140,GREEN,GREEN
1773243213508,A2D2-C9B2,FLT-C9B2-001,28.200989,-80.598340,60.9,7.140028,0,Mavic 2,false,drone_images/Mavic 2.png,28.195000,-80.605000,28.194500,-80.605300,apolloshield_dji,dji,,,2414500000,RADAR-A2D2-C9B2,Sensor Cape Canaveral / Space Coast,140,GREEN,GREEN
1773243213739,A2D2-C9B2,FLT-C9B2-001,28.200989,-80.598340,60.9,7.140028,0,Mavic 2,false,drone_images/Mavic 2.png,28.195000,-80.605000,28.194500,-80.605300,apolloshield_dji,dji,,,2414500000,RADAR-A2D2-C9B2,Sensor Cape Canaveral / Space Coast,140,GREEN,GREEN
1773243213742,A2D2-C9B2,FLT-C9B2-001,28.200863,-80.598340,60.9,7.1201124,0,Mavic 2,false,drone_images/Mavic 2.png,28.195000,-80.605000,28.194500,-80.605300,apolloshield_dji,dji,,,2414500000,RADAR-A2D2-C9B2,Sensor Cape Canaveral / Space Coast,140,GREEN,GREEN
1773243213744,A2D2-C9B2,FLT-C9B2-001,28.200863,-80.598340,60.9,7.1100283,0,Mavic 2,false,drone_images/Mavic 2.png,28.195000,-80.605000,28.194500,-80.605300,apolloshield_dji,dji,,,2414500000,RADAR-A2D2-C9B2,Sensor Cape Canaveral / Space Coast,140,GREEN,GREEN
1773243213746,A2D2-C9B2,FLT-C9B2-001,28.200794,-80.598340,60.9,7.1100283,0,Mavic 2,false,drone_images/Mavic 2.png,28.195000,-80.605000,28.194500,-80.605300,apolloshield_dji,dji,,,2414500000,RADAR-A2D2-C9B2,Sensor Cape Canaveral / Space Coast,140,GREEN,GREEN
1773243213752,A2D2-C9B2,FLT-C9B2-001,28.200794,-80.598340,60.9,7.1100283,0,Mavic 2,false,drone_images/Mavic 2.png,28.195000,-80.605000,28.194500,-80.605300,apolloshield_dji,dji,,,2414500000,RADAR-A2D2-C9B2,Sensor Cape Canaveral / Space Coast,140,GREEN,GREEN
1773243213757,A2D2-C9B2,FLT-C9B2-001,28.200794,-80.598340,60.9,7.1100283,0,Mavic 2,false,drone_images/Mavic 2.png,28.195000,-80.605000,28.194500,-80.605300,apolloshield_dji,dji,,,2414500000,RADAR-A2D2-C9B2,Sensor Cape Canaveral / Space Coast,140,GREEN,GREEN
1773243213878,A2D2-C9B2,FLT-C9B2-001,28.200794,-80.598340,60.9,7.1100283,0,Mavic 2,false,drone_images/Mavic 2.png,28.195000,-80.605000,28.194500,-80.605300,apolloshield_dji,dji,,,2414500000,RADAR-A2D2-C9B2,Sensor Cape Canaveral / Space Coast,140,GREEN,GREEN
1773243214849,A2D2-C9B2,FLT-C9B2-001,28.200794,-80.598340,60.9,7.1100283,0,Mavic 2,false,drone_images/Mavic 2.png,28.195000,-80.605000,28.194500,-80.605300,apolloshield_dji,dji,,,2414500000,RADAR-A2D2-C9B2,Sensor Cape Canaveral / Space Coast,140,GREEN,GREEN
1773243215772,A2D2-C9B2,FLT-C9B2-001,28.200794,-80.598340,60.9,7.1100283,0,Mavic 2,false,drone_images/Mavic 2.png,28.195000,-80.605000,28.194500,-80.605300,apolloshield_dji,dji,,,2414500000,RADAR-A2D2-C9B2,Sensor Cape Canaveral / Space Coast,140,GREEN,GREEN
1773243216842,A2D2-C9B2,FLT-C9B2-001,28.200794,-80.598340,60.9,7.1100283,0,Mavic 2,false,drone_images/Mavic 2.png,28.195000,-80.605000,28.194500,-80.605300,apolloshield_dji,dji,,,2414500000,RADAR-A2D2-C9B2,Sensor Cape Canaveral / Space Coast,140,GREEN,GREEN
1773243217861,A2D2-C9B2,FLT-C9B2-001,28.200794,-80.598340,60.9,7.1100283,0,Mavic 2,false,drone_images/Mavic 2.png,28.195000,-80.605000,28.194500,-80.605300,apolloshield_dji,dji,,,2414500000,RADAR-A2D2-C9B2,Sensor Cape Canaveral / Space Coast,140,GREEN,GREEN
1773243218954,A2D2-C9B2,FLT-C9B2-001,28.200794,-80.598340,60.9,7.1100283,0,Mavic 2,false,drone_images/Mavic 2.png,28.195000,-80.605000,28.194500,-80.605300,apolloshield_dji,dji,,,2414500000,RADAR-A2D2-C9B2,Sensor Cape Canaveral / Space Coast,140,GREEN,GREEN
1773243220414,A2D2-C9B2,FLT-C9B2-001,28.200794,-80.598340,60.9,7.1100283,0,Mavic 2,false,drone_images/Mavic 2.png,28.195000,-80.605000,28.194500,-80.605300,apolloshield_dji,dji,,,2414500000,RADAR-A2D2-C9B2,Sensor Cape Canaveral / Space Coast,140,GREEN,GREEN
1773243221071,A2D2-C9B2,FLT-C9B2-001,28.200794,-80.598340,60.9,7.1100283,0,Mavic 2,false,drone_images/Mavic 2.png,28.195000,-80.605000,28.194500,-80.605300,apolloshield_dji,dji,,,2414500000,RADAR-A2D2-C9B2,Sensor Cape Canaveral / Space Coast,140,GREEN,GREEN
1773243222113,A2D2-C9B2,FLT-C9B2-001,28.200794,-80.598340,60.9,7.1100283,0,Mavic 2,false,drone_images/Mavic 2.png,28.195000,-80.605000,28.194500,-80.605300,apolloshield_dji,dji,,,2414500000,RADAR-A2D2-C9B2,Sensor Cape Canaveral / Space Coast,140,GREEN,GREEN
1773243223092,A2D2-C9B2,FLT-C9B2-001,28.200794,-80.598340,60.9,7.1100283,0,Mavic 2,false,drone_images/Mavic 2.png,28.195000,-80.605000,28.194500,-80.605300,apolloshield_dji,dji,,,2414500000,RADAR-A2D2-C9B2,Sensor Cape Canaveral / Space Coast,140,GREEN,GREEN
1773243224202,A2D2-C9B2,FLT-C9B2-001,28.200794,-80.598340,60.9,7.1100283,0,Mavic 2,false,drone_images/Mavic 2.png,28.195000,-80.605000,28.194500,-80.605300,apolloshield_dji,dji,,,2414500000,RADAR-A2D2-C9B2,Sensor Cape Canaveral / Space Coast,140,GREEN,GREEN
1773243225117,A2D2-C9B2,FLT-C9B2-001,28.200794,-80.598340,60.9,7.1100283,0,Mavic 2,false,drone_images/Mavic 2.png,28.195000,-80.605000,28.194500,-80.605300,apolloshield_dji,dji,,,2414500000,RADAR-A2D2-C9B2,Sensor Cape Canaveral / Space Coast,140,GREEN,GREEN
1773243226237,A2D2-C9B2,FLT-C9B2-001,28.200794,-80.598340,60.9,7.1100283,0,Mavic 2,false,drone_images/Mavic 2.png,28.195000,-80.605000,28.194500,-80.605300,apolloshield_dji,dji,,,2414500000,RADAR-A2D2-C9B2,Sensor Cape Canaveral / Space Coast,140,GREEN,GREEN
1773243227559,A2D2-C9B2,FLT-C9B2-001,28.200794,-80.598340,60.9,7.1100283,0,Mavic 2,false,drone_images/Mavic 2.png,28.195000,-80.605000,28.194500,-80.605300,apolloshield_dji,dji,,,2414500000,RADAR-A2D2-C9B2,Sensor Cape Canaveral / Space Coast,140,GREEN,GREEN
1773243228354,A2D2-C9B2,FLT-C9B2-001,28.200794,-80.598340,60.9,7.1100283,0,Mavic 2,false,drone_images/Mavic 2.png,28.195000,-80.605000,28.194500,-80.605300,apolloshield_dji,dji,,,2414500000,RADAR-A2D2-C9B2,Sensor Cape Canaveral / Space Coast,140,GREEN,GREEN
1773243239514,A2D2-C9B2,FLT-C9B2-001,28.200794,-80.598340,60.9,16,0,Mavic 2,false,drone_images/Mavic 2.png,28.195000,-80.605000,28.194500,-80.605300,apolloshield_dji,dji,,,2414500000,RADAR-A2D2-C9B2,Sensor Cape Canaveral / Space Coast,140,GREEN,GREEN
1773243240664,A2D2-C9B2,FLT-C9B2-001,28.200794,-80.598340,60.9,7.1100283,0,Mavic 2,false,drone_images/Mavic 2.png,28.195000,-80.605000,28.194500,-80.605300,apolloshield_dji,dji,,,2414500000,RADAR-A2D2-C9B2,Sensor Cape Canaveral / Space Coast,140,GREEN,GREEN
1773243241548,A2D2-C9B2,FLT-C9B2-001,28.200794,-80.598340,60.9,7.1100283,0,Mavic 2,false,drone_images/Mavic 2.png,28.195000,-80.605000,28.194500,-80.605300,apolloshield_dji,dji,,,2414500000,RADAR-A2D2-C9B2,Sensor Cape Canaveral / Space Coast,140,GREEN,GREEN
1773243242588,A2D2-C9B2,FLT-C9B2-001,28.200794,-80.598340,60.9,7.1100283,0,Mavic 2,false,drone_images/Mavic 2.png,28.195000,-80.605000,28.194500,-80.605300,apolloshield_dji,dji,,,2414500000,RADAR-A2D2-C9B2,Sensor Cape Canaveral / Space Coast,140,GREEN,GREEN
1773243244016,A2D2-C9B2,FLT-C9B2-001,28.200794,-80.598340,60.9,7.1100283,0,Mavic 2,false,drone_images/Mavic 2.png,28.195000,-80.605000,28.194500,-80.605300,apolloshield_dji,dji,,,2414500000,RADAR-A2D2-C9B2,Sensor Cape Canaveral / Space Coast,140,GREEN,GREEN
1773243244538,A2D2-C9B2,FLT-C9B2-001,28.200794,-80.598340,60.9,7.1100283,0,Mavic 2,false,drone_images/Mavic 2.png,28.195000,-80.605000,28.194500,-80.605300,apolloshield_dji,dji,,,2414500000,RADAR-A2D2-C9B2,Sensor Cape Canaveral / Space Coast,140,GREEN,GREEN
1773243245695,A2D2-C9B2,FLT-C9B2-001,28.200794,-80.598340,60.9,7.1100283,0,Mavic 2,false,drone_images/Mavic 2.png,28.195000,-80.605000,28.194500,-80.605300,apolloshield_dji,dji,,,2414500000,RADAR-A2D2-C9B2,Sensor Cape Canaveral / Space Coast,140,GREEN,GREEN
1773243246840,A2D2-C9B2,FLT-C9B2-001,28.200794,-80.598340,60.9,7.1100283,0,Mavic 2,false,drone_images/Mavic 2.png,28.195000,-80.605000,28.194500,-80.605300,apolloshield_dji,dji,,,2414500000,RADAR-A2D2-C9B2,Sensor Cape Canaveral / Space Coast,140,GREEN,GREEN
1773243247700,A2D2-C9B2,FLT-C9B2-001,28.200794,-80.598340,60.9,5.42,0,Mavic 2,false,drone_images/Mavic 2.png,28.195000,-80.605000,28.194500,-80.605300,apolloshield_dji,dji,,,2414500000,RADAR-A2D2-C9B2,Sensor Cape Canaveral / Space Coast,140,GREEN,GREEN
1773243249894,A2D2-C9B2,FLT-C9B2-001,28.199843,-80.598340,60.9,5.42,0,Mavic 2,false,drone_images/Mavic 2.png,28.195000,-80.605000,28.194500,-80.605300,apolloshield_dji,dji,,,2414500000,RADAR-A2D2-C9B2,Sensor Cape Canaveral / Space Coast,140,GREEN,GREEN
1773243249995,A2D2-C9B2,FLT-C9B2-001,28.199843,-80.598340,60.9,7.33,0,Mavic 2,false,drone_images/Mavic 2.png,28.195000,-80.605000,28.194500,-80.605300,apolloshield_dji,dji,,,2414500000,RADAR-A2D2-C9B2,Sensor Cape Canaveral / Space Coast,140,GREEN,GREEN
1773243250848,A2D2-C9B2,FLT-C9B2-001,28.199665,-80.598346,60.9,7.33,0,Mavic 2,false,drone_images/Mavic 2.png,28.195000,-80.605000,28.194500,-80.605300,apolloshield_dji,dji,,,2414500000,RADAR-A2D2-C9B2,Sensor Cape Canaveral / Space Coast,140,GREEN,GREEN
1773243251796,A2D2-C9B2,FLT-C9B2-001,28.199665,-80.598346,60.9,7.33,0,Mavic 2,false,drone_images/Mavic 2.png,28.195000,-80.605000,28.194500,-80.605300,apolloshield_dji,dji,,,2414500000,RADAR-A2D2-C9B2,Sensor Cape Canaveral / Space Coast,140,GREEN,GREEN
1773243252897,A2D2-C9B2,FLT-C9B2-001,28.199665,-80.598346,60.9,7.33,0,Mavic 2,false,drone_images/Mavic 2.png,28.195000,-80.605000,28.194500,-80.605300,apolloshield_dji,dji,,,2414500000,RADAR-A2D2-C9B2,Sensor Cape Canaveral / Space Coast,140,GREEN,GREEN
1773243255103,A2D2-C9B2,FLT-C9B2-001,28.199665,-80.598346,60.9,7.33,0,Mavic 2,false,drone_images/Mavic 2.png,28.195000,-80.605000,28.194500,-80.605300,apolloshield_dji,dji,,,2414500000,RADAR-A2D2-C9B2,Sensor Cape Canaveral / Space Coast,140,GREEN,GREEN
1773243255904,A2D2-C9B2,FLT-C9B2-001,28.199665,-80.598346,60.9,7.33,0,Mavic 2,false,drone_images/Mavic 2.png,28.195000,-80.605000,28.194500,-80.605300,apolloshield_dji,dji,,,2414500000,RADAR-A2D2-C9B2,Sensor Cape Canaveral / Space Coast,140,GREEN,GREEN
1773243256070,A2D2-C9B2,FLT-C9B2-001,28.199665,-80.598346,60.9,7.33,0,Mavic 2,false,drone_images/Mavic 2.png,28.195000,-80.605000,28.194500,-80.605300,apolloshield_dji,dji,,,2414500000,RADAR-A2D2-C9B2,Sensor Cape Canaveral / Space Coast,140,GREEN,GREEN
1773243257070,A2D2-C9B2,FLT-C9B2-001,28.199665,-80.598346,60.9,7.33,0,Mavic 2,false,drone_images/Mavic 2.png,28.195000,-80.605000,28.194500,-80.605300,apolloshield_dji,dji,,,2414500000,RADAR-A2D2-C9B2,Sensor Cape Canaveral / Space Coast,140,GREEN,GREEN
1773243258055,A2D2-C9B2,FLT-C9B2-001,28.199665,-80.598346,60.9,7.33,0,Mavic 2,false,drone_images/Mavic 2.png,28.195000,-80.605000,28.194500,-80.605300,apolloshield_dji,dji,,,2414500000,RADAR-A2D2-C9B2,Sensor Cape Canaveral / Space Coast,140,GREEN,GREEN
1773243259131,A2D2-C9B2,FLT-C9B2-001,28.199665,-80.598346,60.9,7.33,0,Mavic 2,false,drone_images/Mavic 2.png,28.195000,-80.605000,28.194500,-80.605300,apolloshield_dji,dji,,,2414500000,RADAR-A2D2-C9B2,Sensor Cape Canaveral / Space Coast,140,GREEN,GREEN
1773243274224,A2D2-C9B2,FLT-C9B2-001,28.199665,-80.598346,60.9,7.33,0,Mavic 2,false,drone_images/Mavic 2.png,28.195000,-80.605000,28.194500,-80.605300,apolloshield_dji,dji,,,2414500000,RADAR-A2D2-C9B2,Sensor Cape Canaveral / Space Coast,140,GREEN,GREEN
1773243274504,A2D2-C9B2,FLT-C9B2-001,28.199665,-80.598346,60.9,7.33,0,Mavic 2,false,drone_images/Mavic 2.png,28.195000,-80.605000,28.194500,-80.605300,apolloshield_dji,dji,,,2414500000,RADAR-A2D2-C9B2,Sensor Cape Canaveral / Space Coast,140,GREEN,GREEN
1773243274506,A2D2-C9B2,FLT-C9B2-001,28.198823,-80.598340,60.9,7.14,0,Mavic 2,false,drone_images/Mavic 2.png,28.195000,-80.605000,28.194500,-80.605300,apolloshield_dji,dji,,,2414500000,RADAR-A2D2-C9B2,Sensor Cape Canaveral / Space Coast,140,GREEN,GREEN
1773243274507,A2D2-C9B2,FLT-C9B2-001,28.198823,-80.598340,60.9,7.14,0,Mavic 2,false,drone_images/Mavic 2.png,28.195000,-80.605000,28.194500,-80.605300,apolloshield_dji,dji,,,2414500000,RADAR-A2D2-C9B2,Sensor Cape Canaveral / Space Coast,140,GREEN,GREEN
1773243274508,A2D2-C9B2,FLT-C9B2-001,28.198823,-80.598340,60.9,7.14,0,Mavic 2,false,drone_images/Mavic 2.png,28.195000,-80.605000,28.194500,-80.605300,apolloshield_dji,dji,,,2414500000,RADAR-A2D2-C9B2,Sensor Cape Canaveral / Space Coast,140,GREEN,GREEN
1773243274508,A2D2-C9B2,FLT-C9B2-001,28.198823,-80.598340,60.9,7.14,0,Mavic 2,false,drone_images/Mavic 2.png,28.195000,-80.605000,28.194500,-80.605300,apolloshield_dji,dji,,,2414500000,RADAR-A2D2-C9B2,Sensor Cape Canaveral / Space Coast,140,GREEN,GREEN
1773243274510,A2D2-C9B2,FLT-C9B2-001,28.198823,-80.598340,60.9,7.14,0,Mavic 2,false,drone_images/Mavic 2.png,28.195000,-80.605000,28.194500,-80.605300,apolloshield_dji,dji,,,2414500000,RADAR-A2D2-C9B2,Sensor Cape Canaveral / Space Coast,140,GREEN,GREEN
1773243274510,A2D2-C9B2,FLT-C9B2-001,28.198823,-80.598340,60.9,7.1401124,0,Mavic 2,false,drone_images/Mavic 2.png,28.195000,-80.605000,28.194500,-80.605300,apolloshield_dji,dji,,,2414500000,RADAR-A2D2-C9B2,Sensor Cape Canaveral / Space Coast,140,GREEN,GREEN
1773243274511,A2D2-C9B2,FLT-C9B2-001,28.198433,-80.598340,60.9,7.1401124,0,Mavic 2,false,drone_images/Mavic 2.png,28.195000,-80.605000,28.194500,-80.605300,apolloshield_dji,dji,,,2414500000,RADAR-A2D2-C9B2,Sensor Cape Canaveral / Space Coast,140,GREEN,GREEN
1773243274512,A2D2-C9B2,FLT-C9B2-001,28.198433,-80.598340,60.9,7.1401124,0,Mavic 2,false,drone_images/Mavic 2.png,28.195000,-80.605000,28.194500,-80.605300,apolloshield_dji,dji,,,2414500000,RADAR-A2D2-C9B2,Sensor Cape Canaveral / Space Coast,140,GREEN,GREEN
1773243274513,A2D2-C9B2,FLT-C9B2-001,28.198433,-80.598340,60.9,7.1401124,0,Mavic 2,false,drone_images/Mavic 2.png,28.195000,-80.605000,28.194500,-80.605300,apolloshield_dji,dji,,,2414500000,RADAR-A2D2-C9B2,Sensor Cape Canaveral / Space Coast,140,GREEN,GREEN
1773243274514,A2D2-C9B2,FLT-C9B2-001,28.198433,-80.598340,60.9,7.130007,0,Mavic 2,false,drone_images/Mavic 2.png,28.195000,-80.605000,28.194500,-80.605300,apolloshield_dji,dji,,,2414500000,RADAR-A2D2-C9B2,Sensor Cape Canaveral / Space Coast,140,GREEN,GREEN
1773243274516,A2D2-C9B2,FLT-C9B2-001,28.198238,-80.598346,60.9,7.130007,0,Mavic 2,false,drone_images/Mavic 2.png,28.195000,-80.605000,28.194500,-80.605300,apolloshield_dji,dji,,,2414500000,RADAR-A2D2-C9B2,Sensor Cape Canaveral / Space Coast,140,GREEN,GREEN
1773243274518,A2D2-C9B2,FLT-C9B2-001,28.198238,-80.598346,60.9,7.130007,0,Mavic 2,false,drone_images/Mavic 2.png,28.195000,-80.605000,28.194500,-80.605300,apolloshield_dji,dji,,,2414500000,RADAR-A2D2-C9B2,Sensor Cape Canaveral / Space Coast,140,GREEN,GREEN
1773243274843,A2D2-C9B2,FLT-C9B2-001,28.198238,-80.598346,60.9,7.130007,0,Mavic 2,false,drone_images/Mavic 2.png,28.195000,-80.605000,28.194500,-80.605300,apolloshield_dji,dji,,,2414500000,RADAR-A2D2-C9B2,Sensor Cape Canaveral / Space Coast,140,GREEN,GREEN
1773243275881,A2D2-C9B2,FLT-C9B2-001,28.198238,-80.598346,60.9,7.150028,0,Mavic 2,false,drone_images/Mavic 2.png,28.195000,-80.605000,28.194500,-80.605300,apolloshield_dji,dji,,,2414500000,RADAR-A2D2-C9B2,Sensor Cape Canaveral / Space Coast,140,GREEN,GREEN
1773243276992,A2D2-C9B2,FLT-C9B2-001,28.198112,-80.598346,60.9,7.150028,0,Mavic 2,false,drone_images/Mavic 2.png,28.195000,-80.605000,28.194500,-80.605300,apolloshield_dji,dji,,,2414500000,RADAR-A2D2-C9B2,Sensor Cape Canaveral / Space Coast,140,GREEN,GREEN
1773243277840,A2D2-C9B2,FLT-C9B2-001,28.198112,-80.598346,60.9,7.150028,0,Mavic 2,false,drone_images/Mavic 2.png,28.195000,-80.605000,28.194500,-80.605300,apolloshield_dji,dji,,,2414500000,RADAR-A2D2-C9B2,Sensor Cape Canaveral / Space Coast,140,GREEN,GREEN
1773243278924,A2D2-C9B2,FLT-C9B2-001,28.197786,-80.598346,60.9,7.1400065,0,Mavic 2,false,drone_images/Mavic 2.png,28.195000,-80.605000,28.194500,-80.605300,apolloshield_dji,dji,,,2414500000,RADAR-A2D2-C9B2,Sensor Cape Canaveral / Space Coast,140,GREEN,GREEN
1773243280048,A2D2-C9B2,FLT-C9B2-001,28.197786,-80.598346,60.9,7.1400065,0,Mavic 2,false,drone_images/Mavic 2.png,28.195000,-80.605000,28.194500,-80.605300,apolloshield_dji,dji,,,2414500000,RADAR-A2D2-C9B2,Sensor Cape Canaveral / Space Coast,140,GREEN,GREEN
1773243280954,A2D2-C9B2,FLT-C9B2-001,28.197786,-80.598346,60.9,7.1400065,0,Mavic 2,false,drone_images/Mavic 2.png,28.195000,-80.605000,28.194500,-80.605300,apolloshield_dji,dji,,,2414500000,RADAR-A2D2-C9B2,Sensor Cape Canaveral / Space Coast,140,GREEN,GREEN
1773243282081,A2D2-C9B2,FLT-C9B2-001,28.197786,-80.598346,60.9,7.1400065,0,Mavic 2,false,drone_images/Mavic 2.png,28.195000,-80.605000,28.194500,-80.605300,apolloshield_dji,dji,,,2414500000,RADAR-A2D2-C9B2,Sensor Cape Canaveral / Space Coast,140,GREEN,GREEN
1773243283164,A2D2-C9B2,FLT-C9B2-001,28.197786,-80.598346,60.9,7.150028,0,Mavic 2,false,drone_images/Mavic 2.png,28.195000,-80.605000,28.194500,-80.605300,apolloshield_dji,dji,,,2414500000,RADAR-A2D2-C9B2,Sensor Cape Canaveral / Space Coast,140,GREEN,GREEN
1773243284527,A2D2-C9B2,FLT-C9B2-001,28.197465,-80.598346,60.9,7.150028,0,Mavic 2,false,drone_images/Mavic 2.png,28.195000,-80.605000,28.194500,-80.605300,apolloshield_dji,dji,,,2414500000,RADAR-A2D2-C9B2,Sensor Cape Canaveral / Space Coast,140,GREEN,GREEN
1773243285208,A2D2-C9B2,FLT-C9B2-001,28.197465,-80.598346,60.9,7.150028,0,Mavic 2,false,drone_images/Mavic 2.png,28.195000,-80.605000,28.194500,-80.605300,apolloshield_dji,dji,,,2414500000,RADAR-A2D2-C9B2,Sensor Cape Canaveral / Space Coast,140,GREEN,GREEN
1773243286314,A2D2-C9B2,FLT-C9B2-001,28.197465,-80.598346,60.9,7.150028,0,Mavic 2,false,drone_images/Mavic 2.png,28.195000,-80.605000,28.194500,-80.605300,apolloshield_dji,dji,,,2414500000,RADAR-A2D2-C9B2,Sensor Cape Canaveral / Space Coast,140,GREEN,GREEN
1773243287193,A2D2-C9B2,FLT-C9B2-001,28.197465,-80.598346,60.9,7.150028,0,Mavic 2,false,drone_images/Mavic 2.png,28.195000,-80.605000,28.194500,-80.605300,apolloshield_dji,dji,,,2414500000,RADAR-A2D2-C9B2,Sensor Cape Canaveral / Space Coast,140,GREEN,GREEN
1773243288279,A2D2-C9B2,FLT-C9B2-001,28.197465,-80.598346,60.9,7.150028,0,Mavic 2,false,drone_images/Mavic 2.png,28.195000,-80.605000,28.194500,-80.605300,apolloshield_dji,dji,,,2414500000,RADAR-A2D2-C9B2,Sensor Cape Canaveral / Space Coast,140,GREEN,GREEN
1773243289369,A2D2-C9B2,FLT-C9B2-001,28.197465,-80.598346,60.9,7.1100283,0,Mavic 2,false,drone_images/Mavic 2.png,28.195000,-80.605000,28.194500,-80.605300,apolloshield_dji,dji,,,2414500000,RADAR-A2D2-C9B2,Sensor Cape Canaveral / Space Coast,140,GREEN,GREEN
1773243290327,A2D2-C9B2,FLT-C9B2-001,28.197075,-80.598346,60.9,7.1100283,0,Mavic 2,false,drone_images/Mavic 2.png,28.195000,-80.605000,28.194500,-80.605300,apolloshield_dji,dji,,,2414500000,RADAR-A2D2-C9B2,Sensor Cape Canaveral / Space Coast,140,GREEN,GREEN
1773243291456,A2D2-C9B2,FLT-C9B2-001,28.197075,-80.598346,60.9,7.18,0,Mavic 2,false,drone_images/Mavic 2.png,28.195000,-80.605000,28.194500,-80.605300,apolloshield_dji,dji,,,2414500000,RADAR-A2D2-C9B2,Sensor Cape Canaveral / Space Coast,140,GREEN,GREEN
1773243292372,A2D2-C9B2,FLT-C9B2-001,28.196881,-80.598346,60.9,7.14,0,Mavic 2,false,drone_images/Mavic 2.png,28.195000,-80.605000,28.194500,-80.605300,apolloshield_dji,dji,,,2414500000,RADAR-A2D2-C9B2,Sensor Cape Canaveral / Space Coast,140,GREEN,GREEN
1773243293687,A2D2-C9B2,FLT-C9B2-001,28.196881,-80.598346,60.9,7.14,0,Mavic 2,false,drone_images/Mavic 2.png,28.195000,-80.605000,28.194500,-80.605300,apolloshield_dji,dji,,,2414500000,RADAR-A2D2-C9B2,Sensor Cape Canaveral / Space Coast,140,GREEN,GREEN
1773243294651,A2D2-C9B2,FLT-C9B2-001,28.196881,-80.598346,60.9,7.14,0,Mavic 2,false,drone_images/Mavic 2.png,28.195000,-80.605000,28.194500,-80.605300,apolloshield_dji,dji,,,2414500000,RADAR-A2D2-C9B2,Sensor Cape Canaveral / Space Coast,140,GREEN,GREEN
1773243296053,A2D2-C9B2,FLT-C9B2-001,28.196881,-80.598346,60.9,7.14,0,Mavic 2,false,drone_images/Mavic 2.png,28.195000,-80.605000,28.194500,-80.605300,apolloshield_dji,dji,,,2414500000,RADAR-A2D2-C9B2,Sensor Cape Canaveral / Space Coast,140,GREEN,GREEN
1773243296412,A2D2-C9B2,FLT-C9B2-001,28.196881,-80.598346,60.9,7.14,0,Mavic 2,false,drone_images/Mavic 2.png,28.195000,-80.605000,28.194500,-80.605300,apolloshield_dji,dji,,,2414500000,RADAR-A2D2-C9B2,Sensor Cape Canaveral / Space Coast,140,GREEN,GREEN
1773243298616,A2D2-C9B2,FLT-C9B2-001,28.196881,-80.598346,60.9,7.14,0,Mavic 2,false,drone_images/Mavic 2.png,28.195000,-80.605000,28.194500,-80.605300,apolloshield_dji,dji,,,2414500000,RADAR-A2D2-C9B2,Sensor Cape Canaveral / Space Coast,140,GREEN,GREEN
1773243298621,A2D2-C9B2,FLT-C9B2-001,28.196881,-80.598346,60.9,7.14,0,Mavic 2,false,drone_images/Mavic 2.png,28.195000,-80.605000,28.194500,-80.605300,apolloshield_dji,dji,,,2414500000,RADAR-A2D2-C9B2,Sensor Cape Canaveral / Space Coast,140,GREEN,GREEN
1773243300537,A2D2-C9B2,FLT-C9B2-001,28.196881,-80.598346,60.9,7.14,0,Mavic 2,false,drone_images/Mavic 2.png,28.195000,-80.605000,28.194500,-80.605300,apolloshield_dji,dji,,,2414500000,RADAR-A2D2-C9B2,Sensor Cape Canaveral / Space Coast,140,GREEN,GREEN
1773243300538,A2D2-C9B2,FLT-C9B2-001,28.196881,-80.598346,60.9,7.14,0,Mavic 2,false,drone_images/Mavic 2.png,28.195000,-80.605000,28.194500,-80.605300,apolloshield_dji,dji,,,2414500000,RADAR-A2D2-C9B2,Sensor Cape Canaveral / Space Coast,140,GREEN,GREEN
1773243301510,A2D2-C9B2,FLT-C9B2-001,28.196881,-80.598346,60.9,7.14,0,Mavic 2,false,drone_images/Mavic 2.png,28.195000,-80.605000,28.194500,-80.605300,apolloshield_dji,dji,,,2414500000,RADAR-A2D2-C9B2,Sensor Cape Canaveral / Space Coast,140,GREEN,GREEN
1773243302718,A2D2-C9B2,FLT-C9B2-001,28.196881,-80.598346,60.9,7.14,0,Mavic 2,false,drone_images/Mavic 2.png,28.195000,-80.605000,28.194500,-80.605300,apolloshield_dji,dji,,,2414500000,RADAR-A2D2-C9B2,Sensor Cape Canaveral / Space Coast,140,GREEN,GREEN
1773243303798,A2D2-C9B2,FLT-C9B2-001,28.196881,-80.598346,60.9,7.14,0,Mavic 2,false,drone_images/Mavic 2.png,28.195000,-80.605000,28.194500,-80.605300,apolloshield_dji,dji,,,2414500000,RADAR-A2D2-C9B2,Sensor Cape Canaveral / Space Coast,140,GREEN,GREEN
1773243304563,A2D2-C9B2,FLT-C9B2-001,28.196881,-80.598346,60.9,7.14,0,Mavic 2,false,drone_images/Mavic 2.png,28.195000,-80.605000,28.194500,-80.605300,apolloshield_dji,dji,,,2414500000,RADAR-A2D2-C9B2,Sensor Cape Canaveral / Space Coast,140,GREEN,GREEN
1773243306511,A2D2-C9B2,FLT-C9B2-001,28.196881,-80.598346,60.9,7.14,0,Mavic 2,false,drone_images/Mavic 2.png,28.195000,-80.605000,28.194500,-80.605300,apolloshield_dji,dji,,,2414500000,RADAR-A2D2-C9B2,Sensor Cape Canaveral / Space Coast,140,GREEN,GREEN
1773243307328,A2D2-C9B2,FLT-C9B2-001,28.196881,-80.598346,60.9,7.14,0,Mavic 2,false,drone_images/Mavic 2.png,28.195000,-80.605000,28.194500,-80.605300,apolloshield_dji,dji,,,2414500000,RADAR-A2D2-C9B2,Sensor Cape Canaveral / Space Coast,140,GREEN,GREEN
1773243307518,A2D2-C9B2,FLT-C9B2-001,28.196881,-80.598346,60.9,7.14,0,Mavic 2,false,drone_images/Mavic 2.png,28.195000,-80.605000,28.194500,-80.605300,apolloshield_dji,dji,,,2414500000,RADAR-A2D2-C9B2,Sensor Cape Canaveral / Space Coast,140,GREEN,GREEN
1773243308826,A2D2-C9B2,FLT-C9B2-001,28.196881,-80.598346,60.9,7.14,0,Mavic 2,false,drone_images/Mavic 2.png,28.195000,-80.605000,28.194500,-80.605300,apolloshield_dji,dji,,,2414500000,RADAR-A2D2-C9B2,Sensor Cape Canaveral / Space Coast,140,GREEN,GREEN
1773243309766,A2D2-C9B2,FLT-C9B2-001,28.196881,-80.598346,60.9,7.14,0,Mavic 2,false,drone_images/Mavic 2.png,28.195000,-80.605000,28.194500,-80.605300,apolloshield_dji,dji,,,2414500000,RADAR-A2D2-C9B2,Sensor Cape Canaveral / Space Coast,140,GREEN,GREEN
1773243310819,A2D2-C9B2,FLT-C9B2-001,28.196881,-80.598346,60.9,7.14,0,Mavic 2,false,drone_images/Mavic 2.png,28.195000,-80.605000,28.194500,-80.605300,apolloshield_dji,dji,,,2414500000,RADAR-A2D2-C9B2,Sensor Cape Canaveral / Space Coast,140,GREEN,GREEN
1773243311896,A2D2-C9B2,FLT-C9B2-001,28.196881,-80.598346,60.9,7.14,0,Mavic 2,false,drone_images/Mavic 2.png,28.195000,-80.605000,28.194500,-80.605300,apolloshield_dji,dji,,,2414500000,RADAR-A2D2-C9B2,Sensor Cape Canaveral / Space Coast,140,GREEN,GREEN
1773243312775,A2D2-C9B2,FLT-C9B2-001,28.195786,-80.598340,60.9,1.7504572,0,Mavic 2,false,drone_images/Mavic 2.png,28.195000,-80.605000,28.194500,-80.605300,apolloshield_dji,dji,,,2414500000,RADAR-A2D2-C9B2,Sensor Cape Canaveral / Space Coast,140,GREEN,GREEN
1773243313827,A2D2-C9B2,FLT-C9B2-001,28.195786,-80.598340,60.9,3.7613297,0,Mavic 2,false,drone_images/Mavic 2.png,28.195000,-80.605000,28.194500,-80.605300,apolloshield_dji,dji,,,2414500000,RADAR-A2D2-C9B2,Sensor Cape Canaveral / Space Coast,140,GREEN,GREEN
1773243314958,A2D2-C9B2,FLT-C9B2-001,28.195677,-80.598346,60.9,5.1500096,0,Mavic 2,false,drone_images/Mavic 2.png,28.195000,-80.605000,28.194500,-80.605300,apolloshield_dji,dji,,,2414500000,RADAR-A2D2-C9B2,Sensor Cape Canaveral / Space Coast,140,GREEN,GREEN
1773243315899,A2D2-C9B2,FLT-C9B2-001,28.195677,-80.598346,60.9,5.1500096,0,Mavic 2,false,drone_images/Mavic 2.png,28.195000,-80.605000,28.194500,-80.605300,apolloshield_dji,dji,,,2414500000,RADAR-A2D2-C9B2,Sensor Cape Canaveral / Space Coast,140,GREEN,GREEN
1773243316970,A2D2-C9B2,FLT-C9B2-001,28.195677,-80.598346,60.9,5.1500096,0,Mavic 2,false,drone_images/Mavic 2.png,28.195000,-80.605000,28.194500,-80.605300,apolloshield_dji,dji,,,2414500000,RADAR-A2D2-C9B2,Sensor Cape Canaveral / Space Coast,140,GREEN,GREEN
1773243317951,A2D2-C9B2,FLT-C9B2-001,28.195677,-80.598346,60.9,5.1500096,0,Mavic 2,false,drone_images/Mavic 2.png,28.195000,-80.605000,28.194500,-80.605300,apolloshield_dji,dji,,,2414500000,RADAR-A2D2-C9B2,Sensor Cape Canaveral / Space Coast,140,GREEN,GREEN
1773243319059,A2D2-C9B2,FLT-C9B2-001,28.195677,-80.598346,60.9,2.820284,0,Mavic 2,false,drone_images/Mavic 2.png,28.195000,-80.605000,28.194500,-80.605300,apolloshield_dji,dji,,,2414500000,RADAR-A2D2-C9B2,Sensor Cape Canaveral / Space Coast,140,GREEN,GREEN
1773243334137,A2D2-C9B2,FLT-C9B2-001,28.195534,-80.598346,60.9,2.820284,0,Mavic 2,false,drone_images/Mavic 2.png,28.195000,-80.605000,28.194500,-80.605300,apolloshield_dji,dji,,,2414500000,RADAR-A2D2-C9B2,Sensor Cape Canaveral / Space Coast,140,GREEN,GREEN
1773243334138,A2D2-C9B2,FLT-C9B2-001,28.195534,-80.598346,60.9,2.820284,0,Mavic 2,false,drone_images/Mavic 2.png,28.195000,-80.605000,28.194500,-80.605300,apolloshield_dji,dji,,,2414500000,RADAR-A2D2-C9B2,Sensor Cape Canaveral / Space Coast,140,GREEN,GREEN
1773243334358,A2D2-C9B2,FLT-C9B2-001,28.195534,-80.598346,60.9,2.820284,0,Mavic 2,false,drone_images/Mavic 2.png,28.195000,-80.605000,28.194500,-80.605300,apolloshield_dji,dji,,,2414500000,RADAR-A2D2-C9B2,Sensor Cape Canaveral / Space Coast,140,GREEN,GREEN
1773243334369,A2D2-C9B2,FLT-C9B2-001,28.195534,-80.598346,60.9,2.820284,0,Mavic 2,false,drone_images/Mavic 2.png,28.195000,-80.605000,28.194500,-80.605300,apolloshield_dji,dji,,,2414500000,RADAR-A2D2-C9B2,Sensor Cape Canaveral / Space Coast,140,GREEN,GREEN
1773243334372,A2D2-C9B2,FLT-C9B2-001,28.195534,-80.598346,60.9,2.820284,0,Mavic 2,false,drone_images/Mavic 2.png,28.195000,-80.605000,28.194500,-80.605300,apolloshield_dji,dji,,,2414500000,RADAR-A2D2-C9B2,Sensor Cape Canaveral / Space Coast,140,GREEN,GREEN
1773243334377,A2D2-C9B2,FLT-C9B2-001,28.195534,-80.598346,60.9,2.820284,0,Mavic 2,false,drone_images/Mavic 2.png,28.195000,-80.605000,28.194500,-80.605300,apolloshield_dji,dji,,,2414500000,RADAR-A2D2-C9B2,Sensor Cape Canaveral / Space Coast,140,GREEN,GREEN
1773243334380,A2D2-C9B2,FLT-C9B2-001,28.195534,-80.598346,60.9,2.820284,0,Mavic 2,false,drone_images/Mavic 2.png,28.195000,-80.605000,28.194500,-80.605300,apolloshield_dji,dji,,,2414500000,RADAR-A2D2-C9B2,Sensor Cape Canaveral / Space Coast,140,GREEN,GREEN
1773243334380,A2D2-C9B2,FLT-C9B2-001,28.195534,-80.598346,60.9,2.820284,0,Mavic 2,false,drone_images/Mavic 2.png,28.195000,-80.605000,28.194500,-80.605300,apolloshield_dji,dji,,,2414500000,RADAR-A2D2-C9B2,Sensor Cape Canaveral / Space Coast,140,GREEN,GREEN
1773243334386,A2D2-C9B2,FLT-C9B2-001,28.195534,-80.598346,60.9,2.820284,0,Mavic 2,false,drone_images/Mavic 2.png,28.195000,-80.605000,28.194500,-80.605300,apolloshield_dji,dji,,,2414500000,RADAR-A2D2-C9B2,Sensor Cape Canaveral / Space Coast,140,GREEN,GREEN
1773243334399,A2D2-C9B2,FLT-C9B2-001,28.195534,-80.598346,60.9,2.820284,0,Mavic 2,false,drone_images/Mavic 2.png,28.195000,-80.605000,28.194500,-80.605300,apolloshield_dji,dji,,,2414500000,RADAR-A2D2-C9B2,Sensor Cape Canaveral / Space Coast,140,GREEN,GREEN
1773243334400,A2D2-C9B2,FLT-C9B2-001,28.195534,-80.598346,60.9,2.820284,0,Mavic 2,false,drone_images/Mavic 2.png,28.195000,-80.605000,28.194500,-80.605300,apolloshield_dji,dji,,,2414500000,RADAR-A2D2-C9B2,Sensor Cape Canaveral / Space Coast,140,GREEN,GREEN
1773243334401,A2D2-C9B2,FLT-C9B2-001,28.195534,-80.598346,60.9,2.820284,0,Mavic 2,false,drone_images/Mavic 2.png,28.195000,-80.605000,28.194500,-80.605300,apolloshield_dji,dji,,,2414500000,RADAR-A2D2-C9B2,Sensor Cape Canaveral / Space Coast,140,GREEN,GREEN
1773243334404,A2D2-C9B2,FLT-C9B2-001,28.195534,-80.598346,60.9,2.820284,0,Mavic 2,false,drone_images/Mavic 2.png,28.195000,-80.605000,28.194500,-80.605300,apolloshield_dji,dji,,,2414500000,RADAR-A2D2-C9B2,Sensor Cape Canaveral / Space Coast,140,GREEN,GREEN
1773243334404,A2D2-C9B2,FLT-C9B2-001,28.195534,-80.598346,60.9,2.820284,0,Mavic 2,false,drone_images/Mavic 2.png,28.195000,-80.605000,28.194500,-80.605300,apolloshield_dji,dji,,,2414500000,RADAR-A2D2-C9B2,Sensor Cape Canaveral / Space Coast,140,GREEN,GREEN
1773243335776,A2D2-C9B2,FLT-C9B2-001,28.195534,-80.598346,60.9,2.820284,0,Mavic 2,false,drone_images/Mavic 2.png,28.195000,-80.605000,28.194500,-80.605300,apolloshield_dji,dji,,,2414500000,RADAR-A2D2-C9B2,Sensor Cape Canaveral / Space Coast,140,GREEN,GREEN
1773243335780,A2D2-C9B2,FLT-C9B2-001,28.195534,-80.598346,60.9,2.820284,0,Mavic 2,false,drone_images/Mavic 2.png,28.195000,-80.605000,28.194500,-80.605300,apolloshield_dji,dji,,,2414500000,RADAR-A2D2-C9B2,Sensor Cape Canaveral / Space Coast,140,GREEN,GREEN
1773243336489,A2D2-C9B2,FLT-C9B2-001,28.195534,-80.598346,60.9,2.820284,0,Mavic 2,false,drone_images/Mavic 2.png,28.195000,-80.605000,28.194500,-80.605300,apolloshield_dji,dji,,,2414500000,RADAR-A2D2-C9B2,Sensor Cape Canaveral / Space Coast,140,GREEN,GREEN
1773243337518,A2D2-C9B2,FLT-C9B2-001,28.195534,-80.598346,60.9,2.820284,0,Mavic 2,false,drone_images/Mavic 2.png,28.195000,-80.605000,28.194500,-80.605300,apolloshield_dji,dji,,,2414500000,RADAR-A2D2-C9B2,Sensor Cape Canaveral / Space Coast,140,GREEN,GREEN
1773243338517,A2D2-C9B2,FLT-C9B2-001,28.195534,-80.598346,60.9,2.820284,0,Mavic 2,false,drone_images/Mavic 2.png,28.195000,-80.605000,28.194500,-80.605300,apolloshield_dji,dji,,,2414500000,RADAR-A2D2-C9B2,Sensor Cape Canaveral / Space Coast,140,GREEN,GREEN
1773243352323,A2D2-C9B2,FLT-C9B2-001,28.196537,-80.597876,60.9,16,0,Mavic 2,false,drone_images/Mavic 2.png,28.195000,-80.605000,28.194500,-80.605300,apolloshield_dji,dji,,,2414500000,RADAR-A2D2-C9B2,Sensor Cape Canaveral / Space Coast,140,GREEN,GREEN
1773243353410,A2D2-C9B2,FLT-C9B2-001,28.196537,-80.597876,60.9,7.1101756,0,Mavic 2,false,drone_images/Mavic 2.png,28.195000,-80.605000,28.194500,-80.605300,apolloshield_dji,dji,,,2414500000,RADAR-A2D2-C9B2,Sensor Cape Canaveral / Space Coast,140,GREEN,GREEN
1773243354421,A2D2-C9B2,FLT-C9B2-001,28.196537,-80.597876,60.9,7.1101756,0,Mavic 2,false,drone_images/Mavic 2.png,28.195000,-80.605000,28.194500,-80.605300,apolloshield_dji,dji,,,2414500000,RADAR-A2D2-C9B2,Sensor Cape Canaveral / Space Coast,140,GREEN,GREEN
1773243355580,A2D2-C9B2,FLT-C9B2-001,28.196537,-80.597876,60.9,7.1300282,0,Mavic 2,false,drone_images/Mavic 2.png,28.195000,-80.605000,28.194500,-80.605300,apolloshield_dji,dji,,,2414500000,RADAR-A2D2-C9B2,Sensor Cape Canaveral / Space Coast,140,GREEN,GREEN
1773243356439,A2D2-C9B2,FLT-C9B2-001,28.196669,-80.597876,60.9,7.1300282,0,Mavic 2,false,drone_images/Mavic 2.png,28.195000,-80.605000,28.194500,-80.605300,apolloshield_dji,dji,,,2414500000,RADAR-A2D2-C9B2,Sensor Cape Canaveral / Space Coast,140,GREEN,GREEN
1773243357467,A2D2-C9B2,FLT-C9B2-001,28.196669,-80.597876,60.9,7.1300282,0,Mavic 2,false,drone_images/Mavic 2.png,28.195000,-80.605000,28.194500,-80.605300,apolloshield_dji,dji,,,2414500000,RADAR-A2D2-C9B2,Sensor Cape Canaveral / Space Coast,140,GREEN,GREEN
1773243358421,A2D2-C9B2,FLT-C9B2-001,28.196669,-80.597876,60.9,7.1300282,0,Mavic 2,false,drone_images/Mavic 2.png,28.195000,-80.605000,28.194500,-80.605300,apolloshield_dji,dji,,,2414500000,RADAR-A2D2-C9B2,Sensor Cape Canaveral / Space Coast,140,GREEN,GREEN
1773243359409,A2D2-C9B2,FLT-C9B2-001,28.196669,-80.597876,60.9,7.1300282,0,Mavic 2,false,drone_images/Mavic 2.png,28.195000,-80.605000,28.194500,-80.605300,apolloshield_dji,dji,,,2414500000,RADAR-A2D2-C9B2,Sensor Cape Canaveral / Space Coast,140,GREEN,GREEN
1773243360508,A2D2-C9B2,FLT-C9B2-001,28.196989,-80.597876,60.9,7.1,0,Mavic 2,false,drone_images/Mavic 2.png,28.195000,-80.605000,28.194500,-80.605300,apolloshield_dji,dji,,,2414500000,RADAR-A2D2-C9B2,Sensor Cape Canaveral / Space Coast,140,GREEN,GREEN
1773243361531,A2D2-C9B2,FLT-C9B2-001,28.196989,-80.597876,60.9,7.1,0,Mavic 2,false,drone_images/Mavic 2.png,28.195000,-80.605000,28.194500,-80.605300,apolloshield_dji,dji,,,2414500000,RADAR-A2D2-C9B2,Sensor Cape Canaveral / Space Coast,140,GREEN,GREEN
1773243362634,A2D2-C9B2,FLT-C9B2-001,28.196989,-80.597876,60.9,7.1,0,Mavic 2,false,drone_images/Mavic 2.png,28.195000,-80.605000,28.194500,-80.605300,apolloshield_dji,dji,,,2414500000,RADAR-A2D2-C9B2,Sensor Cape Canaveral / Space Coast,140,GREEN,GREEN
1773243363528,A2D2-C9B2,FLT-C9B2-001,28.196989,-80.597876,60.9,7.1,0,Mavic 2,false,drone_images/Mavic 2.png,28.195000,-80.605000,28.194500,-80.605300,apolloshield_dji,dji,,,2414500000,RADAR-A2D2-C9B2,Sensor Cape Canaveral / Space Coast,140,GREEN,GREEN
1773243364544,A2D2-C9B2,FLT-C9B2-001,28.197310,-80.597876,60.9,7.160063,0,Mavic 2,false,drone_images/Mavic 2.png,28.195000,-80.605000,28.194500,-80.605300,apolloshield_dji,dji,,,2414500000,RADAR-A2D2-C9B2,Sensor Cape Canaveral / Space Coast,140,GREEN,GREEN
1773243365820,A2D2-C9B2,FLT-C9B2-001,28.197310,-80.597876,60.9,7.160063,0,Mavic 2,false,drone_images/Mavic 2.png,28.195000,-80.605000,28.194500,-80.605300,apolloshield_dji,dji,,,2414500000,RADAR-A2D2-C9B2,Sensor Cape Canaveral / Space Coast,140,GREEN,GREEN
1773243367421,A2D2-C9B2,FLT-C9B2-001,28.197310,-80.597876,60.9,7.160063,0,Mavic 2,false,drone_images/Mavic 2.png,28.195000,-80.605000,28.194500,-80.605300,apolloshield_dji,dji,,,2414500000,RADAR-A2D2-C9B2,Sensor Cape Canaveral / Space Coast,140,GREEN,GREEN
1773243367689,A2D2-C9B2,FLT-C9B2-001,28.197310,-80.597876,60.9,7.160063,0,Mavic 2,false,drone_images/Mavic 2.png,28.195000,-80.605000,28.194500,-80.605300,apolloshield_dji,dji,,,2414500000,RADAR-A2D2-C9B2,Sensor Cape Canaveral / Space Coast,140,GREEN,GREEN
1773243368743,A2D2-C9B2,FLT-C9B2-001,28.197310,-80.597876,60.9,7.160063,0,Mavic 2,false,drone_images/Mavic 2.png,28.195000,-80.605000,28.194500,-80.605300,apolloshield_dji,dji,,,2414500000,RADAR-A2D2-C9B2,Sensor Cape Canaveral / Space Coast,140,GREEN,GREEN
1773243369735,A2D2-C9B2,FLT-C9B2-001,28.197310,-80.597876,60.9,7.160063,0,Mavic 2,false,drone_images/Mavic 2.png,28.195000,-80.605000,28.194500,-80.605300,apolloshield_dji,dji,,,2414500000,RADAR-A2D2-C9B2,Sensor Cape Canaveral / Space Coast,140,GREEN,GREEN
1773243370833,A2D2-C9B2,FLT-C9B2-001,28.197310,-80.597876,60.9,7.160063,0,Mavic 2,false,drone_images/Mavic 2.png,28.195000,-80.605000,28.194500,-80.605300,apolloshield_dji,dji,,,2414500000,RADAR-A2D2-C9B2,Sensor Cape Canaveral / Space Coast,140,GREEN,GREEN
1773243371840,A2D2-C9B2,FLT-C9B2-001,28.197310,-80.597876,60.9,7.160063,0,Mavic 2,false,drone_images/Mavic 2.png,28.195000,-80.605000,28.194500,-80.605300,apolloshield_dji,dji,,,2414500000,RADAR-A2D2-C9B2,Sensor Cape Canaveral / Space Coast,140,GREEN,GREEN
1773243372864,A2D2-C9B2,FLT-C9B2-001,28.197310,-80.597876,60.9,7.160063,0,Mavic 2,false,drone_images/Mavic 2.png,28.195000,-80.605000,28.194500,-80.605300,apolloshield_dji,dji,,,2414500000,RADAR-A2D2-C9B2,Sensor Cape Canaveral / Space Coast,140,GREEN,GREEN
1773243374206,A2D2-C9B2,FLT-C9B2-001,28.197310,-80.597876,60.9,7.160063,0,Mavic 2,false,drone_images/Mavic 2.png,28.195000,-80.605000,28.194500,-80.605300,apolloshield_dji,dji,,,2414500000,RADAR-A2D2-C9B2,Sensor Cape Canaveral / Space Coast,140,GREEN,GREEN
1773243375007,A2D2-C9B2,FLT-C9B2-001,28.197310,-80.597876,60.9,7.160063,0,Mavic 2,false,drone_images/Mavic 2.png,28.195000,-80.605000,28.194500,-80.605300,apolloshield_dji,dji,,,2414500000,RADAR-A2D2-C9B2,Sensor Cape Canaveral / Space Coast,140,GREEN,GREEN
1773243375936,A2D2-C9B2,FLT-C9B2-001,28.197310,-80.597876,60.9,7.160063,0,Mavic 2,false,drone_images/Mavic 2.png,28.195000,-80.605000,28.194500,-80.605300,apolloshield_dji,dji,,,2414500000,RADAR-A2D2-C9B2,Sensor Cape Canaveral / Space Coast,140,GREEN,GREEN
1773243377799,A2D2-C9B2,FLT-C9B2-001,28.197310,-80.597876,60.9,7.160063,0,Mavic 2,false,drone_images/Mavic 2.png,28.195000,-80.605000,28.194500,-80.605300,apolloshield_dji,dji,,,2414500000,RADAR-A2D2-C9B2,Sensor Cape Canaveral / Space Coast,140,GREEN,GREEN
1773243377864,A2D2-C9B2,FLT-C9B2-001,28.197310,-80.597876,60.9,7.160063,0,Mavic 2,false,drone_images/Mavic 2.png,28.195000,-80.605000,28.194500,-80.605300,apolloshield_dji,dji,,,2414500000,RADAR-A2D2-C9B2,Sensor Cape Canaveral / Space Coast,140,GREEN,GREEN
1773243378801,A2D2-C9B2,FLT-C9B2-001,28.197310,-80.597876,60.9,7.160063,0,Mavic 2,false,drone_images/Mavic 2.png,28.195000,-80.605000,28.194500,-80.605300,apolloshield_dji,dji,,,2414500000,RADAR-A2D2-C9B2,Sensor Cape Canaveral / Space Coast,140,GREEN,GREEN
1773243379751,A2D2-C9B2,FLT-C9B2-001,28.197310,-80.597876,60.9,7.160063,0,Mavic 2,false,drone_images/Mavic 2.png,28.195000,-80.605000,28.194500,-80.605300,apolloshield_dji,dji,,,2414500000,RADAR-A2D2-C9B2,Sensor Cape Canaveral / Space Coast,140,GREEN,GREEN
1773243394547,A2D2-C9B2,FLT-C9B2-001,28.198410,-80.597876,60.9,7.17,0,Mavic 2,false,drone_images/Mavic 2.png,28.195000,-80.605000,28.194500,-80.605300,apolloshield_dji,dji,,,2414500000,RADAR-A2D2-C9B2,Sensor Cape Canaveral / Space Coast,140,GREEN,GREEN
1773243394767,A2D2-C9B2,FLT-C9B2-001,28.198410,-80.597876,60.9,7.17,0,Mavic 2,false,drone_images/Mavic 2.png,28.195000,-80.605000,28.194500,-80.605300,apolloshield_dji,dji,,,2414500000,RADAR-A2D2-C9B2,Sensor Cape Canaveral / Space Coast,140,GREEN,GREEN
1773243394769,A2D2-C9B2,FLT-C9B2-001,28.198410,-80.597876,60.9,7.17,0,Mavic 2,false,drone_images/Mavic 2.png,28.195000,-80.605000,28.194500,-80.605300,apolloshield_dji,dji,,,2414500000,RADAR-A2D2-C9B2,Sensor Cape Canaveral / Space Coast,140,GREEN,GREEN
1773243394770,A2D2-C9B2,FLT-C9B2-001,28.198410,-80.597876,60.9,7.17,0,Mavic 2,false,drone_images/Mavic 2.png,28.195000,-80.605000,28.194500,-80.605300,apolloshield_dji,dji,,,2414500000,RADAR-A2D2-C9B2,Sensor Cape Canaveral / Space Coast,140,GREEN,GREEN
1773243394771,A2D2-C9B2,FLT-C9B2-001,28.198410,-80.597876,60.9,7.17,0,Mavic 2,false,drone_images/Mavic 2.png,28.195000,-80.605000,28.194500,-80.605300,apolloshield_dji,dji,,,2414500000,RADAR-A2D2-C9B2,Sensor Cape Canaveral / Space Coast,140,GREEN,GREEN
1773243394771,A2D2-C9B2,FLT-C9B2-001,28.198410,-80.597876,60.9,7.17,0,Mavic 2,false,drone_images/Mavic 2.png,28.195000,-80.605000,28.194500,-80.605300,apolloshield_dji,dji,,,2414500000,RADAR-A2D2-C9B2,Sensor Cape Canaveral / Space Coast,140,GREEN,GREEN
1773243394772,A2D2-C9B2,FLT-C9B2-001,28.198410,-80.597876,60.9,7.17,0,Mavic 2,false,drone_images/Mavic 2.png,28.195000,-80.605000,28.194500,-80.605300,apolloshield_dji,dji,,,2414500000,RADAR-A2D2-C9B2,Sensor Cape Canaveral / Space Coast,140,GREEN,GREEN
1773243394774,A2D2-C9B2,FLT-C9B2-001,28.198410,-80.597876,60.9,7.17,0,Mavic 2,false,drone_images/Mavic 2.png,28.195000,-80.605000,28.194500,-80.605300,apolloshield_dji,dji,,,2414500000,RADAR-A2D2-C9B2,Sensor Cape Canaveral / Space Coast,140,GREEN,GREEN
1773243394775,A2D2-C9B2,FLT-C9B2-001,28.198410,-80.597876,60.9,7.17,0,Mavic 2,false,drone_images/Mavic 2.png,28.195000,-80.605000,28.194500,-80.605300,apolloshield_dji,dji,,,2414500000,RADAR-A2D2-C9B2,Sensor Cape Canaveral / Space Coast,140,GREEN,GREEN
1773243394777,A2D2-C9B2,FLT-C9B2-001,28.198410,-80.597876,60.9,7.17,0,Mavic 2,false,drone_images/Mavic 2.png,28.195000,-80.605000,28.194500,-80.605300,apolloshield_dji,dji,,,2414500000,RADAR-A2D2-C9B2,Sensor Cape Canaveral / Space Coast,140,GREEN,GREEN
1773243394779,A2D2-C9B2,FLT-C9B2-001,28.198410,-80.597876,60.9,7.17,0,Mavic 2,false,drone_images/Mavic 2.png,28.195000,-80.605000,28.194500,-80.605300,apolloshield_dji,dji,,,2414500000,RADAR-A2D2-C9B2,Sensor Cape Canaveral / Space Coast,140,GREEN,GREEN
1773243394780,A2D2-C9B2,FLT-C9B2-001,28.198410,-80.597876,60.9,7.17,0,Mavic 2,false,drone_images/Mavic 2.png,28.195000,-80.605000,28.194500,-80.605300,apolloshield_dji,dji,,,2414500000,RADAR-A2D2-C9B2,Sensor Cape Canaveral / Space Coast,140,GREEN,GREEN
1773243394782,A2D2-C9B2,FLT-C9B2-001,28.198410,-80.597876,60.9,7.17,0,Mavic 2,false,drone_images/Mavic 2.png,28.195000,-80.605000,28.194500,-80.605300,apolloshield_dji,dji,,,2414500000,RADAR-A2D2-C9B2,Sensor Cape Canaveral / Space Coast,140,GREEN,GREEN
1773243394783,A2D2-C9B2,FLT-C9B2-001,28.198410,-80.597876,60.9,7.17,0,Mavic 2,false,drone_images/Mavic 2.png,28.195000,-80.605000,28.194500,-80.605300,apolloshield_dji,dji,,,2414500000,RADAR-A2D2-C9B2,Sensor Cape Canaveral / Space Coast,140,GREEN,GREEN
1773243395207,A2D2-C9B2,FLT-C9B2-001,28.198410,-80.597876,60.9,7.17,0,Mavic 2,false,drone_images/Mavic 2.png,28.195000,-80.605000,28.194500,-80.605300,apolloshield_dji,dji,,,2414500000,RADAR-A2D2-C9B2,Sensor Cape Canaveral / Space Coast,140,GREEN,GREEN
1773243396421,A2D2-C9B2,FLT-C9B2-001,28.198410,-80.597876,60.9,7.17,0,Mavic 2,false,drone_images/Mavic 2.png,28.195000,-80.605000,28.194500,-80.605300,apolloshield_dji,dji,,,2414500000,RADAR-A2D2-C9B2,Sensor Cape Canaveral / Space Coast,140,GREEN,GREEN
1773243397143,A2D2-C9B2,FLT-C9B2-001,28.198410,-80.597876,60.9,7.17,0,Mavic 2,false,drone_images/Mavic 2.png,28.195000,-80.605000,28.194500,-80.605300,apolloshield_dji,dji,,,2414500000,RADAR-A2D2-C9B2,Sensor Cape Canaveral / Space Coast,140,GREEN,GREEN
1773243398173,A2D2-C9B2,FLT-C9B2-001,28.198410,-80.597876,60.9,7.17,0,Mavic 2,false,drone_images/Mavic 2.png,28.195000,-80.605000,28.194500,-80.605300,apolloshield_dji,dji,,,2414500000,RADAR-A2D2-C9B2,Sensor Cape Canaveral / Space Coast,140,GREEN,GREEN
1773243399146,A2D2-C9B2,FLT-C9B2-001,28.198410,-80.597876,60.9,7.17,0,Mavic 2,false,drone_images/Mavic 2.png,28.195000,-80.605000,28.194500,-80.605300,apolloshield_dji,dji,,,2414500000,RADAR-A2D2-C9B2,Sensor Cape Canaveral / Space Coast,140,GREEN,GREEN
1773243403092,A2D2-C9B2,FLT-C9B2-001,28.198410,-80.597876,60.9,16,0,Mavic 2,false,drone_images/Mavic 2.png,28.195000,-80.605000,28.194500,-80.605300,apolloshield_dji,dji,,,2414500000,RADAR-A2D2-C9B2,Sensor Cape Canaveral / Space Coast,140,GREEN,GREEN
1773243404166,A2D2-C9B2,FLT-C9B2-001,28.199831,-80.597876,60.9,7.17,0,Mavic 2,false,drone_images/Mavic 2.png,28.195000,-80.605000,28.194500,-80.605300,apolloshield_dji,dji,,,2414500000,RADAR-A2D2-C9B2,Sensor Cape Canaveral / Space Coast,140,GREEN,GREEN
1773243405189,A2D2-C9B2,FLT-C9B2-001,28.199831,-80.597876,60.9,7.17,0,Mavic 2,false,drone_images/Mavic 2.png,28.195000,-80.605000,28.194500,-80.605300,apolloshield_dji,dji,,,2414500000,RADAR-A2D2-C9B2,Sensor Cape Canaveral / Space Coast,140,GREEN,GREEN
1773243406296,A2D2-C9B2,FLT-C9B2-001,28.199831,-80.597876,60.9,7.17,0,Mavic 2,false,drone_images/Mavic 2.png,28.195000,-80.605000,28.194500,-80.605300,apolloshield_dji,dji,,,2414500000,RADAR-A2D2-C9B2,Sensor Cape Canaveral / Space Coast,140,GREEN,GREEN
1773243407265,A2D2-C9B2,FLT-C9B2-001,28.199831,-80.597876,60.9,7.17,0,Mavic 2,false,drone_images/Mavic 2.png,28.195000,-80.605000,28.194500,-80.605300,apolloshield_dji,dji,,,2414500000,RADAR-A2D2-C9B2,Sensor Cape Canaveral / Space Coast,140,GREEN,GREEN
1773243408407,A2D2-C9B2,FLT-C9B2-001,28.199831,-80.597876,60.9,7.17,0,Mavic 2,false,drone_images/Mavic 2.png,28.195000,-80.605000,28.194500,-80.605300,apolloshield_dji,dji,,,2414500000,RADAR-A2D2-C9B2,Sensor Cape Canaveral / Space Coast,140,GREEN,GREEN
1773243409422,A2D2-C9B2,FLT-C9B2-001,28.199831,-80.597876,60.9,7.17,0,Mavic 2,false,drone_images/Mavic 2.png,28.195000,-80.605000,28.194500,-80.605300,apolloshield_dji,dji,,,2414500000,RADAR-A2D2-C9B2,Sensor Cape Canaveral / Space Coast,140,GREEN,GREEN
1773243410515,A2D2-C9B2,FLT-C9B2-001,28.199831,-80.597876,60.9,7.17,0,Mavic 2,false,drone_images/Mavic 2.png,28.195000,-80.605000,28.194500,-80.605300,apolloshield_dji,dji,,,2414500000,RADAR-A2D2-C9B2,Sensor Cape Canaveral / Space Coast,140,GREEN,GREEN
1773243411332,A2D2-C9B2,FLT-C9B2-001,28.199831,-80.597876,60.9,7.17,0,Mavic 2,false,drone_images/Mavic 2.png,28.195000,-80.605000,28.194500,-80.605300,apolloshield_dji,dji,,,2414500000,RADAR-A2D2-C9B2,Sensor Cape Canaveral / Space Coast,140,GREEN,GREEN
1773243412402,A2D2-C9B2,FLT-C9B2-001,28.200078,-80.597876,60.9,4.550011,0,Mavic 2,false,drone_images/Mavic 2.png,28.195000,-80.605000,28.194500,-80.605300,apolloshield_dji,dji,,,2414500000,RADAR-A2D2-C9B2,Sensor Cape Canaveral / Space Coast,140,GREEN,GREEN
1773243413995,A2D2-C9B2,FLT-C9B2-001,28.200078,-80.597876,60.9,4.550011,0,Mavic 2,false,drone_images/Mavic 2.png,28.195000,-80.605000,28.194500,-80.605300,apolloshield_dji,dji,,,2414500000,RADAR-A2D2-C9B2,Sensor Cape Canaveral / Space Coast,140,GREEN,GREEN
1773243414475,A2D2-C9B2,FLT-C9B2-001,28.200078,-80.597876,60.9,4.550011,0,Mavic 2,false,drone_images/Mavic 2.png,28.195000,-80.605000,28.194500,-80.605300,apolloshield_dji,dji,,,2414500000,RADAR-A2D2-C9B2,Sensor Cape Canaveral / Space Coast,140,GREEN,GREEN
1773243415660,A2D2-C9B2,FLT-C9B2-001,28.200078,-80.597876,60.9,4.550011,0,Mavic 2,false,drone_images/Mavic 2.png,28.195000,-80.605000,28.194500,-80.605300,apolloshield_dji,dji,,,2414500000,RADAR-A2D2-C9B2,Sensor Cape Canaveral / Space Coast,140,GREEN,GREEN
1773243416514,A2D2-C9B2,FLT-C9B2-001,28.200078,-80.597876,60.9,4.550011,0,Mavic 2,false,drone_images/Mavic 2.png,28.195000,-80.605000,28.194500,-80.605300,apolloshield_dji,dji,,,2414500000,RADAR-A2D2-C9B2,Sensor Cape Canaveral / Space Coast,140,GREEN,GREEN
1773243417568,A2D2-C9B2,FLT-C9B2-001,28.200078,-80.597876,60.9,4.550011,0,Mavic 2,false,drone_images/Mavic 2.png,28.195000,-80.605000,28.194500,-80.605300,apolloshield_dji,dji,,,2414500000,RADAR-A2D2-C9B2,Sensor Cape Canaveral / Space Coast,140,GREEN,GREEN
1773243418467,A2D2-C9B2,FLT-C9B2-001,28.200078,-80.597876,60.9,4.550011,0,Mavic 2,false,drone_images/Mavic 2.png,28.195000,-80.605000,28.194500,-80.605300,apolloshield_dji,dji,,,2414500000,RADAR-A2D2-C9B2,Sensor Cape Canaveral / Space Coast,140,GREEN,GREEN
1773243419455,A2D2-C9B2,FLT-C9B2-001,28.200078,-80.597876,60.9,4.550011,0,Mavic 2,false,drone_images/Mavic 2.png,28.195000,-80.605000,28.194500,-80.605300,apolloshield_dji,dji,,,2414500000,RADAR-A2D2-C9B2,Sensor Cape Canaveral / Space Coast,140,GREEN,GREEN
1773243420482,A2D2-C9B2,FLT-C9B2-001,28.200078,-80.597876,60.9,4.550011,0,Mavic 2,false,drone_images/Mavic 2.png,28.195000,-80.605000,28.194500,-80.605300,apolloshield_dji,dji,,,2414500000,RADAR-A2D2-C9B2,Sensor Cape Canaveral / Space Coast,140,GREEN,GREEN
1773243421303,A2D2-C9B2,FLT-C9B2-001,28.200078,-80.597876,60.9,4.550011,0,Mavic 2,false,drone_images/Mavic 2.png,28.195000,-80.605000,28.194500,-80.605300,apolloshield_dji,dji,,,2414500000,RADAR-A2D2-C9B2,Sensor Cape Canaveral / Space Coast,140,GREEN,GREEN
1773243422410,A2D2-C9B2,FLT-C9B2-001,28.200078,-80.597876,60.9,4.550011,0,Mavic 2,false,drone_images/Mavic 2.png,28.195000,-80.605000,28.194500,-80.605300,apolloshield_dji,dji,,,2414500000,RADAR-A2D2-C9B2,Sensor Cape Canaveral / Space Coast,140,GREEN,GREEN
1773243423451,A2D2-C9B2,FLT-C9B2-001,28.200078,-80.597876,60.9,4.550011,0,Mavic 2,false,drone_images/Mavic 2.png,28.195000,-80.605000,28.194500,-80.605300,apolloshield_dji,dji,,,2414500000,RADAR-A2D2-C9B2,Sensor Cape Canaveral / Space Coast,140,GREEN,GREEN
1773243424361,A2D2-C9B2,FLT-C9B2-001,28.200078,-80.597876,60.9,4.550011,0,Mavic 2,false,drone_images/Mavic 2.png,28.195000,-80.605000,28.194500,-80.605300,apolloshield_dji,dji,,,2414500000,RADAR-A2D2-C9B2,Sensor Cape Canaveral / Space Coast,140,GREEN,GREEN
1773243425397,A2D2-C9B2,FLT-C9B2-001,28.200078,-80.597876,60.9,4.550011,0,Mavic 2,false,drone_images/Mavic 2.png,28.195000,-80.605000,28.194500,-80.605300,apolloshield_dji,dji,,,2414500000,RADAR-A2D2-C9B2,Sensor Cape Canaveral / Space Coast,140,GREEN,GREEN
1773243426519,A2D2-C9B2,FLT-C9B2-001,28.200078,-80.597876,60.9,4.550011,0,Mavic 2,false,drone_images/Mavic 2.png,28.195000,-80.605000,28.194500,-80.605300,apolloshield_dji,dji,,,2414500000,RADAR-A2D2-C9B2,Sensor Cape Canaveral / Space Coast,140,GREEN,GREEN
1773243427408,A2D2-C9B2,FLT-C9B2-001,28.200078,-80.597876,60.9,4.550011,0,Mavic 2,false,drone_images/Mavic 2.png,28.195000,-80.605000,28.194500,-80.605300,apolloshield_dji,dji,,,2414500000,RADAR-A2D2-C9B2,Sensor Cape Canaveral / Space Coast,140,GREEN,GREEN
1773243428572,A2D2-C9B2,FLT-C9B2-001,28.200078,-80.597876,60.9,4.550011,0,Mavic 2,false,drone_images/Mavic 2.png,28.195000,-80.605000,28.194500,-80.605300,apolloshield_dji,dji,,,2414500000,RADAR-A2D2-C9B2,Sensor Cape Canaveral / Space Coast,140,GREEN,GREEN
1773243429511,A2D2-C9B2,FLT-C9B2-001,28.200078,-80.597876,60.9,4.550011,0,Mavic 2,false,drone_images/Mavic 2.png,28.195000,-80.605000,28.194500,-80.605300,apolloshield_dji,dji,,,2414500000,RADAR-A2D2-C9B2,Sensor Cape Canaveral / Space Coast,140,GREEN,GREEN
1773243430550,A2D2-C9B2,FLT-C9B2-001,28.200078,-80.597876,60.9,4.550011,0,Mavic 2,false,drone_images/Mavic 2.png,28.195000,-80.605000,28.194500,-80.605300,apolloshield_dji,dji,,,2414500000,RADAR-A2D2-C9B2,Sensor Cape Canaveral / Space Coast,140,GREEN,GREEN
1773243431519,A2D2-C9B2,FLT-C9B2-001,28.200078,-80.597876,60.9,4.550011,0,Mavic 2,false,drone_images/Mavic 2.png,28.195000,-80.605000,28.194500,-80.605300,apolloshield_dji,dji,,,2414500000,RADAR-A2D2-C9B2,Sensor Cape Canaveral / Space Coast,140,GREEN,GREEN
1773243455305,A2D2-C9B2,FLT-C9B2-001,28.200078,-80.597876,60.9,16,0,Mavic 2,false,drone_images/Mavic 2.png,28.195000,-80.605000,28.194500,-80.605300,apolloshield_dji,dji,,,2414500000,RADAR-A2D2-C9B2,Sensor Cape Canaveral / Space Coast,140,GREEN,GREEN
1773243456295,A2D2-C9B2,FLT-C9B2-001,28.201814,-80.597876,60.9,7.170028,0,Mavic 2,false,drone_images/Mavic 2.png,28.195000,-80.605000,28.194500,-80.605300,apolloshield_dji,dji,,,2414500000,RADAR-A2D2-C9B2,Sensor Cape Canaveral / Space Coast,140,GREEN,GREEN
1773243457288,A2D2-C9B2,FLT-C9B2-001,28.201814,-80.597876,60.9,7.160028,0,Mavic 2,false,drone_images/Mavic 2.png,28.195000,-80.605000,28.194500,-80.605300,apolloshield_dji,dji,,,2414500000,RADAR-A2D2-C9B2,Sensor Cape Canaveral / Space Coast,140,GREEN,GREEN
1773243458397,A2D2-C9B2,FLT-C9B2-001,28.201940,-80.597876,60.9,7.160028,0,Mavic 2,false,drone_images/Mavic 2.png,28.195000,-80.605000,28.194500,-80.605300,apolloshield_dji,dji,,,2414500000,RADAR-A2D2-C9B2,Sensor Cape Canaveral / Space Coast,140,GREEN,GREEN
1773243459427,A2D2-C9B2,FLT-C9B2-001,28.201940,-80.597876,60.9,7.160028,0,Mavic 2,false,drone_images/Mavic 2.png,28.195000,-80.605000,28.194500,-80.605300,apolloshield_dji,dji,,,2414500000,RADAR-A2D2-C9B2,Sensor Cape Canaveral / Space Coast,140,GREEN,GREEN
1773243460391,A2D2-C9B2,FLT-C9B2-001,28.201940,-80.597876,60.9,7.160028,0,Mavic 2,false,drone_images/Mavic 2.png,28.195000,-80.605000,28.194500,-80.605300,apolloshield_dji,dji,,,2414500000,RADAR-A2D2-C9B2,Sensor Cape Canaveral / Space Coast,140,GREEN,GREEN
1773243461426,A2D2-C9B2,FLT-C9B2-001,28.201940,-80.597876,60.9,7.160028,0,Mavic 2,false,drone_images/Mavic 2.png,28.195000,-80.605000,28.194500,-80.605300,apolloshield_dji,dji,,,2414500000,RADAR-A2D2-C9B2,Sensor Cape Canaveral / Space Coast,140,GREEN,GREEN
1773243462421,A2D2-C9B2,FLT-C9B2-001,28.201940,-80.597876,60.9,7.160028,0,Mavic 2,false,drone_images/Mavic 2.png,28.195000,-80.605000,28.194500,-80.605300,apolloshield_dji,dji,,,2414500000,RADAR-A2D2-C9B2,Sensor Cape Canaveral / Space Coast,140,GREEN,GREEN
1773243463412,A2D2-C9B2,FLT-C9B2-001,28.201940,-80.597876,60.9,7.160028,0,Mavic 2,false,drone_images/Mavic 2.png,28.195000,-80.605000,28.194500,-80.605300,apolloshield_dji,dji,,,2414500000,RADAR-A2D2-C9B2,Sensor Cape Canaveral / Space Coast,140,GREEN,GREEN
1773243464516,A2D2-C9B2,FLT-C9B2-001,28.201940,-80.597876,60.9,7.160028,0,Mavic 2,false,drone_images/Mavic 2.png,28.195000,-80.605000,28.194500,-80.605300,apolloshield_dji,dji,,,2414500000,RADAR-A2D2-C9B2,Sensor Cape Canaveral / Space Coast,140,GREEN,GREEN
1773243465482,A2D2-C9B2,FLT-C9B2-001,28.201940,-80.597876,60.9,7.160028,0,Mavic 2,false,drone_images/Mavic 2.png,28.195000,-80.605000,28.194500,-80.605300,apolloshield_dji,dji,,,2414500000,RADAR-A2D2-C9B2,Sensor Cape Canaveral / Space Coast,140,GREEN,GREEN
1773243466454,A2D2-C9B2,FLT-C9B2-001,28.201940,-80.597876,60.9,7.160028,0,Mavic 2,false,drone_images/Mavic 2.png,28.195000,-80.605000,28.194500,-80.605300,apolloshield_dji,dji,,,2414500000,RADAR-A2D2-C9B2,Sensor Cape Canaveral / Space Coast,140,GREEN,GREEN
1773243467396,A2D2-C9B2,FLT-C9B2-001,28.201940,-80.597876,60.9,7.160028,0,Mavic 2,false,drone_images/Mavic 2.png,28.195000,-80.605000,28.194500,-80.605300,apolloshield_dji,dji,,,2414500000,RADAR-A2D2-C9B2,Sensor Cape Canaveral / Space Coast,140,GREEN,GREEN
1773243468644,A2D2-C9B2,FLT-C9B2-001,28.201940,-80.597876,60.9,7.160028,0,Mavic 2,false,drone_images/Mavic 2.png,28.195000,-80.605000,28.194500,-80.605300,apolloshield_dji,dji,,,2414500000,RADAR-A2D2-C9B2,Sensor Cape Canaveral / Space Coast,140,GREEN,GREEN
1773243469703,A2D2-C9B2,FLT-C9B2-001,28.201940,-80.597876,60.9,7.160028,0,Mavic 2,false,drone_images/Mavic 2.png,28.195000,-80.605000,28.194500,-80.605300,apolloshield_dji,dji,,,2414500000,RADAR-A2D2-C9B2,Sensor Cape Canaveral / Space Coast,140,GREEN,GREEN
1773243470545,A2D2-C9B2,FLT-C9B2-001,28.201940,-80.597876,60.9,7.160028,0,Mavic 2,false,drone_images/Mavic 2.png,28.195000,-80.605000,28.194500,-80.605300,apolloshield_dji,dji,,,2414500000,RADAR-A2D2-C9B2,Sensor Cape Canaveral / Space Coast,140,GREEN,GREEN
1773243471537,A2D2-C9B2,FLT-C9B2-001,28.201940,-80.597876,60.9,7.160028,0,Mavic 2,false,drone_images/Mavic 2.png,28.195000,-80.605000,28.194500,-80.605300,apolloshield_dji,dji,,,2414500000,RADAR-A2D2-C9B2,Sensor Cape Canaveral / Space Coast,140,GREEN,GREEN
1773243472674,A2D2-C9B2,FLT-C9B2-001,28.201940,-80.597876,60.9,7.160028,0,Mavic 2,false,drone_images/Mavic 2.png,28.195000,-80.605000,28.194500,-80.605300,apolloshield_dji,dji,,,2414500000,RADAR-A2D2-C9B2,Sensor Cape Canaveral / Space Coast,140,GREEN,GREEN
1773243473585,A2D2-C9B2,FLT-C9B2-001,28.201940,-80.597876,60.9,7.160028,0,Mavic 2,false,drone_images/Mavic 2.png,28.195000,-80.605000,28.194500,-80.605300,apolloshield_dji,dji,,,2414500000,RADAR-A2D2-C9B2,Sensor Cape Canaveral / Space Coast,140,GREEN,GREEN
1773243474625,A2D2-C9B2,FLT-C9B2-001,28.201940,-80.597876,60.9,7.160028,0,Mavic 2,false,drone_images/Mavic 2.png,28.195000,-80.605000,28.194500,-80.605300,apolloshield_dji,dji,,,2414500000,RADAR-A2D2-C9B2,Sensor Cape Canaveral / Space Coast,140,GREEN,GREEN
1773243475648,A2D2-C9B2,FLT-C9B2-001,28.201940,-80.597876,60.9,7.160028,0,Mavic 2,false,drone_images/Mavic 2.png,28.195000,-80.605000,28.194500,-80.605300,apolloshield_dji,dji,,,2414500000,RADAR-A2D2-C9B2,Sensor Cape Canaveral / Space Coast,140,GREEN,GREEN
1773243476950,A2D2-C9B2,FLT-C9B2-001,28.201940,-80.597876,60.9,7.160028,0,Mavic 2,false,drone_images/Mavic 2.png,28.195000,-80.605000,28.194500,-80.605300,apolloshield_dji,dji,,,2414500000,RADAR-A2D2-C9B2,Sensor Cape Canaveral / Space Coast,140,GREEN,GREEN
1773243707042,A2D2-C9B2,FLT-C9B2-001,28.204352,-80.597498,60.9,16,0,Mavic 2,false,drone_images/Mavic 2.png,28.195000,-80.605000,28.194500,-80.605300,apolloshield_dji,dji,,,2414500000,RADAR-A2D2-C9B2,Sensor Cape Canaveral / Space Coast,140,GREEN,GREEN
1773243707044,A2D2-C9B2,FLT-C9B2-001,28.204352,-80.597498,60.9,7.31575,0,Mavic 2,false,drone_images/Mavic 2.png,28.195000,-80.605000,28.194500,-80.605300,apolloshield_dji,dji,,,2414500000,RADAR-A2D2-C9B2,Sensor Cape Canaveral / Space Coast,140,GREEN,GREEN
1773243707045,A2D2-C9B2,FLT-C9B2-001,28.204352,-80.597498,60.9,7.31575,0,Mavic 2,false,drone_images/Mavic 2.png,28.195000,-80.605000,28.194500,-80.605300,apolloshield_dji,dji,,,2414500000,RADAR-A2D2-C9B2,Sensor Cape Canaveral / Space Coast,140,GREEN,GREEN
1773243707046,A2D2-C9B2,FLT-C9B2-001,28.204352,-80.597498,60.9,7.31575,0,Mavic 2,false,drone_images/Mavic 2.png,28.195000,-80.605000,28.194500,-80.605300,apolloshield_dji,dji,,,2414500000,RADAR-A2D2-C9B2,Sensor Cape Canaveral / Space Coast,140,GREEN,GREEN
1773243707051,A2D2-C9B2,FLT-C9B2-001,28.204352,-80.597498,60.9,7.31575,0,Mavic 2,false,drone_images/Mavic 2.png,28.195000,-80.605000,28.194500,-80.605300,apolloshield_dji,dji,,,2414500000,RADAR-A2D2-C9B2,Sensor Cape Canaveral / Space Coast,140,GREEN,GREEN
1773243707053,A2D2-C9B2,FLT-C9B2-001,28.204352,-80.597498,60.9,7.31575,0,Mavic 2,false,drone_images/Mavic 2.png,28.195000,-80.605000,28.194500,-80.605300,apolloshield_dji,dji,,,2414500000,RADAR-A2D2-C9B2,Sensor Cape Canaveral / Space Coast,140,GREEN,GREEN
1773243707248,A2D2-C9B2,FLT-C9B2-001,28.204352,-80.597498,60.9,7.31575,0,Mavic 2,false,drone_images/Mavic 2.png,28.195000,-80.605000,28.194500,-80.605300,apolloshield_dji,dji,,,2414500000,RADAR-A2D2-C9B2,Sensor Cape Canaveral / Space Coast,140,GREEN,GREEN
1773243707249,A2D2-C9B2,FLT-C9B2-001,28.204352,-80.597498,60.9,7.31575,0,Mavic 2,false,drone_images/Mavic 2.png,28.195000,-80.605000,28.194500,-80.605300,apolloshield_dji,dji,,,2414500000,RADAR-A2D2-C9B2,Sensor Cape Canaveral / Space Coast,140,GREEN,GREEN
1773243707251,A2D2-C9B2,FLT-C9B2-001,28.204352,-80.597498,60.9,7.31575,0,Mavic 2,false,drone_images/Mavic 2.png,28.195000,-80.605000,28.194500,-80.605300,apolloshield_dji,dji,,,2414500000,RADAR-A2D2-C9B2,Sensor Cape Canaveral / Space Coast,140,GREEN,GREEN
1773243707253,A2D2-C9B2,FLT-C9B2-001,28.204352,-80.597498,60.9,7.31575,0,Mavic 2,false,drone_images/Mavic 2.png,28.195000,-80.605000,28.194500,-80.605300,apolloshield_dji,dji,,,2414500000,RADAR-A2D2-C9B2,Sensor Cape Canaveral / Space Coast,140,GREEN,GREEN
1773243707254,A2D2-C9B2,FLT-C9B2-001,28.204352,-80.597498,60.9,7.31575,0,Mavic 2,false,drone_images/Mavic 2.png,28.195000,-80.605000,28.194500,-80.605300,apolloshield_dji,dji,,,2414500000,RADAR-A2D2-C9B2,Sensor Cape Canaveral / Space Coast,140,GREEN,GREEN
1773243707255,A2D2-C9B2,FLT-C9B2-001,28.204352,-80.597498,60.9,7.31575,0,Mavic 2,false,drone_images/Mavic 2.png,28.195000,-80.605000,28.194500,-80.605300,apolloshield_dji,dji,,,2414500000,RADAR-A2D2-C9B2,Sensor Cape Canaveral / Space Coast,140,GREEN,GREEN
1773243707256,A2D2-C9B2,FLT-C9B2-001,28.204352,-80.597498,60.9,7.31575,0,Mavic 2,false,drone_images/Mavic 2.png,28.195000,-80.605000,28.194500,-80.605300,apolloshield_dji,dji,,,2414500000,RADAR-A2D2-C9B2,Sensor Cape Canaveral / Space Coast,140,GREEN,GREEN
1773243707257,A2D2-C9B2,FLT-C9B2-001,28.204352,-80.597498,60.9,7.31575,0,Mavic 2,false,drone_images/Mavic 2.png,28.195000,-80.605000,28.194500,-80.605300,apolloshield_dji,dji,,,2414500000,RADAR-A2D2-C9B2,Sensor Cape Canaveral / Space Coast,140,GREEN,GREEN
1773243707258,A2D2-C9B2,FLT-C9B2-001,28.204352,-80.597498,60.9,7.31575,0,Mavic 2,false,drone_images/Mavic 2.png,28.195000,-80.605000,28.194500,-80.605300,apolloshield_dji,dji,,,2414500000,RADAR-A2D2-C9B2,Sensor Cape Canaveral / Space Coast,140,GREEN,GREEN
1773243707259,A2D2-C9B2,FLT-C9B2-001,28.204352,-80.597498,60.9,7.31575,0,Mavic 2,false,drone_images/Mavic 2.png,28.195000,-80.605000,28.194500,-80.605300,apolloshield_dji,dji,,,2414500000,RADAR-A2D2-C9B2,Sensor Cape Canaveral / Space Coast,140,GREEN,GREEN
1773243707259,A2D2-C9B2,FLT-C9B2-001,28.204352,-80.597498,60.9,7.31575,0,Mavic 2,false,drone_images/Mavic 2.png,28.195000,-80.605000,28.194500,-80.605300,apolloshield_dji,dji,,,2414500000,RADAR-A2D2-C9B2,Sensor Cape Canaveral / Space Coast,140,GREEN,GREEN
1773243707261,A2D2-C9B2,FLT-C9B2-001,28.204352,-80.597498,60.9,7.31575,0,Mavic 2,false,drone_images/Mavic 2.png,28.195000,-80.605000,28.194500,-80.605300,apolloshield_dji,dji,,,2414500000,RADAR-A2D2-C9B2,Sensor Cape Canaveral / Space Coast,140,GREEN,GREEN
1773243707552,A2D2-C9B2,FLT-C9B2-001,28.204352,-80.597498,60.9,16,0,Mavic 2,false,drone_images/Mavic 2.png,28.195000,-80.605000,28.194500,-80.605300,apolloshield_dji,dji,,,2414500000,RADAR-A2D2-C9B2,Sensor Cape Canaveral / Space Coast,140,GREEN,GREEN
1773243707556,A2D2-C9B2,FLT-C9B2-001,28.202249,-80.597412,60.9,7.150007,0,Mavic 2,false,drone_images/Mavic 2.png,28.195000,-80.605000,28.194500,-80.605300,apolloshield_dji,dji,,,2414500000,RADAR-A2D2-C9B2,Sensor Cape Canaveral / Space Coast,140,GREEN,GREEN
1773243707565,A2D2-C9B2,FLT-C9B2-001,28.202249,-80.597412,60.9,7.150007,0,Mavic 2,false,drone_images/Mavic 2.png,28.195000,-80.605000,28.194500,-80.605300,apolloshield_dji,dji,,,2414500000,RADAR-A2D2-C9B2,Sensor Cape Canaveral / Space Coast,140,GREEN,GREEN
1773243707679,A2D2-C9B2,FLT-C9B2-001,28.202249,-80.597412,60.9,7.150007,0,Mavic 2,false,drone_images/Mavic 2.png,28.195000,-80.605000,28.194500,-80.605300,apolloshield_dji,dji,,,2414500000,RADAR-A2D2-C9B2,Sensor Cape Canaveral / Space Coast,140,GREEN,GREEN
1773243707681,A2D2-C9B2,FLT-C9B2-001,28.202249,-80.597412,60.9,7.150007,0,Mavic 2,false,drone_images/Mavic 2.png,28.195000,-80.605000,28.194500,-80.605300,apolloshield_dji,dji,,,2414500000,RADAR-A2D2-C9B2,Sensor Cape Canaveral / Space Coast,140,GREEN,GREEN
1773243707683,A2D2-C9B2,FLT-C9B2-001,28.202249,-80.597412,60.9,7.150007,0,Mavic 2,false,drone_images/Mavic 2.png,28.195000,-80.605000,28.194500,-80.605300,apolloshield_dji,dji,,,2414500000,RADAR-A2D2-C9B2,Sensor Cape Canaveral / Space Coast,140,GREEN,GREEN
1773243707683,A2D2-C9B2,FLT-C9B2-001,28.202249,-80.597412,60.9,7.150007,0,Mavic 2,false,drone_images/Mavic 2.png,28.195000,-80.605000,28.194500,-80.605300,apolloshield_dji,dji,,,2414500000,RADAR-A2D2-C9B2,Sensor Cape Canaveral / Space Coast,140,GREEN,GREEN
1773243707685,A2D2-C9B2,FLT-C9B2-001,28.202249,-80.597412,60.9,7.150007,0,Mavic 2,false,drone_images/Mavic 2.png,28.195000,-80.605000,28.194500,-80.605300,apolloshield_dji,dji,,,2414500000,RADAR-A2D2-C9B2,Sensor Cape Canaveral / Space Coast,140,GREEN,GREEN
1773243707686,A2D2-C9B2,FLT-C9B2-001,28.202249,-80.597412,60.9,7.150007,0,Mavic 2,false,drone_images/Mavic 2.png,28.195000,-80.605000,28.194500,-80.605300,apolloshield_dji,dji,,,2414500000,RADAR-A2D2-C9B2,Sensor Cape Canaveral / Space Coast,140,GREEN,GREEN
1773243707688,A2D2-C9B2,FLT-C9B2-001,28.202249,-80.597412,60.9,7.150007,0,Mavic 2,false,drone_images/Mavic 2.png,28.195000,-80.605000,28.194500,-80.605300,apolloshield_dji,dji,,,2414500000,RADAR-A2D2-C9B2,Sensor Cape Canaveral / Space Coast,140,GREEN,GREEN
1773243707688,A2D2-C9B2,FLT-C9B2-001,28.202249,-80.597412,60.9,7.150007,0,Mavic 2,false,drone_images/Mavic 2.png,28.195000,-80.605000,28.194500,-80.605300,apolloshield_dji,dji,,,2414500000,RADAR-A2D2-C9B2,Sensor Cape Canaveral / Space Coast,140,GREEN,GREEN
1773243707690,A2D2-C9B2,FLT-C9B2-001,28.202249,-80.597412,60.9,7.150007,0,Mavic 2,false,drone_images/Mavic 2.png,28.195000,-80.605000,28.194500,-80.605300,apolloshield_dji,dji,,,2414500000,RADAR-A2D2-C9B2,Sensor Cape Canaveral / Space Coast,140,GREEN,GREEN
1773243707691,A2D2-C9B2,FLT-C9B2-001,28.202249,-80.597412,60.9,7.150007,0,Mavic 2,false,drone_images/Mavic 2.png,28.195000,-80.605000,28.194500,-80.605300,apolloshield_dji,dji,,,2414500000,RADAR-A2D2-C9B2,Sensor Cape Canaveral / Space Coast,140,GREEN,GREEN
1773243707693,A2D2-C9B2,FLT-C9B2-001,28.202249,-80.597412,60.9,7.150007,0,Mavic 2,false,drone_images/Mavic 2.png,28.195000,-80.605000,28.194500,-80.605300,apolloshield_dji,dji,,,2414500000,RADAR-A2D2-C9B2,Sensor Cape Canaveral / Space Coast,140,GREEN,GREEN
1773243707693,A2D2-C9B2,FLT-C9B2-001,28.202249,-80.597412,60.9,7.150007,0,Mavic 2,false,drone_images/Mavic 2.png,28.195000,-80.605000,28.194500,-80.605300,apolloshield_dji,dji,,,2414500000,RADAR-A2D2-C9B2,Sensor Cape Canaveral / Space Coast,140,GREEN,GREEN
1773243707694,A2D2-C9B2,FLT-C9B2-001,28.202249,-80.597412,60.9,7.150007,0,Mavic 2,false,drone_images/Mavic 2.png,28.195000,-80.605000,28.194500,-80.605300,apolloshield_dji,dji,,,2414500000,RADAR-A2D2-C9B2,Sensor Cape Canaveral / Space Coast,140,GREEN,GREEN
1773243707695,A2D2-C9B2,FLT-C9B2-001,28.202249,-80.597412,60.9,7.150007,0,Mavic 2,false,drone_images/Mavic 2.png,28.195000,-80.605000,28.194500,-80.605300,apolloshield_dji,dji,,,2414500000,RADAR-A2D2-C9B2,Sensor Cape Canaveral / Space Coast,140,GREEN,GREEN
1773243707697,A2D2-C9B2,FLT-C9B2-001,28.202249,-80.597412,60.9,7.150007,0,Mavic 2,false,drone_images/Mavic 2.png,28.195000,-80.605000,28.194500,-80.605300,apolloshield_dji,dji,,,2414500000,RADAR-A2D2-C9B2,Sensor Cape Canaveral / Space Coast,140,GREEN,GREEN
1773243707698,A2D2-C9B2,FLT-C9B2-001,28.202249,-80.597412,60.9,7.150007,0,Mavic 2,false,drone_images/Mavic 2.png,28.195000,-80.605000,28.194500,-80.605300,apolloshield_dji,dji,,,2414500000,RADAR-A2D2-C9B2,Sensor Cape Canaveral / Space Coast,140,GREEN,GREEN
1773243707699,A2D2-C9B2,FLT-C9B2-001,28.202249,-80.597412,60.9,7.150007,0,Mavic 2,false,drone_images/Mavic 2.png,28.195000,-80.605000,28.194500,-80.605300,apolloshield_dji,dji,,,2414500000,RADAR-A2D2-C9B2,Sensor Cape Canaveral / Space Coast,140,GREEN,GREEN
1773243707700,A2D2-C9B2,FLT-C9B2-001,28.200759,-80.597412,61,16,0,Mavic 2,false,drone_images/Mavic 2.png,28.195000,-80.605000,28.194500,-80.605300,apolloshield_dji,dji,,,2414500000,RADAR-A2D2-C9B2,Sensor Cape Canaveral / Space Coast,140,GREEN,GREEN
1773243707701,A2D2-C9B2,FLT-C9B2-001,28.200759,-80.597412,61,7.130007,0,Mavic 2,false,drone_images/Mavic 2.png,28.195000,-80.605000,28.194500,-80.605300,apolloshield_dji,dji,,,2414500000,RADAR-A2D2-C9B2,Sensor Cape Canaveral / Space Coast,140,GREEN,GREEN
1773243707702,A2D2-C9B2,FLT-C9B2-001,28.200759,-80.597412,61,7.130007,0,Mavic 2,false,drone_images/Mavic 2.png,28.195000,-80.605000,28.194500,-80.605300,apolloshield_dji,dji,,,2414500000,RADAR-A2D2-C9B2,Sensor Cape Canaveral / Space Coast,140,GREEN,GREEN
1773243707703,A2D2-C9B2,FLT-C9B2-001,28.200759,-80.597412,61,7.1600065,0,Mavic 2,false,drone_images/Mavic 2.png,28.195000,-80.605000,28.194500,-80.605300,apolloshield_dji,dji,,,2414500000,RADAR-A2D2-C9B2,Sensor Cape Canaveral / Space Coast,140,GREEN,GREEN
1773243707704,A2D2-C9B2,FLT-C9B2-001,28.200565,-80.597412,60.9,7.1600065,0,Mavic 2,false,drone_images/Mavic 2.png,28.195000,-80.605000,28.194500,-80.605300,apolloshield_dji,dji,,,2414500000,RADAR-A2D2-C9B2,Sensor Cape Canaveral / Space Coast,140,GREEN,GREEN
1773243707705,A2D2-C9B2,FLT-C9B2-001,28.200565,-80.597412,60.9,7.1600065,0,Mavic 2,false,drone_images/Mavic 2.png,28.195000,-80.605000,28.194500,-80.605300,apolloshield_dji,dji,,,2414500000,RADAR-A2D2-C9B2,Sensor Cape Canaveral / Space Coast,140,GREEN,GREEN
1773243707706,A2D2-C9B2,FLT-C9B2-001,28.200565,-80.597412,60.9,7.1600065,0,Mavic 2,false,drone_images/Mavic 2.png,28.195000,-80.605000,28.194500,-80.605300,apolloshield_dji,dji,,,2414500000,RADAR-A2D2-C9B2,Sensor Cape Canaveral / Space Coast,140,GREEN,GREEN
1773243707708,A2D2-C9B2,FLT-C9B2-001,28.200565,-80.597412,60.9,7.1600065,0,Mavic 2,false,drone_images/Mavic 2.png,28.195000,-80.605000,28.194500,-80.605300,apolloshield_dji,dji,,,2414500000,RADAR-A2D2-C9B2,Sensor Cape Canaveral / Space Coast,140,GREEN,GREEN
1773243707708,A2D2-C9B2,FLT-C9B2-001,28.200565,-80.597412,60.9,7.1600065,0,Mavic 2,false,drone_images/Mavic 2.png,28.195000,-80.605000,28.194500,-80.605300,apolloshield_dji,dji,,,2414500000,RADAR-A2D2-C9B2,Sensor Cape Canaveral / Space Coast,140,GREEN,GREEN
1773243707710,A2D2-C9B2,FLT-C9B2-001,28.200565,-80.597412,60.9,7.1600065,0,Mavic 2,false,drone_images/Mavic 2.png,28.195000,-80.605000,28.194500,-80.605300,apolloshield_dji,dji,,,2414500000,RADAR-A2D2-C9B2,Sensor Cape Canaveral / Space Coast,140,GREEN,GREEN
1773243707711,A2D2-C9B2,FLT-C9B2-001,28.200565,-80.597412,60.9,7.1600065,0,Mavic 2,false,drone_images/Mavic 2.png,28.195000,-80.605000,28.194500,-80.605300,apolloshield_dji,dji,,,2414500000,RADAR-A2D2-C9B2,Sensor Cape Canaveral / Space Coast,140,GREEN,GREEN
1773243707712,A2D2-C9B2,FLT-C9B2-001,28.200565,-80.597412,60.9,7.1600065,0,Mavic 2,false,drone_images/Mavic 2.png,28.195000,-80.605000,28.194500,-80.605300,apolloshield_dji,dji,,,2414500000,RADAR-A2D2-C9B2,Sensor Cape Canaveral / Space Coast,140,GREEN,GREEN
1773243707894,A2D2-C9B2,FLT-C9B2-001,28.200565,-80.597412,60.9,7.1600065,0,Mavic 2,false,drone_images/Mavic 2.png,28.195000,-80.605000,28.194500,-80.605300,apolloshield_dji,dji,,,2414500000,RADAR-A2D2-C9B2,Sensor Cape Canaveral / Space Coast,140,GREEN,GREEN
1773243707897,A2D2-C9B2,FLT-C9B2-001,28.200565,-80.597412,60.9,7.1600065,0,Mavic 2,false,drone_images/Mavic 2.png,28.195000,-80.605000,28.194500,-80.605300,apolloshield_dji,dji,,,2414500000,RADAR-A2D2-C9B2,Sensor Cape Canaveral / Space Coast,140,GREEN,GREEN
1773243707898,A2D2-C9B2,FLT-C9B2-001,28.200565,-80.597412,60.9,7.1600065,0,Mavic 2,false,drone_images/Mavic 2.png,28.195000,-80.605000,28.194500,-80.605300,apolloshield_dji,dji,,,2414500000,RADAR-A2D2-C9B2,Sensor Cape Canaveral / Space Coast,140,GREEN,GREEN
1773243707900,A2D2-C9B2,FLT-C9B2-001,28.200565,-80.597412,60.9,7.1600065,0,Mavic 2,false,drone_images/Mavic 2.png,28.195000,-80.605000,28.194500,-80.605300,apolloshield_dji,dji,,,2414500000,RADAR-A2D2-C9B2,Sensor Cape Canaveral / Space Coast,140,GREEN,GREEN
1773243707902,A2D2-C9B2,FLT-C9B2-001,28.200565,-80.597412,60.9,7.1600065,0,Mavic 2,false,drone_images/Mavic 2.png,28.195000,-80.605000,28.194500,-80.605300,apolloshield_dji,dji,,,2414500000,RADAR-A2D2-C9B2,Sensor Cape Canaveral / Space Coast,140,GREEN,GREEN
1773243707904,A2D2-C9B2,FLT-C9B2-001,28.200565,-80.597412,60.9,7.1600065,0,Mavic 2,false,drone_images/Mavic 2.png,28.195000,-80.605000,28.194500,-80.605300,apolloshield_dji,dji,,,2414500000,RADAR-A2D2-C9B2,Sensor Cape Canaveral / Space Coast,140,GREEN,GREEN
1773243707904,A2D2-C9B2,FLT-C9B2-001,28.200565,-80.597412,60.9,7.1600065,0,Mavic 2,false,drone_images/Mavic 2.png,28.195000,-80.605000,28.194500,-80.605300,apolloshield_dji,dji,,,2414500000,RADAR-A2D2-C9B2,Sensor Cape Canaveral / Space Coast,140,GREEN,GREEN
1773243707906,A2D2-C9B2,FLT-C9B2-001,28.200565,-80.597412,60.9,7.1600065,0,Mavic 2,false,drone_images/Mavic 2.png,28.195000,-80.605000,28.194500,-80.605300,apolloshield_dji,dji,,,2414500000,RADAR-A2D2-C9B2,Sensor Cape Canaveral / Space Coast,140,GREEN,GREEN
1773243707908,A2D2-C9B2,FLT-C9B2-001,28.200565,-80.597412,60.9,7.1600065,0,Mavic 2,false,drone_images/Mavic 2.png,28.195000,-80.605000,28.194500,-80.605300,apolloshield_dji,dji,,,2414500000,RADAR-A2D2-C9B2,Sensor Cape Canaveral / Space Coast,140,GREEN,GREEN
1773243707909,A2D2-C9B2,FLT-C9B2-001,28.200565,-80.597412,60.9,7.1600065,0,Mavic 2,false,drone_images/Mavic 2.png,28.195000,-80.605000,28.194500,-80.605300,apolloshield_dji,dji,,,2414500000,RADAR-A2D2-C9B2,Sensor Cape Canaveral / Space Coast,140,GREEN,GREEN
1773243707911,A2D2-C9B2,FLT-C9B2-001,28.200565,-80.597412,60.9,7.1600065,0,Mavic 2,false,drone_images/Mavic 2.png,28.195000,-80.605000,28.194500,-80.605300,apolloshield_dji,dji,,,2414500000,RADAR-A2D2-C9B2,Sensor Cape Canaveral / Space Coast,140,GREEN,GREEN
1773243707918,A2D2-C9B2,FLT-C9B2-001,28.200290,-80.597412,60.9,16,0,Mavic 2,false,drone_images/Mavic 2.png,28.195000,-80.605000,28.194500,-80.605300,apolloshield_dji,dji,,,2414500000,RADAR-A2D2-C9B2,Sensor Cape Canaveral / Space Coast,140,GREEN,GREEN
1773243707919,A2D2-C9B2,FLT-C9B2-001,28.200290,-80.597412,60.9,2.0902152,0,Mavic 2,false,drone_images/Mavic 2.png,28.195000,-80.605000,28.194500,-80.605300,apolloshield_dji,dji,,,2414500000,RADAR-A2D2-C9B2,Sensor Cape Canaveral / Space Coast,140,GREEN,GREEN
1773243707921,A2D2-C9B2,FLT-C9B2-001,28.200232,-80.597412,60.9,3.81,0,Mavic 2,false,drone_images/Mavic 2.png,28.195000,-80.605000,28.194500,-80.605300,apolloshield_dji,dji,,,2414500000,RADAR-A2D2-C9B2,Sensor Cape Canaveral / Space Coast,140,GREEN,GREEN
1773243707922,A2D2-C9B2,FLT-C9B2-001,28.200232,-80.597412,60.9,4.71,0,Mavic 2,false,drone_images/Mavic 2.png,28.195000,-80.605000,28.194500,-80.605300,apolloshield_dji,dji,,,2414500000,RADAR-A2D2-C9B2,Sensor Cape Canaveral / Space Coast,140,GREEN,GREEN
1773243707924,A2D2-C9B2,FLT-C9B2-001,28.200232,-80.597412,60.9,4.71,0,Mavic 2,false,drone_images/Mavic 2.png,28.195000,-80.605000,28.194500,-80.605300,apolloshield_dji,dji,,,2414500000,RADAR-A2D2-C9B2,Sensor Cape Canaveral / Space Coast,140,GREEN,GREEN
1773243707925,A2D2-C9B2,FLT-C9B2-001,28.200232,-80.597412,60.9,4.71,0,Mavic 2,false,drone_images/Mavic 2.png,28.195000,-80.605000,28.194500,-80.605300,apolloshield_dji,dji,,,2414500000,RADAR-A2D2-C9B2,Sensor Cape Canaveral / Space Coast,140,GREEN,GREEN
1773243707926,A2D2-C9B2,FLT-C9B2-001,28.200232,-80.597412,60.9,4.71,0,Mavic 2,false,drone_images/Mavic 2.png,28.195000,-80.605000,28.194500,-80.605300,apolloshield_dji,dji,,,2414500000,RADAR-A2D2-C9B2,Sensor Cape Canaveral / Space Coast,140,GREEN,GREEN
1773243707927,A2D2-C9B2,FLT-C9B2-001,28.200232,-80.597412,60.9,4.71,0,Mavic 2,false,drone_images/Mavic 2.png,28.195000,-80.605000,28.194500,-80.605300,apolloshield_dji,dji,,,2414500000,RADAR-A2D2-C9B2,Sensor Cape Canaveral / Space Coast,140,GREEN,GREEN
1773243707929,A2D2-C9B2,FLT-C9B2-001,28.199911,-80.597412,60.9,7.4200068,0,Mavic 2,false,drone_images/Mavic 2.png,28.195000,-80.605000,28.194500,-80.605300,apolloshield_dji,dji,,,2414500000,RADAR-A2D2-C9B2,Sensor Cape Canaveral / Space Coast,140,GREEN,GREEN
1773243707930,A2D2-C9B2,FLT-C9B2-001,28.199911,-80.597412,60.9,7.4200068,0,Mavic 2,false,drone_images/Mavic 2.png,28.195000,-80.605000,28.194500,-80.605300,apolloshield_dji,dji,,,2414500000,RADAR-A2D2-C9B2,Sensor Cape Canaveral / Space Coast,140,GREEN,GREEN
1773243707931,A2D2-C9B2,FLT-C9B2-001,28.199911,-80.597412,60.9,7.4200068,0,Mavic 2,false,drone_images/Mavic 2.png,28.195000,-80.605000,28.194500,-80.605300,apolloshield_dji,dji,,,2414500000,RADAR-A2D2-C9B2,Sensor Cape Canaveral / Space Coast,140,GREEN,GREEN
1773243707932,A2D2-C9B2,FLT-C9B2-001,28.199911,-80.597412,60.9,7.220007,0,Mavic 2,false,drone_images/Mavic 2.png,28.195000,-80.605000,28.194500,-80.605300,apolloshield_dji,dji,,,2414500000,RADAR-A2D2-C9B2,Sensor Cape Canaveral / Space Coast,140,GREEN,GREEN
1773243707933,A2D2-C9B2,FLT-C9B2-001,28.199648,-80.597412,60.9,7.1400065,0,Mavic 2,false,drone_images/Mavic 2.png,28.195000,-80.605000,28.194500,-80.605300,apolloshield_dji,dji,,,2414500000,RADAR-A2D2-C9B2,Sensor Cape Canaveral / Space Coast,140,GREEN,GREEN
1773243707934,A2D2-C9B2,FLT-C9B2-001,28.199648,-80.597412,60.9,7.1400065,0,Mavic 2,false,drone_images/Mavic 2.png,28.195000,-80.605000,28.194500,-80.605300,apolloshield_dji,dji,,,2414500000,RADAR-A2D2-C9B2,Sensor Cape Canaveral / Space Coast,140,GREEN,GREEN
1773243707935,A2D2-C9B2,FLT-C9B2-001,28.199648,-80.597412,60.9,7.1400065,0,Mavic 2,false,drone_images/Mavic 2.png,28.195000,-80.605000,28.194500,-80.605300,apolloshield_dji,dji,,,2414500000,RADAR-A2D2-C9B2,Sensor Cape Canaveral / Space Coast,140,GREEN,GREEN
1773243707936,A2D2-C9B2,FLT-C9B2-001,28.199648,-80.597412,60.9,7.1400065,0,Mavic 2,false,drone_images/Mavic 2.png,28.195000,-80.605000,28.194500,-80.605300,apolloshield_dji,dji,,,2414500000,RADAR-A2D2-C9B2,Sensor Cape Canaveral / Space Coast,140,GREEN,GREEN
1773243707937,A2D2-C9B2,FLT-C9B2-001,28.199648,-80.597412,60.9,7.1400065,0,Mavic 2,false,drone_images/Mavic 2.png,28.195000,-80.605000,28.194500,-80.605300,apolloshield_dji,dji,,,2414500000,RADAR-A2D2-C9B2,Sensor Cape Canaveral / Space Coast,140,GREEN,GREEN
1773243707938,A2D2-C9B2,FLT-C9B2-001,28.199648,-80.597412,60.9,7.1400065,0,Mavic 2,false,drone_images/Mavic 2.png,28.195000,-80.605000,28.194500,-80.605300,apolloshield_dji,dji,,,2414500000,RADAR-A2D2-C9B2,Sensor Cape Canaveral / Space Coast,140,GREEN,GREEN
1773243707939,A2D2-C9B2,FLT-C9B2-001,28.199258,-80.597412,60.9,7.160028,0,Mavic 2,false,drone_images/Mavic 2.png,28.195000,-80.605000,28.194500,-80.605300,apolloshield_dji,dji,,,2414500000,RADAR-A2D2-C9B2,Sensor Cape Canaveral / Space Coast,140,GREEN,GREEN
1773243707940,A2D2-C9B2,FLT-C9B2-001,28.199258,-80.597412,60.9,7.160028,0,Mavic 2,false,drone_images/Mavic 2.png,28.195000,-80.605000,28.194500,-80.605300,apolloshield_dji,dji,,,2414500000,RADAR-A2D2-C9B2,Sensor Cape Canaveral / Space Coast,140,GREEN,GREEN
1773243707943,A2D2-C9B2,FLT-C9B2-001,28.199258,-80.597412,60.9,7.160028,0,Mavic 2,false,drone_images/Mavic 2.png,28.195000,-80.605000,28.194500,-80.605300,apolloshield_dji,dji,,,2414500000,RADAR-A2D2-C9B2,Sensor Cape Canaveral / Space Coast,140,GREEN,GREEN
1773243707944,A2D2-C9B2,FLT-C9B2-001,28.199258,-80.597412,60.9,7.160028,0,Mavic 2,false,drone_images/Mavic 2.png,28.195000,-80.605000,28.194500,-80.605300,apolloshield_dji,dji,,,2414500000,RADAR-A2D2-C9B2,Sensor Cape Canaveral / Space Coast,140,GREEN,GREEN
1773243707945,A2D2-C9B2,FLT-C9B2-001,28.198937,-80.597412,60.9,7.14,0,Mavic 2,false,drone_images/Mavic 2.png,28.195000,-80.605000,28.194500,-80.605300,apolloshield_dji,dji,,,2414500000,RADAR-A2D2-C9B2,Sensor Cape Canaveral / Space Coast,140,GREEN,GREEN
1773243707946,A2D2-C9B2,FLT-C9B2-001,28.198937,-80.597412,60.9,7.14,0,Mavic 2,false,drone_images/Mavic 2.png,28.195000,-80.605000,28.194500,-80.605300,apolloshield_dji,dji,,,2414500000,RADAR-A2D2-C9B2,Sensor Cape Canaveral / Space Coast,140,GREEN,GREEN
1773243707948,A2D2-C9B2,FLT-C9B2-001,28.198937,-80.597412,60.9,7.14,0,Mavic 2,false,drone_images/Mavic 2.png,28.195000,-80.605000,28.194500,-80.605300,apolloshield_dji,dji,,,2414500000,RADAR-A2D2-C9B2,Sensor Cape Canaveral / Space Coast,140,GREEN,GREEN
1773243707948,A2D2-C9B2,FLT-C9B2-001,28.198937,-80.597412,60.9,7.14,0,Mavic 2,false,drone_images/Mavic 2.png,28.195000,-80.605000,28.194500,-80.605300,apolloshield_dji,dji,,,2414500000,RADAR-A2D2-C9B2,Sensor Cape Canaveral / Space Coast,140,GREEN,GREEN
1773243708105,A2D2-C9B2,FLT-C9B2-001,28.198937,-80.597412,60.9,7.14,0,Mavic 2,false,drone_images/Mavic 2.png,28.195000,-80.605000,28.194500,-80.605300,apolloshield_dji,dji,,,2414500000,RADAR-A2D2-C9B2,Sensor Cape Canaveral / Space Coast,140,GREEN,GREEN
1773243708106,A2D2-C9B2,FLT-C9B2-001,28.198937,-80.597412,60.9,7.220007,0,Mavic 2,false,drone_images/Mavic 2.png,28.195000,-80.605000,28.194500,-80.605300,apolloshield_dji,dji,,,2414500000,RADAR-A2D2-C9B2,Sensor Cape Canaveral / Space Coast,140,GREEN,GREEN
1773243708108,A2D2-C9B2,FLT-C9B2-001,28.198743,-80.597412,60.9,7.220007,0,Mavic 2,false,drone_images/Mavic 2.png,28.195000,-80.605000,28.194500,-80.605300,apolloshield_dji,dji,,,2414500000,RADAR-A2D2-C9B2,Sensor Cape Canaveral / Space Coast,140,GREEN,GREEN
1773243708109,A2D2-C9B2,FLT-C9B2-001,28.198743,-80.597412,60.9,7.220007,0,Mavic 2,false,drone_images/Mavic 2.png,28.195000,-80.605000,28.194500,-80.605300,apolloshield_dji,dji,,,2414500000,RADAR-A2D2-C9B2,Sensor Cape Canaveral / Space Coast,140,GREEN,GREEN
1773243708111,A2D2-C9B2,FLT-C9B2-001,28.198548,-80.597412,61,7.1401753,0,Mavic 2,false,drone_images/Mavic 2.png,28.195000,-80.605000,28.194500,-80.605300,apolloshield_dji,dji,,,2414500000,RADAR-A2D2-C9B2,Sensor Cape Canaveral / Space Coast,140,GREEN,GREEN
1773243708113,A2D2-C9B2,FLT-C9B2-001,28.198548,-80.597412,61,7.1401753,0,Mavic 2,false,drone_images/Mavic 2.png,28.195000,-80.605000,28.194500,-80.605300,apolloshield_dji,dji,,,2414500000,RADAR-A2D2-C9B2,Sensor Cape Canaveral / Space Coast,140,GREEN,GREEN
1773243708114,A2D2-C9B2,FLT-C9B2-001,28.198548,-80.597412,61,7.1401753,0,Mavic 2,false,drone_images/Mavic 2.png,28.195000,-80.605000,28.194500,-80.605300,apolloshield_dji,dji,,,2414500000,RADAR-A2D2-C9B2,Sensor Cape Canaveral / Space Coast,140,GREEN,GREEN
1773243708115,A2D2-C9B2,FLT-C9B2-001,28.198548,-80.597412,61,7.1401753,0,Mavic 2,false,drone_images/Mavic 2.png,28.195000,-80.605000,28.194500,-80.605300,apolloshield_dji,dji,,,2414500000,RADAR-A2D2-C9B2,Sensor Cape Canaveral / Space Coast,140,GREEN,GREEN
1773243708118,A2D2-C9B2,FLT-C9B2-001,28.198548,-80.597412,61,7.1401753,0,Mavic 2,false,drone_images/Mavic 2.png,28.195000,-80.605000,28.194500,-80.605300,apolloshield_dji,dji,,,2414500000,RADAR-A2D2-C9B2,Sensor Cape Canaveral / Space Coast,140,GREEN,GREEN
1773243708121,A2D2-C9B2,FLT-C9B2-001,28.198548,-80.597412,61,7.1401753,0,Mavic 2,false,drone_images/Mavic 2.png,28.195000,-80.605000,28.194500,-80.605300,apolloshield_dji,dji,,,2414500000,RADAR-A2D2-C9B2,Sensor Cape Canaveral / Space Coast,140,GREEN,GREEN
1773243708121,A2D2-C9B2,FLT-C9B2-001,28.198548,-80.597412,61,7.1401753,0,Mavic 2,false,drone_images/Mavic 2.png,28.195000,-80.605000,28.194500,-80.605300,apolloshield_dji,dji,,,2414500000,RADAR-A2D2-C9B2,Sensor Cape Canaveral / Space Coast,140,GREEN,GREEN
1773243708127,A2D2-C9B2,FLT-C9B2-001,28.198548,-80.597412,61,7.1401753,0,Mavic 2,false,drone_images/Mavic 2.png,28.195000,-80.605000,28.194500,-80.605300,apolloshield_dji,dji,,,2414500000,RADAR-A2D2-C9B2,Sensor Cape Canaveral / Space Coast,140,GREEN,GREEN
1773243708143,A2D2-C9B2,FLT-C9B2-001,28.198548,-80.597412,61,7.1401753,0,Mavic 2,false,drone_images/Mavic 2.png,28.195000,-80.605000,28.194500,-80.605300,apolloshield_dji,dji,,,2414500000,RADAR-A2D2-C9B2,Sensor Cape Canaveral / Space Coast,140,GREEN,GREEN
1773243708144,A2D2-C9B2,FLT-C9B2-001,28.198548,-80.597412,61,7.1401753,0,Mavic 2,false,drone_images/Mavic 2.png,28.195000,-80.605000,28.194500,-80.605300,apolloshield_dji,dji,,,2414500000,RADAR-A2D2-C9B2,Sensor Cape Canaveral / Space Coast,140,GREEN,GREEN
1773243708145,A2D2-C9B2,FLT-C9B2-001,28.198548,-80.597412,61,7.140028,0,Mavic 2,false,drone_images/Mavic 2.png,28.195000,-80.605000,28.194500,-80.605300,apolloshield_dji,dji,,,2414500000,RADAR-A2D2-C9B2,Sensor Cape Canaveral / Space Coast,140,GREEN,GREEN
1773243708146,A2D2-C9B2,FLT-C9B2-001,28.197900,-80.597412,60.9,7.140028,0,Mavic 2,false,drone_images/Mavic 2.png,28.195000,-80.605000,28.194500,-80.605300,apolloshield_dji,dji,,,2414500000,RADAR-A2D2-C9B2,Sensor Cape Canaveral / Space Coast,140,GREEN,GREEN
1773243708147,A2D2-C9B2,FLT-C9B2-001,28.197900,-80.597412,60.9,7.150028,0,Mavic 2,false,drone_images/Mavic 2.png,28.195000,-80.605000,28.194500,-80.605300,apolloshield_dji,dji,,,2414500000,RADAR-A2D2-C9B2,Sensor Cape Canaveral / Space Coast,140,GREEN,GREEN
1773243708149,A2D2-C9B2,FLT-C9B2-001,28.197580,-80.597412,60.9,7.150028,0,Mavic 2,false,drone_images/Mavic 2.png,28.195000,-80.605000,28.194500,-80.605300,apolloshield_dji,dji,,,2414500000,RADAR-A2D2-C9B2,Sensor Cape Canaveral / Space Coast,140,GREEN,GREEN
1773243708150,A2D2-C9B2,FLT-C9B2-001,28.197580,-80.597412,60.9,7.150028,0,Mavic 2,false,drone_images/Mavic 2.png,28.195000,-80.605000,28.194500,-80.605300,apolloshield_dji,dji,,,2414500000,RADAR-A2D2-C9B2,Sensor Cape Canaveral / Space Coast,140,GREEN,GREEN
1773243708152,A2D2-C9B2,FLT-C9B2-001,28.197580,-80.597412,60.9,7.150028,0,Mavic 2,false,drone_images/Mavic 2.png,28.195000,-80.605000,28.194500,-80.605300,apolloshield_dji,dji,,,2414500000,RADAR-A2D2-C9B2,Sensor Cape Canaveral / Space Coast,140,GREEN,GREEN
1773243708152,A2D2-C9B2,FLT-C9B2-001,28.197580,-80.597412,60.9,7.150028,0,Mavic 2,false,drone_images/Mavic 2.png,28.195000,-80.605000,28.194500,-80.605300,apolloshield_dji,dji,,,2414500000,RADAR-A2D2-C9B2,Sensor Cape Canaveral / Space Coast,140,GREEN,GREEN
1773243708153,A2D2-C9B2,FLT-C9B2-001,28.197580,-80.597412,60.9,7.150028,0,Mavic 2,false,drone_images/Mavic 2.png,28.195000,-80.605000,28.194500,-80.605300,apolloshield_dji,dji,,,2414500000,RADAR-A2D2-C9B2,Sensor Cape Canaveral / Space Coast,140,GREEN,GREEN
1773243708155,A2D2-C9B2,FLT-C9B2-001,28.197580,-80.597412,60.9,7.150028,0,Mavic 2,false,drone_images/Mavic 2.png,28.195000,-80.605000,28.194500,-80.605300,apolloshield_dji,dji,,,2414500000,RADAR-A2D2-C9B2,Sensor Cape Canaveral / Space Coast,140,GREEN,GREEN
1773243708156,A2D2-C9B2,FLT-C9B2-001,28.197580,-80.597412,60.9,7.150028,0,Mavic 2,false,drone_images/Mavic 2.png,28.195000,-80.605000,28.194500,-80.605300,apolloshield_dji,dji,,,2414500000,RADAR-A2D2-C9B2,Sensor Cape Canaveral / Space Coast,140,GREEN,GREEN
1773243708157,A2D2-C9B2,FLT-C9B2-001,28.197580,-80.597412,60.9,7.150028,0,Mavic 2,false,drone_images/Mavic 2.png,28.195000,-80.605000,28.194500,-80.605300,apolloshield_dji,dji,,,2414500000,RADAR-A2D2-C9B2,Sensor Cape Canaveral / Space Coast,140,GREEN,GREEN
1773243708159,A2D2-C9B2,FLT-C9B2-001,28.197580,-80.597412,60.9,7.150028,0,Mavic 2,false,drone_images/Mavic 2.png,28.195000,-80.605000,28.194500,-80.605300,apolloshield_dji,dji,,,2414500000,RADAR-A2D2-C9B2,Sensor Cape Canaveral / Space Coast,140,GREEN,GREEN
1773243708182,A2D2-C9B2,FLT-C9B2-001,28.197580,-80.597412,60.9,7.150028,0,Mavic 2,false,drone_images/Mavic 2.png,28.195000,-80.605000,28.194500,-80.605300,apolloshield_dji,dji,,,2414500000,RADAR-A2D2-C9B2,Sensor Cape Canaveral / Space Coast,140,GREEN,GREEN
1773243708187,A2D2-C9B2,FLT-C9B2-001,28.197580,-80.597412,60.9,7.150028,0,Mavic 2,false,drone_images/Mavic 2.png,28.195000,-80.605000,28.194500,-80.605300,apolloshield_dji,dji,,,2414500000,RADAR-A2D2-C9B2,Sensor Cape Canaveral / Space Coast,140,GREEN,GREEN
1773243708192,A2D2-C9B2,FLT-C9B2-001,28.197580,-80.597412,60.9,7.150028,0,Mavic 2,false,drone_images/Mavic 2.png,28.195000,-80.605000,28.194500,-80.605300,apolloshield_dji,dji,,,2414500000,RADAR-A2D2-C9B2,Sensor Cape Canaveral / Space Coast,140,GREEN,GREEN
1773243708318,A2D2-C9B2,FLT-C9B2-001,28.197580,-80.597412,60.9,7.150028,0,Mavic 2,false,drone_images/Mavic 2.png,28.195000,-80.605000,28.194500,-80.605300,apolloshield_dji,dji,,,2414500000,RADAR-A2D2-C9B2,Sensor Cape Canaveral / Space Coast,140,GREEN,GREEN
1773243708322,A2D2-C9B2,FLT-C9B2-001,28.197580,-80.597412,60.9,7.12,0,Mavic 2,false,drone_images/Mavic 2.png,28.195000,-80.605000,28.194500,-80.605300,apolloshield_dji,dji,,,2414500000,RADAR-A2D2-C9B2,Sensor Cape Canaveral / Space Coast,140,GREEN,GREEN
1773243708324,A2D2-C9B2,FLT-C9B2-001,28.196869,-80.597412,60.9,7.12,0,Mavic 2,false,drone_images/Mavic 2.png,28.195000,-80.605000,28.194500,-80.605300,apolloshield_dji,dji,,,2414500000,RADAR-A2D2-C9B2,Sensor Cape Canaveral / Space Coast,140,GREEN,GREEN
1773243708326,A2D2-C9B2,FLT-C9B2-001,28.196869,-80.597412,60.9,7.180028,0,Mavic 2,false,drone_images/Mavic 2.png,28.195000,-80.605000,28.194500,-80.605300,apolloshield_dji,dji,,,2414500000,RADAR-A2D2-C9B2,Sensor Cape Canaveral / Space Coast,140,GREEN,GREEN
1773243708328,A2D2-C9B2,FLT-C9B2-001,28.196674,-80.597412,61,7.180028,0,Mavic 2,false,drone_images/Mavic 2.png,28.195000,-80.605000,28.194500,-80.605300,apolloshield_dji,dji,,,2414500000,RADAR-A2D2-C9B2,Sensor Cape Canaveral / Space Coast,140,GREEN,GREEN
1773243708330,A2D2-C9B2,FLT-C9B2-001,28.196674,-80.597412,61,7.180028,0,Mavic 2,false,drone_images/Mavic 2.png,28.195000,-80.605000,28.194500,-80.605300,apolloshield_dji,dji,,,2414500000,RADAR-A2D2-C9B2,Sensor Cape Canaveral / Space Coast,140,GREEN,GREEN
1773243708330,A2D2-C9B2,FLT-C9B2-001,28.196674,-80.597412,61,7.180028,0,Mavic 2,false,drone_images/Mavic 2.png,28.195000,-80.605000,28.194500,-80.605300,apolloshield_dji,dji,,,2414500000,RADAR-A2D2-C9B2,Sensor Cape Canaveral / Space Coast,140,GREEN,GREEN
1773243708333,A2D2-C9B2,FLT-C9B2-001,28.196674,-80.597412,61,0.80056226,0,Mavic 2,false,drone_images/Mavic 2.png,28.195000,-80.605000,28.194500,-80.605300,apolloshield_dji,dji,,,2414500000,RADAR-A2D2-C9B2,Sensor Cape Canaveral / Space Coast,140,GREEN,GREEN
1773243708334,A2D2-C9B2,FLT-C9B2-001,28.196474,-80.597412,60.9,0.80056226,0,Mavic 2,false,drone_images/Mavic 2.png,28.195000,-80.605000,28.194500,-80.605300,apolloshield_dji,dji,,,2414500000,RADAR-A2D2-C9B2,Sensor Cape Canaveral / Space Coast,140,GREEN,GREEN
1773243708336,A2D2-C9B2,FLT-C9B2-001,28.196474,-80.597412,60.9,0.80056226,0,Mavic 2,false,drone_images/Mavic 2.png,28.195000,-80.605000,28.194500,-80.605300,apolloshield_dji,dji,,,2414500000,RADAR-A2D2-C9B2,Sensor Cape Canaveral / Space Coast,140,GREEN,GREEN
1773243708337,A2D2-C9B2,FLT-C9B2-001,28.196474,-80.597412,60.9,0.80056226,0,Mavic 2,false,drone_images/Mavic 2.png,28.195000,-80.605000,28.194500,-80.605300,apolloshield_dji,dji,,,2414500000,RADAR-A2D2-C9B2,Sensor Cape Canaveral / Space Coast,140,GREEN,GREEN
1773243708339,A2D2-C9B2,FLT-C9B2-001,28.196474,-80.597412,60.9,0.80056226,0,Mavic 2,false,drone_images/Mavic 2.png,28.195000,-80.605000,28.194500,-80.605300,apolloshield_dji,dji,,,2414500000,RADAR-A2D2-C9B2,Sensor Cape Canaveral / Space Coast,140,GREEN,GREEN
1773243708341,A2D2-C9B2,FLT-C9B2-001,28.196474,-80.597412,60.9,0.80056226,0,Mavic 2,false,drone_images/Mavic 2.png,28.195000,-80.605000,28.194500,-80.605300,apolloshield_dji,dji,,,2414500000,RADAR-A2D2-C9B2,Sensor Cape Canaveral / Space Coast,140,GREEN,GREEN
1773243708341,A2D2-C9B2,FLT-C9B2-001,28.196474,-80.597412,60.9,0.80056226,0,Mavic 2,false,drone_images/Mavic 2.png,28.195000,-80.605000,28.194500,-80.605300,apolloshield_dji,dji,,,2414500000,RADAR-A2D2-C9B2,Sensor Cape Canaveral / Space Coast,140,GREEN,GREEN
1773243708342,A2D2-C9B2,FLT-C9B2-001,28.196474,-80.597412,60.9,0.80056226,0,Mavic 2,false,drone_images/Mavic 2.png,28.195000,-80.605000,28.194500,-80.605300,apolloshield_dji,dji,,,2414500000,RADAR-A2D2-C9B2,Sensor Cape Canaveral / Space Coast,140,GREEN,GREEN
1773243708344,A2D2-C9B2,FLT-C9B2-001,28.196474,-80.597412,60.9,0.80056226,0,Mavic 2,false,drone_images/Mavic 2.png,28.195000,-80.605000,28.194500,-80.605300,apolloshield_dji,dji,,,2414500000,RADAR-A2D2-C9B2,Sensor Cape Canaveral / Space Coast,140,GREEN,GREEN
1773243708345,A2D2-C9B2,FLT-C9B2-001,28.196474,-80.597412,60.9,0.80056226,0,Mavic 2,false,drone_images/Mavic 2.png,28.195000,-80.605000,28.194500,-80.605300,apolloshield_dji,dji,,,2414500000,RADAR-A2D2-C9B2,Sensor Cape Canaveral / Space Coast,140,GREEN,GREEN
1773243708348,A2D2-C9B2,FLT-C9B2-001,28.196474,-80.597412,60.9,0.80056226,0,Mavic 2,false,drone_images/Mavic 2.png,28.195000,-80.605000,28.194500,-80.605300,apolloshield_dji,dji,,,2414500000,RADAR-A2D2-C9B2,Sensor Cape Canaveral / Space Coast,140,GREEN,GREEN
1773243708348,A2D2-C9B2,FLT-C9B2-001,28.196474,-80.597412,60.9,0.80056226,0,Mavic 2,false,drone_images/Mavic 2.png,28.195000,-80.605000,28.194500,-80.605300,apolloshield_dji,dji,,,2414500000,RADAR-A2D2-C9B2,Sensor Cape Canaveral / Space Coast,140,GREEN,GREEN
1773243708349,A2D2-C9B2,FLT-C9B2-001,28.196474,-80.597412,60.9,0.80056226,0,Mavic 2,false,drone_images/Mavic 2.png,28.195000,-80.605000,28.194500,-80.605300,apolloshield_dji,dji,,,2414500000,RADAR-A2D2-C9B2,Sensor Cape Canaveral / Space Coast,140,GREEN,GREEN
1773243708352,A2D2-C9B2,FLT-C9B2-001,28.196313,-80.597349,60.9,5.4478345,0,Mavic 2,false,drone_images/Mavic 2.png,28.195000,-80.605000,28.194500,-80.605300,apolloshield_dji,dji,,,2414500000,RADAR-A2D2-C9B2,Sensor Cape Canaveral / Space Coast,140,GREEN,GREEN
1773243708353,A2D2-C9B2,FLT-C9B2-001,28.196313,-80.597349,60.9,5.4478345,0,Mavic 2,false,drone_images/Mavic 2.png,28.195000,-80.605000,28.194500,-80.605300,apolloshield_dji,dji,,,2414500000,RADAR-A2D2-C9B2,Sensor Cape Canaveral / Space Coast,140,GREEN,GREEN
1773243708355,A2D2-C9B2,FLT-C9B2-001,28.196313,-80.597349,60.9,5.4478345,0,Mavic 2,false,drone_images/Mavic 2.png,28.195000,-80.605000,28.194500,-80.605300,apolloshield_dji,dji,,,2414500000,RADAR-A2D2-C9B2,Sensor Cape Canaveral / Space Coast,140,GREEN,GREEN
1773243708356,A2D2-C9B2,FLT-C9B2-001,28.196313,-80.597349,60.9,5.4478345,0,Mavic 2,false,drone_images/Mavic 2.png,28.195000,-80.605000,28.194500,-80.605300,apolloshield_dji,dji,,,2414500000,RADAR-A2D2-C9B2,Sensor Cape Canaveral / Space Coast,140,GREEN,GREEN
1773243708357,A2D2-C9B2,FLT-C9B2-001,28.196462,-80.597240,60.9,7.4198246,0,Mavic 2,false,drone_images/Mavic 2.png,28.195000,-80.605000,28.194500,-80.605300,apolloshield_dji,dji,,,2414500000,RADAR-A2D2-C9B2,Sensor Cape Canaveral / Space Coast,140,GREEN,GREEN
1773243708358,A2D2-C9B2,FLT-C9B2-001,28.196462,-80.597240,60.9,6.917579,0,Mavic 2,false,drone_images/Mavic 2.png,28.195000,-80.605000,28.194500,-80.605300,apolloshield_dji,dji,,,2414500000,RADAR-A2D2-C9B2,Sensor Cape Canaveral / Space Coast,140,GREEN,GREEN
1773243708359,A2D2-C9B2,FLT-C9B2-001,28.196411,-80.597280,60.9,6.917579,0,Mavic 2,false,drone_images/Mavic 2.png,28.195000,-80.605000,28.194500,-80.605300,apolloshield_dji,dji,,,2414500000,RADAR-A2D2-C9B2,Sensor Cape Canaveral / Space Coast,140,GREEN,GREEN
1773243708360,A2D2-C9B2,FLT-C9B2-001,28.196411,-80.597280,60.9,6.917579,0,Mavic 2,false,drone_images/Mavic 2.png,28.195000,-80.605000,28.194500,-80.605300,apolloshield_dji,dji,,,2414500000,RADAR-A2D2-C9B2,Sensor Cape Canaveral / Space Coast,140,GREEN,GREEN
1773243708361,A2D2-C9B2,FLT-C9B2-001,28.196411,-80.597280,60.9,6.917579,0,Mavic 2,false,drone_images/Mavic 2.png,28.195000,-80.605000,28.194500,-80.605300,apolloshield_dji,dji,,,2414500000,RADAR-A2D2-C9B2,Sensor Cape Canaveral / Space Coast,140,GREEN,GREEN
1773243708362,A2D2-C9B2,FLT-C9B2-001,28.196411,-80.597280,60.9,6.917579,0,Mavic 2,false,drone_images/Mavic 2.png,28.195000,-80.605000,28.194500,-80.605300,apolloshield_dji,dji,,,2414500000,RADAR-A2D2-C9B2,Sensor Cape Canaveral / Space Coast,140,GREEN,GREEN
1773243708364,A2D2-C9B2,FLT-C9B2-001,28.196411,-80.597280,60.9,6.917579,0,Mavic 2,false,drone_images/Mavic 2.png,28.195000,-80.605000,28.194500,-80.605300,apolloshield_dji,dji,,,2414500000,RADAR-A2D2-C9B2,Sensor Cape Canaveral / Space Coast,140,GREEN,GREEN
1773243708364,A2D2-C9B2,FLT-C9B2-001,28.196411,-80.597280,60.9,6.917579,0,Mavic 2,false,drone_images/Mavic 2.png,28.195000,-80.605000,28.194500,-80.605300,apolloshield_dji,dji,,,2414500000,RADAR-A2D2-C9B2,Sensor Cape Canaveral / Space Coast,140,GREEN,GREEN
1773243708366,A2D2-C9B2,FLT-C9B2-001,28.196411,-80.597280,60.9,6.917579,0,Mavic 2,false,drone_images/Mavic 2.png,28.195000,-80.605000,28.194500,-80.605300,apolloshield_dji,dji,,,2414500000,RADAR-A2D2-C9B2,Sensor Cape Canaveral / Space Coast,140,GREEN,GREEN
1773243708367,A2D2-C9B2,FLT-C9B2-001,28.196411,-80.597280,60.9,6.917579,0,Mavic 2,false,drone_images/Mavic 2.png,28.195000,-80.605000,28.194500,-80.605300,apolloshield_dji,dji,,,2414500000,RADAR-A2D2-C9B2,Sensor Cape Canaveral / Space Coast,140,GREEN,GREEN
1773243708369,A2D2-C9B2,FLT-C9B2-001,28.196411,-80.597280,60.9,6.917579,0,Mavic 2,false,drone_images/Mavic 2.png,28.195000,-80.605000,28.194500,-80.605300,apolloshield_dji,dji,,,2414500000,RADAR-A2D2-C9B2,Sensor Cape Canaveral / Space Coast,140,GREEN,GREEN
1773243708370,A2D2-C9B2,FLT-C9B2-001,28.196411,-80.597280,60.9,6.917579,0,Mavic 2,false,drone_images/Mavic 2.png,28.195000,-80.605000,28.194500,-80.605300,apolloshield_dji,dji,,,2414500000,RADAR-A2D2-C9B2,Sensor Cape Canaveral / Space Coast,140,GREEN,GREEN
1773243708371,A2D2-C9B2,FLT-C9B2-001,28.196411,-80.597280,60.9,6.917579,0,Mavic 2,false,drone_images/Mavic 2.png,28.195000,-80.605000,28.194500,-80.605300,apolloshield_dji,dji,,,2414500000,RADAR-A2D2-C9B2,Sensor Cape Canaveral / Space Coast,140,GREEN,GREEN
1773243708373,A2D2-C9B2,FLT-C9B2-001,28.196411,-80.597280,60.9,6.917579,0,Mavic 2,false,drone_images/Mavic 2.png,28.195000,-80.605000,28.194500,-80.605300,apolloshield_dji,dji,,,2414500000,RADAR-A2D2-C9B2,Sensor Cape Canaveral / Space Coast,140,GREEN,GREEN
1773243708374,A2D2-C9B2,FLT-C9B2-001,28.196411,-80.597280,60.9,6.917579,0,Mavic 2,false,drone_images/Mavic 2.png,28.195000,-80.605000,28.194500,-80.605300,apolloshield_dji,dji,,,2414500000,RADAR-A2D2-C9B2,Sensor Cape Canaveral / Space Coast,140,GREEN,GREEN
1773243708376,A2D2-C9B2,FLT-C9B2-001,28.196411,-80.597280,60.9,6.917579,0,Mavic 2,false,drone_images/Mavic 2.png,28.195000,-80.605000,28.194500,-80.605300,apolloshield_dji,dji,,,2414500000,RADAR-A2D2-C9B2,Sensor Cape Canaveral / Space Coast,140,GREEN,GREEN
1773243708377,A2D2-C9B2,FLT-C9B2-001,28.196411,-80.597280,60.9,6.917579,0,Mavic 2,false,drone_images/Mavic 2.png,28.195000,-80.605000,28.194500,-80.605300,apolloshield_dji,dji,,,2414500000,RADAR-A2D2-C9B2,Sensor Cape Canaveral / Space Coast,140,GREEN,GREEN
1773243708378,A2D2-C9B2,FLT-C9B2-001,28.196411,-80.597280,60.9,6.917579,0,Mavic 2,false,drone_images/Mavic 2.png,28.195000,-80.605000,28.194500,-80.605300,apolloshield_dji,dji,,,2414500000,RADAR-A2D2-C9B2,Sensor Cape Canaveral / Space Coast,140,GREEN,GREEN
1773243708380,A2D2-C9B2,FLT-C9B2-001,28.196411,-80.597280,60.9,6.917579,0,Mavic 2,false,drone_images/Mavic 2.png,28.195000,-80.605000,28.194500,-80.605300,apolloshield_dji,dji,,,2414500000,RADAR-A2D2-C9B2,Sensor Cape Canaveral / Space Coast,140,GREEN,GREEN
1773243708382,A2D2-C9B2,FLT-C9B2-001,28.196411,-80.597280,60.9,6.917579,0,Mavic 2,false,drone_images/Mavic 2.png,28.195000,-80.605000,28.194500,-80.605300,apolloshield_dji,dji,,,2414500000,RADAR-A2D2-C9B2,Sensor Cape Canaveral / Space Coast,140,GREEN,GREEN
1773243729261,A2D2-C9B2,FLT-C9B2-001,28.196411,-80.597280,60.9,16,0,Mavic 2,false,drone_images/Mavic 2.png,28.195000,-80.605000,28.194500,-80.605300,apolloshield_dji,dji,,,2414500000,RADAR-A2D2-C9B2,Sensor Cape Canaveral / Space Coast,140,GREEN,GREEN
1773243730344,A2D2-C9B2,FLT-C9B2-001,28.197453,-80.596948,60.9,7.5000067,0,Mavic 2,false,drone_images/Mavic 2.png,28.195000,-80.605000,28.194500,-80.605300,apolloshield_dji,dji,,,2414500000,RADAR-A2D2-C9B2,Sensor Cape Canaveral / Space Coast,140,GREEN,GREEN
1773243731327,A2D2-C9B2,FLT-C9B2-001,28.197453,-80.596948,60.9,7.5000067,0,Mavic 2,false,drone_images/Mavic 2.png,28.195000,-80.605000,28.194500,-80.605300,apolloshield_dji,dji,,,2414500000,RADAR-A2D2-C9B2,Sensor Cape Canaveral / Space Coast,140,GREEN,GREEN
1773243732338,A2D2-C9B2,FLT-C9B2-001,28.197453,-80.596948,60.9,7.5000067,0,Mavic 2,false,drone_images/Mavic 2.png,28.195000,-80.605000,28.194500,-80.605300,apolloshield_dji,dji,,,2414500000,RADAR-A2D2-C9B2,Sensor Cape Canaveral / Space Coast,140,GREEN,GREEN
1773243733351,A2D2-C9B2,FLT-C9B2-001,28.197453,-80.596948,60.9,7.5000067,0,Mavic 2,false,drone_images/Mavic 2.png,28.195000,-80.605000,28.194500,-80.605300,apolloshield_dji,dji,,,2414500000,RADAR-A2D2-C9B2,Sensor Cape Canaveral / Space Coast,140,GREEN,GREEN
1773243734416,A2D2-C9B2,FLT-C9B2-001,28.197453,-80.596948,60.9,7.5000067,0,Mavic 2,false,drone_images/Mavic 2.png,28.195000,-80.605000,28.194500,-80.605300,apolloshield_dji,dji,,,2414500000,RADAR-A2D2-C9B2,Sensor Cape Canaveral / Space Coast,140,GREEN,GREEN
1773243735551,A2D2-C9B2,FLT-C9B2-001,28.197453,-80.596948,60.9,7.5000067,0,Mavic 2,false,drone_images/Mavic 2.png,28.195000,-80.605000,28.194500,-80.605300,apolloshield_dji,dji,,,2414500000,RADAR-A2D2-C9B2,Sensor Cape Canaveral / Space Coast,140,GREEN,GREEN
1773243736444,A2D2-C9B2,FLT-C9B2-001,28.197453,-80.596948,60.9,7.5000067,0,Mavic 2,false,drone_images/Mavic 2.png,28.195000,-80.605000,28.194500,-80.605300,apolloshield_dji,dji,,,2414500000,RADAR-A2D2-C9B2,Sensor Cape Canaveral / Space Coast,140,GREEN,GREEN
1773243737403,A2D2-C9B2,FLT-C9B2-001,28.197453,-80.596948,60.9,7.5000067,0,Mavic 2,false,drone_images/Mavic 2.png,28.195000,-80.605000,28.194500,-80.605300,apolloshield_dji,dji,,,2414500000,RADAR-A2D2-C9B2,Sensor Cape Canaveral / Space Coast,140,GREEN,GREEN
1773243738477,A2D2-C9B2,FLT-C9B2-001,28.197453,-80.596948,60.9,7.5000067,0,Mavic 2,false,drone_images/Mavic 2.png,28.195000,-80.605000,28.194500,-80.605300,apolloshield_dji,dji,,,2414500000,RADAR-A2D2-C9B2,Sensor Cape Canaveral / Space Coast,140,GREEN,GREEN
1773243739586,A2D2-C9B2,FLT-C9B2-001,28.197453,-80.596948,60.9,7.5000067,0,Mavic 2,false,drone_images/Mavic 2.png,28.195000,-80.605000,28.194500,-80.605300,apolloshield_dji,dji,,,2414500000,RADAR-A2D2-C9B2,Sensor Cape Canaveral / Space Coast,140,GREEN,GREEN
1773243740544,A2D2-C9B2,FLT-C9B2-001,28.197453,-80.596948,60.9,7.5000067,0,Mavic 2,false,drone_images/Mavic 2.png,28.195000,-80.605000,28.194500,-80.605300,apolloshield_dji,dji,,,2414500000,RADAR-A2D2-C9B2,Sensor Cape Canaveral / Space Coast,140,GREEN,GREEN
1773243741437,A2D2-C9B2,FLT-C9B2-001,28.197453,-80.596948,60.9,7.5000067,0,Mavic 2,false,drone_images/Mavic 2.png,28.195000,-80.605000,28.194500,-80.605300,apolloshield_dji,dji,,,2414500000,RADAR-A2D2-C9B2,Sensor Cape Canaveral / Space Coast,140,GREEN,GREEN
1773243742453,A2D2-C9B2,FLT-C9B2-001,28.197453,-80.596948,60.9,7.5000067,0,Mavic 2,false,drone_images/Mavic 2.png,28.195000,-80.605000,28.194500,-80.605300,apolloshield_dji,dji,,,2414500000,RADAR-A2D2-C9B2,Sensor Cape Canaveral / Space Coast,140,GREEN,GREEN
1773243743453,A2D2-C9B2,FLT-C9B2-001,28.197453,-80.596948,60.9,7.5000067,0,Mavic 2,false,drone_images/Mavic 2.png,28.195000,-80.605000,28.194500,-80.605300,apolloshield_dji,dji,,,2414500000,RADAR-A2D2-C9B2,Sensor Cape Canaveral / Space Coast,140,GREEN,GREEN
1773243744544,A2D2-C9B2,FLT-C9B2-001,28.197453,-80.596948,60.9,7.5000067,0,Mavic 2,false,drone_images/Mavic 2.png,28.195000,-80.605000,28.194500,-80.605300,apolloshield_dji,dji,,,2414500000,RADAR-A2D2-C9B2,Sensor Cape Canaveral / Space Coast,140,GREEN,GREEN
1773243745555,A2D2-C9B2,FLT-C9B2-001,28.197453,-80.596948,60.9,7.140028,0,Mavic 2,false,drone_images/Mavic 2.png,28.195000,-80.605000,28.194500,-80.605300,apolloshield_dji,dji,,,2414500000,RADAR-A2D2-C9B2,Sensor Cape Canaveral / Space Coast,140,GREEN,GREEN
1773243746622,A2D2-C9B2,FLT-C9B2-001,28.199396,-80.596948,60.9,7.140028,0,Mavic 2,false,drone_images/Mavic 2.png,28.195000,-80.605000,28.194500,-80.605300,apolloshield_dji,dji,,,2414500000,RADAR-A2D2-C9B2,Sensor Cape Canaveral / Space Coast,140,GREEN,GREEN
1773243747757,A2D2-C9B2,FLT-C9B2-001,28.199396,-80.596948,60.9,7.140028,0,Mavic 2,false,drone_images/Mavic 2.png,28.195000,-80.605000,28.194500,-80.605300,apolloshield_dji,dji,,,2414500000,RADAR-A2D2-C9B2,Sensor Cape Canaveral / Space Coast,140,GREEN,GREEN