timestamp,drone_id,flight_id,lat,lng,altitude,speed,azimuth,drone_type,has_payload,imagePath,home_lat,home_lng,pilot_lat,pilot_lng,detection_type,sensor_type,angle,error,frequency_hz,device_id,device_name,aboveGroundLevel,threatLevel,zone
1773243032767,A2D2-E5B7,FLT-E5B7-001,25.750934,-80.600685,66,10.8,0,Mavic 2,true,drone_images/Mavic 2_withpayload.png,25.745000,-80.605000,25.744500,-80.605300,apolloshield_dji,df,,,2414500000,RADAR-A2D2-E5B7,Sensor Everglades / West Miami Approach,260,RED,RED
1773243032769,A2D2-E5B7,FLT-E5B7-001,25.750934,-80.600685,66,10.8,0,Mavic 2,true,drone_images/Mavic 2_withpayload.png,25.745000,-80.605000,25.744500,-80.605300,apolloshield_dji,df,,,2414500000,RADAR-A2D2-E5B7,Sensor Everglades / West Miami Approach,260,RED,RED
1773243032770,A2D2-E5B7,FLT-E5B7-001,25.750934,-80.600685,66,10.8,0,Mavic 2,true,drone_images/Mavic 2_withpayload.png,25.745000,-80.605000,25.744500,-80.605300,apolloshield_dji,df,,,2414500000,RADAR-A2D2-E5B7,Sensor Everglades / West Miami Approach,260,RED,RED
1773243032772,A2D2-E5B7,FLT-E5B7-001,25.750664,-80.600875,66,12.5,0,Mavic 2,true,drone_images/Mavic 2_withpayload.png,25.745000,-80.605000,25.744500,-80.605300,apolloshield_dji,df,,,2414500000,RADAR-A2D2-E5B7,Sensor Everglades / West Miami Approach,260,RED,RED
1773243032773,A2D2-E5B7,FLT-E5B7-001,25.750664,-80.600875,66,12.5,0,Mavic 2,true,drone_images/Mavic 2_withpayload.png,25.745000,-80.605000,25.744500,-80.605300,apolloshield_dji,df,,,2414500000,RADAR-A2D2-E5B7,Sensor Everglades / West Miami Approach,260,RED,RED
1773243032773,A2D2-E5B7,FLT-E5B7-001,25.750664,-80.600875,66,12.5,0,Mavic 2,true,drone_images/Mavic 2_withpayload.png,25.745000,-80.605000,25.744500,-80.605300,apolloshield_dji,df,,,2414500000,RADAR-A2D2-E5B7,Sensor Everglades / West Miami Approach,260,RED,RED
1773243032774,A2D2-E5B7,FLT-E5B7-001,25.750664,-80.600875,66,12.5,0,Mavic 2,true,drone_images/Mavic 2_withpayload.png,25.745000,-80.605000,25.744500,-80.605300,apolloshield_dji,df,,,2414500000,RADAR-A2D2-E5B7,Sensor Everglades / West Miami Approach,260,RED,RED
1773243032975,A2D2-E5B7,FLT-E5B7-001,25.750435,-80.600966,65.7,0.2,0,Mavic 2,true,drone_images/Mavic 2_withpayload.png,25.745000,-80.605000,25.744500,-80.605300,apolloshield_dji,df,,,2414500000,RADAR-A2D2-E5B7,Sensor Everglades / West Miami Approach,260,RED,RED
1773243033743,A2D2-E5B7,FLT-E5B7-001,25.750435,-80.600966,65.7,0.2,0,Mavic 2,true,drone_images/Mavic 2_withpayload.png,25.745000,-80.605000,25.744500,-80.605300,apolloshield_dji,df,,,2414500000,RADAR-A2D2-E5B7,Sensor Everglades / West Miami Approach,260,RED,RED
1773243034791,A2D2-E5B7,FLT-E5B7-001,25.750435,-80.600966,65.7,0.2,0,Mavic 2,true,drone_images/Mavic 2_withpayload.png,25.745000,-80.605000,25.744500,-80.605300,apolloshield_dji,df,,,2414500000,RADAR-A2D2-E5B7,Sensor Everglades / West Miami Approach,260,RED,RED
1773243035961,A2D2-E5B7,FLT-E5B7-001,25.750435,-80.600966,65.7,0.2,0,Mavic 2,true,drone_images/Mavic 2_withpayload.png,25.745000,-80.605000,25.744500,-80.605300,apolloshield_dji,df,,,2414500000,RADAR-A2D2-E5B7,Sensor Everglades / West Miami Approach,260,RED,RED
1773243036956,A2D2-E5B7,FLT-E5B7-001,25.750418,-80.600966,65.7,2.9,0,Mavic 2,true,drone_images/Mavic 2_withpayload.png,25.745000,-80.605000,25.744500,-80.605300,apolloshield_dji,df,,,2414500000,RADAR-A2D2-E5B7,Sensor Everglades / West Miami Approach,260,RED,RED
1773243037696,A2D2-E5B7,FLT-E5B7-001,25.750401,-80.600972,65.7,3.5,0,Mavic 2,true,drone_images/Mavic 2_withpayload.png,25.745000,-80.605000,25.744500,-80.605300,apolloshield_dji,df,,,2414500000,RADAR-A2D2-E5B7,Sensor Everglades / West Miami Approach,260,RED,RED
1773243039109,A2D2-E5B7,FLT-E5B7-001,25.750349,-80.600983,65.7,4.6,0,Mavic 2,true,drone_images/Mavic 2_withpayload.png,25.745000,-80.605000,25.744500,-80.605300,apolloshield_dji,df,,,2414500000,RADAR-A2D2-E5B7,Sensor Everglades / West Miami Approach,260,RED,RED
1773243039685,A2D2-E5B7,FLT-E5B7-001,25.750349,-80.600983,65.7,4.6,0,Mavic 2,true,drone_images/Mavic 2_withpayload.png,25.745000,-80.605000,25.744500,-80.605300,apolloshield_dji,df,,,2414500000,RADAR-A2D2-E5B7,Sensor Everglades / West Miami Approach,260,RED,RED
1773243040527,A2D2-E5B7,FLT-E5B7-001,25.750349,-80.600983,65.7,4.6,0,Mavic 2,true,drone_images/Mavic 2_withpayload.png,25.745000,-80.605000,25.744500,-80.605300,apolloshield_dji,df,,,2414500000,RADAR-A2D2-E5B7,Sensor Everglades / West Miami Approach,260,RED,RED
1773243041613,A2D2-E5B7,FLT-E5B7-001,25.750349,-80.600983,65.7,4.6,0,Mavic 2,true,drone_images/Mavic 2_withpayload.png,25.745000,-80.605000,25.744500,-80.605300,apolloshield_dji,df,,,2414500000,RADAR-A2D2-E5B7,Sensor Everglades / West Miami Approach,260,RED,RED
1773243042825,A2D2-E5B7,FLT-E5B7-001,25.750177,-80.601006,65.8,0.2,0,Mavic 2,true,drone_images/Mavic 2_withpayload.png,25.745000,-80.605000,25.744500,-80.605300,apolloshield_dji,df,,,2414500000,RADAR-A2D2-E5B7,Sensor Everglades / West Miami Approach,260,RED,RED
1773243043702,A2D2-E5B7,FLT-E5B7-001,25.750177,-80.601006,65.8,0.2,0,Mavic 2,true,drone_images/Mavic 2_withpayload.png,25.745000,-80.605000,25.744500,-80.605300,apolloshield_dji,df,,,2414500000,RADAR-A2D2-E5B7,Sensor Everglades / West Miami Approach,260,RED,RED
1773243044648,A2D2-E5B7,FLT-E5B7-001,25.750177,-80.601006,65.8,0.2,0,Mavic 2,true,drone_images/Mavic 2_withpayload.png,25.745000,-80.605000,25.744500,-80.605300,apolloshield_dji,df,,,2414500000,RADAR-A2D2-E5B7,Sensor Everglades / West Miami Approach,260,RED,RED
1773243045745,A2D2-E5B7,FLT-E5B7-001,25.750177,-80.601006,65.8,0.2,0,Mavic 2,true,drone_images/Mavic 2_withpayload.png,25.745000,-80.605000,25.744500,-80.605300,apolloshield_dji,df,,,2414500000,RADAR-A2D2-E5B7,Sensor Everglades / West Miami Approach,260,RED,RED
1773243046907,A2D2-E5B7,FLT-E5B7-001,25.750177,-80.601006,65.9,0.1,0,Mavic 2,true,drone_images/Mavic 2_withpayload.png,25.745000,-80.605000,25.744500,-80.605300,apolloshield_dji,df,,,2414500000,RADAR-A2D2-E5B7,Sensor Everglades / West Miami Approach,260,RED,RED
1773243047546,A2D2-E5B7,FLT-E5B7-001,25.750166,-80.601006,65.9,2.1,0,Mavic 2,true,drone_images/Mavic 2_withpayload.png,25.745000,-80.605000,25.744500,-80.605300,apolloshield_dji,df,,,2414500000,RADAR-A2D2-E5B7,Sensor Everglades / West Miami Approach,260,RED,RED
1773243048738,A2D2-E5B7,FLT-E5B7-001,25.750166,-80.601006,65.9,2.1,0,Mavic 2,true,drone_images/Mavic 2_withpayload.png,25.745000,-80.605000,25.744500,-80.605300,apolloshield_dji,df,,,2414500000,RADAR-A2D2-E5B7,Sensor Everglades / West Miami Approach,260,RED,RED
1773243050239,A2D2-E5B7,FLT-E5B7-001,25.750166,-80.601006,65.9,2.1,0,Mavic 2,true,drone_images/Mavic 2_withpayload.png,25.745000,-80.605000,25.744500,-80.605300,apolloshield_dji,df,,,2414500000,RADAR-A2D2-E5B7,Sensor Everglades / West Miami Approach,260,RED,RED
1773243050680,A2D2-E5B7,FLT-E5B7-001,25.750074,-80.600995,65.9,4.8,0,Mavic 2,true,drone_images/Mavic 2_withpayload.png,25.745000,-80.605000,25.744500,-80.605300,apolloshield_dji,df,,,2414500000,RADAR-A2D2-E5B7,Sensor Everglades / West Miami Approach,260,RED,RED
1773243051722,A2D2-E5B7,FLT-E5B7-001,25.749988,-80.600978,65.9,6.9,0,Mavic 2,true,drone_images/Mavic 2_withpayload.png,25.745000,-80.605000,25.744500,-80.605300,apolloshield_dji,df,,,2414500000,RADAR-A2D2-E5B7,Sensor Everglades / West Miami Approach,260,RED,RED
1773243052814,A2D2-E5B7,FLT-E5B7-001,25.749988,-80.600978,65.9,6.9,0,Mavic 2,true,drone_images/Mavic 2_withpayload.png,25.745000,-80.605000,25.744500,-80.605300,apolloshield_dji,df,,,2414500000,RADAR-A2D2-E5B7,Sensor Everglades / West Miami Approach,260,RED,RED
1773243053783,A2D2-E5B7,FLT-E5B7-001,25.749988,-80.600978,65.9,6.9,0,Mavic 2,true,drone_images/Mavic 2_withpayload.png,25.745000,-80.605000,25.744500,-80.605300,apolloshield_dji,df,,,2414500000,RADAR-A2D2-E5B7,Sensor Everglades / West Miami Approach,260,RED,RED
1773243054850,A2D2-E5B7,FLT-E5B7-001,25.749988,-80.600978,65.9,6.9,0,Mavic 2,true,drone_images/Mavic 2_withpayload.png,25.745000,-80.605000,25.744500,-80.605300,apolloshield_dji,df,,,2414500000,RADAR-A2D2-E5B7,Sensor Everglades / West Miami Approach,260,RED,RED
1773243055608,A2D2-E5B7,FLT-E5B7-001,25.749988,-80.600978,65.9,6.9,0,Mavic 2,true,drone_images/Mavic 2_withpayload.png,25.745000,-80.605000,25.744500,-80.605300,apolloshield_dji,df,,,2414500000,RADAR-A2D2-E5B7,Sensor Everglades / West Miami Approach,260,RED,RED
1773243056815,A2D2-E5B7,FLT-E5B7-001,25.749719,-80.600869,65.9,8,0,Mavic 2,true,drone_images/Mavic 2_withpayload.png,25.745000,-80.605000,25.744500,-80.605300,apolloshield_dji,df,,,2414500000,RADAR-A2D2-E5B7,Sensor Everglades / West Miami Approach,260,RED,RED
1773243057818,A2D2-E5B7,FLT-E5B7-001,25.749719,-80.600869,65.9,8,0,Mavic 2,true,drone_images/Mavic 2_withpayload.png,25.745000,-80.605000,25.744500,-80.605300,apolloshield_dji,df,,,2414500000,RADAR-A2D2-E5B7,Sensor Everglades / West Miami Approach,260,RED,RED
1773243058643,A2D2-E5B7,FLT-E5B7-001,25.749587,-80.600800,65.9,8.2,0,Mavic 2,true,drone_images/Mavic 2_withpayload.png,25.745000,-80.605000,25.744500,-80.605300,apolloshield_dji,df,,,2414500000,RADAR-A2D2-E5B7,Sensor Everglades / West Miami Approach,260,RED,RED
1773243059655,A2D2-E5B7,FLT-E5B7-001,25.749587,-80.600800,65.9,8.2,0,Mavic 2,true,drone_images/Mavic 2_withpayload.png,25.745000,-80.605000,25.744500,-80.605300,apolloshield_dji,df,,,2414500000,RADAR-A2D2-E5B7,Sensor Everglades / West Miami Approach,260,RED,RED
1773243060680,A2D2-E5B7,FLT-E5B7-001,25.749438,-80.600668,65.9,8.5,0,Mavic 2,true,drone_images/Mavic 2_withpayload.png,25.745000,-80.605000,25.744500,-80.605300,apolloshield_dji,df,,,2414500000,RADAR-A2D2-E5B7,Sensor Everglades / West Miami Approach,260,RED,RED
1773243061616,A2D2-E5B7,FLT-E5B7-001,25.749438,-80.600668,65.9,8.5,0,Mavic 2,true,drone_images/Mavic 2_withpayload.png,25.745000,-80.605000,25.744500,-80.605300,apolloshield_dji,df,,,2414500000,RADAR-A2D2-E5B7,Sensor Everglades / West Miami Approach,260,RED,RED
1773243062679,A2D2-E5B7,FLT-E5B7-001,25.749438,-80.600668,65.9,8.5,0,Mavic 2,true,drone_images/Mavic 2_withpayload.png,25.745000,-80.605000,25.744500,-80.605300,apolloshield_dji,df,,,2414500000,RADAR-A2D2-E5B7,Sensor Everglades / West Miami Approach,260,RED,RED
1773243063939,A2D2-E5B7,FLT-E5B7-001,25.749438,-80.600668,65.9,8.5,0,Mavic 2,true,drone_images/Mavic 2_withpayload.png,25.745000,-80.605000,25.744500,-80.605300,apolloshield_dji,df,,,2414500000,RADAR-A2D2-E5B7,Sensor Everglades / West Miami Approach,260,RED,RED
1773243064508,A2D2-E5B7,FLT-E5B7-001,25.749398,-80.600640,69.9,2.7,0,Mavic 2,true,drone_images/Mavic 2_withpayload.png,25.745000,-80.605000,25.744500,-80.605300,apolloshield_dji,df,,,2414500000,RADAR-A2D2-E5B7,Sensor Everglades / West Miami Approach,260,RED,RED
1773243065854,A2D2-E5B7,FLT-E5B7-001,25.749398,-80.600640,69.9,2.7,0,Mavic 2,true,drone_images/Mavic 2_withpayload.png,25.745000,-80.605000,25.744500,-80.605300,apolloshield_dji,df,,,2414500000,RADAR-A2D2-E5B7,Sensor Everglades / West Miami Approach,260,RED,RED
1773243066482,A2D2-E5B7,FLT-E5B7-001,25.749358,-80.600703,72.3,1.8,0,Mavic 2,true,drone_images/Mavic 2_withpayload.png,25.745000,-80.605000,25.744500,-80.605300,apolloshield_dji,df,,,2414500000,RADAR-A2D2-E5B7,Sensor Everglades / West Miami Approach,260,RED,RED
1773243067745,A2D2-E5B7,FLT-E5B7-001,25.749358,-80.600703,72.4,0.2,0,Mavic 2,true,drone_images/Mavic 2_withpayload.png,25.745000,-80.605000,25.744500,-80.605300,apolloshield_dji,df,,,2414500000,RADAR-A2D2-E5B7,Sensor Everglades / West Miami Approach,260,RED,RED
1773243068790,A2D2-E5B7,FLT-E5B7-001,25.749358,-80.600703,72.4,0.2,0,Mavic 2,true,drone_images/Mavic 2_withpayload.png,25.745000,-80.605000,25.744500,-80.605300,apolloshield_dji,df,,,2414500000,RADAR-A2D2-E5B7,Sensor Everglades / West Miami Approach,260,RED,RED
1773243069852,A2D2-E5B7,FLT-E5B7-001,25.749358,-80.600703,72.4,0.2,0,Mavic 2,true,drone_images/Mavic 2_withpayload.png,25.745000,-80.605000,25.744500,-80.605300,apolloshield_dji,df,,,2414500000,RADAR-A2D2-E5B7,Sensor Everglades / West Miami Approach,260,RED,RED
1773243070680,A2D2-E5B7,FLT-E5B7-001,25.749358,-80.600703,72.4,0.2,0,Mavic 2,true,drone_images/Mavic 2_withpayload.png,25.745000,-80.605000,25.744500,-80.605300,apolloshield_dji,df,,,2414500000,RADAR-A2D2-E5B7,Sensor Everglades / West Miami Approach,260,RED,RED
1773243071542,A2D2-E5B7,FLT-E5B7-001,25.749358,-80.600703,72.4,0.2,0,Mavic 2,true,drone_images/Mavic 2_withpayload.png,25.745000,-80.605000,25.744500,-80.605300,apolloshield_dji,df,,,2414500000,RADAR-A2D2-E5B7,Sensor Everglades / West Miami Approach,260,RED,RED
1773243072718,A2D2-E5B7,FLT-E5B7-001,25.749358,-80.600703,72.4,0.2,0,Mavic 2,true,drone_images/Mavic 2_withpayload.png,25.745000,-80.605000,25.744500,-80.605300,apolloshield_dji,df,,,2414500000,RADAR-A2D2-E5B7,Sensor Everglades / West Miami Approach,260,RED,RED
1773243073984,A2D2-E5B7,FLT-E5B7-001,25.749358,-80.600703,72.4,0.2,0,Mavic 2,true,drone_images/Mavic 2_withpayload.png,25.745000,-80.605000,25.744500,-80.605300,apolloshield_dji,df,,,2414500000,RADAR-A2D2-E5B7,Sensor Everglades / West Miami Approach,260,RED,RED
1773243074622,A2D2-E5B7,FLT-E5B7-001,25.749089,-80.600536,78.4,7,0,Mavic 2,true,drone_images/Mavic 2_withpayload.png,25.745000,-80.605000,25.744500,-80.605300,apolloshield_dji,df,,,2414500000,RADAR-A2D2-E5B7,Sensor Everglades / West Miami Approach,260,RED,RED
1773243075653,A2D2-E5B7,FLT-E5B7-001,25.749089,-80.600536,78.4,7,0,Mavic 2,true,drone_images/Mavic 2_withpayload.png,25.745000,-80.605000,25.744500,-80.605300,apolloshield_dji,df,,,2414500000,RADAR-A2D2-E5B7,Sensor Everglades / West Miami Approach,260,RED,RED
1773243076618,A2D2-E5B7,FLT-E5B7-001,25.749089,-80.600536,78.4,7,0,Mavic 2,true,drone_images/Mavic 2_withpayload.png,25.745000,-80.605000,25.744500,-80.605300,apolloshield_dji,df,,,2414500000,RADAR-A2D2-E5B7,Sensor Everglades / West Miami Approach,260,RED,RED
1773243077608,A2D2-E5B7,FLT-E5B7-001,25.749089,-80.600536,78.4,7,0,Mavic 2,true,drone_images/Mavic 2_withpayload.png,25.745000,-80.605000,25.744500,-80.605300,apolloshield_dji,df,,,2414500000,RADAR-A2D2-E5B7,Sensor Everglades / West Miami Approach,260,RED,RED
1773243078623,A2D2-E5B7,FLT-E5B7-001,25.749089,-80.600536,78.4,7,0,Mavic 2,true,drone_images/Mavic 2_withpayload.png,25.745000,-80.605000,25.744500,-80.605300,apolloshield_dji,df,,,2414500000,RADAR-A2D2-E5B7,Sensor Everglades / West Miami Approach,260,RED,RED
1773243093517,A2D2-E5B7,FLT-E5B7-001,25.748808,-80.600508,81.8,0.1,0,Mavic 2,true,drone_images/Mavic 2_withpayload.png,25.745000,-80.605000,25.744500,-80.605300,apolloshield_dji,df,,,2414500000,RADAR-A2D2-E5B7,Sensor Everglades / West Miami Approach,260,RED,RED
1773243093813,A2D2-E5B7,FLT-E5B7-001,25.748808,-80.600508,81.8,0.1,0,Mavic 2,true,drone_images/Mavic 2_withpayload.png,25.745000,-80.605000,25.744500,-80.605300,apolloshield_dji,df,,,2414500000,RADAR-A2D2-E5B7,Sensor Everglades / West Miami Approach,260,RED,RED
1773243093814,A2D2-E5B7,FLT-E5B7-001,25.748808,-80.600508,81.8,0.1,0,Mavic 2,true,drone_images/Mavic 2_withpayload.png,25.745000,-80.605000,25.744500,-80.605300,apolloshield_dji,df,,,2414500000,RADAR-A2D2-E5B7,Sensor Everglades / West Miami Approach,260,RED,RED
1773243093815,A2D2-E5B7,FLT-E5B7-001,25.748808,-80.600508,81.8,0.1,0,Mavic 2,true,drone_images/Mavic 2_withpayload.png,25.745000,-80.605000,25.744500,-80.605300,apolloshield_dji,df,,,2414500000,RADAR-A2D2-E5B7,Sensor Everglades / West Miami Approach,260,RED,RED
1773243093816,A2D2-E5B7,FLT-E5B7-001,25.748808,-80.600508,81.8,0.1,0,Mavic 2,true,drone_images/Mavic 2_withpayload.png,25.745000,-80.605000,25.744500,-80.605300,apolloshield_dji,df,,,2414500000,RADAR-A2D2-E5B7,Sensor Everglades / West Miami Approach,260,RED,RED
1773243093818,A2D2-E5B7,FLT-E5B7-001,25.748808,-80.600508,81.8,0.1,0,Mavic 2,true,drone_images/Mavic 2_withpayload.png,25.745000,-80.605000,25.744500,-80.605300,apolloshield_dji,df,,,2414500000,RADAR-A2D2-E5B7,Sensor Everglades / West Miami Approach,260,RED,RED
1773243093818,A2D2-E5B7,FLT-E5B7-001,25.748808,-80.600508,81.8,0.1,0,Mavic 2,true,drone_images/Mavic 2_withpayload.png,25.745000,-80.605000,25.744500,-80.605300,apolloshield_dji,df,,,2414500000,RADAR-A2D2-E5B7,Sensor Everglades / West Miami Approach,260,RED,RED
1773243093820,A2D2-E5B7,FLT-E5B7-001,25.748711,-80.600319,81.7,7.4,0,Mavic 2,true,drone_images/Mavic 2_withpayload.png,25.745000,-80.605000,25.744500,-80.605300,apolloshield_dji,df,,,2414500000,RADAR-A2D2-E5B7,Sensor Everglades / West Miami Approach,260,RED,RED
1773243094086,A2D2-E5B7,FLT-E5B7-001,25.748711,-80.600319,81.7,7.4,0,Mavic 2,true,drone_images/Mavic 2_withpayload.png,25.745000,-80.605000,25.744500,-80.605300,apolloshield_dji,df,,,2414500000,RADAR-A2D2-E5B7,Sensor Everglades / West Miami Approach,260,RED,RED
1773243094088,A2D2-E5B7,FLT-E5B7-001,25.748676,-80.600250,81.8,8,0,Mavic 2,true,drone_images/Mavic 2_withpayload.png,25.745000,-80.605000,25.744500,-80.605300,apolloshield_dji,df,,,2414500000,RADAR-A2D2-E5B7,Sensor Everglades / West Miami Approach,260,RED,RED
1773243094088,A2D2-E5B7,FLT-E5B7-001,25.748676,-80.600250,81.8,8,0,Mavic 2,true,drone_images/Mavic 2_withpayload.png,25.745000,-80.605000,25.744500,-80.605300,apolloshield_dji,df,,,2414500000,RADAR-A2D2-E5B7,Sensor Everglades / West Miami Approach,260,RED,RED
1773243094091,A2D2-E5B7,FLT-E5B7-001,25.748676,-80.600250,81.8,8,0,Mavic 2,true,drone_images/Mavic 2_withpayload.png,25.745000,-80.605000,25.744500,-80.605300,apolloshield_dji,df,,,2414500000,RADAR-A2D2-E5B7,Sensor Everglades / West Miami Approach,260,RED,RED
1773243094095,A2D2-E5B7,FLT-E5B7-001,25.748590,-80.599964,81.7,8.8,0,Mavic 2,true,drone_images/Mavic 2_withpayload.png,25.745000,-80.605000,25.744500,-80.605300,apolloshield_dji,df,,,2414500000,RADAR-A2D2-E5B7,Sensor Everglades / West Miami Approach,260,RED,RED
1773243094097,A2D2-E5B7,FLT-E5B7-001,25.748567,-80.599889,83.3,7.4,0,Mavic 2,true,drone_images/Mavic 2_withpayload.png,25.745000,-80.605000,25.744500,-80.605300,apolloshield_dji,df,,,2414500000,RADAR-A2D2-E5B7,Sensor Everglades / West Miami Approach,260,RED,RED
1773243094100,A2D2-E5B7,FLT-E5B7-001,25.748567,-80.599889,83.3,7.4,0,Mavic 2,true,drone_images/Mavic 2_withpayload.png,25.745000,-80.605000,25.744500,-80.605300,apolloshield_dji,df,,,2414500000,RADAR-A2D2-E5B7,Sensor Everglades / West Miami Approach,260,RED,RED
1773243094617,A2D2-E5B7,FLT-E5B7-001,25.748504,-80.599763,84.1,5.8,0,Mavic 2,true,drone_images/Mavic 2_withpayload.png,25.745000,-80.605000,25.744500,-80.605300,apolloshield_dji,df,,,2414500000,RADAR-A2D2-E5B7,Sensor Everglades / West Miami Approach,260,RED,RED
1773243095680,A2D2-E5B7,FLT-E5B7-001,25.748504,-80.599763,84.1,5.8,0,Mavic 2,true,drone_images/Mavic 2_withpayload.png,25.745000,-80.605000,25.744500,-80.605300,apolloshield_dji,df,,,2414500000,RADAR-A2D2-E5B7,Sensor Everglades / West Miami Approach,260,RED,RED
1773243096701,A2D2-E5B7,FLT-E5B7-001,25.748504,-80.599763,84.1,5.8,0,Mavic 2,true,drone_images/Mavic 2_withpayload.png,25.745000,-80.605000,25.744500,-80.605300,apolloshield_dji,df,,,2414500000,RADAR-A2D2-E5B7,Sensor Everglades / West Miami Approach,260,RED,RED
1773243097524,A2D2-E5B7,FLT-E5B7-001,25.748493,-80.599746,83.9,1.1,0,Mavic 2,true,drone_images/Mavic 2_withpayload.png,25.745000,-80.605000,25.744500,-80.605300,apolloshield_dji,df,,,2414500000,RADAR-A2D2-E5B7,Sensor Everglades / West Miami Approach,260,RED,RED
1773243098643,A2D2-E5B7,FLT-E5B7-001,25.748493,-80.599746,83.9,1.1,0,Mavic 2,true,drone_images/Mavic 2_withpayload.png,25.745000,-80.605000,25.744500,-80.605300,apolloshield_dji,df,,,2414500000,RADAR-A2D2-E5B7,Sensor Everglades / West Miami Approach,260,RED,RED
1773243099530,A2D2-E5B7,FLT-E5B7-001,25.748487,-80.599688,83.9,5.2,0,Mavic 2,true,drone_images/Mavic 2_withpayload.png,25.745000,-80.605000,25.744500,-80.605300,apolloshield_dji,df,,,2414500000,RADAR-A2D2-E5B7,Sensor Everglades / West Miami Approach,260,RED,RED
1773243100609,A2D2-E5B7,FLT-E5B7-001,25.748487,-80.599688,83.9,5.2,0,Mavic 2,true,drone_images/Mavic 2_withpayload.png,25.745000,-80.605000,25.744500,-80.605300,apolloshield_dji,df,,,2414500000,RADAR-A2D2-E5B7,Sensor Everglades / West Miami Approach,260,RED,RED
1773243101586,A2D2-E5B7,FLT-E5B7-001,25.748476,-80.599517,83.9,8.1,0,Mavic 2,true,drone_images/Mavic 2_withpayload.png,25.745000,-80.605000,25.744500,-80.605300,apolloshield_dji,df,,,2414500000,RADAR-A2D2-E5B7,Sensor Everglades / West Miami Approach,260,RED,RED
1773243102661,A2D2-E5B7,FLT-E5B7-001,25.748476,-80.599517,83.9,8.1,0,Mavic 2,true,drone_images/Mavic 2_withpayload.png,25.745000,-80.605000,25.744500,-80.605300,apolloshield_dji,df,,,2414500000,RADAR-A2D2-E5B7,Sensor Everglades / West Miami Approach,260,RED,RED
1773243103718,A2D2-E5B7,FLT-E5B7-001,25.748464,-80.599402,84.2,28,0,Mavic 2,true,drone_images/Mavic 2_withpayload.png,25.745000,-80.605000,25.744500,-80.605300,apolloshield_dji,df,,,2414500000,RADAR-A2D2-E5B7,Sensor Everglades / West Miami Approach,260,RED,RED
1773243104556,A2D2-E5B7,FLT-E5B7-001,25.748464,-80.599402,84.2,28,0,Mavic 2,true,drone_images/Mavic 2_withpayload.png,25.745000,-80.605000,25.744500,-80.605300,apolloshield_dji,df,,,2414500000,RADAR-A2D2-E5B7,Sensor Everglades / West Miami Approach,260,RED,RED
1773243105597,A2D2-E5B7,FLT-E5B7-001,25.748464,-80.599402,84.2,28,0,Mavic 2,true,drone_images/Mavic 2_withpayload.png,25.745000,-80.605000,25.744500,-80.605300,apolloshield_dji,df,,,2414500000,RADAR-A2D2-E5B7,Sensor Everglades / West Miami Approach,260,RED,RED
1773243106686,A2D2-E5B7,FLT-E5B7-001,25.748476,-80.599368,84.2,3.7,0,Mavic 2,true,drone_images/Mavic 2_withpayload.png,25.745000,-80.605000,25.744500,-80.605300,apolloshield_dji,df,,,2414500000,RADAR-A2D2-E5B7,Sensor Everglades / West Miami Approach,260,RED,RED
1773243107482,A2D2-E5B7,FLT-E5B7-001,25.748476,-80.599368,84.2,3.7,0,Mavic 2,true,drone_images/Mavic 2_withpayload.png,25.745000,-80.605000,25.744500,-80.605300,apolloshield_dji,df,,,2414500000,RADAR-A2D2-E5B7,Sensor Everglades / West Miami Approach,260,RED,RED
1773243108671,A2D2-E5B7,FLT-E5B7-001,25.748476,-80.599316,84.3,5.3,0,Mavic 2,true,drone_images/Mavic 2_withpayload.png,25.745000,-80.605000,25.744500,-80.605300,apolloshield_dji,df,,,2414500000,RADAR-A2D2-E5B7,Sensor Everglades / West Miami Approach,260,RED,RED
1773243109372,A2D2-E5B7,FLT-E5B7-001,25.748470,-80.599224,84.3,7.1,0,Mavic 2,true,drone_images/Mavic 2_withpayload.png,25.745000,-80.605000,25.744500,-80.605300,apolloshield_dji,df,,,2414500000,RADAR-A2D2-E5B7,Sensor Everglades / West Miami Approach,260,RED,RED
1773243110617,A2D2-E5B7,FLT-E5B7-001,25.748470,-80.599224,84.3,7.1,0,Mavic 2,true,drone_images/Mavic 2_withpayload.png,25.745000,-80.605000,25.744500,-80.605300,apolloshield_dji,df,,,2414500000,RADAR-A2D2-E5B7,Sensor Everglades / West Miami Approach,260,RED,RED
1773243111637,A2D2-E5B7,FLT-E5B7-001,25.748470,-80.599224,84.3,7.1,0,Mavic 2,true,drone_images/Mavic 2_withpayload.png,25.745000,-80.605000,25.744500,-80.605300,apolloshield_dji,df,,,2414500000,RADAR-A2D2-E5B7,Sensor Everglades / West Miami Approach,260,RED,RED
1773243112662,A2D2-E5B7,FLT-E5B7-001,25.748499,-80.598978,84.3,8.6,0,Mavic 2,true,drone_images/Mavic 2_withpayload.png,25.745000,-80.605000,25.744500,-80.605300,apolloshield_dji,df,,,2414500000,RADAR-A2D2-E5B7,Sensor Everglades / West Miami Approach,260,RED,RED
1773243113711,A2D2-E5B7,FLT-E5B7-001,25.748516,-80.598892,84.2,8.8,0,Mavic 2,true,drone_images/Mavic 2_withpayload.png,25.745000,-80.605000,25.744500,-80.605300,apolloshield_dji,df,,,2414500000,RADAR-A2D2-E5B7,Sensor Everglades / West Miami Approach,260,RED,RED
1773243114561,A2D2-E5B7,FLT-E5B7-001,25.748539,-80.598806,84.2,9.1,0,Mavic 2,true,drone_images/Mavic 2_withpayload.png,25.745000,-80.605000,25.744500,-80.605300,apolloshield_dji,df,,,2414500000,RADAR-A2D2-E5B7,Sensor Everglades / West Miami Approach,260,RED,RED
1773243115626,A2D2-E5B7,FLT-E5B7-001,25.748539,-80.598806,84.2,9.1,0,Mavic 2,true,drone_images/Mavic 2_withpayload.png,25.745000,-80.605000,25.744500,-80.605300,apolloshield_dji,df,,,2414500000,RADAR-A2D2-E5B7,Sensor Everglades / West Miami Approach,260,RED,RED
1773243116841,A2D2-E5B7,FLT-E5B7-001,25.748539,-80.598806,84.2,9.1,0,Mavic 2,true,drone_images/Mavic 2_withpayload.png,25.745000,-80.605000,25.744500,-80.605300,apolloshield_dji,df,,,2414500000,RADAR-A2D2-E5B7,Sensor Everglades / West Miami Approach,260,RED,RED
1773243117485,A2D2-E5B7,FLT-E5B7-001,25.748539,-80.598806,84.2,9.1,0,Mavic 2,true,drone_images/Mavic 2_withpayload.png,25.745000,-80.605000,25.744500,-80.605300,apolloshield_dji,df,,,2414500000,RADAR-A2D2-E5B7,Sensor Everglades / West Miami Approach,260,RED,RED
1773243118494,A2D2-E5B7,FLT-E5B7-001,25.748648,-80.598485,84.2,10.2,0,Mavic 2,true,drone_images/Mavic 2_withpayload.png,25.745000,-80.605000,25.744500,-80.605300,apolloshield_dji,df,,,2414500000,RADAR-A2D2-E5B7,Sensor Everglades / West Miami Approach,260,RED,RED
1773243119449,A2D2-E5B7,FLT-E5B7-001,25.748648,-80.598485,84.2,10.2,0,Mavic 2,true,drone_images/Mavic 2_withpayload.png,25.745000,-80.605000,25.744500,-80.605300,apolloshield_dji,df,,,2414500000,RADAR-A2D2-E5B7,Sensor Everglades / West Miami Approach,260,RED,RED
1773243120751,A2D2-E5B7,FLT-E5B7-001,25.748648,-80.598485,84.2,10.2,0,Mavic 2,true,drone_images/Mavic 2_withpayload.png,25.745000,-80.605000,25.744500,-80.605300,apolloshield_dji,df,,,2414500000,RADAR-A2D2-E5B7,Sensor Everglades / West Miami Approach,260,RED,RED
1773243121771,A2D2-E5B7,FLT-E5B7-001,25.748648,-80.598485,84.2,10.2,0,Mavic 2,true,drone_images/Mavic 2_withpayload.png,25.745000,-80.605000,25.744500,-80.605300,apolloshield_dji,df,,,2414500000,RADAR-A2D2-E5B7,Sensor Everglades / West Miami Approach,260,RED,RED
1773243122878,A2D2-E5B7,FLT-E5B7-001,25.748768,-80.598233,84.2,0.1,0,Mavic 2,true,drone_images/Mavic 2_withpayload.png,25.745000,-80.605000,25.744500,-80.605300,apolloshield_dji,df,,,2414500000,RADAR-A2D2-E5B7,Sensor Everglades / West Miami Approach,260,RED,RED
1773243123726,A2D2-E5B7,FLT-E5B7-001,25.748768,-80.598233,84.2,0.1,0,Mavic 2,true,drone_images/Mavic 2_withpayload.png,25.745000,-80.605000,25.744500,-80.605300,apolloshield_dji,df,,,2414500000,RADAR-A2D2-E5B7,Sensor Everglades / West Miami Approach,260,RED,RED
1773243124904,A2D2-E5B7,FLT-E5B7-001,25.748768,-80.598227,84.3,1.5,0,Mavic 2,true,drone_images/Mavic 2_withpayload.png,25.745000,-80.605000,25.744500,-80.605300,apolloshield_dji,df,,,2414500000,RADAR-A2D2-E5B7,Sensor Everglades / West Miami Approach,260,RED,RED
1773243125763,A2D2-E5B7,FLT-E5B7-001,25.748768,-80.598227,84.3,1.5,0,Mavic 2,true,drone_images/Mavic 2_withpayload.png,25.745000,-80.605000,25.744500,-80.605300,apolloshield_dji,df,,,2414500000,RADAR-A2D2-E5B7,Sensor Everglades / West Miami Approach,260,RED,RED
1773243126631,A2D2-E5B7,FLT-E5B7-001,25.748768,-80.598227,84.3,1.5,0,Mavic 2,true,drone_images/Mavic 2_withpayload.png,25.745000,-80.605000,25.744500,-80.605300,apolloshield_dji,df,,,2414500000,RADAR-A2D2-E5B7,Sensor Everglades / West Miami Approach,260,RED,RED
1773243127626,A2D2-E5B7,FLT-E5B7-001,25.748768,-80.598227,84.3,1.5,0,Mavic 2,true,drone_images/Mavic 2_withpayload.png,25.745000,-80.605000,25.744500,-80.605300,apolloshield_dji,df,,,2414500000,RADAR-A2D2-E5B7,Sensor Everglades / West Miami Approach,260,RED,RED
1773243128501,A2D2-E5B7,FLT-E5B7-001,25.748768,-80.598227,84.3,1.5,0,Mavic 2,true,drone_images/Mavic 2_withpayload.png,25.745000,-80.605000,25.744500,-80.605300,apolloshield_dji,df,,,2414500000,RADAR-A2D2-E5B7,Sensor Everglades / West Miami Approach,260,RED,RED
1773243129576,A2D2-E5B7,FLT-E5B7-001,25.748854,-80.598096,84.4,7.3,0,Mavic 2,true,drone_images/Mavic 2_withpayload.png,25.745000,-80.605000,25.744500,-80.605300,apolloshield_dji,df,,,2414500000,RADAR-A2D2-E5B7,Sensor Everglades / West Miami Approach,260,RED,RED
1773243130692,A2D2-E5B7,FLT-E5B7-001,25.748928,-80.597998,84.5,9.4,0,Mavic 2,true,drone_images/Mavic 2_withpayload.png,25.745000,-80.605000,25.744500,-80.605300,apolloshield_dji,df,,,2414500000,RADAR-A2D2-E5B7,Sensor Everglades / West Miami Approach,260,RED,RED
1773243131811,A2D2-E5B7,FLT-E5B7-001,25.748928,-80.597998,84.5,9.4,0,Mavic 2,true,drone_images/Mavic 2_withpayload.png,25.745000,-80.605000,25.744500,-80.605300,apolloshield_dji,df,,,2414500000,RADAR-A2D2-E5B7,Sensor Everglades / West Miami Approach,260,RED,RED
1773243132686,A2D2-E5B7,FLT-E5B7-001,25.748928,-80.597998,84.5,9.4,0,Mavic 2,true,drone_images/Mavic 2_withpayload.png,25.745000,-80.605000,25.744500,-80.605300,apolloshield_dji,df,,,2414500000,RADAR-A2D2-E5B7,Sensor Everglades / West Miami Approach,260,RED,RED
1773243133741,A2D2-E5B7,FLT-E5B7-001,25.749163,-80.597798,84.4,12,0,Mavic 2,true,drone_images/Mavic 2_withpayload.png,25.745000,-80.605000,25.744500,-80.605300,apolloshield_dji,df,,,2414500000,RADAR-A2D2-E5B7,Sensor Everglades / West Miami Approach,260,RED,RED
1773243135258,A2D2-E5B7,FLT-E5B7-001,25.749266,-80.597740,84.3,12.9,0,Mavic 2,true,drone_images/Mavic 2_withpayload.png,25.745000,-80.605000,25.744500,-80.605300,apolloshield_dji,df,,,2414500000,RADAR-A2D2-E5B7,Sensor Everglades / West Miami Approach,260,RED,RED
1773243135718,A2D2-E5B7,FLT-E5B7-001,25.749266,-80.597740,84.3,12.9,0,Mavic 2,true,drone_images/Mavic 2_withpayload.png,25.745000,-80.605000,25.744500,-80.605300,apolloshield_dji,df,,,2414500000,RADAR-A2D2-E5B7,Sensor Everglades / West Miami Approach,260,RED,RED
1773243136756,A2D2-E5B7,FLT-E5B7-001,25.749266,-80.597740,84.3,12.9,0,Mavic 2,true,drone_images/Mavic 2_withpayload.png,25.745000,-80.605000,25.744500,-80.605300,apolloshield_dji,df,,,2414500000,RADAR-A2D2-E5B7,Sensor Everglades / West Miami Approach,260,RED,RED
1773243137577,A2D2-E5B7,FLT-E5B7-001,25.749685,-80.597597,84.5,14.5,0,Mavic 2,true,drone_images/Mavic 2_withpayload.png,25.745000,-80.605000,25.744500,-80.605300,apolloshield_dji,df,,,2414500000,RADAR-A2D2-E5B7,Sensor Everglades / West Miami Approach,260,RED,RED
1773243138729,A2D2-E5B7,FLT-E5B7-001,25.749685,-80.597597,84.5,14.5,0,Mavic 2,true,drone_images/Mavic 2_withpayload.png,25.745000,-80.605000,25.744500,-80.605300,apolloshield_dji,df,,,2414500000,RADAR-A2D2-E5B7,Sensor Everglades / West Miami Approach,260,RED,RED
1773243152921,A2D2-E5B7,FLT-E5B7-001,25.749880,-80.597563,84.5,14.7,0,Mavic 2,true,drone_images/Mavic 2_withpayload.png,25.745000,-80.605000,25.744500,-80.605300,apolloshield_dji,df,,,2414500000,RADAR-A2D2-E5B7,Sensor Everglades / West Miami Approach,260,RED,RED
1773243153139,A2D2-E5B7,FLT-E5B7-001,25.750057,-80.597551,84.6,8.3,0,Mavic 2,true,drone_images/Mavic 2_withpayload.png,25.745000,-80.605000,25.744500,-80.605300,apolloshield_dji,df,,,2414500000,RADAR-A2D2-E5B7,Sensor Everglades / West Miami Approach,260,RED,RED
1773243153140,A2D2-E5B7,FLT-E5B7-001,25.750057,-80.597551,84.6,8.3,0,Mavic 2,true,drone_images/Mavic 2_withpayload.png,25.745000,-80.605000,25.744500,-80.605300,apolloshield_dji,df,,,2414500000,RADAR-A2D2-E5B7,Sensor Everglades / West Miami Approach,260,RED,RED
1773243153143,A2D2-E5B7,FLT-E5B7-001,25.750057,-80.597551,84.6,8.3,0,Mavic 2,true,drone_images/Mavic 2_withpayload.png,25.745000,-80.605000,25.744500,-80.605300,apolloshield_dji,df,,,2414500000,RADAR-A2D2-E5B7,Sensor Everglades / West Miami Approach,260,RED,RED
1773243153148,A2D2-E5B7,FLT-E5B7-001,25.750057,-80.597551,84.6,8.3,0,Mavic 2,true,drone_images/Mavic 2_withpayload.png,25.745000,-80.605000,25.744500,-80.605300,apolloshield_dji,df,,,2414500000,RADAR-A2D2-E5B7,Sensor Everglades / West Miami Approach,260,RED,RED
1773243153154,A2D2-E5B7,FLT-E5B7-001,25.750097,-80.597557,84.5,0.5,0,Mavic 2,true,drone_images/Mavic 2_withpayload.png,25.745000,-80.605000,25.744500,-80.605300,apolloshield_dji,df,,,2414500000,RADAR-A2D2-E5B7,Sensor Everglades / West Miami Approach,260,RED,RED
1773243153156,A2D2-E5B7,FLT-E5B7-001,25.750097,-80.597557,84.5,0.5,0,Mavic 2,true,drone_images/Mavic 2_withpayload.png,25.745000,-80.605000,25.744500,-80.605300,apolloshield_dji,df,,,2414500000,RADAR-A2D2-E5B7,Sensor Everglades / West Miami Approach,260,RED,RED
1773243153162,A2D2-E5B7,FLT-E5B7-001,25.750097,-80.597557,84.5,0.5,0,Mavic 2,true,drone_images/Mavic 2_withpayload.png,25.745000,-80.605000,25.744500,-80.605300,apolloshield_dji,df,,,2414500000,RADAR-A2D2-E5B7,Sensor Everglades / West Miami Approach,260,RED,RED
1773243153165,A2D2-E5B7,FLT-E5B7-001,25.750097,-80.597557,84.5,0.5,0,Mavic 2,true,drone_images/Mavic 2_withpayload.png,25.745000,-80.605000,25.744500,-80.605300,apolloshield_dji,df,,,2414500000,RADAR-A2D2-E5B7,Sensor Everglades / West Miami Approach,260,RED,RED
1773243153338,A2D2-E5B7,FLT-E5B7-001,25.750092,-80.597517,91.5,3.6,0,Mavic 2,true,drone_images/Mavic 2_withpayload.png,25.745000,-80.605000,25.744500,-80.605300,apolloshield_dji,df,,,2414500000,RADAR-A2D2-E5B7,Sensor Everglades / West Miami Approach,260,RED,RED
1773243153340,A2D2-E5B7,FLT-E5B7-001,25.750092,-80.597517,91.5,3.6,0,Mavic 2,true,drone_images/Mavic 2_withpayload.png,25.745000,-80.605000,25.744500,-80.605300,apolloshield_dji,df,,,2414500000,RADAR-A2D2-E5B7,Sensor Everglades / West Miami Approach,260,RED,RED
1773243153341,A2D2-E5B7,FLT-E5B7-001,25.750092,-80.597420,92.8,2.9,0,Mavic 2,true,drone_images/Mavic 2_withpayload.png,25.745000,-80.605000,25.744500,-80.605300,apolloshield_dji,df,,,2414500000,RADAR-A2D2-E5B7,Sensor Everglades / West Miami Approach,260,RED,RED
1773243153342,A2D2-E5B7,FLT-E5B7-001,25.750092,-80.597420,92.8,2.9,0,Mavic 2,true,drone_images/Mavic 2_withpayload.png,25.745000,-80.605000,25.744500,-80.605300,apolloshield_dji,df,,,2414500000,RADAR-A2D2-E5B7,Sensor Everglades / West Miami Approach,260,RED,RED
1773243153344,A2D2-E5B7,FLT-E5B7-001,25.750092,-80.597420,92.8,2.9,0,Mavic 2,true,drone_images/Mavic 2_withpayload.png,25.745000,-80.605000,25.744500,-80.605300,apolloshield_dji,df,,,2414500000,RADAR-A2D2-E5B7,Sensor Everglades / West Miami Approach,260,RED,RED
1773243153664,A2D2-E5B7,FLT-E5B7-001,25.750086,-80.597414,92.7,0.1,0,Mavic 2,true,drone_images/Mavic 2_withpayload.png,25.745000,-80.605000,25.744500,-80.605300,apolloshield_dji,df,,,2414500000,RADAR-A2D2-E5B7,Sensor Everglades / West Miami Approach,260,RED,RED
1773243154603,A2D2-E5B7,FLT-E5B7-001,25.750086,-80.597414,92.7,0.1,0,Mavic 2,true,drone_images/Mavic 2_withpayload.png,25.745000,-80.605000,25.744500,-80.605300,apolloshield_dji,df,,,2414500000,RADAR-A2D2-E5B7,Sensor Everglades / West Miami Approach,260,RED,RED
1773243155863,A2D2-E5B7,FLT-E5B7-001,25.750086,-80.597414,92.7,0.1,0,Mavic 2,true,drone_images/Mavic 2_withpayload.png,25.745000,-80.605000,25.744500,-80.605300,apolloshield_dji,df,,,2414500000,RADAR-A2D2-E5B7,Sensor Everglades / West Miami Approach,260,RED,RED
1773243157022,A2D2-E5B7,FLT-E5B7-001,25.750132,-80.597414,92.7,3.8,0,Mavic 2,true,drone_images/Mavic 2_withpayload.png,25.745000,-80.605000,25.744500,-80.605300,apolloshield_dji,df,,,2414500000,RADAR-A2D2-E5B7,Sensor Everglades / West Miami Approach,260,RED,RED
1773243157773,A2D2-E5B7,FLT-E5B7-001,25.750132,-80.597414,92.7,3.8,0,Mavic 2,true,drone_images/Mavic 2_withpayload.png,25.745000,-80.605000,25.744500,-80.605300,apolloshield_dji,df,,,2414500000,RADAR-A2D2-E5B7,Sensor Everglades / West Miami Approach,260,RED,RED
1773243158844,A2D2-E5B7,FLT-E5B7-001,25.750132,-80.597414,92.7,3.8,0,Mavic 2,true,drone_images/Mavic 2_withpayload.png,25.745000,-80.605000,25.744500,-80.605300,apolloshield_dji,df,,,2414500000,RADAR-A2D2-E5B7,Sensor Everglades / West Miami Approach,260,RED,RED
1773243159754,A2D2-E5B7,FLT-E5B7-001,25.750309,-80.597448,92.8,9.8,0,Mavic 2,true,drone_images/Mavic 2_withpayload.png,25.745000,-80.605000,25.744500,-80.605300,apolloshield_dji,df,,,2414500000,RADAR-A2D2-E5B7,Sensor Everglades / West Miami Approach,260,RED,RED
1773243160689,A2D2-E5B7,FLT-E5B7-001,25.750401,-80.597477,92.8,11.3,0,Mavic 2,true,drone_images/Mavic 2_withpayload.png,25.745000,-80.605000,25.744500,-80.605300,apolloshield_dji,df,,,2414500000,RADAR-A2D2-E5B7,Sensor Everglades / West Miami Approach,260,RED,RED
1773243161605,A2D2-E5B7,FLT-E5B7-001,25.750401,-80.597477,92.8,11.3,0,Mavic 2,true,drone_images/Mavic 2_withpayload.png,25.745000,-80.605000,25.744500,-80.605300,apolloshield_dji,df,,,2414500000,RADAR-A2D2-E5B7,Sensor Everglades / West Miami Approach,260,RED,RED
1773243162825,A2D2-E5B7,FLT-E5B7-001,25.750401,-80.597477,92.8,11.3,0,Mavic 2,true,drone_images/Mavic 2_withpayload.png,25.745000,-80.605000,25.744500,-80.605300,apolloshield_dji,df,,,2414500000,RADAR-A2D2-E5B7,Sensor Everglades / West Miami Approach,260,RED,RED
1773243164165,A2D2-E5B7,FLT-E5B7-001,25.750401,-80.597477,92.8,11.3,0,Mavic 2,true,drone_images/Mavic 2_withpayload.png,25.745000,-80.605000,25.744500,-80.605300,apolloshield_dji,df,,,2414500000,RADAR-A2D2-E5B7,Sensor Everglades / West Miami Approach,260,RED,RED
1773243164572,A2D2-E5B7,FLT-E5B7-001,25.750401,-80.597477,92.8,11.3,0,Mavic 2,true,drone_images/Mavic 2_withpayload.png,25.745000,-80.605000,25.744500,-80.605300,apolloshield_dji,df,,,2414500000,RADAR-A2D2-E5B7,Sensor Everglades / West Miami Approach,260,RED,RED
1773243165628,A2D2-E5B7,FLT-E5B7-001,25.750911,-80.597528,92.9,11.6,0,Mavic 2,true,drone_images/Mavic 2_withpayload.png,25.745000,-80.605000,25.744500,-80.605300,apolloshield_dji,df,,,2414500000,RADAR-A2D2-E5B7,Sensor Everglades / West Miami Approach,260,RED,RED
1773243166697,A2D2-E5B7,FLT-E5B7-001,25.750911,-80.597528,92.9,11.6,0,Mavic 2,true,drone_images/Mavic 2_withpayload.png,25.745000,-80.605000,25.744500,-80.605300,apolloshield_dji,df,,,2414500000,RADAR-A2D2-E5B7,Sensor Everglades / West Miami Approach,260,RED,RED
1773243167641,A2D2-E5B7,FLT-E5B7-001,25.750911,-80.597528,92.9,11.6,0,Mavic 2,true,drone_images/Mavic 2_withpayload.png,25.745000,-80.605000,25.744500,-80.605300,apolloshield_dji,df,,,2414500000,RADAR-A2D2-E5B7,Sensor Everglades / West Miami Approach,260,RED,RED
1773243168725,A2D2-E5B7,FLT-E5B7-001,25.750911,-80.597528,92.9,11.6,0,Mavic 2,true,drone_images/Mavic 2_withpayload.png,25.745000,-80.605000,25.744500,-80.605300,apolloshield_dji,df,,,2414500000,RADAR-A2D2-E5B7,Sensor Everglades / West Miami Approach,260,RED,RED
1773243169749,A2D2-E5B7,FLT-E5B7-001,25.751060,-80.597609,92.7,5.5,0,Mavic 2,true,drone_images/Mavic 2_withpayload.png,25.745000,-80.605000,25.744500,-80.605300,apolloshield_dji,df,,,2414500000,RADAR-A2D2-E5B7,Sensor Everglades / West Miami Approach,260,RED,RED
1773243171032,A2D2-E5B7,FLT-E5B7-001,25.751060,-80.597609,92.7,5.5,0,Mavic 2,true,drone_images/Mavic 2_withpayload.png,25.745000,-80.605000,25.744500,-80.605300,apolloshield_dji,df,,,2414500000,RADAR-A2D2-E5B7,Sensor Everglades / West Miami Approach,260,RED,RED
1773243171855,A2D2-E5B7,FLT-E5B7-001,25.751186,-80.597706,92.8,10.7,0,Mavic 2,true,drone_images/Mavic 2_withpayload.png,25.745000,-80.605000,25.744500,-80.605300,apolloshield_dji,df,,,2414500000,RADAR-A2D2-E5B7,Sensor Everglades / West Miami Approach,260,RED,RED
1773243173153,A2D2-E5B7,FLT-E5B7-001,25.751186,-80.597706,92.8,10.7,0,Mavic 2,true,drone_images/Mavic 2_withpayload.png,25.745000,-80.605000,25.744500,-80.605300,apolloshield_dji,df,,,2414500000,RADAR-A2D2-E5B7,Sensor Everglades / West Miami Approach,260,RED,RED
1773243173984,A2D2-E5B7,FLT-E5B7-001,25.751186,-80.597706,92.8,10.7,0,Mavic 2,true,drone_images/Mavic 2_withpayload.png,25.745000,-80.605000,25.744500,-80.605300,apolloshield_dji,df,,,2414500000,RADAR-A2D2-E5B7,Sensor Everglades / West Miami Approach,260,RED,RED
1773243174872,A2D2-E5B7,FLT-E5B7-001,25.751186,-80.597706,92.8,10.7,0,Mavic 2,true,drone_images/Mavic 2_withpayload.png,25.745000,-80.605000,25.744500,-80.605300,apolloshield_dji,df,,,2414500000,RADAR-A2D2-E5B7,Sensor Everglades / West Miami Approach,260,RED,RED
1773243176700,A2D2-E5B7,FLT-E5B7-001,25.751472,-80.598096,92.8,13.6,0,Mavic 2,true,drone_images/Mavic 2_withpayload.png,25.745000,-80.605000,25.744500,-80.605300,apolloshield_dji,df,,,2414500000,RADAR-A2D2-E5B7,Sensor Everglades / West Miami Approach,260,RED,RED
1773243176862,A2D2-E5B7,FLT-E5B7-001,25.751449,-80.598033,92.8,13.4,0,Mavic 2,true,drone_images/Mavic 2_withpayload.png,25.745000,-80.605000,25.744500,-80.605300,apolloshield_dji,df,,,2414500000,RADAR-A2D2-E5B7,Sensor Everglades / West Miami Approach,260,RED,RED
1773243178102,A2D2-E5B7,FLT-E5B7-001,25.751472,-80.598096,92.8,13.6,0,Mavic 2,true,drone_images/Mavic 2_withpayload.png,25.745000,-80.605000,25.744500,-80.605300,apolloshield_dji,df,,,2414500000,RADAR-A2D2-E5B7,Sensor Everglades / West Miami Approach,260,RED,RED
1773243178839,A2D2-E5B7,FLT-E5B7-001,25.751472,-80.598096,92.8,13.6,0,Mavic 2,true,drone_images/Mavic 2_withpayload.png,25.745000,-80.605000,25.744500,-80.605300,apolloshield_dji,df,,,2414500000,RADAR-A2D2-E5B7,Sensor Everglades / West Miami Approach,260,RED,RED
1773243179617,A2D2-E5B7,FLT-E5B7-001,25.751472,-80.598096,92.8,13.6,0,Mavic 2,true,drone_images/Mavic 2_withpayload.png,25.745000,-80.605000,25.744500,-80.605300,apolloshield_dji,df,,,2414500000,RADAR-A2D2-E5B7,Sensor Everglades / West Miami Approach,260,RED,RED
1773243180751,A2D2-E5B7,FLT-E5B7-001,25.751627,-80.598732,92.5,14.6,0,Mavic 2,true,drone_images/Mavic 2_withpayload.png,25.745000,-80.605000,25.744500,-80.605300,apolloshield_dji,df,,,2414500000,RADAR-A2D2-E5B7,Sensor Everglades / West Miami Approach,260,RED,RED
1773243182189,A2D2-E5B7,FLT-E5B7-001,25.751627,-80.598732,92.5,14.6,0,Mavic 2,true,drone_images/Mavic 2_withpayload.png,25.745000,-80.605000,25.744500,-80.605300,apolloshield_dji,df,,,2414500000,RADAR-A2D2-E5B7,Sensor Everglades / West Miami Approach,260,RED,RED
1773243182808,A2D2-E5B7,FLT-E5B7-001,25.751627,-80.598732,92.5,14.6,0,Mavic 2,true,drone_images/Mavic 2_withpayload.png,25.745000,-80.605000,25.744500,-80.605300,apolloshield_dji,df,,,2414500000,RADAR-A2D2-E5B7,Sensor Everglades / West Miami Approach,260,RED,RED
1773243183985,A2D2-E5B7,FLT-E5B7-001,25.751627,-80.598732,92.5,14.6,0,Mavic 2,true,drone_images/Mavic 2_withpayload.png,25.745000,-80.605000,25.744500,-80.605300,apolloshield_dji,df,,,2414500000,RADAR-A2D2-E5B7,Sensor Everglades / West Miami Approach,260,RED,RED
1773243184781,A2D2-E5B7,FLT-E5B7-001,25.751627,-80.598732,92.5,14.6,0,Mavic 2,true,drone_images/Mavic 2_withpayload.png,25.745000,-80.605000,25.744500,-80.605300,apolloshield_dji,df,,,2414500000,RADAR-A2D2-E5B7,Sensor Everglades / West Miami Approach,260,RED,RED
1773243185866,A2D2-E5B7,FLT-E5B7-001,25.751644,-80.599350,92.5,7.2,0,Mavic 2,true,drone_images/Mavic 2_withpayload.png,25.745000,-80.605000,25.744500,-80.605300,apolloshield_dji,df,,,2414500000,RADAR-A2D2-E5B7,Sensor Everglades / West Miami Approach,260,RED,RED
1773243186701,A2D2-E5B7,FLT-E5B7-001,25.751644,-80.599350,92.5,7.2,0,Mavic 2,true,drone_images/Mavic 2_withpayload.png,25.745000,-80.605000,25.744500,-80.605300,apolloshield_dji,df,,,2414500000,RADAR-A2D2-E5B7,Sensor Everglades / West Miami Approach,260,RED,RED
1773243187604,A2D2-E5B7,FLT-E5B7-001,25.751638,-80.599391,92.4,28,0,Mavic 2,true,drone_images/Mavic 2_withpayload.png,25.745000,-80.605000,25.744500,-80.605300,apolloshield_dji,df,,,2414500000,RADAR-A2D2-E5B7,Sensor Everglades / West Miami Approach,260,RED,RED
1773243188896,A2D2-E5B7,FLT-E5B7-001,25.751638,-80.599391,92.4,28,0,Mavic 2,true,drone_images/Mavic 2_withpayload.png,25.745000,-80.605000,25.744500,-80.605300,apolloshield_dji,df,,,2414500000,RADAR-A2D2-E5B7,Sensor Everglades / West Miami Approach,260,RED,RED
1773243190250,A2D2-E5B7,FLT-E5B7-001,25.751633,-80.599482,92.4,8.2,0,Mavic 2,true,drone_images/Mavic 2_withpayload.png,25.745000,-80.605000,25.744500,-80.605300,apolloshield_dji,df,,,2414500000,RADAR-A2D2-E5B7,Sensor Everglades / West Miami Approach,260,RED,RED
1773243191284,A2D2-E5B7,FLT-E5B7-001,25.751633,-80.599482,92.4,8.2,0,Mavic 2,true,drone_images/Mavic 2_withpayload.png,25.745000,-80.605000,25.744500,-80.605300,apolloshield_dji,df,,,2414500000,RADAR-A2D2-E5B7,Sensor Everglades / West Miami Approach,260,RED,RED
1773243192036,A2D2-E5B7,FLT-E5B7-001,25.751633,-80.599482,92.4,8.2,0,Mavic 2,true,drone_images/Mavic 2_withpayload.png,25.745000,-80.605000,25.744500,-80.605300,apolloshield_dji,df,,,2414500000,RADAR-A2D2-E5B7,Sensor Everglades / West Miami Approach,260,RED,RED
1773243192946,A2D2-E5B7,FLT-E5B7-001,25.751633,-80.599482,92.4,8.2,0,Mavic 2,true,drone_images/Mavic 2_withpayload.png,25.745000,-80.605000,25.744500,-80.605300,apolloshield_dji,df,,,2414500000,RADAR-A2D2-E5B7,Sensor Everglades / West Miami Approach,260,RED,RED
1773243194027,A2D2-E5B7,FLT-E5B7-001,25.751633,-80.599482,92.4,8.2,0,Mavic 2,true,drone_images/Mavic 2_withpayload.png,25.745000,-80.605000,25.744500,-80.605300,apolloshield_dji,df,,,2414500000,RADAR-A2D2-E5B7,Sensor Everglades / West Miami Approach,260,RED,RED
1773243194984,A2D2-E5B7,FLT-E5B7-001,25.751633,-80.599482,92.4,8.2,0,Mavic 2,true,drone_images/Mavic 2_withpayload.png,25.745000,-80.605000,25.744500,-80.605300,apolloshield_dji,df,,,2414500000,RADAR-A2D2-E5B7,Sensor Everglades / West Miami Approach,260,RED,RED
1773243196069,A2D2-E5B7,FLT-E5B7-001,25.751507,-80.600158,92.4,6.7,0,Mavic 2,true,drone_images/Mavic 2_withpayload.png,25.745000,-80.605000,25.744500,-80.605300,apolloshield_dji,df,,,2414500000,RADAR-A2D2-E5B7,Sensor Everglades / West Miami Approach,260,RED,RED
1773243197055,A2D2-E5B7,FLT-E5B7-001,25.751507,-80.600158,92.4,6.7,0,Mavic 2,true,drone_images/Mavic 2_withpayload.png,25.745000,-80.605000,25.744500,-80.605300,apolloshield_dji,df,,,2414500000,RADAR-A2D2-E5B7,Sensor Everglades / West Miami Approach,260,RED,RED
1773243197823,A2D2-E5B7,FLT-E5B7-001,25.751495,-80.600187,92.4,0.1,0,Mavic 2,true,drone_images/Mavic 2_withpayload.png,25.745000,-80.605000,25.744500,-80.605300,apolloshield_dji,df,,,2414500000,RADAR-A2D2-E5B7,Sensor Everglades / West Miami Approach,260,RED,RED
1773243198883,A2D2-E5B7,FLT-E5B7-001,25.751495,-80.600187,92.4,0.1,0,Mavic 2,true,drone_images/Mavic 2_withpayload.png,25.745000,-80.605000,25.744500,-80.605300,apolloshield_dji,df,,,2414500000,RADAR-A2D2-E5B7,Sensor Everglades / West Miami Approach,260,RED,RED
1773243213501,A2D2-E5B7,FLT-E5B7-001,25.751495,-80.600193,92.4,0.2,0,Mavic 2,true,drone_images/Mavic 2_withpayload.png,25.745000,-80.605000,25.744500,-80.605300,apolloshield_dji,df,,,2414500000,RADAR-A2D2-E5B7,Sensor Everglades / West Miami Approach,260,RED,RED
1773243213502,A2D2-E5B7,FLT-E5B7-001,25.751495,-80.600193,92.4,0.2,0,Mavic 2,true,drone_images/Mavic 2_withpayload.png,25.745000,-80.605000,25.744500,-80.605300,apolloshield_dji,df,,,2414500000,RADAR-A2D2-E5B7,Sensor Everglades / West Miami Approach,260,RED,RED
1773243213503,A2D2-E5B7,FLT-E5B7-001,25.751495,-80.600193,92.4,1.2,0,Mavic 2,true,drone_images/Mavic 2_withpayload.png,25.745000,-80.605000,25.744500,-80.605300,apolloshield_dji,df,,,2414500000,RADAR-A2D2-E5B7,Sensor Everglades / West Miami Approach,260,RED,RED
1773243213504,A2D2-E5B7,FLT-E5B7-001,25.751495,-80.600193,92.4,1.2,0,Mavic 2,true,drone_images/Mavic 2_withpayload.png,25.745000,-80.605000,25.744500,-80.605300,apolloshield_dji,df,,,2414500000,RADAR-A2D2-E5B7,Sensor Everglades / West Miami Approach,260,RED,RED
1773243213506,A2D2-E5B7,FLT-E5B7-001,25.751495,-80.600193,92.4,1.2,0,Mavic 2,true,drone_images/Mavic 2_withpayload.png,25.745000,-80.605000,25.744500,-80.605300,apolloshield_dji,df,,,2414500000,RADAR-A2D2-E5B7,Sensor Everglades / West Miami Approach,260,RED,RED
1773243213507,A2D2-E5B7,FLT-E5B7-001,25.751495,-80.600193,92.4,1.2,0,Mavic 2,true,drone_images/Mavic 2_withpayload.png,25.745000,-80.605000,25.744500,-80.605300,apolloshield_dji,df,,,2414500000,RADAR-A2D2-E5B7,Sensor Everglades / West Miami Approach,260,RED,RED
1773243213507,A2D2-E5B7,FLT-E5B7-001,25.751472,-80.600244,92.4,3.8,0,Mavic 2,true,drone_images/Mavic 2_withpayload.png,25.745000,-80.605000,25.744500,-80.605300,apolloshield_dji,df,,,2414500000,RADAR-A2D2-E5B7,Sensor Everglades / West Miami Approach,260,RED,RED
1773243213508,A2D2-E5B7,FLT-E5B7-001,25.751426,-80.600273,92.3,5,0,Mavic 2,true,drone_images/Mavic 2_withpayload.png,25.745000,-80.605000,25.744500,-80.605300,apolloshield_dji,df,,,2414500000,RADAR-A2D2-E5B7,Sensor Everglades / West Miami Approach,260,RED,RED
1773243213740,A2D2-E5B7,FLT-E5B7-001,25.751426,-80.600273,92.3,5,0,Mavic 2,true,drone_images/Mavic 2_withpayload.png,25.745000,-80.605000,25.744500,-80.605300,apolloshield_dji,df,,,2414500000,RADAR-A2D2-E5B7,Sensor Everglades / West Miami Approach,260,RED,RED
1773243213741,A2D2-E5B7,FLT-E5B7-001,25.751426,-80.600273,92.3,5,0,Mavic 2,true,drone_images/Mavic 2_withpayload.png,25.745000,-80.605000,25.744500,-80.605300,apolloshield_dji,df,,,2414500000,RADAR-A2D2-E5B7,Sensor Everglades / West Miami Approach,260,RED,RED
1773243213743,A2D2-E5B7,FLT-E5B7-001,25.751220,-80.600324,92.4,9.8,0,Mavic 2,true,drone_images/Mavic 2_withpayload.png,25.745000,-80.605000,25.744500,-80.605300,apolloshield_dji,df,,,2414500000,RADAR-A2D2-E5B7,Sensor Everglades / West Miami Approach,260,RED,RED
1773243213748,A2D2-E5B7,FLT-E5B7-001,25.751151,-80.600387,92.4,10,0,Mavic 2,true,drone_images/Mavic 2_withpayload.png,25.745000,-80.605000,25.744500,-80.605300,apolloshield_dji,df,,,2414500000,RADAR-A2D2-E5B7,Sensor Everglades / West Miami Approach,260,RED,RED
1773243213751,A2D2-E5B7,FLT-E5B7-001,25.751151,-80.600387,92.4,10,0,Mavic 2,true,drone_images/Mavic 2_withpayload.png,25.745000,-80.605000,25.744500,-80.605300,apolloshield_dji,df,,,2414500000,RADAR-A2D2-E5B7,Sensor Everglades / West Miami Approach,260,RED,RED
1773243213878,A2D2-E5B7,FLT-E5B7-001,25.751151,-80.600387,92.4,10,0,Mavic 2,true,drone_images/Mavic 2_withpayload.png,25.745000,-80.605000,25.744500,-80.605300,apolloshield_dji,df,,,2414500000,RADAR-A2D2-E5B7,Sensor Everglades / West Miami Approach,260,RED,RED
1773243214181,A2D2-E5B7,FLT-E5B7-001,25.751151,-80.600387,92.4,10,0,Mavic 2,true,drone_images/Mavic 2_withpayload.png,25.745000,-80.605000,25.744500,-80.605300,apolloshield_dji,df,,,2414500000,RADAR-A2D2-E5B7,Sensor Everglades / West Miami Approach,260,RED,RED
1773243214689,A2D2-E5B7,FLT-E5B7-001,25.750842,-80.600640,93.6,11.6,0,Mavic 2,true,drone_images/Mavic 2_withpayload.png,25.745000,-80.605000,25.744500,-80.605300,apolloshield_dji,df,,,2414500000,RADAR-A2D2-E5B7,Sensor Everglades / West Miami Approach,260,RED,RED
1773243215737,A2D2-E5B7,FLT-E5B7-001,25.750710,-80.600737,94.3,12.3,0,Mavic 2,true,drone_images/Mavic 2_withpayload.png,25.745000,-80.605000,25.744500,-80.605300,apolloshield_dji,df,,,2414500000,RADAR-A2D2-E5B7,Sensor Everglades / West Miami Approach,260,RED,RED
1773243216692,A2D2-E5B7,FLT-E5B7-001,25.750710,-80.600737,94.3,12.3,0,Mavic 2,true,drone_images/Mavic 2_withpayload.png,25.745000,-80.605000,25.744500,-80.605300,apolloshield_dji,df,,,2414500000,RADAR-A2D2-E5B7,Sensor Everglades / West Miami Approach,260,RED,RED
1773243217742,A2D2-E5B7,FLT-E5B7-001,25.750613,-80.600794,94.7,12.5,0,Mavic 2,true,drone_images/Mavic 2_withpayload.png,25.745000,-80.605000,25.744500,-80.605300,apolloshield_dji,df,,,2414500000,RADAR-A2D2-E5B7,Sensor Everglades / West Miami Approach,260,RED,RED
1773243218612,A2D2-E5B7,FLT-E5B7-001,25.750613,-80.600794,94.7,12.5,0,Mavic 2,true,drone_images/Mavic 2_withpayload.png,25.745000,-80.605000,25.744500,-80.605300,apolloshield_dji,df,,,2414500000,RADAR-A2D2-E5B7,Sensor Everglades / West Miami Approach,260,RED,RED
1773243219855,A2D2-E5B7,FLT-E5B7-001,25.750613,-80.600794,94.7,12.5,0,Mavic 2,true,drone_images/Mavic 2_withpayload.png,25.745000,-80.605000,25.744500,-80.605300,apolloshield_dji,df,,,2414500000,RADAR-A2D2-E5B7,Sensor Everglades / West Miami Approach,260,RED,RED
1773243220515,A2D2-E5B7,FLT-E5B7-001,25.750246,-80.601018,95,13.7,0,Mavic 2,true,drone_images/Mavic 2_withpayload.png,25.745000,-80.605000,25.744500,-80.605300,apolloshield_dji,df,,,2414500000,RADAR-A2D2-E5B7,Sensor Everglades / West Miami Approach,260,RED,RED
1773243221924,A2D2-E5B7,FLT-E5B7-001,25.750246,-80.601018,95,13.7,0,Mavic 2,true,drone_images/Mavic 2_withpayload.png,25.745000,-80.605000,25.744500,-80.605300,apolloshield_dji,df,,,2414500000,RADAR-A2D2-E5B7,Sensor Everglades / West Miami Approach,260,RED,RED
1773243223281,A2D2-E5B7,FLT-E5B7-001,25.750246,-80.601018,95,13.7,0,Mavic 2,true,drone_images/Mavic 2_withpayload.png,25.745000,-80.605000,25.744500,-80.605300,apolloshield_dji,df,,,2414500000,RADAR-A2D2-E5B7,Sensor Everglades / West Miami Approach,260,RED,RED
1773243223899,A2D2-E5B7,FLT-E5B7-001,25.750246,-80.601018,95,13.7,0,Mavic 2,true,drone_images/Mavic 2_withpayload.png,25.745000,-80.605000,25.744500,-80.605300,apolloshield_dji,df,,,2414500000,RADAR-A2D2-E5B7,Sensor Everglades / West Miami Approach,260,RED,RED
1773243225332,A2D2-E5B7,FLT-E5B7-001,25.749811,-80.601012,94.9,10.1,0,Mavic 2,true,drone_images/Mavic 2_withpayload.png,25.745000,-80.605000,25.744500,-80.605300,apolloshield_dji,df,,,2414500000,RADAR-A2D2-E5B7,Sensor Everglades / West Miami Approach,260,RED,RED
1773243225634,A2D2-E5B7,FLT-E5B7-001,25.749811,-80.601012,94.9,10.1,0,Mavic 2,true,drone_images/Mavic 2_withpayload.png,25.745000,-80.605000,25.744500,-80.605300,apolloshield_dji,df,,,2414500000,RADAR-A2D2-E5B7,Sensor Everglades / West Miami Approach,260,RED,RED
1773243226943,A2D2-E5B7,FLT-E5B7-001,25.749742,-80.600880,94.9,10.4,0,Mavic 2,true,drone_images/Mavic 2_withpayload.png,25.745000,-80.605000,25.744500,-80.605300,apolloshield_dji,df,,,2414500000,RADAR-A2D2-E5B7,Sensor Everglades / West Miami Approach,260,RED,RED
1773243227997,A2D2-E5B7,FLT-E5B7-001,25.749742,-80.600880,94.9,10.4,0,Mavic 2,true,drone_images/Mavic 2_withpayload.png,25.745000,-80.605000,25.744500,-80.605300,apolloshield_dji,df,,,2414500000,RADAR-A2D2-E5B7,Sensor Everglades / West Miami Approach,260,RED,RED
1773243228858,A2D2-E5B7,FLT-E5B7-001,25.749679,-80.600743,94.8,10.4,0,Mavic 2,true,drone_images/Mavic 2_withpayload.png,25.745000,-80.605000,25.744500,-80.605300,apolloshield_dji,df,,,2414500000,RADAR-A2D2-E5B7,Sensor Everglades / West Miami Approach,260,RED,RED
1773243229620,A2D2-E5B7,FLT-E5B7-001,25.749679,-80.600743,94.8,10.4,0,Mavic 2,true,drone_images/Mavic 2_withpayload.png,25.745000,-80.605000,25.744500,-80.605300,apolloshield_dji,df,,,2414500000,RADAR-A2D2-E5B7,Sensor Everglades / West Miami Approach,260,RED,RED
1773243230829,A2D2-E5B7,FLT-E5B7-001,25.749679,-80.600743,94.8,10.4,0,Mavic 2,true,drone_images/Mavic 2_withpayload.png,25.745000,-80.605000,25.744500,-80.605300,apolloshield_dji,df,,,2414500000,RADAR-A2D2-E5B7,Sensor Everglades / West Miami Approach,260,RED,RED
1773243231580,A2D2-E5B7,FLT-E5B7-001,25.749679,-80.600743,94.8,10.4,0,Mavic 2,true,drone_images/Mavic 2_withpayload.png,25.745000,-80.605000,25.744500,-80.605300,apolloshield_dji,df,,,2414500000,RADAR-A2D2-E5B7,Sensor Everglades / West Miami Approach,260,RED,RED
1773243232997,A2D2-E5B7,FLT-E5B7-001,25.749553,-80.600571,94.9,4.8,0,Mavic 2,true,drone_images/Mavic 2_withpayload.png,25.745000,-80.605000,25.744500,-80.605300,apolloshield_dji,df,,,2414500000,RADAR-A2D2-E5B7,Sensor Everglades / West Miami Approach,260,RED,RED
1773243234544,A2D2-E5B7,FLT-E5B7-001,25.749553,-80.600571,94.9,4.8,0,Mavic 2,true,drone_images/Mavic 2_withpayload.png,25.745000,-80.605000,25.744500,-80.605300,apolloshield_dji,df,,,2414500000,RADAR-A2D2-E5B7,Sensor Everglades / West Miami Approach,260,RED,RED
1773243235039,A2D2-E5B7,FLT-E5B7-001,25.749553,-80.600571,94.9,4.8,0,Mavic 2,true,drone_images/Mavic 2_withpayload.png,25.745000,-80.605000,25.744500,-80.605300,apolloshield_dji,df,,,2414500000,RADAR-A2D2-E5B7,Sensor Everglades / West Miami Approach,260,RED,RED
1773243235745,A2D2-E5B7,FLT-E5B7-001,25.749433,-80.600433,94.9,7.3,0,Mavic 2,true,drone_images/Mavic 2_withpayload.png,25.745000,-80.605000,25.744500,-80.605300,apolloshield_dji,df,,,2414500000,RADAR-A2D2-E5B7,Sensor Everglades / West Miami Approach,260,RED,RED
1773243236951,A2D2-E5B7,FLT-E5B7-001,25.749364,-80.600347,94.9,7.7,0,Mavic 2,true,drone_images/Mavic 2_withpayload.png,25.745000,-80.605000,25.744500,-80.605300,apolloshield_dji,df,,,2414500000,RADAR-A2D2-E5B7,Sensor Everglades / West Miami Approach,260,RED,RED
1773243238921,A2D2-E5B7,FLT-E5B7-001,25.749312,-80.600284,94.9,7.9,0,Mavic 2,true,drone_images/Mavic 2_withpayload.png,25.745000,-80.605000,25.744500,-80.605300,apolloshield_dji,df,,,2414500000,RADAR-A2D2-E5B7,Sensor Everglades / West Miami Approach,260,RED,RED
1773243238928,A2D2-E5B7,FLT-E5B7-001,25.749364,-80.600347,94.9,7.7,0,Mavic 2,true,drone_images/Mavic 2_withpayload.png,25.745000,-80.605000,25.744500,-80.605300,apolloshield_dji,df,,,2414500000,RADAR-A2D2-E5B7,Sensor Everglades / West Miami Approach,260,RED,RED
1773243239747,A2D2-E5B7,FLT-E5B7-001,25.749312,-80.600284,94.9,7.9,0,Mavic 2,true,drone_images/Mavic 2_withpayload.png,25.745000,-80.605000,25.744500,-80.605300,apolloshield_dji,df,,,2414500000,RADAR-A2D2-E5B7,Sensor Everglades / West Miami Approach,260,RED,RED
1773243241080,A2D2-E5B7,FLT-E5B7-001,25.749312,-80.600284,94.9,7.9,0,Mavic 2,true,drone_images/Mavic 2_withpayload.png,25.745000,-80.605000,25.744500,-80.605300,apolloshield_dji,df,,,2414500000,RADAR-A2D2-E5B7,Sensor Everglades / West Miami Approach,260,RED,RED
1773243242200,A2D2-E5B7,FLT-E5B7-001,25.749152,-80.600204,94,7.2,0,Mavic 2,true,drone_images/Mavic 2_withpayload.png,25.745000,-80.605000,25.744500,-80.605300,apolloshield_dji,df,,,2414500000,RADAR-A2D2-E5B7,Sensor Everglades / West Miami Approach,260,RED,RED
1773243243940,A2D2-E5B7,FLT-E5B7-001,25.749089,-80.600267,94.2,0.3,0,Mavic 2,true,drone_images/Mavic 2_withpayload.png,25.745000,-80.605000,25.744500,-80.605300,apolloshield_dji,df,,,2414500000,RADAR-A2D2-E5B7,Sensor Everglades / West Miami Approach,260,RED,RED
1773243244183,A2D2-E5B7,FLT-E5B7-001,25.749152,-80.600204,94,7.2,0,Mavic 2,true,drone_images/Mavic 2_withpayload.png,25.745000,-80.605000,25.744500,-80.605300,apolloshield_dji,df,,,2414500000,RADAR-A2D2-E5B7,Sensor Everglades / West Miami Approach,260,RED,RED
1773243245072,A2D2-E5B7,FLT-E5B7-001,25.749089,-80.600267,94.2,0.3,0,Mavic 2,true,drone_images/Mavic 2_withpayload.png,25.745000,-80.605000,25.744500,-80.605300,apolloshield_dji,df,,,2414500000,RADAR-A2D2-E5B7,Sensor Everglades / West Miami Approach,260,RED,RED
1773243246315,A2D2-E5B7,FLT-E5B7-001,25.749089,-80.600267,94.2,0.3,0,Mavic 2,true,drone_images/Mavic 2_withpayload.png,25.745000,-80.605000,25.744500,-80.605300,apolloshield_dji,df,,,2414500000,RADAR-A2D2-E5B7,Sensor Everglades / West Miami Approach,260,RED,RED
1773243247035,A2D2-E5B7,FLT-E5B7-001,25.749089,-80.600267,94.2,0.3,0,Mavic 2,true,drone_images/Mavic 2_withpayload.png,25.745000,-80.605000,25.744500,-80.605300,apolloshield_dji,df,,,2414500000,RADAR-A2D2-E5B7,Sensor Everglades / West Miami Approach,260,RED,RED
1773243247682,A2D2-E5B7,FLT-E5B7-001,25.749077,-80.600261,94.3,0.3,0,Mavic 2,true,drone_images/Mavic 2_withpayload.png,25.745000,-80.605000,25.744500,-80.605300,apolloshield_dji,df,,,2414500000,RADAR-A2D2-E5B7,Sensor Everglades / West Miami Approach,260,RED,RED
1773243248958,A2D2-E5B7,FLT-E5B7-001,25.749077,-80.600261,94.3,0.3,0,Mavic 2,true,drone_images/Mavic 2_withpayload.png,25.745000,-80.605000,25.744500,-80.605300,apolloshield_dji,df,,,2414500000,RADAR-A2D2-E5B7,Sensor Everglades / West Miami Approach,260,RED,RED
1773243249787,A2D2-E5B7,FLT-E5B7-001,25.749077,-80.600261,94.3,0.3,0,Mavic 2,true,drone_images/Mavic 2_withpayload.png,25.745000,-80.605000,25.744500,-80.605300,apolloshield_dji,df,,,2414500000,RADAR-A2D2-E5B7,Sensor Everglades / West Miami Approach,260,RED,RED
1773243250951,A2D2-E5B7,FLT-E5B7-001,25.749077,-80.600261,94.3,0.3,0,Mavic 2,true,drone_images/Mavic 2_withpayload.png,25.745000,-80.605000,25.744500,-80.605300,apolloshield_dji,df,,,2414500000,RADAR-A2D2-E5B7,Sensor Everglades / West Miami Approach,260,RED,RED
1773243252614,A2D2-E5B7,FLT-E5B7-001,25.749077,-80.600261,94.3,0.1,0,Mavic 2,true,drone_images/Mavic 2_withpayload.png,25.745000,-80.605000,25.744500,-80.605300,apolloshield_dji,df,,,2414500000,RADAR-A2D2-E5B7,Sensor Everglades / West Miami Approach,260,RED,RED
1773243252752,A2D2-E5B7,FLT-E5B7-001,25.749077,-80.600261,94.3,28,0,Mavic 2,true,drone_images/Mavic 2_withpayload.png,25.745000,-80.605000,25.744500,-80.605300,apolloshield_dji,df,,,2414500000,RADAR-A2D2-E5B7,Sensor Everglades / West Miami Approach,260,RED,RED
1773243253624,A2D2-E5B7,FLT-E5B7-001,25.749077,-80.600261,94.3,28,0,Mavic 2,true,drone_images/Mavic 2_withpayload.png,25.745000,-80.605000,25.744500,-80.605300,apolloshield_dji,df,,,2414500000,RADAR-A2D2-E5B7,Sensor Everglades / West Miami Approach,260,RED,RED
1773243255895,A2D2-E5B7,FLT-E5B7-001,25.749077,-80.600261,94.3,28,0,Mavic 2,true,drone_images/Mavic 2_withpayload.png,25.745000,-80.605000,25.744500,-80.605300,apolloshield_dji,df,,,2414500000,RADAR-A2D2-E5B7,Sensor Everglades / West Miami Approach,260,RED,RED
1773243256844,A2D2-E5B7,FLT-E5B7-001,25.749077,-80.600261,94.3,28,0,Mavic 2,true,drone_images/Mavic 2_withpayload.png,25.745000,-80.605000,25.744500,-80.605300,apolloshield_dji,df,,,2414500000,RADAR-A2D2-E5B7,Sensor Everglades / West Miami Approach,260,RED,RED
1773243257245,A2D2-E5B7,FLT-E5B7-001,25.749077,-80.600261,94.4,0.1,0,Mavic 2,true,drone_images/Mavic 2_withpayload.png,25.745000,-80.605000,25.744500,-80.605300,apolloshield_dji,df,,,2414500000,RADAR-A2D2-E5B7,Sensor Everglades / West Miami Approach,260,RED,RED
1773243257638,A2D2-E5B7,FLT-E5B7-001,25.749077,-80.600261,94.4,0.1,0,Mavic 2,true,drone_images/Mavic 2_withpayload.png,25.745000,-80.605000,25.744500,-80.605300,apolloshield_dji,df,,,2414500000,RADAR-A2D2-E5B7,Sensor Everglades / West Miami Approach,260,RED,RED
1773243258788,A2D2-E5B7,FLT-E5B7-001,25.749077,-80.600261,94.4,0.1,0,Mavic 2,true,drone_images/Mavic 2_withpayload.png,25.745000,-80.605000,25.744500,-80.605300,apolloshield_dji,df,,,2414500000,RADAR-A2D2-E5B7,Sensor Everglades / West Miami Approach,260,RED,RED
1773243274224,A2D2-E5B7,FLT-E5B7-001,25.749077,-80.600261,94.4,0.1,0,Mavic 2,true,drone_images/Mavic 2_withpayload.png,25.745000,-80.605000,25.744500,-80.605300,apolloshield_dji,df,,,2414500000,RADAR-A2D2-E5B7,Sensor Everglades / West Miami Approach,260,RED,RED
1773243274225,A2D2-E5B7,FLT-E5B7-001,25.749077,-80.600261,94.4,0.1,0,Mavic 2,true,drone_images/Mavic 2_withpayload.png,25.745000,-80.605000,25.744500,-80.605300,apolloshield_dji,df,,,2414500000,RADAR-A2D2-E5B7,Sensor Everglades / West Miami Approach,260,RED,RED
1773243274506,A2D2-E5B7,FLT-E5B7-001,25.749077,-80.600261,94.4,0.1,0,Mavic 2,true,drone_images/Mavic 2_withpayload.png,25.745000,-80.605000,25.744500,-80.605300,apolloshield_dji,df,,,2414500000,RADAR-A2D2-E5B7,Sensor Everglades / West Miami Approach,260,RED,RED
1773243274507,A2D2-E5B7,FLT-E5B7-001,25.749077,-80.600261,94.4,0.1,0,Mavic 2,true,drone_images/Mavic 2_withpayload.png,25.745000,-80.605000,25.744500,-80.605300,apolloshield_dji,df,,,2414500000,RADAR-A2D2-E5B7,Sensor Everglades / West Miami Approach,260,RED,RED
1773243274507,A2D2-E5B7,FLT-E5B7-001,25.749226,-80.600336,78,3.4,0,Mavic 2,true,drone_images/Mavic 2_withpayload.png,25.745000,-80.605000,25.744500,-80.605300,apolloshield_dji,df,,,2414500000,RADAR-A2D2-E5B7,Sensor Everglades / West Miami Approach,260,RED,RED
1773243274508,A2D2-E5B7,FLT-E5B7-001,25.749226,-80.600336,78,3.4,0,Mavic 2,true,drone_images/Mavic 2_withpayload.png,25.745000,-80.605000,25.744500,-80.605300,apolloshield_dji,df,,,2414500000,RADAR-A2D2-E5B7,Sensor Everglades / West Miami Approach,260,RED,RED
1773243274509,A2D2-E5B7,FLT-E5B7-001,25.749226,-80.600336,78,3.4,0,Mavic 2,true,drone_images/Mavic 2_withpayload.png,25.745000,-80.605000,25.744500,-80.605300,apolloshield_dji,df,,,2414500000,RADAR-A2D2-E5B7,Sensor Everglades / West Miami Approach,260,RED,RED
1773243274510,A2D2-E5B7,FLT-E5B7-001,25.749226,-80.600336,78,3.4,0,Mavic 2,true,drone_images/Mavic 2_withpayload.png,25.745000,-80.605000,25.744500,-80.605300,apolloshield_dji,df,,,2414500000,RADAR-A2D2-E5B7,Sensor Everglades / West Miami Approach,260,RED,RED
1773243274511,A2D2-E5B7,FLT-E5B7-001,25.749255,-80.600176,60.7,0.4,0,Mavic 2,true,drone_images/Mavic 2_withpayload.png,25.745000,-80.605000,25.744500,-80.605300,apolloshield_dji,df,,,2414500000,RADAR-A2D2-E5B7,Sensor Everglades / West Miami Approach,260,RED,RED
1773243274511,A2D2-E5B7,FLT-E5B7-001,25.749255,-80.600176,60.7,0.4,0,Mavic 2,true,drone_images/Mavic 2_withpayload.png,25.745000,-80.605000,25.744500,-80.605300,apolloshield_dji,df,,,2414500000,RADAR-A2D2-E5B7,Sensor Everglades / West Miami Approach,260,RED,RED
1773243274512,A2D2-E5B7,FLT-E5B7-001,25.749255,-80.600176,60.7,0.4,0,Mavic 2,true,drone_images/Mavic 2_withpayload.png,25.745000,-80.605000,25.744500,-80.605300,apolloshield_dji,df,,,2414500000,RADAR-A2D2-E5B7,Sensor Everglades / West Miami Approach,260,RED,RED
1773243274514,A2D2-E5B7,FLT-E5B7-001,25.749255,-80.600176,60.7,0.4,0,Mavic 2,true,drone_images/Mavic 2_withpayload.png,25.745000,-80.605000,25.744500,-80.605300,apolloshield_dji,df,,,2414500000,RADAR-A2D2-E5B7,Sensor Everglades / West Miami Approach,260,RED,RED
1773243274515,A2D2-E5B7,FLT-E5B7-001,25.749255,-80.600176,60.7,0.4,0,Mavic 2,true,drone_images/Mavic 2_withpayload.png,25.745000,-80.605000,25.744500,-80.605300,apolloshield_dji,df,,,2414500000,RADAR-A2D2-E5B7,Sensor Everglades / West Miami Approach,260,RED,RED
1773243274516,A2D2-E5B7,FLT-E5B7-001,25.749255,-80.600176,60.7,0.4,0,Mavic 2,true,drone_images/Mavic 2_withpayload.png,25.745000,-80.605000,25.744500,-80.605300,apolloshield_dji,df,,,2414500000,RADAR-A2D2-E5B7,Sensor Everglades / West Miami Approach,260,RED,RED
1773243274519,A2D2-E5B7,FLT-E5B7-001,25.749140,-80.600284,64.2,0.6,0,Mavic 2,true,drone_images/Mavic 2_withpayload.png,25.745000,-80.605000,25.744500,-80.605300,apolloshield_dji,df,,,2414500000,RADAR-A2D2-E5B7,Sensor Everglades / West Miami Approach,260,RED,RED
1773243274844,A2D2-E5B7,FLT-E5B7-001,25.749140,-80.600284,64.2,0.6,0,Mavic 2,true,drone_images/Mavic 2_withpayload.png,25.745000,-80.605000,25.744500,-80.605300,apolloshield_dji,df,,,2414500000,RADAR-A2D2-E5B7,Sensor Everglades / West Miami Approach,260,RED,RED
1773243276063,A2D2-E5B7,FLT-E5B7-001,25.749140,-80.600284,64.2,0.6,0,Mavic 2,true,drone_images/Mavic 2_withpayload.png,25.745000,-80.605000,25.744500,-80.605300,apolloshield_dji,df,,,2414500000,RADAR-A2D2-E5B7,Sensor Everglades / West Miami Approach,260,RED,RED
1773243276734,A2D2-E5B7,FLT-E5B7-001,25.749123,-80.600302,64.6,0.1,0,Mavic 2,true,drone_images/Mavic 2_withpayload.png,25.745000,-80.605000,25.744500,-80.605300,apolloshield_dji,df,,,2414500000,RADAR-A2D2-E5B7,Sensor Everglades / West Miami Approach,260,RED,RED
1773243278023,A2D2-E5B7,FLT-E5B7-001,25.749100,-80.600273,64.6,4.1,0,Mavic 2,true,drone_images/Mavic 2_withpayload.png,25.745000,-80.605000,25.744500,-80.605300,apolloshield_dji,df,,,2414500000,RADAR-A2D2-E5B7,Sensor Everglades / West Miami Approach,260,RED,RED
1773243279013,A2D2-E5B7,FLT-E5B7-001,25.749100,-80.600273,64.6,4.1,0,Mavic 2,true,drone_images/Mavic 2_withpayload.png,25.745000,-80.605000,25.744500,-80.605300,apolloshield_dji,df,,,2414500000,RADAR-A2D2-E5B7,Sensor Everglades / West Miami Approach,260,RED,RED
1773243279641,A2D2-E5B7,FLT-E5B7-001,25.749100,-80.600273,64.6,4.1,0,Mavic 2,true,drone_images/Mavic 2_withpayload.png,25.745000,-80.605000,25.744500,-80.605300,apolloshield_dji,df,,,2414500000,RADAR-A2D2-E5B7,Sensor Everglades / West Miami Approach,260,RED,RED
1773243280834,A2D2-E5B7,FLT-E5B7-001,25.749100,-80.600273,64.6,4.1,0,Mavic 2,true,drone_images/Mavic 2_withpayload.png,25.745000,-80.605000,25.744500,-80.605300,apolloshield_dji,df,,,2414500000,RADAR-A2D2-E5B7,Sensor Everglades / West Miami Approach,260,RED,RED
1773243281705,A2D2-E5B7,FLT-E5B7-001,25.749066,-80.600107,64.9,7.2,0,Mavic 2,true,drone_images/Mavic 2_withpayload.png,25.745000,-80.605000,25.744500,-80.605300,apolloshield_dji,df,,,2414500000,RADAR-A2D2-E5B7,Sensor Everglades / West Miami Approach,260,RED,RED
1773243282791,A2D2-E5B7,FLT-E5B7-001,25.749066,-80.600107,64.9,7.2,0,Mavic 2,true,drone_images/Mavic 2_withpayload.png,25.745000,-80.605000,25.744500,-80.605300,apolloshield_dji,df,,,2414500000,RADAR-A2D2-E5B7,Sensor Everglades / West Miami Approach,260,RED,RED
1773243283879,A2D2-E5B7,FLT-E5B7-001,25.749037,-80.599992,65.1,3.2,0,Mavic 2,true,drone_images/Mavic 2_withpayload.png,25.745000,-80.605000,25.744500,-80.605300,apolloshield_dji,df,,,2414500000,RADAR-A2D2-E5B7,Sensor Everglades / West Miami Approach,260,RED,RED
1773243284867,A2D2-E5B7,FLT-E5B7-001,25.749037,-80.599992,65.1,3.2,0,Mavic 2,true,drone_images/Mavic 2_withpayload.png,25.745000,-80.605000,25.744500,-80.605300,apolloshield_dji,df,,,2414500000,RADAR-A2D2-E5B7,Sensor Everglades / West Miami Approach,260,RED,RED
1773243285734,A2D2-E5B7,FLT-E5B7-001,25.749037,-80.599992,65.1,3.2,0,Mavic 2,true,drone_images/Mavic 2_withpayload.png,25.745000,-80.605000,25.744500,-80.605300,apolloshield_dji,df,,,2414500000,RADAR-A2D2-E5B7,Sensor Everglades / West Miami Approach,260,RED,RED
1773243286675,A2D2-E5B7,FLT-E5B7-001,25.749129,-80.600090,63.8,8.9,0,Mavic 2,true,drone_images/Mavic 2_withpayload.png,25.745000,-80.605000,25.744500,-80.605300,apolloshield_dji,df,,,2414500000,RADAR-A2D2-E5B7,Sensor Everglades / West Miami Approach,260,RED,RED
1773243288768,A2D2-E5B7,FLT-E5B7-001,25.749129,-80.600090,63.8,8.9,0,Mavic 2,true,drone_images/Mavic 2_withpayload.png,25.745000,-80.605000,25.744500,-80.605300,apolloshield_dji,df,,,2414500000,RADAR-A2D2-E5B7,Sensor Everglades / West Miami Approach,260,RED,RED
1773243289803,A2D2-E5B7,FLT-E5B7-001,25.749129,-80.600090,63.8,8.9,0,Mavic 2,true,drone_images/Mavic 2_withpayload.png,25.745000,-80.605000,25.744500,-80.605300,apolloshield_dji,df,,,2414500000,RADAR-A2D2-E5B7,Sensor Everglades / West Miami Approach,260,RED,RED
1773243290662,A2D2-E5B7,FLT-E5B7-001,25.749427,-80.600290,63.4,12.2,0,Mavic 2,true,drone_images/Mavic 2_withpayload.png,25.745000,-80.605000,25.744500,-80.605300,apolloshield_dji,df,,,2414500000,RADAR-A2D2-E5B7,Sensor Everglades / West Miami Approach,260,RED,RED
1773243291457,A2D2-E5B7,FLT-E5B7-001,25.749427,-80.600290,63.4,12.2,0,Mavic 2,true,drone_images/Mavic 2_withpayload.png,25.745000,-80.605000,25.744500,-80.605300,apolloshield_dji,df,,,2414500000,RADAR-A2D2-E5B7,Sensor Everglades / West Miami Approach,260,RED,RED
1773243293263,A2D2-E5B7,FLT-E5B7-001,25.749427,-80.600290,63.4,12.2,0,Mavic 2,true,drone_images/Mavic 2_withpayload.png,25.745000,-80.605000,25.744500,-80.605300,apolloshield_dji,df,,,2414500000,RADAR-A2D2-E5B7,Sensor Everglades / West Miami Approach,260,RED,RED
1773243293390,A2D2-E5B7,FLT-E5B7-001,25.749427,-80.600290,63.4,12.2,0,Mavic 2,true,drone_images/Mavic 2_withpayload.png,25.745000,-80.605000,25.744500,-80.605300,apolloshield_dji,df,,,2414500000,RADAR-A2D2-E5B7,Sensor Everglades / West Miami Approach,260,RED,RED
1773243295519,A2D2-E5B7,FLT-E5B7-001,25.749427,-80.600290,63.4,12.2,0,Mavic 2,true,drone_images/Mavic 2_withpayload.png,25.745000,-80.605000,25.744500,-80.605300,apolloshield_dji,df,,,2414500000,RADAR-A2D2-E5B7,Sensor Everglades / West Miami Approach,260,RED,RED
1773243296053,A2D2-E5B7,FLT-E5B7-001,25.749427,-80.600290,63.4,12.2,0,Mavic 2,true,drone_images/Mavic 2_withpayload.png,25.745000,-80.605000,25.744500,-80.605300,apolloshield_dji,df,,,2414500000,RADAR-A2D2-E5B7,Sensor Everglades / West Miami Approach,260,RED,RED
1773243296977,A2D2-E5B7,FLT-E5B7-001,25.750183,-80.600422,51.7,6.1,0,Mavic 2,true,drone_images/Mavic 2_withpayload.png,25.745000,-80.605000,25.744500,-80.605300,apolloshield_dji,df,,,2414500000,RADAR-A2D2-E5B7,Sensor Everglades / West Miami Approach,260,RED,RED
1773243297676,A2D2-E5B7,FLT-E5B7-001,25.749427,-80.600290,63.4,12.2,0,Mavic 2,true,drone_images/Mavic 2_withpayload.png,25.745000,-80.605000,25.744500,-80.605300,apolloshield_dji,df,,,2414500000,RADAR-A2D2-E5B7,Sensor Everglades / West Miami Approach,260,RED,RED
1773243298736,A2D2-E5B7,FLT-E5B7-001,25.750212,-80.600422,51.6,0.5,0,Mavic 2,true,drone_images/Mavic 2_withpayload.png,25.745000,-80.605000,25.744500,-80.605300,apolloshield_dji,df,,,2414500000,RADAR-A2D2-E5B7,Sensor Everglades / West Miami Approach,260,RED,RED
1773243299236,A2D2-E5B7,FLT-E5B7-001,25.750183,-80.600422,51.7,6.1,0,Mavic 2,true,drone_images/Mavic 2_withpayload.png,25.745000,-80.605000,25.744500,-80.605300,apolloshield_dji,df,,,2414500000,RADAR-A2D2-E5B7,Sensor Everglades / West Miami Approach,260,RED,RED
1773243300056,A2D2-E5B7,FLT-E5B7-001,25.750212,-80.600422,51.6,0.5,0,Mavic 2,true,drone_images/Mavic 2_withpayload.png,25.745000,-80.605000,25.744500,-80.605300,apolloshield_dji,df,,,2414500000,RADAR-A2D2-E5B7,Sensor Everglades / West Miami Approach,260,RED,RED
1773243301322,A2D2-E5B7,FLT-E5B7-001,25.750212,-80.600422,51.6,0.5,0,Mavic 2,true,drone_images/Mavic 2_withpayload.png,25.745000,-80.605000,25.744500,-80.605300,apolloshield_dji,df,,,2414500000,RADAR-A2D2-E5B7,Sensor Everglades / West Miami Approach,260,RED,RED
1773243303337,A2D2-E5B7,FLT-E5B7-001,25.750149,-80.600422,51.7,0.3,0,Mavic 2,true,drone_images/Mavic 2_withpayload.png,25.745000,-80.605000,25.744500,-80.605300,apolloshield_dji,df,,,2414500000,RADAR-A2D2-E5B7,Sensor Everglades / West Miami Approach,260,RED,RED
1773243303347,A2D2-E5B7,FLT-E5B7-001,25.750149,-80.600422,51.7,0.3,0,Mavic 2,true,drone_images/Mavic 2_withpayload.png,25.745000,-80.605000,25.744500,-80.605300,apolloshield_dji,df,,,2414500000,RADAR-A2D2-E5B7,Sensor Everglades / West Miami Approach,260,RED,RED
1773243304728,A2D2-E5B7,FLT-E5B7-001,25.750149,-80.600422,51.7,0.3,0,Mavic 2,true,drone_images/Mavic 2_withpayload.png,25.745000,-80.605000,25.744500,-80.605300,apolloshield_dji,df,,,2414500000,RADAR-A2D2-E5B7,Sensor Everglades / West Miami Approach,260,RED,RED
1773243304950,A2D2-E5B7,FLT-E5B7-001,25.750149,-80.600422,51.7,0.3,0,Mavic 2,true,drone_images/Mavic 2_withpayload.png,25.745000,-80.605000,25.744500,-80.605300,apolloshield_dji,df,,,2414500000,RADAR-A2D2-E5B7,Sensor Everglades / West Miami Approach,260,RED,RED
1773243305944,A2D2-E5B7,FLT-E5B7-001,25.750149,-80.600445,54.6,3.8,0,Mavic 2,true,drone_images/Mavic 2_withpayload.png,25.745000,-80.605000,25.744500,-80.605300,apolloshield_dji,df,,,2414500000,RADAR-A2D2-E5B7,Sensor Everglades / West Miami Approach,260,RED,RED
1773243306876,A2D2-E5B7,FLT-E5B7-001,25.750149,-80.600445,54.6,3.8,0,Mavic 2,true,drone_images/Mavic 2_withpayload.png,25.745000,-80.605000,25.744500,-80.605300,apolloshield_dji,df,,,2414500000,RADAR-A2D2-E5B7,Sensor Everglades / West Miami Approach,260,RED,RED
1773243307329,A2D2-E5B7,FLT-E5B7-001,25.750149,-80.600445,54.6,3.8,0,Mavic 2,true,drone_images/Mavic 2_withpayload.png,25.745000,-80.605000,25.744500,-80.605300,apolloshield_dji,df,,,2414500000,RADAR-A2D2-E5B7,Sensor Everglades / West Miami Approach,260,RED,RED
1773243308251,A2D2-E5B7,FLT-E5B7-001,25.750149,-80.600611,59.6,1.1,0,Mavic 2,true,drone_images/Mavic 2_withpayload.png,25.745000,-80.605000,25.744500,-80.605300,apolloshield_dji,df,,,2414500000,RADAR-A2D2-E5B7,Sensor Everglades / West Miami Approach,260,RED,RED
1773243309860,A2D2-E5B7,FLT-E5B7-001,25.750149,-80.600611,59.6,1.1,0,Mavic 2,true,drone_images/Mavic 2_withpayload.png,25.745000,-80.605000,25.744500,-80.605300,apolloshield_dji,df,,,2414500000,RADAR-A2D2-E5B7,Sensor Everglades / West Miami Approach,260,RED,RED
1773243309916,A2D2-E5B7,FLT-E5B7-001,25.750149,-80.600617,59.7,28,0,Mavic 2,true,drone_images/Mavic 2_withpayload.png,25.745000,-80.605000,25.744500,-80.605300,apolloshield_dji,df,,,2414500000,RADAR-A2D2-E5B7,Sensor Everglades / West Miami Approach,260,RED,RED
1773243310777,A2D2-E5B7,FLT-E5B7-001,25.750149,-80.600617,59.7,28,0,Mavic 2,true,drone_images/Mavic 2_withpayload.png,25.745000,-80.605000,25.744500,-80.605300,apolloshield_dji,df,,,2414500000,RADAR-A2D2-E5B7,Sensor Everglades / West Miami Approach,260,RED,RED
1773243311824,A2D2-E5B7,FLT-E5B7-001,25.750149,-80.600617,59.7,28,0,Mavic 2,true,drone_images/Mavic 2_withpayload.png,25.745000,-80.605000,25.744500,-80.605300,apolloshield_dji,df,,,2414500000,RADAR-A2D2-E5B7,Sensor Everglades / West Miami Approach,260,RED,RED
1773243312647,A2D2-E5B7,FLT-E5B7-001,25.750149,-80.600617,59.7,28,0,Mavic 2,true,drone_images/Mavic 2_withpayload.png,25.745000,-80.605000,25.744500,-80.605300,apolloshield_dji,df,,,2414500000,RADAR-A2D2-E5B7,Sensor Everglades / West Miami Approach,260,RED,RED
1773243313678,A2D2-E5B7,FLT-E5B7-001,25.750149,-80.600617,59.7,28,0,Mavic 2,true,drone_images/Mavic 2_withpayload.png,25.745000,-80.605000,25.744500,-80.605300,apolloshield_dji,df,,,2414500000,RADAR-A2D2-E5B7,Sensor Everglades / West Miami Approach,260,RED,RED
1773243314766,A2D2-E5B7,FLT-E5B7-001,25.750149,-80.600617,59.7,28,0,Mavic 2,true,drone_images/Mavic 2_withpayload.png,25.745000,-80.605000,25.744500,-80.605300,apolloshield_dji,df,,,2414500000,RADAR-A2D2-E5B7,Sensor Everglades / West Miami Approach,260,RED,RED
1773243315774,A2D2-E5B7,FLT-E5B7-001,25.750155,-80.600577,56.6,2.1,0,Mavic 2,true,drone_images/Mavic 2_withpayload.png,25.745000,-80.605000,25.744500,-80.605300,apolloshield_dji,df,,,2414500000,RADAR-A2D2-E5B7,Sensor Everglades / West Miami Approach,260,RED,RED
1773243316704,A2D2-E5B7,FLT-E5B7-001,25.750155,-80.600577,56.6,2.1,0,Mavic 2,true,drone_images/Mavic 2_withpayload.png,25.745000,-80.605000,25.744500,-80.605300,apolloshield_dji,df,,,2414500000,RADAR-A2D2-E5B7,Sensor Everglades / West Miami Approach,260,RED,RED
1773243317763,A2D2-E5B7,FLT-E5B7-001,25.750155,-80.600542,51.9,1.6,0,Mavic 2,true,drone_images/Mavic 2_withpayload.png,25.745000,-80.605000,25.744500,-80.605300,apolloshield_dji,df,,,2414500000,RADAR-A2D2-E5B7,Sensor Everglades / West Miami Approach,260,RED,RED
1773243318695,A2D2-E5B7,FLT-E5B7-001,25.750155,-80.600519,49.7,0.1,0,Mavic 2,true,drone_images/Mavic 2_withpayload.png,25.745000,-80.605000,25.744500,-80.605300,apolloshield_dji,df,,,2414500000,RADAR-A2D2-E5B7,Sensor Everglades / West Miami Approach,260,RED,RED
1773243319502,A2D2-E5B7,FLT-E5B7-001,25.750160,-80.600519,49.7,0.2,0,Mavic 2,true,drone_images/Mavic 2_withpayload.png,25.745000,-80.605000,25.744500,-80.605300,apolloshield_dji,df,,,2414500000,RADAR-A2D2-E5B7,Sensor Everglades / West Miami Approach,260,RED,RED
1773243334138,A2D2-E5B7,FLT-E5B7-001,25.750160,-80.600519,49.7,0.2,0,Mavic 2,true,drone_images/Mavic 2_withpayload.png,25.745000,-80.605000,25.744500,-80.605300,apolloshield_dji,df,,,2414500000,RADAR-A2D2-E5B7,Sensor Everglades / West Miami Approach,260,RED,RED
1773243334344,A2D2-E5B7,FLT-E5B7-001,25.750160,-80.600519,49.7,0.2,0,Mavic 2,true,drone_images/Mavic 2_withpayload.png,25.745000,-80.605000,25.744500,-80.605300,apolloshield_dji,df,,,2414500000,RADAR-A2D2-E5B7,Sensor Everglades / West Miami Approach,260,RED,RED
1773243334358,A2D2-E5B7,FLT-E5B7-001,25.750160,-80.600519,49.7,0.2,0,Mavic 2,true,drone_images/Mavic 2_withpayload.png,25.745000,-80.605000,25.744500,-80.605300,apolloshield_dji,df,,,2414500000,RADAR-A2D2-E5B7,Sensor Everglades / West Miami Approach,260,RED,RED
1773243334372,A2D2-E5B7,FLT-E5B7-001,25.750160,-80.600519,49.7,0.2,0,Mavic 2,true,drone_images/Mavic 2_withpayload.png,25.745000,-80.605000,25.744500,-80.605300,apolloshield_dji,df,,,2414500000,RADAR-A2D2-E5B7,Sensor Everglades / West Miami Approach,260,RED,RED
1773243334374,A2D2-E5B7,FLT-E5B7-001,25.750160,-80.600525,49.7,0.1,0,Mavic 2,true,drone_images/Mavic 2_withpayload.png,25.745000,-80.605000,25.744500,-80.605300,apolloshield_dji,df,,,2414500000,RADAR-A2D2-E5B7,Sensor Everglades / West Miami Approach,260,RED,RED
1773243334378,A2D2-E5B7,FLT-E5B7-001,25.750160,-80.600525,49.7,0.1,0,Mavic 2,true,drone_images/Mavic 2_withpayload.png,25.745000,-80.605000,25.744500,-80.605300,apolloshield_dji,df,,,2414500000,RADAR-A2D2-E5B7,Sensor Everglades / West Miami Approach,260,RED,RED
1773243334380,A2D2-E5B7,FLT-E5B7-001,25.750160,-80.600525,49.7,0.1,0,Mavic 2,true,drone_images/Mavic 2_withpayload.png,25.745000,-80.605000,25.744500,-80.605300,apolloshield_dji,df,,,2414500000,RADAR-A2D2-E5B7,Sensor Everglades / West Miami Approach,260,RED,RED
1773243334381,A2D2-E5B7,FLT-E5B7-001,25.750155,-80.600525,49.7,0.1,0,Mavic 2,true,drone_images/Mavic 2_withpayload.png,25.745000,-80.605000,25.744500,-80.605300,apolloshield_dji,df,,,2414500000,RADAR-A2D2-E5B7,Sensor Everglades / West Miami Approach,260,RED,RED
1773243334384,A2D2-E5B7,FLT-E5B7-001,25.750155,-80.600525,49.7,0.1,0,Mavic 2,true,drone_images/Mavic 2_withpayload.png,25.745000,-80.605000,25.744500,-80.605300,apolloshield_dji,df,,,2414500000,RADAR-A2D2-E5B7,Sensor Everglades / West Miami Approach,260,RED,RED
1773243334386,A2D2-E5B7,FLT-E5B7-001,25.750155,-80.600525,49.7,28,0,Mavic 2,true,drone_images/Mavic 2_withpayload.png,25.745000,-80.605000,25.744500,-80.605300,apolloshield_dji,df,,,2414500000,RADAR-A2D2-E5B7,Sensor Everglades / West Miami Approach,260,RED,RED
1773243334399,A2D2-E5B7,FLT-E5B7-001,25.750155,-80.600525,49.7,0.1,0,Mavic 2,true,drone_images/Mavic 2_withpayload.png,25.745000,-80.605000,25.744500,-80.605300,apolloshield_dji,df,,,2414500000,RADAR-A2D2-E5B7,Sensor Everglades / West Miami Approach,260,RED,RED
1773243334401,A2D2-E5B7,FLT-E5B7-001,25.750155,-80.600525,49.7,0.1,0,Mavic 2,true,drone_images/Mavic 2_withpayload.png,25.745000,-80.605000,25.744500,-80.605300,apolloshield_dji,df,,,2414500000,RADAR-A2D2-E5B7,Sensor Everglades / West Miami Approach,260,RED,RED
1773243334402,A2D2-E5B7,FLT-E5B7-001,25.750155,-80.600525,49.7,0.1,0,Mavic 2,true,drone_images/Mavic 2_withpayload.png,25.745000,-80.605000,25.744500,-80.605300,apolloshield_dji,df,,,2414500000,RADAR-A2D2-E5B7,Sensor Everglades / West Miami Approach,260,RED,RED
1773243334843,A2D2-E5B7,FLT-E5B7-001,25.750155,-80.600525,49.7,0.2,0,Mavic 2,true,drone_images/Mavic 2_withpayload.png,25.745000,-80.605000,25.744500,-80.605300,apolloshield_dji,df,,,2414500000,RADAR-A2D2-E5B7,Sensor Everglades / West Miami Approach,260,RED,RED
1773243335809,A2D2-E5B7,FLT-E5B7-001,25.750155,-80.600525,49.7,0.2,0,Mavic 2,true,drone_images/Mavic 2_withpayload.png,25.745000,-80.605000,25.744500,-80.605300,apolloshield_dji,df,,,2414500000,RADAR-A2D2-E5B7,Sensor Everglades / West Miami Approach,260,RED,RED
1773243335810,A2D2-E5B7,FLT-E5B7-001,25.750155,-80.600525,49.7,0.2,0,Mavic 2,true,drone_images/Mavic 2_withpayload.png,25.745000,-80.605000,25.744500,-80.605300,apolloshield_dji,df,,,2414500000,RADAR-A2D2-E5B7,Sensor Everglades / West Miami Approach,260,RED,RED
1773243337608,A2D2-E5B7,FLT-E5B7-001,25.750155,-80.600525,49.7,0.2,0,Mavic 2,true,drone_images/Mavic 2_withpayload.png,25.745000,-80.605000,25.744500,-80.605300,apolloshield_dji,df,,,2414500000,RADAR-A2D2-E5B7,Sensor Everglades / West Miami Approach,260,RED,RED
1773243337806,A2D2-E5B7,FLT-E5B7-001,25.750155,-80.600525,49.7,0.2,0,Mavic 2,true,drone_images/Mavic 2_withpayload.png,25.745000,-80.605000,25.744500,-80.605300,apolloshield_dji,df,,,2414500000,RADAR-A2D2-E5B7,Sensor Everglades / West Miami Approach,260,RED,RED
1773243338934,A2D2-E5B7,FLT-E5B7-001,25.750160,-80.600525,49.6,0.1,0,Mavic 2,true,drone_images/Mavic 2_withpayload.png,25.745000,-80.605000,25.744500,-80.605300,apolloshield_dji,df,,,2414500000,RADAR-A2D2-E5B7,Sensor Everglades / West Miami Approach,260,RED,RED
1773243340720,A2D2-E5B7,FLT-E5B7-001,25.750160,-80.600525,49.6,0.1,0,Mavic 2,true,drone_images/Mavic 2_withpayload.png,25.745000,-80.605000,25.744500,-80.605300,apolloshield_dji,df,,,2414500000,RADAR-A2D2-E5B7,Sensor Everglades / West Miami Approach,260,RED,RED
1773243340804,A2D2-E5B7,FLT-E5B7-001,25.750160,-80.600525,49.6,0.1,0,Mavic 2,true,drone_images/Mavic 2_withpayload.png,25.745000,-80.605000,25.744500,-80.605300,apolloshield_dji,df,,,2414500000,RADAR-A2D2-E5B7,Sensor Everglades / West Miami Approach,260,RED,RED
1773243341525,A2D2-E5B7,FLT-E5B7-001,25.750160,-80.600525,49.6,0.1,0,Mavic 2,true,drone_images/Mavic 2_withpayload.png,25.745000,-80.605000,25.744500,-80.605300,apolloshield_dji,df,,,2414500000,RADAR-A2D2-E5B7,Sensor Everglades / West Miami Approach,260,RED,RED
1773243342627,A2D2-E5B7,FLT-E5B7-001,25.750160,-80.600519,49.6,0.1,0,Mavic 2,true,drone_images/Mavic 2_withpayload.png,25.745000,-80.605000,25.744500,-80.605300,apolloshield_dji,df,,,2414500000,RADAR-A2D2-E5B7,Sensor Everglades / West Miami Approach,260,RED,RED
1773243343656,A2D2-E5B7,FLT-E5B7-001,25.750160,-80.600519,49.6,0.1,0,Mavic 2,true,drone_images/Mavic 2_withpayload.png,25.745000,-80.605000,25.744500,-80.605300,apolloshield_dji,df,,,2414500000,RADAR-A2D2-E5B7,Sensor Everglades / West Miami Approach,260,RED,RED
1773243344555,A2D2-E5B7,FLT-E5B7-001,25.750160,-80.600525,49.6,0.1,0,Mavic 2,true,drone_images/Mavic 2_withpayload.png,25.745000,-80.605000,25.744500,-80.605300,apolloshield_dji,df,,,2414500000,RADAR-A2D2-E5B7,Sensor Everglades / West Miami Approach,260,RED,RED
1773243345621,A2D2-E5B7,FLT-E5B7-001,25.750160,-80.600525,49.6,28,0,Mavic 2,true,drone_images/Mavic 2_withpayload.png,25.745000,-80.605000,25.744500,-80.605300,apolloshield_dji,df,,,2414500000,RADAR-A2D2-E5B7,Sensor Everglades / West Miami Approach,260,RED,RED
1773243346849,A2D2-E5B7,FLT-E5B7-001,25.750160,-80.600525,49.6,28,0,Mavic 2,true,drone_images/Mavic 2_withpayload.png,25.745000,-80.605000,25.744500,-80.605300,apolloshield_dji,df,,,2414500000,RADAR-A2D2-E5B7,Sensor Everglades / West Miami Approach,260,RED,RED
1773243347507,A2D2-E5B7,FLT-E5B7-001,25.750160,-80.600525,49.6,28,0,Mavic 2,true,drone_images/Mavic 2_withpayload.png,25.745000,-80.605000,25.744500,-80.605300,apolloshield_dji,df,,,2414500000,RADAR-A2D2-E5B7,Sensor Everglades / West Miami Approach,260,RED,RED
1773243348769,A2D2-E5B7,FLT-E5B7-001,25.750189,-80.600519,49.7,2.7,0,Mavic 2,true,drone_images/Mavic 2_withpayload.png,25.745000,-80.605000,25.744500,-80.605300,apolloshield_dji,df,,,2414500000,RADAR-A2D2-E5B7,Sensor Everglades / West Miami Approach,260,RED,RED
1773243349717,A2D2-E5B7,FLT-E5B7-001,25.750189,-80.600519,49.7,2.7,0,Mavic 2,true,drone_images/Mavic 2_withpayload.png,25.745000,-80.605000,25.744500,-80.605300,apolloshield_dji,df,,,2414500000,RADAR-A2D2-E5B7,Sensor Everglades / West Miami Approach,260,RED,RED
1773243350529,A2D2-E5B7,FLT-E5B7-001,25.750189,-80.600519,49.7,2.7,0,Mavic 2,true,drone_images/Mavic 2_withpayload.png,25.745000,-80.605000,25.744500,-80.605300,apolloshield_dji,df,,,2414500000,RADAR-A2D2-E5B7,Sensor Everglades / West Miami Approach,260,RED,RED
1773243351845,A2D2-E5B7,FLT-E5B7-001,25.750189,-80.600519,49.7,2.7,0,Mavic 2,true,drone_images/Mavic 2_withpayload.png,25.745000,-80.605000,25.744500,-80.605300,apolloshield_dji,df,,,2414500000,RADAR-A2D2-E5B7,Sensor Everglades / West Miami Approach,260,RED,RED
1773243352620,A2D2-E5B7,FLT-E5B7-001,25.750189,-80.600519,49.7,2.7,0,Mavic 2,true,drone_images/Mavic 2_withpayload.png,25.745000,-80.605000,25.744500,-80.605300,apolloshield_dji,df,,,2414500000,RADAR-A2D2-E5B7,Sensor Everglades / West Miami Approach,260,RED,RED
1773243353604,A2D2-E5B7,FLT-E5B7-001,25.750389,-80.600519,49.6,7,0,Mavic 2,true,drone_images/Mavic 2_withpayload.png,25.745000,-80.605000,25.744500,-80.605300,apolloshield_dji,df,,,2414500000,RADAR-A2D2-E5B7,Sensor Everglades / West Miami Approach,260,RED,RED
1773243354690,A2D2-E5B7,FLT-E5B7-001,25.750389,-80.600519,49.6,7,0,Mavic 2,true,drone_images/Mavic 2_withpayload.png,25.745000,-80.605000,25.744500,-80.605300,apolloshield_dji,df,,,2414500000,RADAR-A2D2-E5B7,Sensor Everglades / West Miami Approach,260,RED,RED
1773243355582,A2D2-E5B7,FLT-E5B7-001,25.750533,-80.600508,49.6,6,0,Mavic 2,true,drone_images/Mavic 2_withpayload.png,25.745000,-80.605000,25.744500,-80.605300,apolloshield_dji,df,,,2414500000,RADAR-A2D2-E5B7,Sensor Everglades / West Miami Approach,260,RED,RED
1773243356797,A2D2-E5B7,FLT-E5B7-001,25.750533,-80.600508,49.6,6,0,Mavic 2,true,drone_images/Mavic 2_withpayload.png,25.745000,-80.605000,25.744500,-80.605300,apolloshield_dji,df,,,2414500000,RADAR-A2D2-E5B7,Sensor Everglades / West Miami Approach,260,RED,RED
1773243357796,A2D2-E5B7,FLT-E5B7-001,25.750533,-80.600508,49.6,6,0,Mavic 2,true,drone_images/Mavic 2_withpayload.png,25.745000,-80.605000,25.744500,-80.605300,apolloshield_dji,df,,,2414500000,RADAR-A2D2-E5B7,Sensor Everglades / West Miami Approach,260,RED,RED
1773243358569,A2D2-E5B7,FLT-E5B7-001,25.750544,-80.600508,49.5,3.5,0,Mavic 2,true,drone_images/Mavic 2_withpayload.png,25.745000,-80.605000,25.744500,-80.605300,apolloshield_dji,df,,,2414500000,RADAR-A2D2-E5B7,Sensor Everglades / West Miami Approach,260,RED,RED
1773243359977,A2D2-E5B7,FLT-E5B7-001,25.750544,-80.600508,49.5,3.5,0,Mavic 2,true,drone_images/Mavic 2_withpayload.png,25.745000,-80.605000,25.744500,-80.605300,apolloshield_dji,df,,,2414500000,RADAR-A2D2-E5B7,Sensor Everglades / West Miami Approach,260,RED,RED
1773243360668,A2D2-E5B7,FLT-E5B7-001,25.750544,-80.600508,49.5,3.5,0,Mavic 2,true,drone_images/Mavic 2_withpayload.png,25.745000,-80.605000,25.744500,-80.605300,apolloshield_dji,df,,,2414500000,RADAR-A2D2-E5B7,Sensor Everglades / West Miami Approach,260,RED,RED
1773243361572,A2D2-E5B7,FLT-E5B7-001,25.750544,-80.600508,49.5,3.5,0,Mavic 2,true,drone_images/Mavic 2_withpayload.png,25.745000,-80.605000,25.744500,-80.605300,apolloshield_dji,df,,,2414500000,RADAR-A2D2-E5B7,Sensor Everglades / West Miami Approach,260,RED,RED
1773243362983,A2D2-E5B7,FLT-E5B7-001,25.750544,-80.600508,49.5,3.5,0,Mavic 2,true,drone_images/Mavic 2_withpayload.png,25.745000,-80.605000,25.744500,-80.605300,apolloshield_dji,df,,,2414500000,RADAR-A2D2-E5B7,Sensor Everglades / West Miami Approach,260,RED,RED
1773243364141,A2D2-E5B7,FLT-E5B7-001,25.750544,-80.600508,49.5,3.5,0,Mavic 2,true,drone_images/Mavic 2_withpayload.png,25.745000,-80.605000,25.744500,-80.605300,apolloshield_dji,df,,,2414500000,RADAR-A2D2-E5B7,Sensor Everglades / West Miami Approach,260,RED,RED
1773243364786,A2D2-E5B7,FLT-E5B7-001,25.750166,-80.600519,49.5,3.5,0,Mavic 2,true,drone_images/Mavic 2_withpayload.png,25.745000,-80.605000,25.744500,-80.605300,apolloshield_dji,df,,,2414500000,RADAR-A2D2-E5B7,Sensor Everglades / West Miami Approach,260,RED,RED
1773243365567,A2D2-E5B7,FLT-E5B7-001,25.750149,-80.600519,49.6,1.1,0,Mavic 2,true,drone_images/Mavic 2_withpayload.png,25.745000,-80.605000,25.744500,-80.605300,apolloshield_dji,df,,,2414500000,RADAR-A2D2-E5B7,Sensor Everglades / West Miami Approach,260,RED,RED
1773243366764,A2D2-E5B7,FLT-E5B7-001,25.750149,-80.600519,49.6,1.1,0,Mavic 2,true,drone_images/Mavic 2_withpayload.png,25.745000,-80.605000,25.744500,-80.605300,apolloshield_dji,df,,,2414500000,RADAR-A2D2-E5B7,Sensor Everglades / West Miami Approach,260,RED,RED
1773243367484,A2D2-E5B7,FLT-E5B7-001,25.750149,-80.600519,49.6,1.1,0,Mavic 2,true,drone_images/Mavic 2_withpayload.png,25.745000,-80.605000,25.744500,-80.605300,apolloshield_dji,df,,,2414500000,RADAR-A2D2-E5B7,Sensor Everglades / West Miami Approach,260,RED,RED
1773243368860,A2D2-E5B7,FLT-E5B7-001,25.750149,-80.600519,49.6,1.1,0,Mavic 2,true,drone_images/Mavic 2_withpayload.png,25.745000,-80.605000,25.744500,-80.605300,apolloshield_dji,df,,,2414500000,RADAR-A2D2-E5B7,Sensor Everglades / West Miami Approach,260,RED,RED
1773243369616,A2D2-E5B7,FLT-E5B7-001,25.750149,-80.600519,49.6,1.1,0,Mavic 2,true,drone_images/Mavic 2_withpayload.png,25.745000,-80.605000,25.744500,-80.605300,apolloshield_dji,df,,,2414500000,RADAR-A2D2-E5B7,Sensor Everglades / West Miami Approach,260,RED,RED
1773243370753,A2D2-E5B7,FLT-E5B7-001,25.750149,-80.600519,49.6,1.1,0,Mavic 2,true,drone_images/Mavic 2_withpayload.png,25.745000,-80.605000,25.744500,-80.605300,apolloshield_dji,df,,,2414500000,RADAR-A2D2-E5B7,Sensor Everglades / West Miami Approach,260,RED,RED
1773243372663,A2D2-E5B7,FLT-E5B7-001,25.750149,-80.600519,49.6,1.1,0,Mavic 2,true,drone_images/Mavic 2_withpayload.png,25.745000,-80.605000,25.744500,-80.605300,apolloshield_dji,df,,,2414500000,RADAR-A2D2-E5B7,Sensor Everglades / West Miami Approach,260,RED,RED
1773243372909,A2D2-E5B7,FLT-E5B7-001,25.750149,-80.600519,49.6,1.1,0,Mavic 2,true,drone_images/Mavic 2_withpayload.png,25.745000,-80.605000,25.744500,-80.605300,apolloshield_dji,df,,,2414500000,RADAR-A2D2-E5B7,Sensor Everglades / West Miami Approach,260,RED,RED
1773243373626,A2D2-E5B7,FLT-E5B7-001,25.750160,-80.601230,61.1,12,0,Mavic 2,true,drone_images/Mavic 2_withpayload.png,25.745000,-80.605000,25.744500,-80.605300,apolloshield_dji,df,,,2414500000,RADAR-A2D2-E5B7,Sensor Everglades / West Miami Approach,260,RED,RED
1773243374560,A2D2-E5B7,FLT-E5B7-001,25.750166,-80.601293,62.1,12,0,Mavic 2,true,drone_images/Mavic 2_withpayload.png,25.745000,-80.605000,25.744500,-80.605300,apolloshield_dji,df,,,2414500000,RADAR-A2D2-E5B7,Sensor Everglades / West Miami Approach,260,RED,RED
1773243375935,A2D2-E5B7,FLT-E5B7-001,25.750166,-80.601293,62.1,12,0,Mavic 2,true,drone_images/Mavic 2_withpayload.png,25.745000,-80.605000,25.744500,-80.605300,apolloshield_dji,df,,,2414500000,RADAR-A2D2-E5B7,Sensor Everglades / West Miami Approach,260,RED,RED
1773243376554,A2D2-E5B7,FLT-E5B7-001,25.750166,-80.601293,62.1,12,0,Mavic 2,true,drone_images/Mavic 2_withpayload.png,25.745000,-80.605000,25.744500,-80.605300,apolloshield_dji,df,,,2414500000,RADAR-A2D2-E5B7,Sensor Everglades / West Miami Approach,260,RED,RED
1773243377739,A2D2-E5B7,FLT-E5B7-001,25.750166,-80.601293,62.1,12,0,Mavic 2,true,drone_images/Mavic 2_withpayload.png,25.745000,-80.605000,25.744500,-80.605300,apolloshield_dji,df,,,2414500000,RADAR-A2D2-E5B7,Sensor Everglades / West Miami Approach,260,RED,RED
1773243378503,A2D2-E5B7,FLT-E5B7-001,25.750172,-80.601814,70.3,8.6,0,Mavic 2,true,drone_images/Mavic 2_withpayload.png,25.745000,-80.605000,25.744500,-80.605300,apolloshield_dji,df,,,2414500000,RADAR-A2D2-E5B7,Sensor Everglades / West Miami Approach,260,RED,RED
1773243379822,A2D2-E5B7,FLT-E5B7-001,25.750172,-80.601814,70.3,8.6,0,Mavic 2,true,drone_images/Mavic 2_withpayload.png,25.745000,-80.605000,25.744500,-80.605300,apolloshield_dji,df,,,2414500000,RADAR-A2D2-E5B7,Sensor Everglades / West Miami Approach,260,RED,RED
1773243394546,A2D2-E5B7,FLT-E5B7-001,25.750172,-80.601871,71,3.5,0,Mavic 2,true,drone_images/Mavic 2_withpayload.png,25.745000,-80.605000,25.744500,-80.605300,apolloshield_dji,df,,,2414500000,RADAR-A2D2-E5B7,Sensor Everglades / West Miami Approach,260,RED,RED
1773243394767,A2D2-E5B7,FLT-E5B7-001,25.750172,-80.601871,71,3.5,0,Mavic 2,true,drone_images/Mavic 2_withpayload.png,25.745000,-80.605000,25.744500,-80.605300,apolloshield_dji,df,,,2414500000,RADAR-A2D2-E5B7,Sensor Everglades / West Miami Approach,260,RED,RED
1773243394768,A2D2-E5B7,FLT-E5B7-001,25.750172,-80.601871,71,3.5,0,Mavic 2,true,drone_images/Mavic 2_withpayload.png,25.745000,-80.605000,25.744500,-80.605300,apolloshield_dji,df,,,2414500000,RADAR-A2D2-E5B7,Sensor Everglades / West Miami Approach,260,RED,RED
1773243394769,A2D2-E5B7,FLT-E5B7-001,25.750246,-80.601883,71.2,6.1,0,Mavic 2,true,drone_images/Mavic 2_withpayload.png,25.745000,-80.605000,25.744500,-80.605300,apolloshield_dji,df,,,2414500000,RADAR-A2D2-E5B7,Sensor Everglades / West Miami Approach,260,RED,RED
1773243394770,A2D2-E5B7,FLT-E5B7-001,25.750246,-80.601883,71.2,6.1,0,Mavic 2,true,drone_images/Mavic 2_withpayload.png,25.745000,-80.605000,25.744500,-80.605300,apolloshield_dji,df,,,2414500000,RADAR-A2D2-E5B7,Sensor Everglades / West Miami Approach,260,RED,RED
1773243394771,A2D2-E5B7,FLT-E5B7-001,25.750384,-80.601871,71.3,8.9,0,Mavic 2,true,drone_images/Mavic 2_withpayload.png,25.745000,-80.605000,25.744500,-80.605300,apolloshield_dji,df,,,2414500000,RADAR-A2D2-E5B7,Sensor Everglades / West Miami Approach,260,RED,RED
1773243394772,A2D2-E5B7,FLT-E5B7-001,25.750464,-80.601860,71.3,9.9,0,Mavic 2,true,drone_images/Mavic 2_withpayload.png,25.745000,-80.605000,25.744500,-80.605300,apolloshield_dji,df,,,2414500000,RADAR-A2D2-E5B7,Sensor Everglades / West Miami Approach,260,RED,RED
1773243394774,A2D2-E5B7,FLT-E5B7-001,25.750464,-80.601860,71.3,9.9,0,Mavic 2,true,drone_images/Mavic 2_withpayload.png,25.745000,-80.605000,25.744500,-80.605300,apolloshield_dji,df,,,2414500000,RADAR-A2D2-E5B7,Sensor Everglades / West Miami Approach,260,RED,RED
1773243394775,A2D2-E5B7,FLT-E5B7-001,25.750464,-80.601860,71.3,9.9,0,Mavic 2,true,drone_images/Mavic 2_withpayload.png,25.745000,-80.605000,25.744500,-80.605300,apolloshield_dji,df,,,2414500000,RADAR-A2D2-E5B7,Sensor Everglades / West Miami Approach,260,RED,RED
1773243394776,A2D2-E5B7,FLT-E5B7-001,25.750464,-80.601860,71.3,9.9,0,Mavic 2,true,drone_images/Mavic 2_withpayload.png,25.745000,-80.605000,25.744500,-80.605300,apolloshield_dji,df,,,2414500000,RADAR-A2D2-E5B7,Sensor Everglades / West Miami Approach,260,RED,RED
1773243394778,A2D2-E5B7,FLT-E5B7-001,25.750464,-80.601860,71.3,9.9,0,Mavic 2,true,drone_images/Mavic 2_withpayload.png,25.745000,-80.605000,25.744500,-80.605300,apolloshield_dji,df,,,2414500000,RADAR-A2D2-E5B7,Sensor Everglades / West Miami Approach,260,RED,RED
1773243394780,A2D2-E5B7,FLT-E5B7-001,25.750464,-80.601860,71.3,9.9,0,Mavic 2,true,drone_images/Mavic 2_withpayload.png,25.745000,-80.605000,25.744500,-80.605300,apolloshield_dji,df,,,2414500000,RADAR-A2D2-E5B7,Sensor Everglades / West Miami Approach,260,RED,RED
1773243394781,A2D2-E5B7,FLT-E5B7-001,25.750957,-80.601711,71.2,12,0,Mavic 2,true,drone_images/Mavic 2_withpayload.png,25.745000,-80.605000,25.744500,-80.605300,apolloshield_dji,df,,,2414500000,RADAR-A2D2-E5B7,Sensor Everglades / West Miami Approach,260,RED,RED
1773243394782,A2D2-E5B7,FLT-E5B7-001,25.750957,-80.601711,71.2,12,0,Mavic 2,true,drone_images/Mavic 2_withpayload.png,25.745000,-80.605000,25.744500,-80.605300,apolloshield_dji,df,,,2414500000,RADAR-A2D2-E5B7,Sensor Everglades / West Miami Approach,260,RED,RED
1773243395081,A2D2-E5B7,FLT-E5B7-001,25.750957,-80.601711,71.2,12,0,Mavic 2,true,drone_images/Mavic 2_withpayload.png,25.745000,-80.605000,25.744500,-80.605300,apolloshield_dji,df,,,2414500000,RADAR-A2D2-E5B7,Sensor Everglades / West Miami Approach,260,RED,RED
1773243395879,A2D2-E5B7,FLT-E5B7-001,25.750957,-80.601711,71.2,12,0,Mavic 2,true,drone_images/Mavic 2_withpayload.png,25.745000,-80.605000,25.744500,-80.605300,apolloshield_dji,df,,,2414500000,RADAR-A2D2-E5B7,Sensor Everglades / West Miami Approach,260,RED,RED
1773243396799,A2D2-E5B7,FLT-E5B7-001,25.750957,-80.601711,71.2,12,0,Mavic 2,true,drone_images/Mavic 2_withpayload.png,25.745000,-80.605000,25.744500,-80.605300,apolloshield_dji,df,,,2414500000,RADAR-A2D2-E5B7,Sensor Everglades / West Miami Approach,260,RED,RED
1773243397655,A2D2-E5B7,FLT-E5B7-001,25.750957,-80.601711,71.2,12,0,Mavic 2,true,drone_images/Mavic 2_withpayload.png,25.745000,-80.605000,25.744500,-80.605300,apolloshield_dji,df,,,2414500000,RADAR-A2D2-E5B7,Sensor Everglades / West Miami Approach,260,RED,RED
1773243398735,A2D2-E5B7,FLT-E5B7-001,25.750957,-80.601711,71.2,12,0,Mavic 2,true,drone_images/Mavic 2_withpayload.png,25.745000,-80.605000,25.744500,-80.605300,apolloshield_dji,df,,,2414500000,RADAR-A2D2-E5B7,Sensor Everglades / West Miami Approach,260,RED,RED
1773243400045,A2D2-E5B7,FLT-E5B7-001,25.750957,-80.601711,71.2,12,0,Mavic 2,true,drone_images/Mavic 2_withpayload.png,25.745000,-80.605000,25.744500,-80.605300,apolloshield_dji,df,,,2414500000,RADAR-A2D2-E5B7,Sensor Everglades / West Miami Approach,260,RED,RED
1773243400801,A2D2-E5B7,FLT-E5B7-001,25.751753,-80.601121,71.2,11.8,0,Mavic 2,true,drone_images/Mavic 2_withpayload.png,25.745000,-80.605000,25.744500,-80.605300,apolloshield_dji,df,,,2414500000,RADAR-A2D2-E5B7,Sensor Everglades / West Miami Approach,260,RED,RED
1773243401729,A2D2-E5B7,FLT-E5B7-001,25.751862,-80.600989,71.2,11.9,0,Mavic 2,true,drone_images/Mavic 2_withpayload.png,25.745000,-80.605000,25.744500,-80.605300,apolloshield_dji,df,,,2414500000,RADAR-A2D2-E5B7,Sensor Everglades / West Miami Approach,260,RED,RED
1773243402971,A2D2-E5B7,FLT-E5B7-001,25.751862,-80.600989,71.2,11.9,0,Mavic 2,true,drone_images/Mavic 2_withpayload.png,25.745000,-80.605000,25.744500,-80.605300,apolloshield_dji,df,,,2414500000,RADAR-A2D2-E5B7,Sensor Everglades / West Miami Approach,260,RED,RED
1773243403628,A2D2-E5B7,FLT-E5B7-001,25.751862,-80.600989,71.2,11.9,0,Mavic 2,true,drone_images/Mavic 2_withpayload.png,25.745000,-80.605000,25.744500,-80.605300,apolloshield_dji,df,,,2414500000,RADAR-A2D2-E5B7,Sensor Everglades / West Miami Approach,260,RED,RED
1773243404805,A2D2-E5B7,FLT-E5B7-001,25.751862,-80.600989,71.2,11.9,0,Mavic 2,true,drone_images/Mavic 2_withpayload.png,25.745000,-80.605000,25.744500,-80.605300,apolloshield_dji,df,,,2414500000,RADAR-A2D2-E5B7,Sensor Everglades / West Miami Approach,260,RED,RED
1773243405805,A2D2-E5B7,FLT-E5B7-001,25.752045,-80.600708,71.3,11.1,0,Mavic 2,true,drone_images/Mavic 2_withpayload.png,25.745000,-80.605000,25.744500,-80.605300,apolloshield_dji,df,,,2414500000,RADAR-A2D2-E5B7,Sensor Everglades / West Miami Approach,260,RED,RED
1773243407035,A2D2-E5B7,FLT-E5B7-001,25.752091,-80.600599,71.3,4,0,Mavic 2,true,drone_images/Mavic 2_withpayload.png,25.745000,-80.605000,25.744500,-80.605300,apolloshield_dji,df,,,2414500000,RADAR-A2D2-E5B7,Sensor Everglades / West Miami Approach,260,RED,RED
1773243407891,A2D2-E5B7,FLT-E5B7-001,25.752091,-80.600599,71.3,4,0,Mavic 2,true,drone_images/Mavic 2_withpayload.png,25.745000,-80.605000,25.744500,-80.605300,apolloshield_dji,df,,,2414500000,RADAR-A2D2-E5B7,Sensor Everglades / West Miami Approach,260,RED,RED
1773243409578,A2D2-E5B7,FLT-E5B7-001,25.752103,-80.600582,71,0.1,0,Mavic 2,true,drone_images/Mavic 2_withpayload.png,25.745000,-80.605000,25.744500,-80.605300,apolloshield_dji,df,,,2414500000,RADAR-A2D2-E5B7,Sensor Everglades / West Miami Approach,260,RED,RED
1773243409763,A2D2-E5B7,FLT-E5B7-001,25.752091,-80.600599,71.3,4,0,Mavic 2,true,drone_images/Mavic 2_withpayload.png,25.745000,-80.605000,25.744500,-80.605300,apolloshield_dji,df,,,2414500000,RADAR-A2D2-E5B7,Sensor Everglades / West Miami Approach,260,RED,RED
1773243410781,A2D2-E5B7,FLT-E5B7-001,25.752103,-80.600582,71,0.1,0,Mavic 2,true,drone_images/Mavic 2_withpayload.png,25.745000,-80.605000,25.744500,-80.605300,apolloshield_dji,df,,,2414500000,RADAR-A2D2-E5B7,Sensor Everglades / West Miami Approach,260,RED,RED
1773243411686,A2D2-E5B7,FLT-E5B7-001,25.752103,-80.600582,71,0.1,0,Mavic 2,true,drone_images/Mavic 2_withpayload.png,25.745000,-80.605000,25.744500,-80.605300,apolloshield_dji,df,,,2414500000,RADAR-A2D2-E5B7,Sensor Everglades / West Miami Approach,260,RED,RED
1773243412902,A2D2-E5B7,FLT-E5B7-001,25.752103,-80.600582,71,0.1,0,Mavic 2,true,drone_images/Mavic 2_withpayload.png,25.745000,-80.605000,25.744500,-80.605300,apolloshield_dji,df,,,2414500000,RADAR-A2D2-E5B7,Sensor Everglades / West Miami Approach,260,RED,RED
1773243413996,A2D2-E5B7,FLT-E5B7-001,25.752103,-80.600582,71,0.1,0,Mavic 2,true,drone_images/Mavic 2_withpayload.png,25.745000,-80.605000,25.744500,-80.605300,apolloshield_dji,df,,,2414500000,RADAR-A2D2-E5B7,Sensor Everglades / West Miami Approach,260,RED,RED
1773243414941,A2D2-E5B7,FLT-E5B7-001,25.752045,-80.600548,70,5.8,0,Mavic 2,true,drone_images/Mavic 2_withpayload.png,25.745000,-80.605000,25.744500,-80.605300,apolloshield_dji,df,,,2414500000,RADAR-A2D2-E5B7,Sensor Everglades / West Miami Approach,260,RED,RED
1773243415837,A2D2-E5B7,FLT-E5B7-001,25.751965,-80.600496,68.6,8.1,0,Mavic 2,true,drone_images/Mavic 2_withpayload.png,25.745000,-80.605000,25.744500,-80.605300,apolloshield_dji,df,,,2414500000,RADAR-A2D2-E5B7,Sensor Everglades / West Miami Approach,260,RED,RED
1773243417224,A2D2-E5B7,FLT-E5B7-001,25.751965,-80.600496,68.6,8.1,0,Mavic 2,true,drone_images/Mavic 2_withpayload.png,25.745000,-80.605000,25.744500,-80.605300,apolloshield_dji,df,,,2414500000,RADAR-A2D2-E5B7,Sensor Everglades / West Miami Approach,260,RED,RED
1773243417568,A2D2-E5B7,FLT-E5B7-001,25.751965,-80.600496,68.6,8.1,0,Mavic 2,true,drone_images/Mavic 2_withpayload.png,25.745000,-80.605000,25.744500,-80.605300,apolloshield_dji,df,,,2414500000,RADAR-A2D2-E5B7,Sensor Everglades / West Miami Approach,260,RED,RED
1773243418564,A2D2-E5B7,FLT-E5B7-001,25.751965,-80.600496,68.6,8.1,0,Mavic 2,true,drone_images/Mavic 2_withpayload.png,25.745000,-80.605000,25.744500,-80.605300,apolloshield_dji,df,,,2414500000,RADAR-A2D2-E5B7,Sensor Everglades / West Miami Approach,260,RED,RED
1773243420185,A2D2-E5B7,FLT-E5B7-001,25.751965,-80.600496,68.6,8.1,0,Mavic 2,true,drone_images/Mavic 2_withpayload.png,25.745000,-80.605000,25.744500,-80.605300,apolloshield_dji,df,,,2414500000,RADAR-A2D2-E5B7,Sensor Everglades / West Miami Approach,260,RED,RED
1773243420778,A2D2-E5B7,FLT-E5B7-001,25.751570,-80.600256,60.9,11.3,0,Mavic 2,true,drone_images/Mavic 2_withpayload.png,25.745000,-80.605000,25.744500,-80.605300,apolloshield_dji,df,,,2414500000,RADAR-A2D2-E5B7,Sensor Everglades / West Miami Approach,260,RED,RED
1773243421812,A2D2-E5B7,FLT-E5B7-001,25.751478,-80.600198,59.2,11.9,0,Mavic 2,true,drone_images/Mavic 2_withpayload.png,25.745000,-80.605000,25.744500,-80.605300,apolloshield_dji,df,,,2414500000,RADAR-A2D2-E5B7,Sensor Everglades / West Miami Approach,260,RED,RED
1773243422784,A2D2-E5B7,FLT-E5B7-001,25.751478,-80.600198,59.2,11.9,0,Mavic 2,true,drone_images/Mavic 2_withpayload.png,25.745000,-80.605000,25.744500,-80.605300,apolloshield_dji,df,,,2414500000,RADAR-A2D2-E5B7,Sensor Everglades / West Miami Approach,260,RED,RED
1773243423847,A2D2-E5B7,FLT-E5B7-001,25.751478,-80.600198,59.2,11.9,0,Mavic 2,true,drone_images/Mavic 2_withpayload.png,25.745000,-80.605000,25.744500,-80.605300,apolloshield_dji,df,,,2414500000,RADAR-A2D2-E5B7,Sensor Everglades / West Miami Approach,260,RED,RED
1773243424981,A2D2-E5B7,FLT-E5B7-001,25.751163,-80.600004,53.8,11.1,0,Mavic 2,true,drone_images/Mavic 2_withpayload.png,25.745000,-80.605000,25.744500,-80.605300,apolloshield_dji,df,,,2414500000,RADAR-A2D2-E5B7,Sensor Everglades / West Miami Approach,260,RED,RED
1773243425859,A2D2-E5B7,FLT-E5B7-001,25.751163,-80.600004,53.8,11.1,0,Mavic 2,true,drone_images/Mavic 2_withpayload.png,25.745000,-80.605000,25.744500,-80.605300,apolloshield_dji,df,,,2414500000,RADAR-A2D2-E5B7,Sensor Everglades / West Miami Approach,260,RED,RED
1773243426756,A2D2-E5B7,FLT-E5B7-001,25.751163,-80.600004,53.8,11.1,0,Mavic 2,true,drone_images/Mavic 2_withpayload.png,25.745000,-80.605000,25.744500,-80.605300,apolloshield_dji,df,,,2414500000,RADAR-A2D2-E5B7,Sensor Everglades / West Miami Approach,260,RED,RED
1773243428657,A2D2-E5B7,FLT-E5B7-001,25.751163,-80.600004,53.8,11.1,0,Mavic 2,true,drone_images/Mavic 2_withpayload.png,25.745000,-80.605000,25.744500,-80.605300,apolloshield_dji,df,,,2414500000,RADAR-A2D2-E5B7,Sensor Everglades / West Miami Approach,260,RED,RED
1773243428831,A2D2-E5B7,FLT-E5B7-001,25.751163,-80.600004,53.8,11.1,0,Mavic 2,true,drone_images/Mavic 2_withpayload.png,25.745000,-80.605000,25.744500,-80.605300,apolloshield_dji,df,,,2414500000,RADAR-A2D2-E5B7,Sensor Everglades / West Miami Approach,260,RED,RED
1773243430800,A2D2-E5B7,FLT-E5B7-001,25.750796,-80.599780,47.7,3.6,0,Mavic 2,true,drone_images/Mavic 2_withpayload.png,25.745000,-80.605000,25.744500,-80.605300,apolloshield_dji,df,,,2414500000,RADAR-A2D2-E5B7,Sensor Everglades / West Miami Approach,260,RED,RED
1773243430819,A2D2-E5B7,FLT-E5B7-001,25.750796,-80.599780,47.7,3.6,0,Mavic 2,true,drone_images/Mavic 2_withpayload.png,25.745000,-80.605000,25.744500,-80.605300,apolloshield_dji,df,,,2414500000,RADAR-A2D2-E5B7,Sensor Everglades / West Miami Approach,260,RED,RED
1773243431628,A2D2-E5B7,FLT-E5B7-001,25.750773,-80.599786,47.4,2.9,0,Mavic 2,true,drone_images/Mavic 2_withpayload.png,25.745000,-80.605000,25.744500,-80.605300,apolloshield_dji,df,,,2414500000,RADAR-A2D2-E5B7,Sensor Everglades / West Miami Approach,260,RED,RED
1773243433695,A2D2-E5B7,FLT-E5B7-001,25.750773,-80.599786,47.4,2.9,0,Mavic 2,true,drone_images/Mavic 2_withpayload.png,25.745000,-80.605000,25.744500,-80.605300,apolloshield_dji,df,,,2414500000,RADAR-A2D2-E5B7,Sensor Everglades / West Miami Approach,260,RED,RED
1773243434820,A2D2-E5B7,FLT-E5B7-001,25.750773,-80.599786,47.4,2.9,0,Mavic 2,true,drone_images/Mavic 2_withpayload.png,25.745000,-80.605000,25.744500,-80.605300,apolloshield_dji,df,,,2414500000,RADAR-A2D2-E5B7,Sensor Everglades / West Miami Approach,260,RED,RED
1773243435098,A2D2-E5B7,FLT-E5B7-001,25.750773,-80.599786,47.4,2.9,0,Mavic 2,true,drone_images/Mavic 2_withpayload.png,25.745000,-80.605000,25.744500,-80.605300,apolloshield_dji,df,,,2414500000,RADAR-A2D2-E5B7,Sensor Everglades / West Miami Approach,260,RED,RED
1773243435747,A2D2-E5B7,FLT-E5B7-001,25.750773,-80.599786,47.4,2.9,0,Mavic 2,true,drone_images/Mavic 2_withpayload.png,25.745000,-80.605000,25.744500,-80.605300,apolloshield_dji,df,,,2414500000,RADAR-A2D2-E5B7,Sensor Everglades / West Miami Approach,260,RED,RED
1773243436749,A2D2-E5B7,FLT-E5B7-001,25.750773,-80.599786,47.4,2.9,0,Mavic 2,true,drone_images/Mavic 2_withpayload.png,25.745000,-80.605000,25.744500,-80.605300,apolloshield_dji,df,,,2414500000,RADAR-A2D2-E5B7,Sensor Everglades / West Miami Approach,260,RED,RED
1773243437751,A2D2-E5B7,FLT-E5B7-001,25.750773,-80.599786,47.4,2.9,0,Mavic 2,true,drone_images/Mavic 2_withpayload.png,25.745000,-80.605000,25.744500,-80.605300,apolloshield_dji,df,,,2414500000,RADAR-A2D2-E5B7,Sensor Everglades / West Miami Approach,260,RED,RED
1773243438889,A2D2-E5B7,FLT-E5B7-001,25.750773,-80.599786,47.4,2.9,0,Mavic 2,true,drone_images/Mavic 2_withpayload.png,25.745000,-80.605000,25.744500,-80.605300,apolloshield_dji,df,,,2414500000,RADAR-A2D2-E5B7,Sensor Everglades / West Miami Approach,260,RED,RED
1773243439996,A2D2-E5B7,FLT-E5B7-001,25.750773,-80.599786,47.4,2.9,0,Mavic 2,true,drone_images/Mavic 2_withpayload.png,25.745000,-80.605000,25.744500,-80.605300,apolloshield_dji,df,,,2414500000,RADAR-A2D2-E5B7,Sensor Everglades / West Miami Approach,260,RED,RED
1773243447281,A2D2-E5B7,FLT-E5B7-001,25.750218,-80.600204,47.4,10.9,0,Mavic 2,true,drone_images/Mavic 2_withpayload.png,25.745000,-80.605000,25.744500,-80.605300,apolloshield_dji,df,,,2414500000,RADAR-A2D2-E5B7,Sensor Everglades / West Miami Approach,260,RED,RED
1773243447486,A2D2-E5B7,FLT-E5B7-001,25.750218,-80.600204,47.4,10.9,0,Mavic 2,true,drone_images/Mavic 2_withpayload.png,25.745000,-80.605000,25.744500,-80.605300,apolloshield_dji,df,,,2414500000,RADAR-A2D2-E5B7,Sensor Everglades / West Miami Approach,260,RED,RED
1773243447487,A2D2-E5B7,FLT-E5B7-001,25.750218,-80.600204,47.4,10.9,0,Mavic 2,true,drone_images/Mavic 2_withpayload.png,25.745000,-80.605000,25.744500,-80.605300,apolloshield_dji,df,,,2414500000,RADAR-A2D2-E5B7,Sensor Everglades / West Miami Approach,260,RED,RED
1773243447487,A2D2-E5B7,FLT-E5B7-001,25.750218,-80.600204,47.4,10.9,0,Mavic 2,true,drone_images/Mavic 2_withpayload.png,25.745000,-80.605000,25.744500,-80.605300,apolloshield_dji,df,,,2414500000,RADAR-A2D2-E5B7,Sensor Everglades / West Miami Approach,260,RED,RED
1773243447488,A2D2-E5B7,FLT-E5B7-001,25.750218,-80.600204,47.4,10.9,0,Mavic 2,true,drone_images/Mavic 2_withpayload.png,25.745000,-80.605000,25.744500,-80.605300,apolloshield_dji,df,,,2414500000,RADAR-A2D2-E5B7,Sensor Everglades / West Miami Approach,260,RED,RED
1773243447489,A2D2-E5B7,FLT-E5B7-001,25.750218,-80.600204,47.4,10.9,0,Mavic 2,true,drone_images/Mavic 2_withpayload.png,25.745000,-80.605000,25.744500,-80.605300,apolloshield_dji,df,,,2414500000,RADAR-A2D2-E5B7,Sensor Everglades / West Miami Approach,260,RED,RED
1773243447491,A2D2-E5B7,FLT-E5B7-001,25.749736,-80.600107,47.4,9.7,0,Mavic 2,true,drone_images/Mavic 2_withpayload.png,25.745000,-80.605000,25.744500,-80.605300,apolloshield_dji,df,,,2414500000,RADAR-A2D2-E5B7,Sensor Everglades / West Miami Approach,260,RED,RED
1773243447643,A2D2-E5B7,FLT-E5B7-001,25.749639,-80.600027,47.4,8.5,0,Mavic 2,true,drone_images/Mavic 2_withpayload.png,25.745000,-80.605000,25.744500,-80.605300,apolloshield_dji,df,,,2414500000,RADAR-A2D2-E5B7,Sensor Everglades / West Miami Approach,260,RED,RED
1773243448845,A2D2-E5B7,FLT-E5B7-001,25.749639,-80.600027,47.4,8.5,0,Mavic 2,true,drone_images/Mavic 2_withpayload.png,25.745000,-80.605000,25.744500,-80.605300,apolloshield_dji,df,,,2414500000,RADAR-A2D2-E5B7,Sensor Everglades / West Miami Approach,260,RED,RED
1773243449722,A2D2-E5B7,FLT-E5B7-001,25.749639,-80.600027,47.4,8.5,0,Mavic 2,true,drone_images/Mavic 2_withpayload.png,25.745000,-80.605000,25.744500,-80.605300,apolloshield_dji,df,,,2414500000,RADAR-A2D2-E5B7,Sensor Everglades / West Miami Approach,260,RED,RED
1773243450596,A2D2-E5B7,FLT-E5B7-001,25.749507,-80.599872,47.4,7.9,0,Mavic 2,true,drone_images/Mavic 2_withpayload.png,25.745000,-80.605000,25.744500,-80.605300,apolloshield_dji,df,,,2414500000,RADAR-A2D2-E5B7,Sensor Everglades / West Miami Approach,260,RED,RED
1773243451415,A2D2-E5B7,FLT-E5B7-001,25.749507,-80.599872,47.4,7.9,0,Mavic 2,true,drone_images/Mavic 2_withpayload.png,25.745000,-80.605000,25.744500,-80.605300,apolloshield_dji,df,,,2414500000,RADAR-A2D2-E5B7,Sensor Everglades / West Miami Approach,260,RED,RED
1773243452655,A2D2-E5B7,FLT-E5B7-001,25.749507,-80.599872,47.4,7.9,0,Mavic 2,true,drone_images/Mavic 2_withpayload.png,25.745000,-80.605000,25.744500,-80.605300,apolloshield_dji,df,,,2414500000,RADAR-A2D2-E5B7,Sensor Everglades / West Miami Approach,260,RED,RED
1773243453552,A2D2-E5B7,FLT-E5B7-001,25.749507,-80.599872,47.4,7.9,0,Mavic 2,true,drone_images/Mavic 2_withpayload.png,25.745000,-80.605000,25.744500,-80.605300,apolloshield_dji,df,,,2414500000,RADAR-A2D2-E5B7,Sensor Everglades / West Miami Approach,260,RED,RED
1773243454669,A2D2-E5B7,FLT-E5B7-001,25.749507,-80.599872,47.4,7.9,0,Mavic 2,true,drone_images/Mavic 2_withpayload.png,25.745000,-80.605000,25.744500,-80.605300,apolloshield_dji,df,,,2414500000,RADAR-A2D2-E5B7,Sensor Everglades / West Miami Approach,260,RED,RED
1773243455603,A2D2-E5B7,FLT-E5B7-001,25.749507,-80.599872,47.4,7.9,0,Mavic 2,true,drone_images/Mavic 2_withpayload.png,25.745000,-80.605000,25.744500,-80.605300,apolloshield_dji,df,,,2414500000,RADAR-A2D2-E5B7,Sensor Everglades / West Miami Approach,260,RED,RED
1773243456627,A2D2-E5B7,FLT-E5B7-001,25.749507,-80.599872,47.4,7.9,0,Mavic 2,true,drone_images/Mavic 2_withpayload.png,25.745000,-80.605000,25.744500,-80.605300,apolloshield_dji,df,,,2414500000,RADAR-A2D2-E5B7,Sensor Everglades / West Miami Approach,260,RED,RED
1773243458565,A2D2-E5B7,FLT-E5B7-001,25.749507,-80.599872,47.4,7.9,0,Mavic 2,true,drone_images/Mavic 2_withpayload.png,25.745000,-80.605000,25.744500,-80.605300,apolloshield_dji,df,,,2414500000,RADAR-A2D2-E5B7,Sensor Everglades / West Miami Approach,260,RED,RED
1773243458866,A2D2-E5B7,FLT-E5B7-001,25.749507,-80.599872,47.4,7.9,0,Mavic 2,true,drone_images/Mavic 2_withpayload.png,25.745000,-80.605000,25.744500,-80.605300,apolloshield_dji,df,,,2414500000,RADAR-A2D2-E5B7,Sensor Everglades / West Miami Approach,260,RED,RED
1773243459702,A2D2-E5B7,FLT-E5B7-001,25.749507,-80.599872,47.4,7.9,0,Mavic 2,true,drone_images/Mavic 2_withpayload.png,25.745000,-80.605000,25.744500,-80.605300,apolloshield_dji,df,,,2414500000,RADAR-A2D2-E5B7,Sensor Everglades / West Miami Approach,260,RED,RED
1773243460437,A2D2-E5B7,FLT-E5B7-001,25.749507,-80.599872,47.4,7.9,0,Mavic 2,true,drone_images/Mavic 2_withpayload.png,25.745000,-80.605000,25.744500,-80.605300,apolloshield_dji,df,,,2414500000,RADAR-A2D2-E5B7,Sensor Everglades / West Miami Approach,260,RED,RED
1773243461623,A2D2-E5B7,FLT-E5B7-001,25.749507,-80.599872,47.4,7.9,0,Mavic 2,true,drone_images/Mavic 2_withpayload.png,25.745000,-80.605000,25.744500,-80.605300,apolloshield_dji,df,,,2414500000,RADAR-A2D2-E5B7,Sensor Everglades / West Miami Approach,260,RED,RED
1773243462615,A2D2-E5B7,FLT-E5B7-001,25.749507,-80.599872,47.4,7.9,0,Mavic 2,true,drone_images/Mavic 2_withpayload.png,25.745000,-80.605000,25.744500,-80.605300,apolloshield_dji,df,,,2414500000,RADAR-A2D2-E5B7,Sensor Everglades / West Miami Approach,260,RED,RED
1773243463765,A2D2-E5B7,FLT-E5B7-001,25.749925,-80.599517,77.1,5.5,0,Mavic 2,true,drone_images/Mavic 2_withpayload.png,25.745000,-80.605000,25.744500,-80.605300,apolloshield_dji,df,,,2414500000,RADAR-A2D2-E5B7,Sensor Everglades / West Miami Approach,260,RED,RED
1773243464921,A2D2-E5B7,FLT-E5B7-001,25.749925,-80.599517,77.1,5.5,0,Mavic 2,true,drone_images/Mavic 2_withpayload.png,25.745000,-80.605000,25.744500,-80.605300,apolloshield_dji,df,,,2414500000,RADAR-A2D2-E5B7,Sensor Everglades / West Miami Approach,260,RED,RED
1773243465741,A2D2-E5B7,FLT-E5B7-001,25.749983,-80.599471,81,5.4,0,Mavic 2,true,drone_images/Mavic 2_withpayload.png,25.745000,-80.605000,25.744500,-80.605300,apolloshield_dji,df,,,2414500000,RADAR-A2D2-E5B7,Sensor Everglades / West Miami Approach,260,RED,RED
1773243466637,A2D2-E5B7,FLT-E5B7-001,25.750046,-80.599431,84.7,5.4,0,Mavic 2,true,drone_images/Mavic 2_withpayload.png,25.745000,-80.605000,25.744500,-80.605300,apolloshield_dji,df,,,2414500000,RADAR-A2D2-E5B7,Sensor Everglades / West Miami Approach,260,RED,RED
1773243467767,A2D2-E5B7,FLT-E5B7-001,25.750092,-80.599402,87.7,2.3,0,Mavic 2,true,drone_images/Mavic 2_withpayload.png,25.745000,-80.605000,25.744500,-80.605300,apolloshield_dji,df,,,2414500000,RADAR-A2D2-E5B7,Sensor Everglades / West Miami Approach,260,RED,RED
1773243468644,A2D2-E5B7,FLT-E5B7-001,25.750092,-80.599402,87.7,2.3,0,Mavic 2,true,drone_images/Mavic 2_withpayload.png,25.745000,-80.605000,25.744500,-80.605300,apolloshield_dji,df,,,2414500000,RADAR-A2D2-E5B7,Sensor Everglades / West Miami Approach,260,RED,RED
1773243469698,A2D2-E5B7,FLT-E5B7-001,25.750092,-80.599402,87.7,2.3,0,Mavic 2,true,drone_images/Mavic 2_withpayload.png,25.745000,-80.605000,25.744500,-80.605300,apolloshield_dji,df,,,2414500000,RADAR-A2D2-E5B7,Sensor Everglades / West Miami Approach,260,RED,RED
1773243470692,A2D2-E5B7,FLT-E5B7-001,25.750092,-80.599402,87.7,2.3,0,Mavic 2,true,drone_images/Mavic 2_withpayload.png,25.745000,-80.605000,25.744500,-80.605300,apolloshield_dji,df,,,2414500000,RADAR-A2D2-E5B7,Sensor Everglades / West Miami Approach,260,RED,RED
1773243471593,A2D2-E5B7,FLT-E5B7-001,25.750092,-80.599402,87.7,2.3,0,Mavic 2,true,drone_images/Mavic 2_withpayload.png,25.745000,-80.605000,25.744500,-80.605300,apolloshield_dji,df,,,2414500000,RADAR-A2D2-E5B7,Sensor Everglades / West Miami Approach,260,RED,RED
1773243472547,A2D2-E5B7,FLT-E5B7-001,25.750092,-80.599402,87.7,2.3,0,Mavic 2,true,drone_images/Mavic 2_withpayload.png,25.745000,-80.605000,25.744500,-80.605300,apolloshield_dji,df,,,2414500000,RADAR-A2D2-E5B7,Sensor Everglades / West Miami Approach,260,RED,RED
1773243473511,A2D2-E5B7,FLT-E5B7-001,25.750092,-80.599402,87.7,2.3,0,Mavic 2,true,drone_images/Mavic 2_withpayload.png,25.745000,-80.605000,25.744500,-80.605300,apolloshield_dji,df,,,2414500000,RADAR-A2D2-E5B7,Sensor Everglades / West Miami Approach,260,RED,RED
1773243474471,A2D2-E5B7,FLT-E5B7-001,25.750092,-80.599402,87.7,2.3,0,Mavic 2,true,drone_images/Mavic 2_withpayload.png,25.745000,-80.605000,25.744500,-80.605300,apolloshield_dji,df,,,2414500000,RADAR-A2D2-E5B7,Sensor Everglades / West Miami Approach,260,RED,RED
1773243475461,A2D2-E5B7,FLT-E5B7-001,25.750109,-80.599379,71.3,0.5,0,Mavic 2,true,drone_images/Mavic 2_withpayload.png,25.745000,-80.605000,25.744500,-80.605300,apolloshield_dji,df,,,2414500000,RADAR-A2D2-E5B7,Sensor Everglades / West Miami Approach,260,RED,RED
1773243476517,A2D2-E5B7,FLT-E5B7-001,25.750109,-80.599379,71.3,0.5,0,Mavic 2,true,drone_images/Mavic 2_withpayload.png,25.745000,-80.605000,25.744500,-80.605300,apolloshield_dji,df,,,2414500000,RADAR-A2D2-E5B7,Sensor Everglades / West Miami Approach,260,RED,RED
1773243477623,A2D2-E5B7,FLT-E5B7-001,25.750109,-80.599379,71.3,0.5,0,Mavic 2,true,drone_images/Mavic 2_withpayload.png,25.745000,-80.605000,25.744500,-80.605300,apolloshield_dji,df,,,2414500000,RADAR-A2D2-E5B7,Sensor Everglades / West Miami Approach,260,RED,RED
1773243478566,A2D2-E5B7,FLT-E5B7-001,25.750109,-80.599379,71.3,0.5,0,Mavic 2,true,drone_images/Mavic 2_withpayload.png,25.745000,-80.605000,25.744500,-80.605300,apolloshield_dji,df,,,2414500000,RADAR-A2D2-E5B7,Sensor Everglades / West Miami Approach,260,RED,RED
1773243479585,A2D2-E5B7,FLT-E5B7-001,25.750114,-80.599362,61.9,0.5,0,Mavic 2,true,drone_images/Mavic 2_withpayload.png,25.745000,-80.605000,25.744500,-80.605300,apolloshield_dji,df,,,2414500000,RADAR-A2D2-E5B7,Sensor Everglades / West Miami Approach,260,RED,RED
1773243480761,A2D2-E5B7,FLT-E5B7-001,25.750114,-80.599362,61.9,0.5,0,Mavic 2,true,drone_images/Mavic 2_withpayload.png,25.745000,-80.605000,25.744500,-80.605300,apolloshield_dji,df,,,2414500000,RADAR-A2D2-E5B7,Sensor Everglades / West Miami Approach,260,RED,RED
1773243481661,A2D2-E5B7,FLT-E5B7-001,25.750120,-80.599362,58.7,0.1,0,Mavic 2,true,drone_images/Mavic 2_withpayload.png,25.745000,-80.605000,25.744500,-80.605300,apolloshield_dji,df,,,2414500000,RADAR-A2D2-E5B7,Sensor Everglades / West Miami Approach,260,RED,RED
1773243482599,A2D2-E5B7,FLT-E5B7-001,25.750120,-80.599362,58.7,0.1,0,Mavic 2,true,drone_images/Mavic 2_withpayload.png,25.745000,-80.605000,25.744500,-80.605300,apolloshield_dji,df,,,2414500000,RADAR-A2D2-E5B7,Sensor Everglades / West Miami Approach,260,RED,RED
1773243483668,A2D2-E5B7,FLT-E5B7-001,25.750120,-80.599339,58.7,2.3,0,Mavic 2,true,drone_images/Mavic 2_withpayload.png,25.745000,-80.605000,25.744500,-80.605300,apolloshield_dji,df,,,2414500000,RADAR-A2D2-E5B7,Sensor Everglades / West Miami Approach,260,RED,RED
1773243484574,A2D2-E5B7,FLT-E5B7-001,25.750120,-80.599339,58.7,2.3,0,Mavic 2,true,drone_images/Mavic 2_withpayload.png,25.745000,-80.605000,25.744500,-80.605300,apolloshield_dji,df,,,2414500000,RADAR-A2D2-E5B7,Sensor Everglades / West Miami Approach,260,RED,RED
1773243485916,A2D2-E5B7,FLT-E5B7-001,25.750120,-80.599339,58.7,2.3,0,Mavic 2,true,drone_images/Mavic 2_withpayload.png,25.745000,-80.605000,25.744500,-80.605300,apolloshield_dji,df,,,2414500000,RADAR-A2D2-E5B7,Sensor Everglades / West Miami Approach,260,RED,RED
1773243486637,A2D2-E5B7,FLT-E5B7-001,25.750120,-80.599339,58.7,2.3,0,Mavic 2,true,drone_images/Mavic 2_withpayload.png,25.745000,-80.605000,25.744500,-80.605300,apolloshield_dji,df,,,2414500000,RADAR-A2D2-E5B7,Sensor Everglades / West Miami Approach,260,RED,RED
1773243487637,A2D2-E5B7,FLT-E5B7-001,25.750114,-80.599116,58.5,7.8,0,Mavic 2,true,drone_images/Mavic 2_withpayload.png,25.745000,-80.605000,25.744500,-80.605300,apolloshield_dji,df,,,2414500000,RADAR-A2D2-E5B7,Sensor Everglades / West Miami Approach,260,RED,RED
1773243488507,A2D2-E5B7,FLT-E5B7-001,25.750114,-80.599116,58.5,7.8,0,Mavic 2,true,drone_images/Mavic 2_withpayload.png,25.745000,-80.605000,25.744500,-80.605300,apolloshield_dji,df,,,2414500000,RADAR-A2D2-E5B7,Sensor Everglades / West Miami Approach,260,RED,RED
1773243490606,A2D2-E5B7,FLT-E5B7-001,25.750109,-80.598995,58.6,7.8,0,Mavic 2,true,drone_images/Mavic 2_withpayload.png,25.745000,-80.605000,25.744500,-80.605300,apolloshield_dji,df,,,2414500000,RADAR-A2D2-E5B7,Sensor Everglades / West Miami Approach,260,RED,RED
1773243490621,A2D2-E5B7,FLT-E5B7-001,25.750109,-80.598995,58.6,7.8,0,Mavic 2,true,drone_images/Mavic 2_withpayload.png,25.745000,-80.605000,25.744500,-80.605300,apolloshield_dji,df,,,2414500000,RADAR-A2D2-E5B7,Sensor Everglades / West Miami Approach,260,RED,RED
1773243491875,A2D2-E5B7,FLT-E5B7-001,25.750109,-80.598995,58.6,7.8,0,Mavic 2,true,drone_images/Mavic 2_withpayload.png,25.745000,-80.605000,25.744500,-80.605300,apolloshield_dji,df,,,2414500000,RADAR-A2D2-E5B7,Sensor Everglades / West Miami Approach,260,RED,RED
1773243492555,A2D2-E5B7,FLT-E5B7-001,25.750103,-80.598755,58.7,7.7,0,Mavic 2,true,drone_images/Mavic 2_withpayload.png,25.745000,-80.605000,25.744500,-80.605300,apolloshield_dji,df,,,2414500000,RADAR-A2D2-E5B7,Sensor Everglades / West Miami Approach,260,RED,RED
1773243706611,A2D2-E5B7,FLT-E5B7-001,25.750103,-80.598714,58.7,7.8,0,Mavic 2,true,drone_images/Mavic 2_withpayload.png,25.745000,-80.605000,25.744500,-80.605300,apolloshield_dji,df,,,2414500000,RADAR-A2D2-E5B7,Sensor Everglades / West Miami Approach,260,RED,RED
1773243706822,A2D2-E5B7,FLT-E5B7-001,25.750097,-80.598600,58.9,6.5,0,Mavic 2,true,drone_images/Mavic 2_withpayload.png,25.745000,-80.605000,25.744500,-80.605300,apolloshield_dji,df,,,2414500000,RADAR-A2D2-E5B7,Sensor Everglades / West Miami Approach,260,RED,RED
1773243706824,A2D2-E5B7,FLT-E5B7-001,25.750097,-80.598600,58.9,6.5,0,Mavic 2,true,drone_images/Mavic 2_withpayload.png,25.745000,-80.605000,25.744500,-80.605300,apolloshield_dji,df,,,2414500000,RADAR-A2D2-E5B7,Sensor Everglades / West Miami Approach,260,RED,RED
1773243706825,A2D2-E5B7,FLT-E5B7-001,25.750097,-80.598548,58.7,0.1,0,Mavic 2,true,drone_images/Mavic 2_withpayload.png,25.745000,-80.605000,25.744500,-80.605300,apolloshield_dji,df,,,2414500000,RADAR-A2D2-E5B7,Sensor Everglades / West Miami Approach,260,RED,RED
1773243706825,A2D2-E5B7,FLT-E5B7-001,25.750097,-80.598548,58.7,0.1,0,Mavic 2,true,drone_images/Mavic 2_withpayload.png,25.745000,-80.605000,25.744500,-80.605300,apolloshield_dji,df,,,2414500000,RADAR-A2D2-E5B7,Sensor Everglades / West Miami Approach,260,RED,RED
1773243706826,A2D2-E5B7,FLT-E5B7-001,25.750103,-80.598565,58.7,3.6,0,Mavic 2,true,drone_images/Mavic 2_withpayload.png,25.745000,-80.605000,25.744500,-80.605300,apolloshield_dji,df,,,2414500000,RADAR-A2D2-E5B7,Sensor Everglades / West Miami Approach,260,RED,RED
1773243706827,A2D2-E5B7,FLT-E5B7-001,25.750103,-80.598565,58.7,3.6,0,Mavic 2,true,drone_images/Mavic 2_withpayload.png,25.745000,-80.605000,25.744500,-80.605300,apolloshield_dji,df,,,2414500000,RADAR-A2D2-E5B7,Sensor Everglades / West Miami Approach,260,RED,RED
1773243706828,A2D2-E5B7,FLT-E5B7-001,25.750103,-80.598565,58.7,3.6,0,Mavic 2,true,drone_images/Mavic 2_withpayload.png,25.745000,-80.605000,25.744500,-80.605300,apolloshield_dji,df,,,2414500000,RADAR-A2D2-E5B7,Sensor Everglades / West Miami Approach,260,RED,RED
1773243706828,A2D2-E5B7,FLT-E5B7-001,25.750155,-80.598760,58.8,8.9,0,Mavic 2,true,drone_images/Mavic 2_withpayload.png,25.745000,-80.605000,25.744500,-80.605300,apolloshield_dji,df,,,2414500000,RADAR-A2D2-E5B7,Sensor Everglades / West Miami Approach,260,RED,RED
1773243706829,A2D2-E5B7,FLT-E5B7-001,25.750183,-80.598852,58.7,9.9,0,Mavic 2,true,drone_images/Mavic 2_withpayload.png,25.745000,-80.605000,25.744500,-80.605300,apolloshield_dji,df,,,2414500000,RADAR-A2D2-E5B7,Sensor Everglades / West Miami Approach,260,RED,RED
1773243706831,A2D2-E5B7,FLT-E5B7-001,25.750195,-80.598898,58.6,10.3,0,Mavic 2,true,drone_images/Mavic 2_withpayload.png,25.745000,-80.605000,25.744500,-80.605300,apolloshield_dji,df,,,2414500000,RADAR-A2D2-E5B7,Sensor Everglades / West Miami Approach,260,RED,RED
1773243706831,A2D2-E5B7,FLT-E5B7-001,25.750195,-80.598898,58.6,10.3,0,Mavic 2,true,drone_images/Mavic 2_withpayload.png,25.745000,-80.605000,25.744500,-80.605300,apolloshield_dji,df,,,2414500000,RADAR-A2D2-E5B7,Sensor Everglades / West Miami Approach,260,RED,RED
1773243706833,A2D2-E5B7,FLT-E5B7-001,25.750195,-80.598898,58.6,10.3,0,Mavic 2,true,drone_images/Mavic 2_withpayload.png,25.745000,-80.605000,25.744500,-80.605300,apolloshield_dji,df,,,2414500000,RADAR-A2D2-E5B7,Sensor Everglades / West Miami Approach,260,RED,RED
1773243706834,A2D2-E5B7,FLT-E5B7-001,25.750281,-80.599213,58.6,11.2,0,Mavic 2,true,drone_images/Mavic 2_withpayload.png,25.745000,-80.605000,25.744500,-80.605300,apolloshield_dji,df,,,2414500000,RADAR-A2D2-E5B7,Sensor Everglades / West Miami Approach,260,RED,RED
1773243707037,A2D2-E5B7,FLT-E5B7-001,25.750321,-80.599373,58.6,11.1,0,Mavic 2,true,drone_images/Mavic 2_withpayload.png,25.745000,-80.605000,25.744500,-80.605300,apolloshield_dji,df,,,2414500000,RADAR-A2D2-E5B7,Sensor Everglades / West Miami Approach,260,RED,RED
1773243707039,A2D2-E5B7,FLT-E5B7-001,25.750321,-80.599373,58.6,11.1,0,Mavic 2,true,drone_images/Mavic 2_withpayload.png,25.745000,-80.605000,25.744500,-80.605300,apolloshield_dji,df,,,2414500000,RADAR-A2D2-E5B7,Sensor Everglades / West Miami Approach,260,RED,RED
1773243707039,A2D2-E5B7,FLT-E5B7-001,25.750321,-80.599373,58.6,11.1,0,Mavic 2,true,drone_images/Mavic 2_withpayload.png,25.745000,-80.605000,25.744500,-80.605300,apolloshield_dji,df,,,2414500000,RADAR-A2D2-E5B7,Sensor Everglades / West Miami Approach,260,RED,RED
1773243707040,A2D2-E5B7,FLT-E5B7-001,25.750321,-80.599373,58.6,11.1,0,Mavic 2,true,drone_images/Mavic 2_withpayload.png,25.745000,-80.605000,25.744500,-80.605300,apolloshield_dji,df,,,2414500000,RADAR-A2D2-E5B7,Sensor Everglades / West Miami Approach,260,RED,RED
1773243707042,A2D2-E5B7,FLT-E5B7-001,25.750321,-80.599373,58.6,11.1,0,Mavic 2,true,drone_images/Mavic 2_withpayload.png,25.745000,-80.605000,25.744500,-80.605300,apolloshield_dji,df,,,2414500000,RADAR-A2D2-E5B7,Sensor Everglades / West Miami Approach,260,RED,RED
1773243707042,A2D2-E5B7,FLT-E5B7-001,25.750447,-80.599855,58.5,11.2,0,Mavic 2,true,drone_images/Mavic 2_withpayload.png,25.745000,-80.605000,25.744500,-80.605300,apolloshield_dji,df,,,2414500000,RADAR-A2D2-E5B7,Sensor Everglades / West Miami Approach,260,RED,RED
1773243707044,A2D2-E5B7,FLT-E5B7-001,25.750447,-80.599855,58.5,11.2,0,Mavic 2,true,drone_images/Mavic 2_withpayload.png,25.745000,-80.605000,25.744500,-80.605300,apolloshield_dji,df,,,2414500000,RADAR-A2D2-E5B7,Sensor Everglades / West Miami Approach,260,RED,RED
1773243707044,A2D2-E5B7,FLT-E5B7-001,25.750504,-80.600067,58.4,9.8,0,Mavic 2,true,drone_images/Mavic 2_withpayload.png,25.745000,-80.605000,25.744500,-80.605300,apolloshield_dji,df,,,2414500000,RADAR-A2D2-E5B7,Sensor Everglades / West Miami Approach,260,RED,RED
1773243707046,A2D2-E5B7,FLT-E5B7-001,25.750504,-80.600067,58.4,9.8,0,Mavic 2,true,drone_images/Mavic 2_withpayload.png,25.745000,-80.605000,25.744500,-80.605300,apolloshield_dji,df,,,2414500000,RADAR-A2D2-E5B7,Sensor Everglades / West Miami Approach,260,RED,RED
1773243707048,A2D2-E5B7,FLT-E5B7-001,25.750527,-80.600153,58.5,0.3,0,Mavic 2,true,drone_images/Mavic 2_withpayload.png,25.745000,-80.605000,25.744500,-80.605300,apolloshield_dji,df,,,2414500000,RADAR-A2D2-E5B7,Sensor Everglades / West Miami Approach,260,RED,RED
1773243707053,A2D2-E5B7,FLT-E5B7-001,25.750527,-80.600153,58.5,0.3,0,Mavic 2,true,drone_images/Mavic 2_withpayload.png,25.745000,-80.605000,25.744500,-80.605300,apolloshield_dji,df,,,2414500000,RADAR-A2D2-E5B7,Sensor Everglades / West Miami Approach,260,RED,RED
1773243707054,A2D2-E5B7,FLT-E5B7-001,25.750527,-80.600153,58.5,0.3,0,Mavic 2,true,drone_images/Mavic 2_withpayload.png,25.745000,-80.605000,25.744500,-80.605300,apolloshield_dji,df,,,2414500000,RADAR-A2D2-E5B7,Sensor Everglades / West Miami Approach,260,RED,RED
1773243707249,A2D2-E5B7,FLT-E5B7-001,25.750470,-80.600210,57.2,4.8,0,Mavic 2,true,drone_images/Mavic 2_withpayload.png,25.745000,-80.605000,25.744500,-80.605300,apolloshield_dji,df,,,2414500000,RADAR-A2D2-E5B7,Sensor Everglades / West Miami Approach,260,RED,RED
1773243707251,A2D2-E5B7,FLT-E5B7-001,25.750470,-80.600210,57.2,4.8,0,Mavic 2,true,drone_images/Mavic 2_withpayload.png,25.745000,-80.605000,25.744500,-80.605300,apolloshield_dji,df,,,2414500000,RADAR-A2D2-E5B7,Sensor Everglades / West Miami Approach,260,RED,RED
1773243707251,A2D2-E5B7,FLT-E5B7-001,25.750389,-80.600290,55.2,7.4,0,Mavic 2,true,drone_images/Mavic 2_withpayload.png,25.745000,-80.605000,25.744500,-80.605300,apolloshield_dji,df,,,2414500000,RADAR-A2D2-E5B7,Sensor Everglades / West Miami Approach,260,RED,RED
1773243707253,A2D2-E5B7,FLT-E5B7-001,25.750389,-80.600290,55.2,7.4,0,Mavic 2,true,drone_images/Mavic 2_withpayload.png,25.745000,-80.605000,25.744500,-80.605300,apolloshield_dji,df,,,2414500000,RADAR-A2D2-E5B7,Sensor Everglades / West Miami Approach,260,RED,RED
1773243707254,A2D2-E5B7,FLT-E5B7-001,25.750332,-80.600342,54.1,8.5,0,Mavic 2,true,drone_images/Mavic 2_withpayload.png,25.745000,-80.605000,25.744500,-80.605300,apolloshield_dji,df,,,2414500000,RADAR-A2D2-E5B7,Sensor Everglades / West Miami Approach,260,RED,RED
1773243707255,A2D2-E5B7,FLT-E5B7-001,25.750235,-80.600439,52,9.7,0,Mavic 2,true,drone_images/Mavic 2_withpayload.png,25.745000,-80.605000,25.744500,-80.605300,apolloshield_dji,df,,,2414500000,RADAR-A2D2-E5B7,Sensor Everglades / West Miami Approach,260,RED,RED
1773243707256,A2D2-E5B7,FLT-E5B7-001,25.750235,-80.600439,52,9.7,0,Mavic 2,true,drone_images/Mavic 2_withpayload.png,25.745000,-80.605000,25.744500,-80.605300,apolloshield_dji,df,,,2414500000,RADAR-A2D2-E5B7,Sensor Everglades / West Miami Approach,260,RED,RED
1773243707257,A2D2-E5B7,FLT-E5B7-001,25.750235,-80.600439,52,9.7,0,Mavic 2,true,drone_images/Mavic 2_withpayload.png,25.745000,-80.605000,25.744500,-80.605300,apolloshield_dji,df,,,2414500000,RADAR-A2D2-E5B7,Sensor Everglades / West Miami Approach,260,RED,RED
1773243707257,A2D2-E5B7,FLT-E5B7-001,25.750235,-80.600439,52,9.7,0,Mavic 2,true,drone_images/Mavic 2_withpayload.png,25.745000,-80.605000,25.744500,-80.605300,apolloshield_dji,df,,,2414500000,RADAR-A2D2-E5B7,Sensor Everglades / West Miami Approach,260,RED,RED
1773243707258,A2D2-E5B7,FLT-E5B7-001,25.750235,-80.600439,52,9.7,0,Mavic 2,true,drone_images/Mavic 2_withpayload.png,25.745000,-80.605000,25.744500,-80.605300,apolloshield_dji,df,,,2414500000,RADAR-A2D2-E5B7,Sensor Everglades / West Miami Approach,260,RED,RED
1773243707259,A2D2-E5B7,FLT-E5B7-001,25.750235,-80.600439,52,9.7,0,Mavic 2,true,drone_images/Mavic 2_withpayload.png,25.745000,-80.605000,25.744500,-80.605300,apolloshield_dji,df,,,2414500000,RADAR-A2D2-E5B7,Sensor Everglades / West Miami Approach,260,RED,RED
1773243707260,A2D2-E5B7,FLT-E5B7-001,25.750235,-80.600439,52,9.7,0,Mavic 2,true,drone_images/Mavic 2_withpayload.png,25.745000,-80.605000,25.744500,-80.605300,apolloshield_dji,df,,,2414500000,RADAR-A2D2-E5B7,Sensor Everglades / West Miami Approach,260,RED,RED
1773243707261,A2D2-E5B7,FLT-E5B7-001,25.750235,-80.600439,52,9.7,0,Mavic 2,true,drone_images/Mavic 2_withpayload.png,25.745000,-80.605000,25.744500,-80.605300,apolloshield_dji,df,,,2414500000,RADAR-A2D2-E5B7,Sensor Everglades / West Miami Approach,260,RED,RED
1773243707262,A2D2-E5B7,FLT-E5B7-001,25.750235,-80.600439,52,9.7,0,Mavic 2,true,drone_images/Mavic 2_withpayload.png,25.745000,-80.605000,25.744500,-80.605300,apolloshield_dji,df,,,2414500000,RADAR-A2D2-E5B7,Sensor Everglades / West Miami Approach,260,RED,RED
1773243707263,A2D2-E5B7,FLT-E5B7-001,25.750235,-80.600439,52,9.7,0,Mavic 2,true,drone_images/Mavic 2_withpayload.png,25.745000,-80.605000,25.744500,-80.605300,apolloshield_dji,df,,,2414500000,RADAR-A2D2-E5B7,Sensor Everglades / West Miami Approach,260,RED,RED
1773243707263,A2D2-E5B7,FLT-E5B7-001,25.750235,-80.600439,52,9.7,0,Mavic 2,true,drone_images/Mavic 2_withpayload.png,25.745000,-80.605000,25.744500,-80.605300,apolloshield_dji,df,,,2414500000,RADAR-A2D2-E5B7,Sensor Everglades / West Miami Approach,260,RED,RED
1773243707264,A2D2-E5B7,FLT-E5B7-001,25.750069,-80.600525,49.9,5.8,0,Mavic 2,true,drone_images/Mavic 2_withpayload.png,25.745000,-80.605000,25.744500,-80.605300,apolloshield_dji,df,,,2414500000,RADAR-A2D2-E5B7,Sensor Everglades / West Miami Approach,260,RED,RED
1773243707264,A2D2-E5B7,FLT-E5B7-001,25.750069,-80.600525,49.9,5.8,0,Mavic 2,true,drone_images/Mavic 2_withpayload.png,25.745000,-80.605000,25.744500,-80.605300,apolloshield_dji,df,,,2414500000,RADAR-A2D2-E5B7,Sensor Everglades / West Miami Approach,260,RED,RED
1773243707265,A2D2-E5B7,FLT-E5B7-001,25.750069,-80.600525,49.9,5.8,0,Mavic 2,true,drone_images/Mavic 2_withpayload.png,25.745000,-80.605000,25.744500,-80.605300,apolloshield_dji,df,,,2414500000,RADAR-A2D2-E5B7,Sensor Everglades / West Miami Approach,260,RED,RED
1773243707266,A2D2-E5B7,FLT-E5B7-001,25.750069,-80.600525,49.9,5.8,0,Mavic 2,true,drone_images/Mavic 2_withpayload.png,25.745000,-80.605000,25.744500,-80.605300,apolloshield_dji,df,,,2414500000,RADAR-A2D2-E5B7,Sensor Everglades / West Miami Approach,260,RED,RED
1773243707267,A2D2-E5B7,FLT-E5B7-001,25.749805,-80.600365,49.4,8.6,0,Mavic 2,true,drone_images/Mavic 2_withpayload.png,25.745000,-80.605000,25.744500,-80.605300,apolloshield_dji,df,,,2414500000,RADAR-A2D2-E5B7,Sensor Everglades / West Miami Approach,260,RED,RED
1773243707267,A2D2-E5B7,FLT-E5B7-001,25.749805,-80.600365,49.4,8.6,0,Mavic 2,true,drone_images/Mavic 2_withpayload.png,25.745000,-80.605000,25.744500,-80.605300,apolloshield_dji,df,,,2414500000,RADAR-A2D2-E5B7,Sensor Everglades / West Miami Approach,260,RED,RED
1773243707268,A2D2-E5B7,FLT-E5B7-001,25.749805,-80.600365,49.4,8.6,0,Mavic 2,true,drone_images/Mavic 2_withpayload.png,25.745000,-80.605000,25.744500,-80.605300,apolloshield_dji,df,,,2414500000,RADAR-A2D2-E5B7,Sensor Everglades / West Miami Approach,260,RED,RED
1773243707269,A2D2-E5B7,FLT-E5B7-001,25.749805,-80.600365,49.4,8.6,0,Mavic 2,true,drone_images/Mavic 2_withpayload.png,25.745000,-80.605000,25.744500,-80.605300,apolloshield_dji,df,,,2414500000,RADAR-A2D2-E5B7,Sensor Everglades / West Miami Approach,260,RED,RED
1773243707270,A2D2-E5B7,FLT-E5B7-001,25.749668,-80.600198,43.5,4.8,0,Mavic 2,true,drone_images/Mavic 2_withpayload.png,25.745000,-80.605000,25.744500,-80.605300,apolloshield_dji,df,,,2414500000,RADAR-A2D2-E5B7,Sensor Everglades / West Miami Approach,260,RED,RED
1773243707270,A2D2-E5B7,FLT-E5B7-001,25.749656,-80.600187,43.3,0.3,0,Mavic 2,true,drone_images/Mavic 2_withpayload.png,25.745000,-80.605000,25.744500,-80.605300,apolloshield_dji,df,,,2414500000,RADAR-A2D2-E5B7,Sensor Everglades / West Miami Approach,260,RED,RED
1773243707475,A2D2-E5B7,FLT-E5B7-001,25.749656,-80.600187,43.3,0.3,0,Mavic 2,true,drone_images/Mavic 2_withpayload.png,25.745000,-80.605000,25.744500,-80.605300,apolloshield_dji,df,,,2414500000,RADAR-A2D2-E5B7,Sensor Everglades / West Miami Approach,260,RED,RED
1773243707476,A2D2-E5B7,FLT-E5B7-001,25.749656,-80.600187,43.3,0.3,0,Mavic 2,true,drone_images/Mavic 2_withpayload.png,25.745000,-80.605000,25.744500,-80.605300,apolloshield_dji,df,,,2414500000,RADAR-A2D2-E5B7,Sensor Everglades / West Miami Approach,260,RED,RED
1773243707477,A2D2-E5B7,FLT-E5B7-001,25.749622,-80.600141,43.1,3.2,0,Mavic 2,true,drone_images/Mavic 2_withpayload.png,25.745000,-80.605000,25.744500,-80.605300,apolloshield_dji,df,,,2414500000,RADAR-A2D2-E5B7,Sensor Everglades / West Miami Approach,260,RED,RED
1773243707487,A2D2-E5B7,FLT-E5B7-001,25.749604,-80.600124,43.1,2.5,0,Mavic 2,true,drone_images/Mavic 2_withpayload.png,25.745000,-80.605000,25.744500,-80.605300,apolloshield_dji,df,,,2414500000,RADAR-A2D2-E5B7,Sensor Everglades / West Miami Approach,260,RED,RED
1773243707491,A2D2-E5B7,FLT-E5B7-001,25.749604,-80.600124,43.1,2.5,0,Mavic 2,true,drone_images/Mavic 2_withpayload.png,25.745000,-80.605000,25.744500,-80.605300,apolloshield_dji,df,,,2414500000,RADAR-A2D2-E5B7,Sensor Everglades / West Miami Approach,260,RED,RED
1773243707493,A2D2-E5B7,FLT-E5B7-001,25.749553,-80.600049,43.1,5.6,0,Mavic 2,true,drone_images/Mavic 2_withpayload.png,25.745000,-80.605000,25.744500,-80.605300,apolloshield_dji,df,,,2414500000,RADAR-A2D2-E5B7,Sensor Everglades / West Miami Approach,260,RED,RED
1773243707494,A2D2-E5B7,FLT-E5B7-001,25.749553,-80.600049,43.1,5.6,0,Mavic 2,true,drone_images/Mavic 2_withpayload.png,25.745000,-80.605000,25.744500,-80.605300,apolloshield_dji,df,,,2414500000,RADAR-A2D2-E5B7,Sensor Everglades / West Miami Approach,260,RED,RED
1773243707495,A2D2-E5B7,FLT-E5B7-001,25.749553,-80.600049,43.1,5.6,0,Mavic 2,true,drone_images/Mavic 2_withpayload.png,25.745000,-80.605000,25.744500,-80.605300,apolloshield_dji,df,,,2414500000,RADAR-A2D2-E5B7,Sensor Everglades / West Miami Approach,260,RED,RED
1773243707497,A2D2-E5B7,FLT-E5B7-001,25.749553,-80.600049,43.1,5.6,0,Mavic 2,true,drone_images/Mavic 2_withpayload.png,25.745000,-80.605000,25.744500,-80.605300,apolloshield_dji,df,,,2414500000,RADAR-A2D2-E5B7,Sensor Everglades / West Miami Approach,260,RED,RED
1773243707503,A2D2-E5B7,FLT-E5B7-001,25.749541,-80.600038,43.4,0.2,0,Mavic 2,true,drone_images/Mavic 2_withpayload.png,25.745000,-80.605000,25.744500,-80.605300,apolloshield_dji,df,,,2414500000,RADAR-A2D2-E5B7,Sensor Everglades / West Miami Approach,260,RED,RED
1773243707524,A2D2-E5B7,FLT-E5B7-001,25.749541,-80.600038,43.4,0.2,0,Mavic 2,true,drone_images/Mavic 2_withpayload.png,25.745000,-80.605000,25.744500,-80.605300,apolloshield_dji,df,,,2414500000,RADAR-A2D2-E5B7,Sensor Everglades / West Miami Approach,260,RED,RED
1773243707549,A2D2-E5B7,FLT-E5B7-001,25.749541,-80.600038,43.4,0.2,0,Mavic 2,true,drone_images/Mavic 2_withpayload.png,25.745000,-80.605000,25.744500,-80.605300,apolloshield_dji,df,,,2414500000,RADAR-A2D2-E5B7,Sensor Everglades / West Miami Approach,260,RED,RED
1773243707554,A2D2-E5B7,FLT-E5B7-001,25.749513,-80.599992,43.5,3.6,0,Mavic 2,true,drone_images/Mavic 2_withpayload.png,25.745000,-80.605000,25.744500,-80.605300,apolloshield_dji,df,,,2414500000,RADAR-A2D2-E5B7,Sensor Everglades / West Miami Approach,260,RED,RED
1773243707558,A2D2-E5B7,FLT-E5B7-001,25.749513,-80.599992,43.5,3.6,0,Mavic 2,true,drone_images/Mavic 2_withpayload.png,25.745000,-80.605000,25.744500,-80.605300,apolloshield_dji,df,,,2414500000,RADAR-A2D2-E5B7,Sensor Everglades / West Miami Approach,260,RED,RED
1773243707563,A2D2-E5B7,FLT-E5B7-001,25.749501,-80.599981,43.5,0.4,0,Mavic 2,true,drone_images/Mavic 2_withpayload.png,25.745000,-80.605000,25.744500,-80.605300,apolloshield_dji,df,,,2414500000,RADAR-A2D2-E5B7,Sensor Everglades / West Miami Approach,260,RED,RED
1773243707679,A2D2-E5B7,FLT-E5B7-001,25.749501,-80.599981,43.5,0.4,0,Mavic 2,true,drone_images/Mavic 2_withpayload.png,25.745000,-80.605000,25.744500,-80.605300,apolloshield_dji,df,,,2414500000,RADAR-A2D2-E5B7,Sensor Everglades / West Miami Approach,260,RED,RED
1773243707681,A2D2-E5B7,FLT-E5B7-001,25.749501,-80.599981,43.5,0.4,0,Mavic 2,true,drone_images/Mavic 2_withpayload.png,25.745000,-80.605000,25.744500,-80.605300,apolloshield_dji,df,,,2414500000,RADAR-A2D2-E5B7,Sensor Everglades / West Miami Approach,260,RED,RED
1773243707681,A2D2-E5B7,FLT-E5B7-001,25.749501,-80.599981,43.5,0.4,0,Mavic 2,true,drone_images/Mavic 2_withpayload.png,25.745000,-80.605000,25.744500,-80.605300,apolloshield_dji,df,,,2414500000,RADAR-A2D2-E5B7,Sensor Everglades / West Miami Approach,260,RED,RED
1773243707683,A2D2-E5B7,FLT-E5B7-001,25.749501,-80.599981,43.5,0.4,0,Mavic 2,true,drone_images/Mavic 2_withpayload.png,25.745000,-80.605000,25.744500,-80.605300,apolloshield_dji,df,,,2414500000,RADAR-A2D2-E5B7,Sensor Everglades / West Miami Approach,260,RED,RED
1773243707684,A2D2-E5B7,FLT-E5B7-001,25.749501,-80.599986,43.6,28,0,Mavic 2,true,drone_images/Mavic 2_withpayload.png,25.745000,-80.605000,25.744500,-80.605300,apolloshield_dji,df,,,2414500000,RADAR-A2D2-E5B7,Sensor Everglades / West Miami Approach,260,RED,RED
1773243707686,A2D2-E5B7,FLT-E5B7-001,25.749507,-80.599992,43.6,1.7,0,Mavic 2,true,drone_images/Mavic 2_withpayload.png,25.745000,-80.605000,25.744500,-80.605300,apolloshield_dji,df,,,2414500000,RADAR-A2D2-E5B7,Sensor Everglades / West Miami Approach,260,RED,RED
1773243707687,A2D2-E5B7,FLT-E5B7-001,25.749507,-80.599992,43.6,1.7,0,Mavic 2,true,drone_images/Mavic 2_withpayload.png,25.745000,-80.605000,25.744500,-80.605300,apolloshield_dji,df,,,2414500000,RADAR-A2D2-E5B7,Sensor Everglades / West Miami Approach,260,RED,RED
1773243707688,A2D2-E5B7,FLT-E5B7-001,25.749507,-80.599992,43.6,1.7,0,Mavic 2,true,drone_images/Mavic 2_withpayload.png,25.745000,-80.605000,25.744500,-80.605300,apolloshield_dji,df,,,2414500000,RADAR-A2D2-E5B7,Sensor Everglades / West Miami Approach,260,RED,RED
1773243707689,A2D2-E5B7,FLT-E5B7-001,25.749559,-80.600061,43.6,4.6,0,Mavic 2,true,drone_images/Mavic 2_withpayload.png,25.745000,-80.605000,25.744500,-80.605300,apolloshield_dji,df,,,2414500000,RADAR-A2D2-E5B7,Sensor Everglades / West Miami Approach,260,RED,RED
1773243707691,A2D2-E5B7,FLT-E5B7-001,25.749576,-80.600084,43.7,5.1,0,Mavic 2,true,drone_images/Mavic 2_withpayload.png,25.745000,-80.605000,25.744500,-80.605300,apolloshield_dji,df,,,2414500000,RADAR-A2D2-E5B7,Sensor Everglades / West Miami Approach,260,RED,RED
1773243707692,A2D2-E5B7,FLT-E5B7-001,25.749622,-80.600153,43.6,6.5,0,Mavic 2,true,drone_images/Mavic 2_withpayload.png,25.745000,-80.605000,25.744500,-80.605300,apolloshield_dji,df,,,2414500000,RADAR-A2D2-E5B7,Sensor Everglades / West Miami Approach,260,RED,RED
1773243707693,A2D2-E5B7,FLT-E5B7-001,25.749622,-80.600153,43.6,6.5,0,Mavic 2,true,drone_images/Mavic 2_withpayload.png,25.745000,-80.605000,25.744500,-80.605300,apolloshield_dji,df,,,2414500000,RADAR-A2D2-E5B7,Sensor Everglades / West Miami Approach,260,RED,RED
1773243707694,A2D2-E5B7,FLT-E5B7-001,25.749622,-80.600153,43.6,6.5,0,Mavic 2,true,drone_images/Mavic 2_withpayload.png,25.745000,-80.605000,25.744500,-80.605300,apolloshield_dji,df,,,2414500000,RADAR-A2D2-E5B7,Sensor Everglades / West Miami Approach,260,RED,RED
1773243707695,A2D2-E5B7,FLT-E5B7-001,25.749622,-80.600153,43.6,6.5,0,Mavic 2,true,drone_images/Mavic 2_withpayload.png,25.745000,-80.605000,25.744500,-80.605300,apolloshield_dji,df,,,2414500000,RADAR-A2D2-E5B7,Sensor Everglades / West Miami Approach,260,RED,RED
1773243707696,A2D2-E5B7,FLT-E5B7-001,25.749679,-80.600221,43.6,4.6,0,Mavic 2,true,drone_images/Mavic 2_withpayload.png,25.745000,-80.605000,25.744500,-80.605300,apolloshield_dji,df,,,2414500000,RADAR-A2D2-E5B7,Sensor Everglades / West Miami Approach,260,RED,RED
1773243707697,A2D2-E5B7,FLT-E5B7-001,25.749679,-80.600221,43.6,4.6,0,Mavic 2,true,drone_images/Mavic 2_withpayload.png,25.745000,-80.605000,25.744500,-80.605300,apolloshield_dji,df,,,2414500000,RADAR-A2D2-E5B7,Sensor Everglades / West Miami Approach,260,RED,RED
1773243707699,A2D2-E5B7,FLT-E5B7-001,25.749679,-80.600221,43.6,4.6,0,Mavic 2,true,drone_images/Mavic 2_withpayload.png,25.745000,-80.605000,25.744500,-80.605300,apolloshield_dji,df,,,2414500000,RADAR-A2D2-E5B7,Sensor Everglades / West Miami Approach,260,RED,RED
1773243707699,A2D2-E5B7,FLT-E5B7-001,25.749679,-80.600221,43.6,4.6,0,Mavic 2,true,drone_images/Mavic 2_withpayload.png,25.745000,-80.605000,25.744500,-80.605300,apolloshield_dji,df,,,2414500000,RADAR-A2D2-E5B7,Sensor Everglades / West Miami Approach,260,RED,RED
1773243707701,A2D2-E5B7,FLT-E5B7-001,25.749536,-80.600027,43.7,7,0,Mavic 2,true,drone_images/Mavic 2_withpayload.png,25.745000,-80.605000,25.744500,-80.605300,apolloshield_dji,df,,,2414500000,RADAR-A2D2-E5B7,Sensor Everglades / West Miami Approach,260,RED,RED
1773243707702,A2D2-E5B7,FLT-E5B7-001,25.749507,-80.599992,43.5,2.8,0,Mavic 2,true,drone_images/Mavic 2_withpayload.png,25.745000,-80.605000,25.744500,-80.605300,apolloshield_dji,df,,,2414500000,RADAR-A2D2-E5B7,Sensor Everglades / West Miami Approach,260,RED,RED
1773243707703,A2D2-E5B7,FLT-E5B7-001,25.749507,-80.599992,43.5,2.8,0,Mavic 2,true,drone_images/Mavic 2_withpayload.png,25.745000,-80.605000,25.744500,-80.605300,apolloshield_dji,df,,,2414500000,RADAR-A2D2-E5B7,Sensor Everglades / West Miami Approach,260,RED,RED
1773243707703,A2D2-E5B7,FLT-E5B7-001,25.749507,-80.599992,43.5,2.8,0,Mavic 2,true,drone_images/Mavic 2_withpayload.png,25.745000,-80.605000,25.744500,-80.605300,apolloshield_dji,df,,,2414500000,RADAR-A2D2-E5B7,Sensor Everglades / West Miami Approach,260,RED,RED
1773243707706,A2D2-E5B7,FLT-E5B7-001,25.749392,-80.600084,46.7,7.8,0,Mavic 2,true,drone_images/Mavic 2_withpayload.png,25.745000,-80.605000,25.744500,-80.605300,apolloshield_dji,df,,,2414500000,RADAR-A2D2-E5B7,Sensor Everglades / West Miami Approach,260,RED,RED
1773243707706,A2D2-E5B7,FLT-E5B7-001,25.749507,-80.599992,43.5,2.8,0,Mavic 2,true,drone_images/Mavic 2_withpayload.png,25.745000,-80.605000,25.744500,-80.605300,apolloshield_dji,df,,,2414500000,RADAR-A2D2-E5B7,Sensor Everglades / West Miami Approach,260,RED,RED
1773243707707,A2D2-E5B7,FLT-E5B7-001,25.749392,-80.600084,46.7,7.8,0,Mavic 2,true,drone_images/Mavic 2_withpayload.png,25.745000,-80.605000,25.744500,-80.605300,apolloshield_dji,df,,,2414500000,RADAR-A2D2-E5B7,Sensor Everglades / West Miami Approach,260,RED,RED
1773243707708,A2D2-E5B7,FLT-E5B7-001,25.749392,-80.600084,46.7,7.8,0,Mavic 2,true,drone_images/Mavic 2_withpayload.png,25.745000,-80.605000,25.744500,-80.605300,apolloshield_dji,df,,,2414500000,RADAR-A2D2-E5B7,Sensor Everglades / West Miami Approach,260,RED,RED
1773243707709,A2D2-E5B7,FLT-E5B7-001,25.749392,-80.600084,46.7,7.8,0,Mavic 2,true,drone_images/Mavic 2_withpayload.png,25.745000,-80.605000,25.744500,-80.605300,apolloshield_dji,df,,,2414500000,RADAR-A2D2-E5B7,Sensor Everglades / West Miami Approach,260,RED,RED
1773243707710,A2D2-E5B7,FLT-E5B7-001,25.749392,-80.600084,46.7,7.8,0,Mavic 2,true,drone_images/Mavic 2_withpayload.png,25.745000,-80.605000,25.744500,-80.605300,apolloshield_dji,df,,,2414500000,RADAR-A2D2-E5B7,Sensor Everglades / West Miami Approach,260,RED,RED
1773243707712,A2D2-E5B7,FLT-E5B7-001,25.749392,-80.600084,46.7,7.8,0,Mavic 2,true,drone_images/Mavic 2_withpayload.png,25.745000,-80.605000,25.744500,-80.605300,apolloshield_dji,df,,,2414500000,RADAR-A2D2-E5B7,Sensor Everglades / West Miami Approach,260,RED,RED
1773243707892,A2D2-E5B7,FLT-E5B7-001,25.749037,-80.600405,56.7,11.1,0,Mavic 2,true,drone_images/Mavic 2_withpayload.png,25.745000,-80.605000,25.744500,-80.605300,apolloshield_dji,df,,,2414500000,RADAR-A2D2-E5B7,Sensor Everglades / West Miami Approach,260,RED,RED
1773243707896,A2D2-E5B7,FLT-E5B7-001,25.749037,-80.600405,56.7,11.1,0,Mavic 2,true,drone_images/Mavic 2_withpayload.png,25.745000,-80.605000,25.744500,-80.605300,apolloshield_dji,df,,,2414500000,RADAR-A2D2-E5B7,Sensor Everglades / West Miami Approach,260,RED,RED
1773243707898,A2D2-E5B7,FLT-E5B7-001,25.748842,-80.600582,61.5,11.4,0,Mavic 2,true,drone_images/Mavic 2_withpayload.png,25.745000,-80.605000,25.744500,-80.605300,apolloshield_dji,df,,,2414500000,RADAR-A2D2-E5B7,Sensor Everglades / West Miami Approach,260,RED,RED
1773243707900,A2D2-E5B7,FLT-E5B7-001,25.748842,-80.600582,61.5,11.4,0,Mavic 2,true,drone_images/Mavic 2_withpayload.png,25.745000,-80.605000,25.744500,-80.605300,apolloshield_dji,df,,,2414500000,RADAR-A2D2-E5B7,Sensor Everglades / West Miami Approach,260,RED,RED
1773243707902,A2D2-E5B7,FLT-E5B7-001,25.748842,-80.600582,61.5,11.4,0,Mavic 2,true,drone_images/Mavic 2_withpayload.png,25.745000,-80.605000,25.744500,-80.605300,apolloshield_dji,df,,,2414500000,RADAR-A2D2-E5B7,Sensor Everglades / West Miami Approach,260,RED,RED
1773243707903,A2D2-E5B7,FLT-E5B7-001,25.748842,-80.600582,61.5,11.4,0,Mavic 2,true,drone_images/Mavic 2_withpayload.png,25.745000,-80.605000,25.744500,-80.605300,apolloshield_dji,df,,,2414500000,RADAR-A2D2-E5B7,Sensor Everglades / West Miami Approach,260,RED,RED
1773243707904,A2D2-E5B7,FLT-E5B7-001,25.748842,-80.600582,61.5,11.4,0,Mavic 2,true,drone_images/Mavic 2_withpayload.png,25.745000,-80.605000,25.744500,-80.605300,apolloshield_dji,df,,,2414500000,RADAR-A2D2-E5B7,Sensor Everglades / West Miami Approach,260,RED,RED
1773243707906,A2D2-E5B7,FLT-E5B7-001,25.748665,-80.600754,65.1,2,0,Mavic 2,true,drone_images/Mavic 2_withpayload.png,25.745000,-80.605000,25.744500,-80.605300,apolloshield_dji,df,,,2414500000,RADAR-A2D2-E5B7,Sensor Everglades / West Miami Approach,260,RED,RED
1773243707907,A2D2-E5B7,FLT-E5B7-001,25.748665,-80.600754,65.1,2,0,Mavic 2,true,drone_images/Mavic 2_withpayload.png,25.745000,-80.605000,25.744500,-80.605300,apolloshield_dji,df,,,2414500000,RADAR-A2D2-E5B7,Sensor Everglades / West Miami Approach,260,RED,RED
1773243707909,A2D2-E5B7,FLT-E5B7-001,25.748665,-80.600754,65.1,2,0,Mavic 2,true,drone_images/Mavic 2_withpayload.png,25.745000,-80.605000,25.744500,-80.605300,apolloshield_dji,df,,,2414500000,RADAR-A2D2-E5B7,Sensor Everglades / West Miami Approach,260,RED,RED
1773243707910,A2D2-E5B7,FLT-E5B7-001,25.748665,-80.600754,65.1,2,0,Mavic 2,true,drone_images/Mavic 2_withpayload.png,25.745000,-80.605000,25.744500,-80.605300,apolloshield_dji,df,,,2414500000,RADAR-A2D2-E5B7,Sensor Everglades / West Miami Approach,260,RED,RED
1773243707912,A2D2-E5B7,FLT-E5B7-001,25.748665,-80.600754,65.1,2,0,Mavic 2,true,drone_images/Mavic 2_withpayload.png,25.745000,-80.605000,25.744500,-80.605300,apolloshield_dji,df,,,2414500000,RADAR-A2D2-E5B7,Sensor Everglades / West Miami Approach,260,RED,RED
1773243707914,A2D2-E5B7,FLT-E5B7-001,25.748665,-80.600754,65.1,2,0,Mavic 2,true,drone_images/Mavic 2_withpayload.png,25.745000,-80.605000,25.744500,-80.605300,apolloshield_dji,df,,,2414500000,RADAR-A2D2-E5B7,Sensor Everglades / West Miami Approach,260,RED,RED
1773243707914,A2D2-E5B7,FLT-E5B7-001,25.748665,-80.600754,65.1,2,0,Mavic 2,true,drone_images/Mavic 2_withpayload.png,25.745000,-80.605000,25.744500,-80.605300,apolloshield_dji,df,,,2414500000,RADAR-A2D2-E5B7,Sensor Everglades / West Miami Approach,260,RED,RED
1773243707916,A2D2-E5B7,FLT-E5B7-001,25.748665,-80.600754,65.1,2,0,Mavic 2,true,drone_images/Mavic 2_withpayload.png,25.745000,-80.605000,25.744500,-80.605300,apolloshield_dji,df,,,2414500000,RADAR-A2D2-E5B7,Sensor Everglades / West Miami Approach,260,RED,RED
1773243707917,A2D2-E5B7,FLT-E5B7-001,25.748665,-80.600754,65.1,2,0,Mavic 2,true,drone_images/Mavic 2_withpayload.png,25.745000,-80.605000,25.744500,-80.605300,apolloshield_dji,df,,,2414500000,RADAR-A2D2-E5B7,Sensor Everglades / West Miami Approach,260,RED,RED
1773243707918,A2D2-E5B7,FLT-E5B7-001,25.748665,-80.600754,65.1,2,0,Mavic 2,true,drone_images/Mavic 2_withpayload.png,25.745000,-80.605000,25.744500,-80.605300,apolloshield_dji,df,,,2414500000,RADAR-A2D2-E5B7,Sensor Everglades / West Miami Approach,260,RED,RED
1773243707919,A2D2-E5B7,FLT-E5B7-001,25.749398,-80.601350,64.7,12.3,0,Mavic 2,true,drone_images/Mavic 2_withpayload.png,25.745000,-80.605000,25.744500,-80.605300,apolloshield_dji,df,,,2414500000,RADAR-A2D2-E5B7,Sensor Everglades / West Miami Approach,260,RED,RED
1773243707921,A2D2-E5B7,FLT-E5B7-001,25.749398,-80.601350,64.7,12.3,0,Mavic 2,true,drone_images/Mavic 2_withpayload.png,25.745000,-80.605000,25.744500,-80.605300,apolloshield_dji,df,,,2414500000,RADAR-A2D2-E5B7,Sensor Everglades / West Miami Approach,260,RED,RED
1773243707922,A2D2-E5B7,FLT-E5B7-001,25.749553,-80.601419,64.9,12.2,0,Mavic 2,true,drone_images/Mavic 2_withpayload.png,25.745000,-80.605000,25.744500,-80.605300,apolloshield_dji,df,,,2414500000,RADAR-A2D2-E5B7,Sensor Everglades / West Miami Approach,260,RED,RED
1773243707923,A2D2-E5B7,FLT-E5B7-001,25.749553,-80.601419,64.9,12.2,0,Mavic 2,true,drone_images/Mavic 2_withpayload.png,25.745000,-80.605000,25.744500,-80.605300,apolloshield_dji,df,,,2414500000,RADAR-A2D2-E5B7,Sensor Everglades / West Miami Approach,260,RED,RED
1773243707924,A2D2-E5B7,FLT-E5B7-001,25.749713,-80.601465,64.8,12,0,Mavic 2,true,drone_images/Mavic 2_withpayload.png,25.745000,-80.605000,25.744500,-80.605300,apolloshield_dji,df,,,2414500000,RADAR-A2D2-E5B7,Sensor Everglades / West Miami Approach,260,RED,RED
1773243707925,A2D2-E5B7,FLT-E5B7-001,25.749868,-80.601493,64.9,12,0,Mavic 2,true,drone_images/Mavic 2_withpayload.png,25.745000,-80.605000,25.744500,-80.605300,apolloshield_dji,df,,,2414500000,RADAR-A2D2-E5B7,Sensor Everglades / West Miami Approach,260,RED,RED
1773243707926,A2D2-E5B7,FLT-E5B7-001,25.749868,-80.601493,64.9,12,0,Mavic 2,true,drone_images/Mavic 2_withpayload.png,25.745000,-80.605000,25.744500,-80.605300,apolloshield_dji,df,,,2414500000,RADAR-A2D2-E5B7,Sensor Everglades / West Miami Approach,260,RED,RED
1773243707927,A2D2-E5B7,FLT-E5B7-001,25.749868,-80.601493,64.9,12,0,Mavic 2,true,drone_images/Mavic 2_withpayload.png,25.745000,-80.605000,25.744500,-80.605300,apolloshield_dji,df,,,2414500000,RADAR-A2D2-E5B7,Sensor Everglades / West Miami Approach,260,RED,RED
1773243707930,A2D2-E5B7,FLT-E5B7-001,25.749868,-80.601493,64.9,12,0,Mavic 2,true,drone_images/Mavic 2_withpayload.png,25.745000,-80.605000,25.744500,-80.605300,apolloshield_dji,df,,,2414500000,RADAR-A2D2-E5B7,Sensor Everglades / West Miami Approach,260,RED,RED
1773243707931,A2D2-E5B7,FLT-E5B7-001,25.749868,-80.601493,64.9,12,0,Mavic 2,true,drone_images/Mavic 2_withpayload.png,25.745000,-80.605000,25.744500,-80.605300,apolloshield_dji,df,,,2414500000,RADAR-A2D2-E5B7,Sensor Everglades / West Miami Approach,260,RED,RED
1773243707931,A2D2-E5B7,FLT-E5B7-001,25.749868,-80.601493,64.9,12,0,Mavic 2,true,drone_images/Mavic 2_withpayload.png,25.745000,-80.605000,25.744500,-80.605300,apolloshield_dji,df,,,2414500000,RADAR-A2D2-E5B7,Sensor Everglades / West Miami Approach,260,RED,RED
1773243707933,A2D2-E5B7,FLT-E5B7-001,25.749868,-80.601493,64.9,12,0,Mavic 2,true,drone_images/Mavic 2_withpayload.png,25.745000,-80.605000,25.744500,-80.605300,apolloshield_dji,df,,,2414500000,RADAR-A2D2-E5B7,Sensor Everglades / West Miami Approach,260,RED,RED
1773243707934,A2D2-E5B7,FLT-E5B7-001,25.749868,-80.601493,64.9,12,0,Mavic 2,true,drone_images/Mavic 2_withpayload.png,25.745000,-80.605000,25.744500,-80.605300,apolloshield_dji,df,,,2414500000,RADAR-A2D2-E5B7,Sensor Everglades / West Miami Approach,260,RED,RED
1773243707934,A2D2-E5B7,FLT-E5B7-001,25.749868,-80.601493,64.9,12,0,Mavic 2,true,drone_images/Mavic 2_withpayload.png,25.745000,-80.605000,25.744500,-80.605300,apolloshield_dji,df,,,2414500000,RADAR-A2D2-E5B7,Sensor Everglades / West Miami Approach,260,RED,RED
1773243707935,A2D2-E5B7,FLT-E5B7-001,25.749868,-80.601493,64.9,12,0,Mavic 2,true,drone_images/Mavic 2_withpayload.png,25.745000,-80.605000,25.744500,-80.605300,apolloshield_dji,df,,,2414500000,RADAR-A2D2-E5B7,Sensor Everglades / West Miami Approach,260,RED,RED
1773243707936,A2D2-E5B7,FLT-E5B7-001,25.750447,-80.601493,64.9,28,0,Mavic 2,true,drone_images/Mavic 2_withpayload.png,25.745000,-80.605000,25.744500,-80.605300,apolloshield_dji,df,,,2414500000,RADAR-A2D2-E5B7,Sensor Everglades / West Miami Approach,260,RED,RED
1773243707937,A2D2-E5B7,FLT-E5B7-001,25.750447,-80.601493,64.9,28,0,Mavic 2,true,drone_images/Mavic 2_withpayload.png,25.745000,-80.605000,25.744500,-80.605300,apolloshield_dji,df,,,2414500000,RADAR-A2D2-E5B7,Sensor Everglades / West Miami Approach,260,RED,RED
1773243707938,A2D2-E5B7,FLT-E5B7-001,25.750447,-80.601493,64.9,28,0,Mavic 2,true,drone_images/Mavic 2_withpayload.png,25.745000,-80.605000,25.744500,-80.605300,apolloshield_dji,df,,,2414500000,RADAR-A2D2-E5B7,Sensor Everglades / West Miami Approach,260,RED,RED
1773243707939,A2D2-E5B7,FLT-E5B7-001,25.750447,-80.601493,64.9,28,0,Mavic 2,true,drone_images/Mavic 2_withpayload.png,25.745000,-80.605000,25.744500,-80.605300,apolloshield_dji,df,,,2414500000,RADAR-A2D2-E5B7,Sensor Everglades / West Miami Approach,260,RED,RED
1773243707941,A2D2-E5B7,FLT-E5B7-001,25.750447,-80.601493,64.9,28,0,Mavic 2,true,drone_images/Mavic 2_withpayload.png,25.745000,-80.605000,25.744500,-80.605300,apolloshield_dji,df,,,2414500000,RADAR-A2D2-E5B7,Sensor Everglades / West Miami Approach,260,RED,RED
1773243707942,A2D2-E5B7,FLT-E5B7-001,25.750430,-80.601367,62.7,7.1,0,Mavic 2,true,drone_images/Mavic 2_withpayload.png,25.745000,-80.605000,25.744500,-80.605300,apolloshield_dji,df,,,2414500000,RADAR-A2D2-E5B7,Sensor Everglades / West Miami Approach,260,RED,RED
1773243707944,A2D2-E5B7,FLT-E5B7-001,25.750407,-80.601201,59.9,9.5,0,Mavic 2,true,drone_images/Mavic 2_withpayload.png,25.745000,-80.605000,25.744500,-80.605300,apolloshield_dji,df,,,2414500000,RADAR-A2D2-E5B7,Sensor Everglades / West Miami Approach,260,RED,RED
1773243707945,A2D2-E5B7,FLT-E5B7-001,25.750407,-80.601201,59.9,9.5,0,Mavic 2,true,drone_images/Mavic 2_withpayload.png,25.745000,-80.605000,25.744500,-80.605300,apolloshield_dji,df,,,2414500000,RADAR-A2D2-E5B7,Sensor Everglades / West Miami Approach,260,RED,RED
1773243707946,A2D2-E5B7,FLT-E5B7-001,25.750407,-80.601201,59.9,9.5,0,Mavic 2,true,drone_images/Mavic 2_withpayload.png,25.745000,-80.605000,25.744500,-80.605300,apolloshield_dji,df,,,2414500000,RADAR-A2D2-E5B7,Sensor Everglades / West Miami Approach,260,RED,RED
1773243707947,A2D2-E5B7,FLT-E5B7-001,25.750407,-80.601201,59.9,9.5,0,Mavic 2,true,drone_images/Mavic 2_withpayload.png,25.745000,-80.605000,25.744500,-80.605300,apolloshield_dji,df,,,2414500000,RADAR-A2D2-E5B7,Sensor Everglades / West Miami Approach,260,RED,RED
1773243707949,A2D2-E5B7,FLT-E5B7-001,25.750407,-80.601201,59.9,9.5,0,Mavic 2,true,drone_images/Mavic 2_withpayload.png,25.745000,-80.605000,25.744500,-80.605300,apolloshield_dji,df,,,2414500000,RADAR-A2D2-E5B7,Sensor Everglades / West Miami Approach,260,RED,RED
1773243708105,A2D2-E5B7,FLT-E5B7-001,25.750338,-80.600771,52.4,9.3,0,Mavic 2,true,drone_images/Mavic 2_withpayload.png,25.745000,-80.605000,25.744500,-80.605300,apolloshield_dji,df,,,2414500000,RADAR-A2D2-E5B7,Sensor Everglades / West Miami Approach,260,RED,RED
1773243708107,A2D2-E5B7,FLT-E5B7-001,25.750338,-80.600771,52.4,9.3,0,Mavic 2,true,drone_images/Mavic 2_withpayload.png,25.745000,-80.605000,25.744500,-80.605300,apolloshield_dji,df,,,2414500000,RADAR-A2D2-E5B7,Sensor Everglades / West Miami Approach,260,RED,RED
1773243708107,A2D2-E5B7,FLT-E5B7-001,25.750338,-80.600771,52.4,9.3,0,Mavic 2,true,drone_images/Mavic 2_withpayload.png,25.745000,-80.605000,25.744500,-80.605300,apolloshield_dji,df,,,2414500000,RADAR-A2D2-E5B7,Sensor Everglades / West Miami Approach,260,RED,RED
1773243708109,A2D2-E5B7,FLT-E5B7-001,25.750338,-80.600771,52.4,9.3,0,Mavic 2,true,drone_images/Mavic 2_withpayload.png,25.745000,-80.605000,25.744500,-80.605300,apolloshield_dji,df,,,2414500000,RADAR-A2D2-E5B7,Sensor Everglades / West Miami Approach,260,RED,RED
1773243708110,A2D2-E5B7,FLT-E5B7-001,25.750275,-80.600342,45.4,11.8,0,Mavic 2,true,drone_images/Mavic 2_withpayload.png,25.745000,-80.605000,25.744500,-80.605300,apolloshield_dji,df,,,2414500000,RADAR-A2D2-E5B7,Sensor Everglades / West Miami Approach,260,RED,RED
1773243708111,A2D2-E5B7,FLT-E5B7-001,25.750275,-80.600342,45.4,11.8,0,Mavic 2,true,drone_images/Mavic 2_withpayload.png,25.745000,-80.605000,25.744500,-80.605300,apolloshield_dji,df,,,2414500000,RADAR-A2D2-E5B7,Sensor Everglades / West Miami Approach,260,RED,RED
1773243708113,A2D2-E5B7,FLT-E5B7-001,25.750275,-80.600342,45.4,11.8,0,Mavic 2,true,drone_images/Mavic 2_withpayload.png,25.745000,-80.605000,25.744500,-80.605300,apolloshield_dji,df,,,2414500000,RADAR-A2D2-E5B7,Sensor Everglades / West Miami Approach,260,RED,RED
1773243708118,A2D2-E5B7,FLT-E5B7-001,25.750235,-80.600107,42,2.1,0,Mavic 2,true,drone_images/Mavic 2_withpayload.png,25.745000,-80.605000,25.744500,-80.605300,apolloshield_dji,df,,,2414500000,RADAR-A2D2-E5B7,Sensor Everglades / West Miami Approach,260,RED,RED
1773243708118,A2D2-E5B7,FLT-E5B7-001,25.750275,-80.600342,45.4,11.8,0,Mavic 2,true,drone_images/Mavic 2_withpayload.png,25.745000,-80.605000,25.744500,-80.605300,apolloshield_dji,df,,,2414500000,RADAR-A2D2-E5B7,Sensor Everglades / West Miami Approach,260,RED,RED
1773243708120,A2D2-E5B7,FLT-E5B7-001,25.750235,-80.600107,42,2.1,0,Mavic 2,true,drone_images/Mavic 2_withpayload.png,25.745000,-80.605000,25.744500,-80.605300,apolloshield_dji,df,,,2414500000,RADAR-A2D2-E5B7,Sensor Everglades / West Miami Approach,260,RED,RED
1773243708125,A2D2-E5B7,FLT-E5B7-001,25.750235,-80.600107,42,2.1,0,Mavic 2,true,drone_images/Mavic 2_withpayload.png,25.745000,-80.605000,25.744500,-80.605300,apolloshield_dji,df,,,2414500000,RADAR-A2D2-E5B7,Sensor Everglades / West Miami Approach,260,RED,RED
1773243708139,A2D2-E5B7,FLT-E5B7-001,25.750235,-80.600107,42,2.1,0,Mavic 2,true,drone_images/Mavic 2_withpayload.png,25.745000,-80.605000,25.744500,-80.605300,apolloshield_dji,df,,,2414500000,RADAR-A2D2-E5B7,Sensor Everglades / West Miami Approach,260,RED,RED
1773243708143,A2D2-E5B7,FLT-E5B7-001,25.750235,-80.600107,42,2.1,0,Mavic 2,true,drone_images/Mavic 2_withpayload.png,25.745000,-80.605000,25.744500,-80.605300,apolloshield_dji,df,,,2414500000,RADAR-A2D2-E5B7,Sensor Everglades / West Miami Approach,260,RED,RED
1773243708144,A2D2-E5B7,FLT-E5B7-001,25.749983,-80.600095,41.9,8.9,0,Mavic 2,true,drone_images/Mavic 2_withpayload.png,25.745000,-80.605000,25.744500,-80.605300,apolloshield_dji,df,,,2414500000,RADAR-A2D2-E5B7,Sensor Everglades / West Miami Approach,260,RED,RED
1773243708145,A2D2-E5B7,FLT-E5B7-001,25.749983,-80.600095,41.9,8.9,0,Mavic 2,true,drone_images/Mavic 2_withpayload.png,25.745000,-80.605000,25.744500,-80.605300,apolloshield_dji,df,,,2414500000,RADAR-A2D2-E5B7,Sensor Everglades / West Miami Approach,260,RED,RED
1773243708146,A2D2-E5B7,FLT-E5B7-001,25.749983,-80.600095,41.9,8.9,0,Mavic 2,true,drone_images/Mavic 2_withpayload.png,25.745000,-80.605000,25.744500,-80.605300,apolloshield_dji,df,,,2414500000,RADAR-A2D2-E5B7,Sensor Everglades / West Miami Approach,260,RED,RED
1773243708147,A2D2-E5B7,FLT-E5B7-001,25.749983,-80.600095,41.9,8.9,0,Mavic 2,true,drone_images/Mavic 2_withpayload.png,25.745000,-80.605000,25.744500,-80.605300,apolloshield_dji,df,,,2414500000,RADAR-A2D2-E5B7,Sensor Everglades / West Miami Approach,260,RED,RED
1773243708148,A2D2-E5B7,FLT-E5B7-001,25.749983,-80.600095,41.9,8.9,0,Mavic 2,true,drone_images/Mavic 2_withpayload.png,25.745000,-80.605000,25.744500,-80.605300,apolloshield_dji,df,,,2414500000,RADAR-A2D2-E5B7,Sensor Everglades / West Miami Approach,260,RED,RED
1773243708150,A2D2-E5B7,FLT-E5B7-001,25.749983,-80.600095,41.9,8.9,0,Mavic 2,true,drone_images/Mavic 2_withpayload.png,25.745000,-80.605000,25.744500,-80.605300,apolloshield_dji,df,,,2414500000,RADAR-A2D2-E5B7,Sensor Everglades / West Miami Approach,260,RED,RED
1773243708151,A2D2-E5B7,FLT-E5B7-001,25.749983,-80.600095,41.9,8.9,0,Mavic 2,true,drone_images/Mavic 2_withpayload.png,25.745000,-80.605000,25.744500,-80.605300,apolloshield_dji,df,,,2414500000,RADAR-A2D2-E5B7,Sensor Everglades / West Miami Approach,260,RED,RED
1773243708152,A2D2-E5B7,FLT-E5B7-001,25.749983,-80.600095,41.9,8.9,0,Mavic 2,true,drone_images/Mavic 2_withpayload.png,25.745000,-80.605000,25.744500,-80.605300,apolloshield_dji,df,,,2414500000,RADAR-A2D2-E5B7,Sensor Everglades / West Miami Approach,260,RED,RED
1773243708153,A2D2-E5B7,FLT-E5B7-001,25.749983,-80.600095,41.9,8.9,0,Mavic 2,true,drone_images/Mavic 2_withpayload.png,25.745000,-80.605000,25.744500,-80.605300,apolloshield_dji,df,,,2414500000,RADAR-A2D2-E5B7,Sensor Everglades / West Miami Approach,260,RED,RED
1773243708155,A2D2-E5B7,FLT-E5B7-001,25.749983,-80.600095,41.9,8.9,0,Mavic 2,true,drone_images/Mavic 2_withpayload.png,25.745000,-80.605000,25.744500,-80.605300,apolloshield_dji,df,,,2414500000,RADAR-A2D2-E5B7,Sensor Everglades / West Miami Approach,260,RED,RED
1773243708155,A2D2-E5B7,FLT-E5B7-001,25.749983,-80.600095,41.9,8.9,0,Mavic 2,true,drone_images/Mavic 2_withpayload.png,25.745000,-80.605000,25.744500,-80.605300,apolloshield_dji,df,,,2414500000,RADAR-A2D2-E5B7,Sensor Everglades / West Miami Approach,260,RED,RED
1773243708157,A2D2-E5B7,FLT-E5B7-001,25.749983,-80.600095,41.9,8.9,0,Mavic 2,true,drone_images/Mavic 2_withpayload.png,25.745000,-80.605000,25.744500,-80.605300,apolloshield_dji,df,,,2414500000,RADAR-A2D2-E5B7,Sensor Everglades / West Miami Approach,260,RED,RED
1773243708159,A2D2-E5B7,FLT-E5B7-001,25.749513,-80.599253,42,8.5,0,Mavic 2,true,drone_images/Mavic 2_withpayload.png,25.745000,-80.605000,25.744500,-80.605300,apolloshield_dji,df,,,2414500000,RADAR-A2D2-E5B7,Sensor Everglades / West Miami Approach,260,RED,RED
1773243708180,A2D2-E5B7,FLT-E5B7-001,25.749513,-80.599253,42,8.5,0,Mavic 2,true,drone_images/Mavic 2_withpayload.png,25.745000,-80.605000,25.744500,-80.605300,apolloshield_dji,df,,,2414500000,RADAR-A2D2-E5B7,Sensor Everglades / West Miami Approach,260,RED,RED
1773243708182,A2D2-E5B7,FLT-E5B7-001,25.749513,-80.599253,42,8.5,0,Mavic 2,true,drone_images/Mavic 2_withpayload.png,25.745000,-80.605000,25.744500,-80.605300,apolloshield_dji,df,,,2414500000,RADAR-A2D2-E5B7,Sensor Everglades / West Miami Approach,260,RED,RED
1773243708192,A2D2-E5B7,FLT-E5B7-001,25.749541,-80.599156,42.2,1.6,0,Mavic 2,true,drone_images/Mavic 2_withpayload.png,25.745000,-80.605000,25.744500,-80.605300,apolloshield_dji,df,,,2414500000,RADAR-A2D2-E5B7,Sensor Everglades / West Miami Approach,260,RED,RED
1773243708318,A2D2-E5B7,FLT-E5B7-001,25.749587,-80.599179,45.4,4.6,0,Mavic 2,true,drone_images/Mavic 2_withpayload.png,25.745000,-80.605000,25.744500,-80.605300,apolloshield_dji,df,,,2414500000,RADAR-A2D2-E5B7,Sensor Everglades / West Miami Approach,260,RED,RED
1773243708319,A2D2-E5B7,FLT-E5B7-001,25.749587,-80.599179,45.4,4.6,0,Mavic 2,true,drone_images/Mavic 2_withpayload.png,25.745000,-80.605000,25.744500,-80.605300,apolloshield_dji,df,,,2414500000,RADAR-A2D2-E5B7,Sensor Everglades / West Miami Approach,260,RED,RED
1773243708324,A2D2-E5B7,FLT-E5B7-001,25.749587,-80.599179,45.4,4.6,0,Mavic 2,true,drone_images/Mavic 2_withpayload.png,25.745000,-80.605000,25.744500,-80.605300,apolloshield_dji,df,,,2414500000,RADAR-A2D2-E5B7,Sensor Everglades / West Miami Approach,260,RED,RED
1773243708326,A2D2-E5B7,FLT-E5B7-001,25.749587,-80.599179,45.4,4.6,0,Mavic 2,true,drone_images/Mavic 2_withpayload.png,25.745000,-80.605000,25.744500,-80.605300,apolloshield_dji,df,,,2414500000,RADAR-A2D2-E5B7,Sensor Everglades / West Miami Approach,260,RED,RED
1773243708327,A2D2-E5B7,FLT-E5B7-001,25.749587,-80.599179,45.4,4.6,0,Mavic 2,true,drone_images/Mavic 2_withpayload.png,25.745000,-80.605000,25.744500,-80.605300,apolloshield_dji,df,,,2414500000,RADAR-A2D2-E5B7,Sensor Everglades / West Miami Approach,260,RED,RED
1773243708329,A2D2-E5B7,FLT-E5B7-001,25.749765,-80.599253,57.9,4.4,0,Mavic 2,true,drone_images/Mavic 2_withpayload.png,25.745000,-80.605000,25.744500,-80.605300,apolloshield_dji,df,,,2414500000,RADAR-A2D2-E5B7,Sensor Everglades / West Miami Approach,260,RED,RED
1773243708331,A2D2-E5B7,FLT-E5B7-001,25.749765,-80.599253,57.9,4.4,0,Mavic 2,true,drone_images/Mavic 2_withpayload.png,25.745000,-80.605000,25.744500,-80.605300,apolloshield_dji,df,,,2414500000,RADAR-A2D2-E5B7,Sensor Everglades / West Miami Approach,260,RED,RED
1773243708332,A2D2-E5B7,FLT-E5B7-001,25.749765,-80.599253,57.9,4.4,0,Mavic 2,true,drone_images/Mavic 2_withpayload.png,25.745000,-80.605000,25.744500,-80.605300,apolloshield_dji,df,,,2414500000,RADAR-A2D2-E5B7,Sensor Everglades / West Miami Approach,260,RED,RED
1773243708333,A2D2-E5B7,FLT-E5B7-001,25.749765,-80.599253,57.9,4.4,0,Mavic 2,true,drone_images/Mavic 2_withpayload.png,25.745000,-80.605000,25.744500,-80.605300,apolloshield_dji,df,,,2414500000,RADAR-A2D2-E5B7,Sensor Everglades / West Miami Approach,260,RED,RED
1773243708334,A2D2-E5B7,FLT-E5B7-001,25.749765,-80.599253,57.9,4.4,0,Mavic 2,true,drone_images/Mavic 2_withpayload.png,25.745000,-80.605000,25.744500,-80.605300,apolloshield_dji,df,,,2414500000,RADAR-A2D2-E5B7,Sensor Everglades / West Miami Approach,260,RED,RED
1773243708336,A2D2-E5B7,FLT-E5B7-001,25.749948,-80.599333,71.1,4.6,0,Mavic 2,true,drone_images/Mavic 2_withpayload.png,25.745000,-80.605000,25.744500,-80.605300,apolloshield_dji,df,,,2414500000,RADAR-A2D2-E5B7,Sensor Everglades / West Miami Approach,260,RED,RED
1773243708337,A2D2-E5B7,FLT-E5B7-001,25.749988,-80.599350,73.7,4.5,0,Mavic 2,true,drone_images/Mavic 2_withpayload.png,25.745000,-80.605000,25.744500,-80.605300,apolloshield_dji,df,,,2414500000,RADAR-A2D2-E5B7,Sensor Everglades / West Miami Approach,260,RED,RED
1773243708338,A2D2-E5B7,FLT-E5B7-001,25.749988,-80.599350,73.7,4.5,0,Mavic 2,true,drone_images/Mavic 2_withpayload.png,25.745000,-80.605000,25.744500,-80.605300,apolloshield_dji,df,,,2414500000,RADAR-A2D2-E5B7,Sensor Everglades / West Miami Approach,260,RED,RED
1773243708339,A2D2-E5B7,FLT-E5B7-001,25.749988,-80.599350,73.7,4.5,0,Mavic 2,true,drone_images/Mavic 2_withpayload.png,25.745000,-80.605000,25.744500,-80.605300,apolloshield_dji,df,,,2414500000,RADAR-A2D2-E5B7,Sensor Everglades / West Miami Approach,260,RED,RED
1773243708341,A2D2-E5B7,FLT-E5B7-001,25.749988,-80.599350,73.7,4.5,0,Mavic 2,true,drone_images/Mavic 2_withpayload.png,25.745000,-80.605000,25.744500,-80.605300,apolloshield_dji,df,,,2414500000,RADAR-A2D2-E5B7,Sensor Everglades / West Miami Approach,260,RED,RED
1773243708341,A2D2-E5B7,FLT-E5B7-001,25.750103,-80.599396,81.7,1.5,0,Mavic 2,true,drone_images/Mavic 2_withpayload.png,25.745000,-80.605000,25.744500,-80.605300,apolloshield_dji,df,,,2414500000,RADAR-A2D2-E5B7,Sensor Everglades / West Miami Approach,260,RED,RED
1773243708344,A2D2-E5B7,FLT-E5B7-001,25.750103,-80.599396,81.7,1.5,0,Mavic 2,true,drone_images/Mavic 2_withpayload.png,25.745000,-80.605000,25.744500,-80.605300,apolloshield_dji,df,,,2414500000,RADAR-A2D2-E5B7,Sensor Everglades / West Miami Approach,260,RED,RED
1773243708346,A2D2-E5B7,FLT-E5B7-001,25.750103,-80.599396,81.7,1.5,0,Mavic 2,true,drone_images/Mavic 2_withpayload.png,25.745000,-80.605000,25.744500,-80.605300,apolloshield_dji,df,,,2414500000,RADAR-A2D2-E5B7,Sensor Everglades / West Miami Approach,260,RED,RED
1773243708348,A2D2-E5B7,FLT-E5B7-001,25.750103,-80.599396,81.7,1.5,0,Mavic 2,true,drone_images/Mavic 2_withpayload.png,25.745000,-80.605000,25.744500,-80.605300,apolloshield_dji,df,,,2414500000,RADAR-A2D2-E5B7,Sensor Everglades / West Miami Approach,260,RED,RED
1773243708349,A2D2-E5B7,FLT-E5B7-001,25.750120,-80.599396,75.1,0.5,0,Mavic 2,true,drone_images/Mavic 2_withpayload.png,25.745000,-80.605000,25.744500,-80.605300,apolloshield_dji,df,,,2414500000,RADAR-A2D2-E5B7,Sensor Everglades / West Miami Approach,260,RED,RED
1773243708349,A2D2-E5B7,FLT-E5B7-001,25.750120,-80.599396,75.1,0.5,0,Mavic 2,true,drone_images/Mavic 2_withpayload.png,25.745000,-80.605000,25.744500,-80.605300,apolloshield_dji,df,,,2414500000,RADAR-A2D2-E5B7,Sensor Everglades / West Miami Approach,260,RED,RED
1773243708353,A2D2-E5B7,FLT-E5B7-001,25.750120,-80.599396,75.1,0.5,0,Mavic 2,true,drone_images/Mavic 2_withpayload.png,25.745000,-80.605000,25.744500,-80.605300,apolloshield_dji,df,,,2414500000,RADAR-A2D2-E5B7,Sensor Everglades / West Miami Approach,260,RED,RED
1773243708353,A2D2-E5B7,FLT-E5B7-001,25.750132,-80.599396,66.5,0.7,0,Mavic 2,true,drone_images/Mavic 2_withpayload.png,25.745000,-80.605000,25.744500,-80.605300,apolloshield_dji,df,,,2414500000,RADAR-A2D2-E5B7,Sensor Everglades / West Miami Approach,260,RED,RED
1773243708355,A2D2-E5B7,FLT-E5B7-001,25.750132,-80.599396,66.5,0.7,0,Mavic 2,true,drone_images/Mavic 2_withpayload.png,25.745000,-80.605000,25.744500,-80.605300,apolloshield_dji,df,,,2414500000,RADAR-A2D2-E5B7,Sensor Everglades / West Miami Approach,260,RED,RED
1773243708355,A2D2-E5B7,FLT-E5B7-001,25.750132,-80.599396,66.5,0.7,0,Mavic 2,true,drone_images/Mavic 2_withpayload.png,25.745000,-80.605000,25.744500,-80.605300,apolloshield_dji,df,,,2414500000,RADAR-A2D2-E5B7,Sensor Everglades / West Miami Approach,260,RED,RED
1773243708357,A2D2-E5B7,FLT-E5B7-001,25.750132,-80.599396,66.5,0.7,0,Mavic 2,true,drone_images/Mavic 2_withpayload.png,25.745000,-80.605000,25.744500,-80.605300,apolloshield_dji,df,,,2414500000,RADAR-A2D2-E5B7,Sensor Everglades / West Miami Approach,260,RED,RED
1773243708358,A2D2-E5B7,FLT-E5B7-001,25.750132,-80.599396,66.5,0.7,0,Mavic 2,true,drone_images/Mavic 2_withpayload.png,25.745000,-80.605000,25.744500,-80.605300,apolloshield_dji,df,,,2414500000,RADAR-A2D2-E5B7,Sensor Everglades / West Miami Approach,260,RED,RED
1773243708360,A2D2-E5B7,FLT-E5B7-001,25.750143,-80.599391,53.3,0.4,0,Mavic 2,true,drone_images/Mavic 2_withpayload.png,25.745000,-80.605000,25.744500,-80.605300,apolloshield_dji,df,,,2414500000,RADAR-A2D2-E5B7,Sensor Everglades / West Miami Approach,260,RED,RED
1773243708361,A2D2-E5B7,FLT-E5B7-001,25.750143,-80.599391,53.3,0.4,0,Mavic 2,true,drone_images/Mavic 2_withpayload.png,25.745000,-80.605000,25.744500,-80.605300,apolloshield_dji,df,,,2414500000,RADAR-A2D2-E5B7,Sensor Everglades / West Miami Approach,260,RED,RED
1773243708361,A2D2-E5B7,FLT-E5B7-001,25.750143,-80.599391,53.3,0.4,0,Mavic 2,true,drone_images/Mavic 2_withpayload.png,25.745000,-80.605000,25.744500,-80.605300,apolloshield_dji,df,,,2414500000,RADAR-A2D2-E5B7,Sensor Everglades / West Miami Approach,260,RED,RED
1773243708362,A2D2-E5B7,FLT-E5B7-001,25.750143,-80.599391,53.3,0.4,0,Mavic 2,true,drone_images/Mavic 2_withpayload.png,25.745000,-80.605000,25.744500,-80.605300,apolloshield_dji,df,,,2414500000,RADAR-A2D2-E5B7,Sensor Everglades / West Miami Approach,260,RED,RED
1773243708363,A2D2-E5B7,FLT-E5B7-001,25.750223,-80.599322,52.6,6.7,0,Mavic 2,true,drone_images/Mavic 2_withpayload.png,25.745000,-80.605000,25.744500,-80.605300,apolloshield_dji,df,,,2414500000,RADAR-A2D2-E5B7,Sensor Everglades / West Miami Approach,260,RED,RED
1773243708364,A2D2-E5B7,FLT-E5B7-001,25.750292,-80.599259,52.7,6.7,0,Mavic 2,true,drone_images/Mavic 2_withpayload.png,25.745000,-80.605000,25.744500,-80.605300,apolloshield_dji,df,,,2414500000,RADAR-A2D2-E5B7,Sensor Everglades / West Miami Approach,260,RED,RED
1773243708365,A2D2-E5B7,FLT-E5B7-001,25.750292,-80.599259,52.7,6.7,0,Mavic 2,true,drone_images/Mavic 2_withpayload.png,25.745000,-80.605000,25.744500,-80.605300,apolloshield_dji,df,,,2414500000,RADAR-A2D2-E5B7,Sensor Everglades / West Miami Approach,260,RED,RED
1773243708366,A2D2-E5B7,FLT-E5B7-001,25.750292,-80.599259,52.7,6.7,0,Mavic 2,true,drone_images/Mavic 2_withpayload.png,25.745000,-80.605000,25.744500,-80.605300,apolloshield_dji,df,,,2414500000,RADAR-A2D2-E5B7,Sensor Everglades / West Miami Approach,260,RED,RED
1773243708368,A2D2-E5B7,FLT-E5B7-001,25.750292,-80.599259,52.7,6.7,0,Mavic 2,true,drone_images/Mavic 2_withpayload.png,25.745000,-80.605000,25.744500,-80.605300,apolloshield_dji,df,,,2414500000,RADAR-A2D2-E5B7,Sensor Everglades / West Miami Approach,260,RED,RED
1773243708369,A2D2-E5B7,FLT-E5B7-001,25.750430,-80.599133,52.5,6.4,0,Mavic 2,true,drone_images/Mavic 2_withpayload.png,25.745000,-80.605000,25.744500,-80.605300,apolloshield_dji,df,,,2414500000,RADAR-A2D2-E5B7,Sensor Everglades / West Miami Approach,260,RED,RED
1773243708371,A2D2-E5B7,FLT-E5B7-001,25.750493,-80.599075,52.6,6.5,0,Mavic 2,true,drone_images/Mavic 2_withpayload.png,25.745000,-80.605000,25.744500,-80.605300,apolloshield_dji,df,,,2414500000,RADAR-A2D2-E5B7,Sensor Everglades / West Miami Approach,260,RED,RED
1773243708373,A2D2-E5B7,FLT-E5B7-001,25.750493,-80.599075,52.6,6.5,0,Mavic 2,true,drone_images/Mavic 2_withpayload.png,25.745000,-80.605000,25.744500,-80.605300,apolloshield_dji,df,,,2414500000,RADAR-A2D2-E5B7,Sensor Everglades / West Miami Approach,260,RED,RED
1773243708374,A2D2-E5B7,FLT-E5B7-001,25.750493,-80.599075,52.6,6.5,0,Mavic 2,true,drone_images/Mavic 2_withpayload.png,25.745000,-80.605000,25.744500,-80.605300,apolloshield_dji,df,,,2414500000,RADAR-A2D2-E5B7,Sensor Everglades / West Miami Approach,260,RED,RED
1773243708375,A2D2-E5B7,FLT-E5B7-001,25.750493,-80.599075,52.6,6.5,0,Mavic 2,true,drone_images/Mavic 2_withpayload.png,25.745000,-80.605000,25.744500,-80.605300,apolloshield_dji,df,,,2414500000,RADAR-A2D2-E5B7,Sensor Everglades / West Miami Approach,260,RED,RED
1773243708376,A2D2-E5B7,FLT-E5B7-001,25.750493,-80.599075,52.6,6.5,0,Mavic 2,true,drone_images/Mavic 2_withpayload.png,25.745000,-80.605000,25.744500,-80.605300,apolloshield_dji,df,,,2414500000,RADAR-A2D2-E5B7,Sensor Everglades / West Miami Approach,260,RED,RED
1773243708378,A2D2-E5B7,FLT-E5B7-001,25.750613,-80.598961,52.4,0.3,0,Mavic 2,true,drone_images/Mavic 2_withpayload.png,25.745000,-80.605000,25.744500,-80.605300,apolloshield_dji,df,,,2414500000,RADAR-A2D2-E5B7,Sensor Everglades / West Miami Approach,260,RED,RED
1773243708379,A2D2-E5B7,FLT-E5B7-001,25.750613,-80.598961,52.4,0.3,0,Mavic 2,true,drone_images/Mavic 2_withpayload.png,25.745000,-80.605000,25.744500,-80.605300,apolloshield_dji,df,,,2414500000,RADAR-A2D2-E5B7,Sensor Everglades / West Miami Approach,260,RED,RED
1773243708381,A2D2-E5B7,FLT-E5B7-001,25.750613,-80.598961,52.4,0.3,0,Mavic 2,true,drone_images/Mavic 2_withpayload.png,25.745000,-80.605000,25.744500,-80.605300,apolloshield_dji,df,,,2414500000,RADAR-A2D2-E5B7,Sensor Everglades / West Miami Approach,260,RED,RED
1773243708382,A2D2-E5B7,FLT-E5B7-001,25.750613,-80.598961,52.4,0.3,0,Mavic 2,true,drone_images/Mavic 2_withpayload.png,25.745000,-80.605000,25.744500,-80.605300,apolloshield_dji,df,,,2414500000,RADAR-A2D2-E5B7,Sensor Everglades / West Miami Approach,260,RED,RED
1773243708383,A2D2-E5B7,FLT-E5B7-001,25.750527,-80.599098,52.6,8.2,0,Mavic 2,true,drone_images/Mavic 2_withpayload.png,25.745000,-80.605000,25.744500,-80.605300,apolloshield_dji,df,,,2414500000,RADAR-A2D2-E5B7,Sensor Everglades / West Miami Approach,260,RED,RED
1773243708532,A2D2-E5B7,FLT-E5B7-001,25.750481,-80.599167,52.6,9.2,0,Mavic 2,true,drone_images/Mavic 2_withpayload.png,25.745000,-80.605000,25.744500,-80.605300,apolloshield_dji,df,,,2414500000,RADAR-A2D2-E5B7,Sensor Everglades / West Miami Approach,260,RED,RED
1773243709601,A2D2-E5B7,FLT-E5B7-001,25.750481,-80.599167,52.6,9.2,0,Mavic 2,true,drone_images/Mavic 2_withpayload.png,25.745000,-80.605000,25.744500,-80.605300,apolloshield_dji,df,,,2414500000,RADAR-A2D2-E5B7,Sensor Everglades / West Miami Approach,260,RED,RED
1773243710526,A2D2-E5B7,FLT-E5B7-001,25.750481,-80.599167,52.6,9.2,0,Mavic 2,true,drone_images/Mavic 2_withpayload.png,25.745000,-80.605000,25.744500,-80.605300,apolloshield_dji,df,,,2414500000,RADAR-A2D2-E5B7,Sensor Everglades / West Miami Approach,260,RED,RED
1773243711553,A2D2-E5B7,FLT-E5B7-001,25.750481,-80.599167,52.6,9.2,0,Mavic 2,true,drone_images/Mavic 2_withpayload.png,25.745000,-80.605000,25.744500,-80.605300,apolloshield_dji,df,,,2414500000,RADAR-A2D2-E5B7,Sensor Everglades / West Miami Approach,260,RED,RED
1773243712548,A2D2-E5B7,FLT-E5B7-001,25.750263,-80.599511,52.5,9.3,0,Mavic 2,true,drone_images/Mavic 2_withpayload.png,25.745000,-80.605000,25.744500,-80.605300,apolloshield_dji,df,,,2414500000,RADAR-A2D2-E5B7,Sensor Everglades / West Miami Approach,260,RED,RED
1773243713589,A2D2-E5B7,FLT-E5B7-001,25.750263,-80.599511,52.5,9.3,0,Mavic 2,true,drone_images/Mavic 2_withpayload.png,25.745000,-80.605000,25.744500,-80.605300,apolloshield_dji,df,,,2414500000,RADAR-A2D2-E5B7,Sensor Everglades / West Miami Approach,260,RED,RED
1773243714472,A2D2-E5B7,FLT-E5B7-001,25.750263,-80.599511,52.5,9.3,0,Mavic 2,true,drone_images/Mavic 2_withpayload.png,25.745000,-80.605000,25.744500,-80.605300,apolloshield_dji,df,,,2414500000,RADAR-A2D2-E5B7,Sensor Everglades / West Miami Approach,260,RED,RED
1773243715691,A2D2-E5B7,FLT-E5B7-001,25.750263,-80.599511,52.5,9.3,0,Mavic 2,true,drone_images/Mavic 2_withpayload.png,25.745000,-80.605000,25.744500,-80.605300,apolloshield_dji,df,,,2414500000,RADAR-A2D2-E5B7,Sensor Everglades / West Miami Approach,260,RED,RED
1773243716671,A2D2-E5B7,FLT-E5B7-001,25.750263,-80.599511,52.5,9.3,0,Mavic 2,true,drone_images/Mavic 2_withpayload.png,25.745000,-80.605000,25.744500,-80.605300,apolloshield_dji,df,,,2414500000,RADAR-A2D2-E5B7,Sensor Everglades / West Miami Approach,260,RED,RED
1773243717615,A2D2-E5B7,FLT-E5B7-001,25.750263,-80.599511,52.5,9.3,0,Mavic 2,true,drone_images/Mavic 2_withpayload.png,25.745000,-80.605000,25.744500,-80.605300,apolloshield_dji,df,,,2414500000,RADAR-A2D2-E5B7,Sensor Everglades / West Miami Approach,260,RED,RED
1773243718604,A2D2-E5B7,FLT-E5B7-001,25.750011,-80.599929,52.3,8.5,0,Mavic 2,true,drone_images/Mavic 2_withpayload.png,25.745000,-80.605000,25.744500,-80.605300,apolloshield_dji,df,,,2414500000,RADAR-A2D2-E5B7,Sensor Everglades / West Miami Approach,260,RED,RED
1773243719873,A2D2-E5B7,FLT-E5B7-001,25.750011,-80.599929,52.3,8.5,0,Mavic 2,true,drone_images/Mavic 2_withpayload.png,25.745000,-80.605000,25.744500,-80.605300,apolloshield_dji,df,,,2414500000,RADAR-A2D2-E5B7,Sensor Everglades / West Miami Approach,260,RED,RED
1773243720663,A2D2-E5B7,FLT-E5B7-001,25.750011,-80.599929,52.3,8.5,0,Mavic 2,true,drone_images/Mavic 2_withpayload.png,25.745000,-80.605000,25.744500,-80.605300,apolloshield_dji,df,,,2414500000,RADAR-A2D2-E5B7,Sensor Everglades / West Miami Approach,260,RED,RED
1773243721633,A2D2-E5B7,FLT-E5B7-001,25.749885,-80.600101,52.4,3.6,0,Mavic 2,true,drone_images/Mavic 2_withpayload.png,25.745000,-80.605000,25.744500,-80.605300,apolloshield_dji,df,,,2414500000,RADAR-A2D2-E5B7,Sensor Everglades / West Miami Approach,260,RED,RED
1773243723925,A2D2-E5B7,FLT-E5B7-001,25.749885,-80.600101,52.4,3.6,0,Mavic 2,true,drone_images/Mavic 2_withpayload.png,25.745000,-80.605000,25.744500,-80.605300,apolloshield_dji,df,,,2414500000,RADAR-A2D2-E5B7,Sensor Everglades / West Miami Approach,260,RED,RED
1773243724805,A2D2-E5B7,FLT-E5B7-001,25.749885,-80.600101,52.4,3.6,0,Mavic 2,true,drone_images/Mavic 2_withpayload.png,25.745000,-80.605000,25.744500,-80.605300,apolloshield_dji,df,,,2414500000,RADAR-A2D2-E5B7,Sensor Everglades / West Miami Approach,260,RED,RED
1773243725146,A2D2-E5B7,FLT-E5B7-001,25.749885,-80.600101,52.4,3.6,0,Mavic 2,true,drone_images/Mavic 2_withpayload.png,25.745000,-80.605000,25.744500,-80.605300,apolloshield_dji,df,,,2414500000,RADAR-A2D2-E5B7,Sensor Everglades / West Miami Approach,260,RED,RED
1773243725674,A2D2-E5B7,FLT-E5B7-001,25.749885,-80.600101,52.4,3.6,0,Mavic 2,true,drone_images/Mavic 2_withpayload.png,25.745000,-80.605000,25.744500,-80.605300,apolloshield_dji,df,,,2414500000,RADAR-A2D2-E5B7,Sensor Everglades / West Miami Approach,260,RED,RED
1773243726600,A2D2-E5B7,FLT-E5B7-001,25.749885,-80.600101,52.4,3.6,0,Mavic 2,true,drone_images/Mavic 2_withpayload.png,25.745000,-80.605000,25.744500,-80.605300,apolloshield_dji,df,,,2414500000,RADAR-A2D2-E5B7,Sensor Everglades / West Miami Approach,260,RED,RED
1773243727602,A2D2-E5B7,FLT-E5B7-001,25.749736,-80.600067,48.6,5.7,0,Mavic 2,true,drone_images/Mavic 2_withpayload.png,25.745000,-80.605000,25.744500,-80.605300,apolloshield_dji,df,,,2414500000,RADAR-A2D2-E5B7,Sensor Everglades / West Miami Approach,260,RED,RED
1773243728451,A2D2-E5B7,FLT-E5B7-001,25.749736,-80.600067,48.6,5.7,0,Mavic 2,true,drone_images/Mavic 2_withpayload.png,25.745000,-80.605000,25.744500,-80.605300,apolloshield_dji,df,,,2414500000,RADAR-A2D2-E5B7,Sensor Everglades / West Miami Approach,260,RED,RED
1773243729513,A2D2-E5B7,FLT-E5B7-001,25.749650,-80.600049,46.7,6.6,0,Mavic 2,true,drone_images/Mavic 2_withpayload.png,25.745000,-80.605000,25.744500,-80.605300,apolloshield_dji,df,,,2414500000,RADAR-A2D2-E5B7,Sensor Everglades / West Miami Approach,260,RED,RED
1773243730961,A2D2-E5B7,FLT-E5B7-001,25.749650,-80.600049,46.7,6.6,0,Mavic 2,true,drone_images/Mavic 2_withpayload.png,25.745000,-80.605000,25.744500,-80.605300,apolloshield_dji,df,,,2414500000,RADAR-A2D2-E5B7,Sensor Everglades / West Miami Approach,260,RED,RED
1773243731801,A2D2-E5B7,FLT-E5B7-001,25.749650,-80.600049,46.7,6.6,0,Mavic 2,true,drone_images/Mavic 2_withpayload.png,25.745000,-80.605000,25.744500,-80.605300,apolloshield_dji,df,,,2414500000,RADAR-A2D2-E5B7,Sensor Everglades / West Miami Approach,260,RED,RED
1773243732707,A2D2-E5B7,FLT-E5B7-001,25.749501,-80.599992,43.4,1.5,0,Mavic 2,true,drone_images/Mavic 2_withpayload.png,25.745000,-80.605000,25.744500,-80.605300,apolloshield_dji,df,,,2414500000,RADAR-A2D2-E5B7,Sensor Everglades / West Miami Approach,260,RED,RED
1773243733639,A2D2-E5B7,FLT-E5B7-001,25.749496,-80.599992,43.2,0.1,0,Mavic 2,true,drone_images/Mavic 2_withpayload.png,25.745000,-80.605000,25.744500,-80.605300,apolloshield_dji,df,,,2414500000,RADAR-A2D2-E5B7,Sensor Everglades / West Miami Approach,260,RED,RED
1773243734575,A2D2-E5B7,FLT-E5B7-001,25.749496,-80.599992,43.2,0.1,0,Mavic 2,true,drone_images/Mavic 2_withpayload.png,25.745000,-80.605000,25.744500,-80.605300,apolloshield_dji,df,,,2414500000,RADAR-A2D2-E5B7,Sensor Everglades / West Miami Approach,260,RED,RED
1773243735418,A2D2-E5B7,FLT-E5B7-001,25.749496,-80.599992,43.2,0.1,0,Mavic 2,true,drone_images/Mavic 2_withpayload.png,25.745000,-80.605000,25.744500,-80.605300,apolloshield_dji,df,,,2414500000,RADAR-A2D2-E5B7,Sensor Everglades / West Miami Approach,260,RED,RED
1773243736611,A2D2-E5B7,FLT-E5B7-001,25.749496,-80.599992,43.2,0.1,0,Mavic 2,true,drone_images/Mavic 2_withpayload.png,25.745000,-80.605000,25.744500,-80.605300,apolloshield_dji,df,,,2414500000,RADAR-A2D2-E5B7,Sensor Everglades / West Miami Approach,260,RED,RED
1773243737739,A2D2-E5B7,FLT-E5B7-001,25.749496,-80.599992,43.2,0.1,0,Mavic 2,true,drone_images/Mavic 2_withpayload.png,25.745000,-80.605000,25.744500,-80.605300,apolloshield_dji,df,,,2414500000,RADAR-A2D2-E5B7,Sensor Everglades / West Miami Approach,260,RED,RED
1773243738497,A2D2-E5B7,FLT-E5B7-001,25.749496,-80.599992,43.2,0.1,0,Mavic 2,true,drone_images/Mavic 2_withpayload.png,25.745000,-80.605000,25.744500,-80.605300,apolloshield_dji,df,,,2414500000,RADAR-A2D2-E5B7,Sensor Everglades / West Miami Approach,260,RED,RED
1773243739645,A2D2-E5B7,FLT-E5B7-001,25.749496,-80.599992,43.2,0.1,0,Mavic 2,true,drone_images/Mavic 2_withpayload.png,25.745000,-80.605000,25.744500,-80.605300,apolloshield_dji,df,,,2414500000,RADAR-A2D2-E5B7,Sensor Everglades / West Miami Approach,260,RED,RED
1773243740563,A2D2-E5B7,FLT-E5B7-001,25.749496,-80.599992,43.2,0.1,0,Mavic 2,true,drone_images/Mavic 2_withpayload.png,25.745000,-80.605000,25.744500,-80.605300,apolloshield_dji,df,,,2414500000,RADAR-A2D2-E5B7,Sensor Everglades / West Miami Approach,260,RED,RED
1773243741663,A2D2-E5B7,FLT-E5B7-001,25.749496,-80.599992,43.2,0.1,0,Mavic 2,true,drone_images/Mavic 2_withpayload.png,25.745000,-80.605000,25.744500,-80.605300,apolloshield_dji,df,,,2414500000,RADAR-A2D2-E5B7,Sensor Everglades / West Miami Approach,260,RED,RED
1773243742833,A2D2-E5B7,FLT-E5B7-001,25.749496,-80.599992,43.4,0.1,0,Mavic 2,true,drone_images/Mavic 2_withpayload.png,25.745000,-80.605000,25.744500,-80.605300,apolloshield_dji,df,,,2414500000,RADAR-A2D2-E5B7,Sensor Everglades / West Miami Approach,260,RED,RED
1773243743637,A2D2-E5B7,FLT-E5B7-001,25.749496,-80.599992,43.4,0.1,0,Mavic 2,true,drone_images/Mavic 2_withpayload.png,25.745000,-80.605000,25.744500,-80.605300,apolloshield_dji,df,,,2414500000,RADAR-A2D2-E5B7,Sensor Everglades / West Miami Approach,260,RED,RED
1773243744991,A2D2-E5B7,FLT-E5B7-001,25.749496,-80.599992,43.4,0.1,0,Mavic 2,true,drone_images/Mavic 2_withpayload.png,25.745000,-80.605000,25.744500,-80.605300,apolloshield_dji,df,,,2414500000,RADAR-A2D2-E5B7,Sensor Everglades / West Miami Approach,260,RED,RED
1773243745654,A2D2-E5B7,FLT-E5B7-001,25.749496,-80.599992,43.4,0.1,0,Mavic 2,true,drone_images/Mavic 2_withpayload.png,25.745000,-80.605000,25.744500,-80.605300,apolloshield_dji,df,,,2414500000,RADAR-A2D2-E5B7,Sensor Everglades / West Miami Approach,260,RED,RED
1773243747075,A2D2-E5B7,FLT-E5B7-001,25.749496,-80.599992,43.4,0.1,0,Mavic 2,true,drone_images/Mavic 2_withpayload.png,25.745000,-80.605000,25.744500,-80.605300,apolloshield_dji,df,,,2414500000,RADAR-A2D2-E5B7,Sensor Everglades / West Miami Approach,260,RED,RED
1773243747658,A2D2-E5B7,FLT-E5B7-001,25.749490,-80.599992,43.5,0.1,0,Mavic 2,true,drone_images/Mavic 2_withpayload.png,25.745000,-80.605000,25.744500,-80.605300,apolloshield_dji,df,,,2414500000,RADAR-A2D2-E5B7,Sensor Everglades / West Miami Approach,260,RED,RED