timestamp,drone_id,flight_id,lat,lng,altitude,speed,azimuth,drone_type,has_payload,imagePath,home_lat,home_lng,pilot_lat,pilot_lng,detection_type,sensor_type,angle,error,frequency_hz,device_id,device_name,aboveGroundLevel,threatLevel,zone
1772109788000,A2D2-3A8C,FLT-3A8C-001,29.500000,-82.100000,150,14,0,Mavic Pro,false,drone_images/Mavic Pro.png,29.495000,-82.105000,29.494500,-82.105300,apolloshield_df,camera,365,10,5770000000,GMMM00MM08850001V64F,bluvec2.0-GMMM00MM08850001V64F,150,GREEN,NONE
1772039810947,A2D2-F3A1,FLT-F3A1-001,28.049990,-82.350654,19.7,0.1,0,Mavic 3,false,drone_images/Mavic 3.png,28.045000,-82.355000,28.044500,-82.355300,apolloshield_dji,dji,,,2414500000,RADAR-A2D2-F3A1,Sensor Tampa Bay / West Florida Coast,120,GREEN,BLUE
1773240324319,A2D2-C9B2,FLT-C9B2-001,28.196525,-80.603926,60.9,16,0,Mavic 2,false,drone_images/Mavic 2.png,28.195000,-80.605000,28.194500,-80.605300,apolloshield_dji,dji,,,2414500000,RADAR-A2D2-C9B2,Sensor Cape Canaveral / Space Coast,140,GREEN,GREEN
1772041319925,A2D2-7E4D,FLT-7E4D-001,26.742692,-80.997722,106.1,0.1,0,Mavic Air 2,false,drone_images/Mavic Air 2.png,26.745000,-81.005000,26.744500,-81.005300,apolloshield_dji,df,,,2414500000,RADAR-A2D2-7E4D,Sensor Lake Okeechobee / Central Inland,190,YELLOW,YELLOW
1772037110462,A2D2-B2F6,FLT-B2F6-001,26.271559,-81.727146,16.7,9,0,Mini 3,true,drone_images/Mini 3_withpayload.png,26.195000,-81.755000,26.194500,-81.755300,apolloshield_dji,dji,,,2414500000,RADAR-A2D2-B2F6,Sensor Naples / Southwest Gulf Coast,160,YELLOW,YELLOW
1773243032767,A2D2-E5B7,FLT-E5B7-001,25.750934,-80.600685,66,10.8,0,Mavic 2,true,drone_images/Mavic 2_withpayload.png,25.745000,-80.605000,25.744500,-80.605300,apolloshield_dji,df,,,2414500000,RADAR-A2D2-E5B7,Sensor Everglades / West Miami Approach,260,RED,RED
1772117975865,A2D2-9D1E,FLT-9D1E-001,25.249674,-80.351249,61.5,0.1,0,Mavic Air 2S,true,drone_images/Mavic Air 2S_withpayload.png,25.245000,-80.355000,25.244500,-80.355300,apolloshield_dji,dji,,,2414500000,RADAR-A2D2-9D1E,Sensor Key Largo / South Ocean Corridor,300,RED,RED
1772039513746,A2D2-4F2A,FLT-4F2A-001,25.779583,-80.191567,46.5,9.4,0,M300 RTK,true,drone_images/M300 RTK_withpayload.png,25.775000,-80.197000,25.774500,-80.197300,apolloshield_dji,dji,,,2414500000,RADAR-A2D2-4F2A,Sensor Downtown Miami Ground Zero Approach,380,CRITICAL,RED
1772109788000,A2D2-3A8C,FLT-3A8C-001,29.500000,-82.100000,150,14,0,Mavic Pro,false,drone_images/Mavic Pro.png,29.495000,-82.105000,29.494500,-82.105300,apolloshield_df,camera,208.09737,10,5770000000,GMMM00MM08850001V64F,bluvec2.0-GMMM00MM08850001V64F,150,GREEN,NONE
1772039836842,A2D2-F3A1,FLT-F3A1-001,28.049990,-82.350609,29.5,12,0,Mavic 3,false,drone_images/Mavic 3.png,28.045000,-82.355000,28.044500,-82.355300,apolloshield_dji,dji,,,2414500000,RADAR-A2D2-F3A1,Sensor Tampa Bay / West Florida Coast,120,GREEN,BLUE
1773240350151,A2D2-C9B2,FLT-C9B2-001,28.195167,-80.603926,61,5.670079,0,Mavic 2,false,drone_images/Mavic 2.png,28.195000,-80.605000,28.194500,-80.605300,apolloshield_dji,dji,,,2414500000,RADAR-A2D2-C9B2,Sensor Cape Canaveral / Space Coast,140,GREEN,GREEN
1772041337128,A2D2-7E4D,FLT-7E4D-001,26.742698,-80.997722,106.1,0.1,0,Mavic Air 2,false,drone_images/Mavic Air 2.png,26.745000,-81.005000,26.744500,-81.005300,apolloshield_dji,df,,,2414500000,RADAR-A2D2-7E4D,Sensor Lake Okeechobee / Central Inland,190,YELLOW,YELLOW
1772037121224,A2D2-B2F6,FLT-B2F6-001,26.271559,-81.727198,21.3,0.1,0,Mini 3,true,drone_images/Mini 3_withpayload.png,26.195000,-81.755000,26.194500,-81.755300,apolloshield_dji,dji,,,2414500000,RADAR-A2D2-B2F6,Sensor Naples / Southwest Gulf Coast,160,YELLOW,YELLOW
1773243037696,A2D2-E5B7,FLT-E5B7-001,25.750401,-80.600972,65.7,3.5,0,Mavic 2,true,drone_images/Mavic 2_withpayload.png,25.745000,-80.605000,25.744500,-80.605300,apolloshield_dji,df,,,2414500000,RADAR-A2D2-E5B7,Sensor Everglades / West Miami Approach,260,RED,RED
1772117985808,A2D2-9D1E,FLT-9D1E-001,25.249674,-80.351249,61.5,0.1,0,Mavic Air 2S,true,drone_images/Mavic Air 2S_withpayload.png,25.245000,-80.355000,25.244500,-80.355300,apolloshield_dji,dji,,,2414500000,RADAR-A2D2-9D1E,Sensor Key Largo / South Ocean Corridor,300,RED,RED
1772039521856,A2D2-4F2A,FLT-4F2A-001,25.779365,-80.191682,45.6,2.4,0,M300 RTK,true,drone_images/M300 RTK_withpayload.png,25.775000,-80.197000,25.774500,-80.197300,apolloshield_dji,dji,,,2414500000,RADAR-A2D2-4F2A,Sensor Downtown Miami Ground Zero Approach,380,CRITICAL,RED
1772109788000,A2D2-3A8C,FLT-3A8C-001,29.500000,-82.100000,150,14,0,Mavic Pro,false,drone_images/Mavic Pro.png,29.495000,-82.105000,29.494500,-82.105300,apolloshield_df,camera,210.81424,10,5770000000,GMMM00MM08850001V64F,bluvec2.0-GMMM00MM08850001V64F,150,GREEN,NONE
1772039862907,A2D2-F3A1,FLT-F3A1-001,28.049990,-82.350580,31.2,12,0,Mavic 3,false,drone_images/Mavic 3.png,28.045000,-82.355000,28.044500,-82.355300,apolloshield_dji,dji,,,2414500000,RADAR-A2D2-F3A1,Sensor Tampa Bay / West Florida Coast,120,GREEN,BLUE
1773240370612,A2D2-C9B2,FLT-C9B2-001,28.194921,-80.603445,60.9,2.5015395,0,Mavic 2,false,drone_images/Mavic 2.png,28.195000,-80.605000,28.194500,-80.605300,apolloshield_dji,dji,,,2414500000,RADAR-A2D2-C9B2,Sensor Cape Canaveral / Space Coast,140,GREEN,GREEN
1772041354091,A2D2-7E4D,FLT-7E4D-001,26.742555,-80.997705,106.6,1.4,0,Mavic Air 2,false,drone_images/Mavic Air 2.png,26.745000,-81.005000,26.744500,-81.005300,apolloshield_dji,df,,,2414500000,RADAR-A2D2-7E4D,Sensor Lake Okeechobee / Central Inland,190,YELLOW,YELLOW
1772037132094,A2D2-B2F6,FLT-B2F6-001,26.271674,-81.727203,20.4,0.1,0,Mini 3,true,drone_images/Mini 3_withpayload.png,26.195000,-81.755000,26.194500,-81.755300,apolloshield_dji,dji,,,2414500000,RADAR-A2D2-B2F6,Sensor Naples / Southwest Gulf Coast,160,YELLOW,YELLOW
1773243050239,A2D2-E5B7,FLT-E5B7-001,25.750166,-80.601006,65.9,2.1,0,Mavic 2,true,drone_images/Mavic 2_withpayload.png,25.745000,-80.605000,25.744500,-80.605300,apolloshield_dji,df,,,2414500000,RADAR-A2D2-E5B7,Sensor Everglades / West Miami Approach,260,RED,RED
1772117995932,A2D2-9D1E,FLT-9D1E-001,25.248597,-80.351810,93.1,11.1,0,Mavic Air 2S,true,drone_images/Mavic Air 2S_withpayload.png,25.245000,-80.355000,25.244500,-80.355300,apolloshield_dji,dji,,,2414500000,RADAR-A2D2-9D1E,Sensor Key Largo / South Ocean Corridor,300,RED,RED
1772039531291,A2D2-4F2A,FLT-4F2A-001,25.779353,-80.191745,42.6,0.1,0,M300 RTK,true,drone_images/M300 RTK_withpayload.png,25.775000,-80.197000,25.774500,-80.197300,apolloshield_dji,dji,,,2414500000,RADAR-A2D2-4F2A,Sensor Downtown Miami Ground Zero Approach,380,CRITICAL,RED
1772109788000,A2D2-3A8C,FLT-3A8C-001,29.500000,-82.100000,150,14,0,Mavic Pro,false,drone_images/Mavic Pro.png,29.495000,-82.105000,29.494500,-82.105300,apolloshield_df,camera,214.51381,10,5770000000,GMMM00MM08850001V64F,bluvec2.0-GMMM00MM08850001V64F,150,GREEN,NONE
1772039889039,A2D2-F3A1,FLT-F3A1-001,28.049990,-82.350580,31.2,12,0,Mavic 3,false,drone_images/Mavic 3.png,28.045000,-82.355000,28.044500,-82.355300,apolloshield_dji,dji,,,2414500000,RADAR-A2D2-F3A1,Sensor Tampa Bay / West Florida Coast,120,GREEN,BLUE
1773240455385,A2D2-C9B2,FLT-C9B2-001,28.199768,-80.603462,60.9,1.7,0,Mavic 2,false,drone_images/Mavic 2.png,28.195000,-80.605000,28.194500,-80.605300,apolloshield_dji,dji,,,2414500000,RADAR-A2D2-C9B2,Sensor Cape Canaveral / Space Coast,140,GREEN,GREEN
1772041371602,A2D2-7E4D,FLT-7E4D-001,26.742555,-80.997705,106.6,1.4,0,Mavic Air 2,false,drone_images/Mavic Air 2.png,26.745000,-81.005000,26.744500,-81.005300,apolloshield_dji,df,,,2414500000,RADAR-A2D2-7E4D,Sensor Lake Okeechobee / Central Inland,190,YELLOW,YELLOW
1772037143019,A2D2-B2F6,FLT-B2F6-001,26.271680,-81.727203,36.7,9,0,Mini 3,true,drone_images/Mini 3_withpayload.png,26.195000,-81.755000,26.194500,-81.755300,apolloshield_dji,dji,,,2414500000,RADAR-A2D2-B2F6,Sensor Naples / Southwest Gulf Coast,160,YELLOW,YELLOW
1773243061616,A2D2-E5B7,FLT-E5B7-001,25.749438,-80.600668,65.9,8.5,0,Mavic 2,true,drone_images/Mavic 2_withpayload.png,25.745000,-80.605000,25.744500,-80.605300,apolloshield_dji,df,,,2414500000,RADAR-A2D2-E5B7,Sensor Everglades / West Miami Approach,260,RED,RED
1772118006524,A2D2-9D1E,FLT-9D1E-001,25.248569,-80.351908,98.6,0.9,0,Mavic Air 2S,true,drone_images/Mavic Air 2S_withpayload.png,25.245000,-80.355000,25.244500,-80.355300,apolloshield_dji,dji,,,2414500000,RADAR-A2D2-9D1E,Sensor Key Largo / South Ocean Corridor,300,RED,RED
1772039539871,A2D2-4F2A,FLT-4F2A-001,25.779353,-80.191745,42.6,0.1,0,M300 RTK,true,drone_images/M300 RTK_withpayload.png,25.775000,-80.197000,25.774500,-80.197300,apolloshield_dji,dji,,,2414500000,RADAR-A2D2-4F2A,Sensor Downtown Miami Ground Zero Approach,380,CRITICAL,RED
1772109788000,A2D2-3A8C,FLT-3A8C-001,29.500000,-82.100000,150,14,0,Mavic Pro,false,drone_images/Mavic Pro.png,29.495000,-82.105000,29.494500,-82.105300,apolloshield_df,camera,218.79478,10,5770000000,GMMM00MM08850001V64F,bluvec2.0-GMMM00MM08850001V64F,150,GREEN,NONE
1772039914960,A2D2-F3A1,FLT-F3A1-001,28.049990,-82.350580,31.2,0.1,0,Mavic 3,false,drone_images/Mavic 3.png,28.045000,-82.355000,28.044500,-82.355300,apolloshield_dji,dji,,,2414500000,RADAR-A2D2-F3A1,Sensor Tampa Bay / West Florida Coast,120,GREEN,BLUE
1773240588297,A2D2-C9B2,FLT-C9B2-001,28.203934,-80.602998,60.9,7.4100065,0,Mavic 2,false,drone_images/Mavic 2.png,28.195000,-80.605000,28.194500,-80.605300,apolloshield_dji,dji,,,2414500000,RADAR-A2D2-C9B2,Sensor Cape Canaveral / Space Coast,140,GREEN,GREEN
1772041388255,A2D2-7E4D,FLT-7E4D-001,26.742555,-80.997705,106.6,1.4,0,Mavic Air 2,false,drone_images/Mavic Air 2.png,26.745000,-81.005000,26.744500,-81.005300,apolloshield_dji,df,,,2414500000,RADAR-A2D2-7E4D,Sensor Lake Okeechobee / Central Inland,190,YELLOW,YELLOW
1772041147990,A2D2-B2F6,FLT-B2F6-001,26.195390,-81.750265,37.2,9,0,Mini 3,true,drone_images/Mini 3_withpayload.png,26.195000,-81.755000,26.194500,-81.755300,apolloshield_dji,dji,,,2414500000,RADAR-A2D2-B2F6,Sensor Naples / Southwest Gulf Coast,160,YELLOW,YELLOW
1773243073984,A2D2-E5B7,FLT-E5B7-001,25.749358,-80.600703,72.4,0.2,0,Mavic 2,true,drone_images/Mavic 2_withpayload.png,25.745000,-80.605000,25.744500,-80.605300,apolloshield_dji,df,,,2414500000,RADAR-A2D2-E5B7,Sensor Everglades / West Miami Approach,260,RED,RED
1772118015380,A2D2-9D1E,FLT-9D1E-001,25.248569,-80.351908,98.6,0.9,0,Mavic Air 2S,true,drone_images/Mavic Air 2S_withpayload.png,25.245000,-80.355000,25.244500,-80.355300,apolloshield_dji,dji,,,2414500000,RADAR-A2D2-9D1E,Sensor Key Largo / South Ocean Corridor,300,RED,RED
1772039548950,A2D2-4F2A,FLT-4F2A-001,25.779250,-80.191527,31.5,42,0,M300 RTK,true,drone_images/M300 RTK_withpayload.png,25.775000,-80.197000,25.774500,-80.197300,apolloshield_dji,dji,,,2414500000,RADAR-A2D2-4F2A,Sensor Downtown Miami Ground Zero Approach,380,CRITICAL,RED
1772109788000,A2D2-3A8C,FLT-3A8C-001,29.500000,-82.100000,150,14,0,Mavic Pro,false,drone_images/Mavic Pro.png,29.495000,-82.105000,29.494500,-82.105300,apolloshield_df,camera,219.38445,10,5770000000,GMMM00MM08850001V64F,bluvec2.0-GMMM00MM08850001V64F,150,GREEN,NONE
1772039940876,A2D2-F3A1,FLT-F3A1-001,28.049990,-82.350580,37.6,0.2,0,Mavic 3,false,drone_images/Mavic 3.png,28.045000,-82.355000,28.044500,-82.355300,apolloshield_dji,dji,,,2414500000,RADAR-A2D2-F3A1,Sensor Tampa Bay / West Florida Coast,120,GREEN,BLUE
1773240620769,A2D2-C9B2,FLT-C9B2-001,28.202060,-80.602992,60.9,7.14,0,Mavic 2,false,drone_images/Mavic 2.png,28.195000,-80.605000,28.194500,-80.605300,apolloshield_dji,dji,,,2414500000,RADAR-A2D2-C9B2,Sensor Cape Canaveral / Space Coast,140,GREEN,GREEN
1772041409226,A2D2-7E4D,FLT-7E4D-001,26.742538,-80.997705,106.6,0.1,0,Mavic Air 2,false,drone_images/Mavic Air 2.png,26.745000,-81.005000,26.744500,-81.005300,apolloshield_dji,df,,,2414500000,RADAR-A2D2-7E4D,Sensor Lake Okeechobee / Central Inland,190,YELLOW,YELLOW
1772041159009,A2D2-B2F6,FLT-B2F6-001,26.195224,-81.750064,37,5,0,Mini 3,true,drone_images/Mini 3_withpayload.png,26.195000,-81.755000,26.194500,-81.755300,apolloshield_dji,dji,,,2414500000,RADAR-A2D2-B2F6,Sensor Naples / Southwest Gulf Coast,160,YELLOW,YELLOW
1773243093818,A2D2-E5B7,FLT-E5B7-001,25.748808,-80.600508,81.8,0.1,0,Mavic 2,true,drone_images/Mavic 2_withpayload.png,25.745000,-80.605000,25.744500,-80.605300,apolloshield_dji,df,,,2414500000,RADAR-A2D2-E5B7,Sensor Everglades / West Miami Approach,260,RED,RED
1772118024767,A2D2-9D1E,FLT-9D1E-001,25.248569,-80.351908,98.6,0.9,0,Mavic Air 2S,true,drone_images/Mavic Air 2S_withpayload.png,25.245000,-80.355000,25.244500,-80.355300,apolloshield_dji,dji,,,2414500000,RADAR-A2D2-9D1E,Sensor Key Largo / South Ocean Corridor,300,RED,RED
1772039557760,A2D2-4F2A,FLT-4F2A-001,25.779250,-80.191527,31.6,0.1,0,M300 RTK,true,drone_images/M300 RTK_withpayload.png,25.775000,-80.197000,25.774500,-80.197300,apolloshield_dji,dji,,,2414500000,RADAR-A2D2-4F2A,Sensor Downtown Miami Ground Zero Approach,380,CRITICAL,RED
1772109788000,A2D2-3A8C,FLT-3A8C-001,29.500000,-82.100000,150,14,0,Mavic Pro,false,drone_images/Mavic Pro.png,29.495000,-82.105000,29.494500,-82.105300,apolloshield_df,camera,219.38445,10,5770000000,GMMM00MM08850001V64F,bluvec2.0-GMMM00MM08850001V64F,150,GREEN,NONE
1772039966765,A2D2-F3A1,FLT-F3A1-001,28.049995,-82.350580,39.1,12,0,Mavic 3,false,drone_images/Mavic 3.png,28.045000,-82.355000,28.044500,-82.355300,apolloshield_dji,dji,,,2414500000,RADAR-A2D2-F3A1,Sensor Tampa Bay / West Florida Coast,120,GREEN,BLUE
1773240642550,A2D2-C9B2,FLT-C9B2-001,28.200828,-80.602998,60.9,7.14,0,Mavic 2,false,drone_images/Mavic 2.png,28.195000,-80.605000,28.194500,-80.605300,apolloshield_dji,dji,,,2414500000,RADAR-A2D2-C9B2,Sensor Cape Canaveral / Space Coast,140,GREEN,GREEN
1772041426011,A2D2-7E4D,FLT-7E4D-001,26.742538,-80.997705,106.6,0.1,0,Mavic Air 2,false,drone_images/Mavic Air 2.png,26.745000,-81.005000,26.744500,-81.005300,apolloshield_dji,df,,,2414500000,RADAR-A2D2-7E4D,Sensor Lake Okeechobee / Central Inland,190,YELLOW,YELLOW
1772041169801,A2D2-B2F6,FLT-B2F6-001,26.195224,-81.750064,37,5,0,Mini 3,true,drone_images/Mini 3_withpayload.png,26.195000,-81.755000,26.194500,-81.755300,apolloshield_dji,dji,,,2414500000,RADAR-A2D2-B2F6,Sensor Naples / Southwest Gulf Coast,160,YELLOW,YELLOW
1773243097524,A2D2-E5B7,FLT-E5B7-001,25.748493,-80.599746,83.9,1.1,0,Mavic 2,true,drone_images/Mavic 2_withpayload.png,25.745000,-80.605000,25.744500,-80.605300,apolloshield_dji,df,,,2414500000,RADAR-A2D2-E5B7,Sensor Everglades / West Miami Approach,260,RED,RED
1772118034807,A2D2-9D1E,FLT-9D1E-001,25.250345,-80.352515,119.3,34,0,Mavic Air 2S,true,drone_images/Mavic Air 2S_withpayload.png,25.245000,-80.355000,25.244500,-80.355300,apolloshield_dji,dji,,,2414500000,RADAR-A2D2-9D1E,Sensor Key Largo / South Ocean Corridor,300,RED,RED
1772039566693,A2D2-4F2A,FLT-4F2A-001,25.779250,-80.191527,31.6,42,0,M300 RTK,true,drone_images/M300 RTK_withpayload.png,25.775000,-80.197000,25.774500,-80.197300,apolloshield_dji,dji,,,2414500000,RADAR-A2D2-4F2A,Sensor Downtown Miami Ground Zero Approach,380,CRITICAL,RED
1772109788000,A2D2-3A8C,FLT-3A8C-001,29.500000,-82.100000,150,14,0,Mavic Pro,false,drone_images/Mavic Pro.png,29.495000,-82.105000,29.494500,-82.105300,apolloshield_df,camera,219.38445,10,5770000000,GMMM00MM08850001V64F,bluvec2.0-GMMM00MM08850001V64F,150,GREEN,NONE
1772039993081,A2D2-F3A1,FLT-F3A1-001,28.049990,-82.350574,43.4,12,0,Mavic 3,false,drone_images/Mavic 3.png,28.045000,-82.355000,28.044500,-82.355300,apolloshield_dji,dji,,,2414500000,RADAR-A2D2-F3A1,Sensor Tampa Bay / West Florida Coast,120,GREEN,BLUE
1773240665094,A2D2-C9B2,FLT-C9B2-001,28.199705,-80.602998,60.8,5.310009,0,Mavic 2,false,drone_images/Mavic 2.png,28.195000,-80.605000,28.194500,-80.605300,apolloshield_dji,dji,,,2414500000,RADAR-A2D2-C9B2,Sensor Cape Canaveral / Space Coast,140,GREEN,GREEN
1772041499213,A2D2-7E4D,FLT-7E4D-001,26.747998,-80.997001,106.5,11,0,Mavic Air 2,false,drone_images/Mavic Air 2.png,26.745000,-81.005000,26.744500,-81.005300,apolloshield_dji,df,,,2414500000,RADAR-A2D2-7E4D,Sensor Lake Okeechobee / Central Inland,190,YELLOW,YELLOW
1772041181002,A2D2-B2F6,FLT-B2F6-001,26.195224,-81.750064,37,5,0,Mini 3,true,drone_images/Mini 3_withpayload.png,26.195000,-81.755000,26.194500,-81.755300,apolloshield_dji,dji,,,2414500000,RADAR-A2D2-B2F6,Sensor Naples / Southwest Gulf Coast,160,YELLOW,YELLOW
1773243109372,A2D2-E5B7,FLT-E5B7-001,25.748470,-80.599224,84.3,7.1,0,Mavic 2,true,drone_images/Mavic 2_withpayload.png,25.745000,-80.605000,25.744500,-80.605300,apolloshield_dji,df,,,2414500000,RADAR-A2D2-E5B7,Sensor Everglades / West Miami Approach,260,RED,RED
1772118044887,A2D2-9D1E,FLT-9D1E-001,25.250345,-80.352515,119.3,34,0,Mavic Air 2S,true,drone_images/Mavic Air 2S_withpayload.png,25.245000,-80.355000,25.244500,-80.355300,apolloshield_dji,dji,,,2414500000,RADAR-A2D2-9D1E,Sensor Key Largo / South Ocean Corridor,300,RED,RED
1772039575855,A2D2-4F2A,FLT-4F2A-001,25.778952,-80.190650,52.7,7.6,0,M300 RTK,true,drone_images/M300 RTK_withpayload.png,25.775000,-80.197000,25.774500,-80.197300,apolloshield_dji,dji,,,2414500000,RADAR-A2D2-4F2A,Sensor Downtown Miami Ground Zero Approach,380,CRITICAL,RED
1772109788000,A2D2-3A8C,FLT-3A8C-001,29.500000,-82.100000,150,14,0,Mavic Pro,false,drone_images/Mavic Pro.png,29.495000,-82.105000,29.494500,-82.105300,apolloshield_df,camera,215.08339,10,5770000000,GMMM00MM08850001V64F,bluvec2.0-GMMM00MM08850001V64F,150,GREEN,NONE
1772040017982,A2D2-F3A1,FLT-F3A1-001,28.049984,-82.350368,43.8,12,0,Mavic 3,false,drone_images/Mavic 3.png,28.045000,-82.355000,28.044500,-82.355300,apolloshield_dji,dji,,,2414500000,RADAR-A2D2-F3A1,Sensor Tampa Bay / West Florida Coast,120,GREEN,BLUE
1773240686785,A2D2-C9B2,FLT-C9B2-001,28.198880,-80.602998,60.9,7.1700068,0,Mavic 2,false,drone_images/Mavic 2.png,28.195000,-80.605000,28.194500,-80.605300,apolloshield_dji,dji,,,2414500000,RADAR-A2D2-C9B2,Sensor Cape Canaveral / Space Coast,140,GREEN,GREEN
1772041515998,A2D2-7E4D,FLT-7E4D-001,26.747998,-80.997001,106.5,11,0,Mavic Air 2,false,drone_images/Mavic Air 2.png,26.745000,-81.005000,26.744500,-81.005300,apolloshield_dji,df,,,2414500000,RADAR-A2D2-7E4D,Sensor Lake Okeechobee / Central Inland,190,YELLOW,YELLOW
1772041191782,A2D2-B2F6,FLT-B2F6-001,26.195224,-81.750064,37,5,0,Mini 3,true,drone_images/Mini 3_withpayload.png,26.195000,-81.755000,26.194500,-81.755300,apolloshield_dji,dji,,,2414500000,RADAR-A2D2-B2F6,Sensor Naples / Southwest Gulf Coast,160,YELLOW,YELLOW
1773243121771,A2D2-E5B7,FLT-E5B7-001,25.748648,-80.598485,84.2,10.2,0,Mavic 2,true,drone_images/Mavic 2_withpayload.png,25.745000,-80.605000,25.744500,-80.605300,apolloshield_dji,df,,,2414500000,RADAR-A2D2-E5B7,Sensor Everglades / West Miami Approach,260,RED,RED
1772118054722,A2D2-9D1E,FLT-9D1E-001,25.250345,-80.352515,119.3,34,0,Mavic Air 2S,true,drone_images/Mavic Air 2S_withpayload.png,25.245000,-80.355000,25.244500,-80.355300,apolloshield_dji,dji,,,2414500000,RADAR-A2D2-9D1E,Sensor Key Largo / South Ocean Corridor,300,RED,RED
1772039585844,A2D2-4F2A,FLT-4F2A-001,25.778643,-80.190633,48.4,3.5,0,M300 RTK,true,drone_images/M300 RTK_withpayload.png,25.775000,-80.197000,25.774500,-80.197300,apolloshield_dji,dji,,,2414500000,RADAR-A2D2-4F2A,Sensor Downtown Miami Ground Zero Approach,380,CRITICAL,RED
1772109788000,A2D2-3A8C,FLT-3A8C-001,29.500000,-82.100000,150,14,0,Mavic Pro,false,drone_images/Mavic Pro.png,29.495000,-82.105000,29.494500,-82.105300,apolloshield_df,camera,215.08339,10,5770000000,GMMM00MM08850001V64F,bluvec2.0-GMMM00MM08850001V64F,150,GREEN,NONE
1772040043535,A2D2-F3A1,FLT-F3A1-001,28.049984,-82.350368,43.5,12,0,Mavic 3,false,drone_images/Mavic 3.png,28.045000,-82.355000,28.044500,-82.355300,apolloshield_dji,dji,,,2414500000,RADAR-A2D2-F3A1,Sensor Tampa Bay / West Florida Coast,120,GREEN,BLUE
1773240708384,A2D2-C9B2,FLT-C9B2-001,28.197717,-80.602998,60.9,7.180028,0,Mavic 2,false,drone_images/Mavic 2.png,28.195000,-80.605000,28.194500,-80.605300,apolloshield_dji,dji,,,2414500000,RADAR-A2D2-C9B2,Sensor Cape Canaveral / Space Coast,140,GREEN,GREEN
1772041533737,A2D2-7E4D,FLT-7E4D-001,26.747998,-80.997001,106.5,11,0,Mavic Air 2,false,drone_images/Mavic Air 2.png,26.745000,-81.005000,26.744500,-81.005300,apolloshield_dji,df,,,2414500000,RADAR-A2D2-7E4D,Sensor Lake Okeechobee / Central Inland,190,YELLOW,YELLOW
1772041203429,A2D2-B2F6,FLT-B2F6-001,26.195287,-81.750116,67.8,0.2,0,Mini 3,true,drone_images/Mini 3_withpayload.png,26.195000,-81.755000,26.194500,-81.755300,apolloshield_dji,dji,,,2414500000,RADAR-A2D2-B2F6,Sensor Naples / Southwest Gulf Coast,160,YELLOW,YELLOW
1773243133741,A2D2-E5B7,FLT-E5B7-001,25.749163,-80.597798,84.4,12,0,Mavic 2,true,drone_images/Mavic 2_withpayload.png,25.745000,-80.605000,25.744500,-80.605300,apolloshield_dji,df,,,2414500000,RADAR-A2D2-E5B7,Sensor Everglades / West Miami Approach,260,RED,RED
1772118064823,A2D2-9D1E,FLT-9D1E-001,25.250345,-80.352515,119.3,34,0,Mavic Air 2S,true,drone_images/Mavic Air 2S_withpayload.png,25.245000,-80.355000,25.244500,-80.355300,apolloshield_dji,dji,,,2414500000,RADAR-A2D2-9D1E,Sensor Key Largo / South Ocean Corridor,300,RED,RED
1772039593847,A2D2-4F2A,FLT-4F2A-001,25.778798,-80.190662,37.7,1,0,M300 RTK,true,drone_images/M300 RTK_withpayload.png,25.775000,-80.197000,25.774500,-80.197300,apolloshield_dji,dji,,,2414500000,RADAR-A2D2-4F2A,Sensor Downtown Miami Ground Zero Approach,380,CRITICAL,RED
1772109788000,A2D2-3A8C,FLT-3A8C-001,29.500000,-82.100000,150,14,0,Mavic Pro,false,drone_images/Mavic Pro.png,29.495000,-82.105000,29.494500,-82.105300,apolloshield_df,camera,215.08339,10,5770000000,GMMM00MM08850001V64F,bluvec2.0-GMMM00MM08850001V64F,150,GREEN,NONE
1772040069923,A2D2-F3A1,FLT-F3A1-001,28.049955,-82.349995,43,0.1,0,Mavic 3,false,drone_images/Mavic 3.png,28.045000,-82.355000,28.044500,-82.355300,apolloshield_dji,dji,,,2414500000,RADAR-A2D2-F3A1,Sensor Tampa Bay / West Florida Coast,120,GREEN,BLUE
1773240732775,A2D2-C9B2,FLT-C9B2-001,28.196290,-80.602998,60.9,7.160063,0,Mavic 2,false,drone_images/Mavic 2.png,28.195000,-80.605000,28.194500,-80.605300,apolloshield_dji,dji,,,2414500000,RADAR-A2D2-C9B2,Sensor Cape Canaveral / Space Coast,140,GREEN,GREEN
1772041580782,A2D2-7E4D,FLT-7E4D-001,26.755332,-80.996754,106.4,5.6,0,Mavic Air 2,false,drone_images/Mavic Air 2.png,26.745000,-81.005000,26.744500,-81.005300,apolloshield_dji,df,,,2414500000,RADAR-A2D2-7E4D,Sensor Lake Okeechobee / Central Inland,190,YELLOW,YELLOW
1772041213405,A2D2-B2F6,FLT-B2F6-001,26.195287,-81.750116,67.7,9,0,Mini 3,true,drone_images/Mini 3_withpayload.png,26.195000,-81.755000,26.194500,-81.755300,apolloshield_dji,dji,,,2414500000,RADAR-A2D2-B2F6,Sensor Naples / Southwest Gulf Coast,160,YELLOW,YELLOW
1773243153156,A2D2-E5B7,FLT-E5B7-001,25.750097,-80.597557,84.5,0.5,0,Mavic 2,true,drone_images/Mavic 2_withpayload.png,25.745000,-80.605000,25.744500,-80.605300,apolloshield_dji,df,,,2414500000,RADAR-A2D2-E5B7,Sensor Everglades / West Miami Approach,260,RED,RED
1772118074707,A2D2-9D1E,FLT-9D1E-001,25.250144,-80.352790,131,5.1,0,Mavic Air 2S,true,drone_images/Mavic Air 2S_withpayload.png,25.245000,-80.355000,25.244500,-80.355300,apolloshield_dji,dji,,,2414500000,RADAR-A2D2-9D1E,Sensor Key Largo / South Ocean Corridor,300,RED,RED
1772039602668,A2D2-4F2A,FLT-4F2A-001,25.778798,-80.190662,37.7,1,0,M300 RTK,true,drone_images/M300 RTK_withpayload.png,25.775000,-80.197000,25.774500,-80.197300,apolloshield_dji,dji,,,2414500000,RADAR-A2D2-4F2A,Sensor Downtown Miami Ground Zero Approach,380,CRITICAL,RED
1772109788000,A2D2-3A8C,FLT-3A8C-001,29.500000,-82.100000,150,14,0,Mavic Pro,false,drone_images/Mavic Pro.png,29.495000,-82.105000,29.494500,-82.105300,apolloshield_df,camera,215.08339,10,5770000000,GMMM00MM08850001V64F,bluvec2.0-GMMM00MM08850001V64F,150,GREEN,NONE
1772040095933,A2D2-F3A1,FLT-F3A1-001,28.049955,-82.349995,43.4,12,0,Mavic 3,false,drone_images/Mavic 3.png,28.045000,-82.355000,28.044500,-82.355300,apolloshield_dji,dji,,,2414500000,RADAR-A2D2-F3A1,Sensor Tampa Bay / West Florida Coast,120,GREEN,BLUE
1773240754627,A2D2-C9B2,FLT-C9B2-001,28.194938,-80.602998,60.9,0.3195309,0,Mavic 2,false,drone_images/Mavic 2.png,28.195000,-80.605000,28.194500,-80.605300,apolloshield_dji,dji,,,2414500000,RADAR-A2D2-C9B2,Sensor Cape Canaveral / Space Coast,140,GREEN,GREEN
1772041597127,A2D2-7E4D,FLT-7E4D-001,26.755332,-80.996754,106.4,5.6,0,Mavic Air 2,false,drone_images/Mavic Air 2.png,26.745000,-81.005000,26.744500,-81.005300,apolloshield_dji,df,,,2414500000,RADAR-A2D2-7E4D,Sensor Lake Okeechobee / Central Inland,190,YELLOW,YELLOW
1772041234645,A2D2-B2F6,FLT-B2F6-001,26.195276,-81.749864,119.7,3.1,0,Mini 3,true,drone_images/Mini 3_withpayload.png,26.195000,-81.755000,26.194500,-81.755300,apolloshield_dji,dji,,,2414500000,RADAR-A2D2-B2F6,Sensor Naples / Southwest Gulf Coast,160,YELLOW,YELLOW
1773243157773,A2D2-E5B7,FLT-E5B7-001,25.750132,-80.597414,92.7,3.8,0,Mavic 2,true,drone_images/Mavic 2_withpayload.png,25.745000,-80.605000,25.744500,-80.605300,apolloshield_dji,df,,,2414500000,RADAR-A2D2-E5B7,Sensor Everglades / West Miami Approach,260,RED,RED
1772118085728,A2D2-9D1E,FLT-9D1E-001,25.250047,-80.352824,130.8,34,0,Mavic Air 2S,true,drone_images/Mavic Air 2S_withpayload.png,25.245000,-80.355000,25.244500,-80.355300,apolloshield_dji,dji,,,2414500000,RADAR-A2D2-9D1E,Sensor Key Largo / South Ocean Corridor,300,RED,RED
1772039612820,A2D2-4F2A,FLT-4F2A-001,25.779055,-80.191000,61.3,6.3,0,M300 RTK,true,drone_images/M300 RTK_withpayload.png,25.775000,-80.197000,25.774500,-80.197300,apolloshield_dji,dji,,,2414500000,RADAR-A2D2-4F2A,Sensor Downtown Miami Ground Zero Approach,380,CRITICAL,RED
1772109788000,A2D2-3A8C,FLT-3A8C-001,29.500000,-82.100000,150,14,0,Mavic Pro,false,drone_images/Mavic Pro.png,29.495000,-82.105000,29.494500,-82.105300,apolloshield_df,camera,215.08339,10,5770000000,GMMM00MM08850001V64F,bluvec2.0-GMMM00MM08850001V64F,150,GREEN,NONE
1772040121826,A2D2-F3A1,FLT-F3A1-001,28.049961,-82.349995,43.6,12,0,Mavic 3,false,drone_images/Mavic 3.png,28.045000,-82.355000,28.044500,-82.355300,apolloshield_dji,dji,,,2414500000,RADAR-A2D2-F3A1,Sensor Tampa Bay / West Florida Coast,120,GREEN,BLUE
1773240776617,A2D2-C9B2,FLT-C9B2-001,28.194967,-80.602906,60.9,4.801135,0,Mavic 2,false,drone_images/Mavic 2.png,28.195000,-80.605000,28.194500,-80.605300,apolloshield_dji,dji,,,2414500000,RADAR-A2D2-C9B2,Sensor Cape Canaveral / Space Coast,140,GREEN,GREEN
1772041614498,A2D2-7E4D,FLT-7E4D-001,26.755332,-80.996754,106.4,5.6,0,Mavic Air 2,false,drone_images/Mavic Air 2.png,26.745000,-81.005000,26.744500,-81.005300,apolloshield_dji,df,,,2414500000,RADAR-A2D2-7E4D,Sensor Lake Okeechobee / Central Inland,190,YELLOW,YELLOW
1772041245197,A2D2-B2F6,FLT-B2F6-001,26.195270,-81.749881,119.7,2,0,Mini 3,true,drone_images/Mini 3_withpayload.png,26.195000,-81.755000,26.194500,-81.755300,apolloshield_dji,dji,,,2414500000,RADAR-A2D2-B2F6,Sensor Naples / Southwest Gulf Coast,160,YELLOW,YELLOW
1773243169749,A2D2-E5B7,FLT-E5B7-001,25.751060,-80.597609,92.7,5.5,0,Mavic 2,true,drone_images/Mavic 2_withpayload.png,25.745000,-80.605000,25.744500,-80.605300,apolloshield_dji,df,,,2414500000,RADAR-A2D2-E5B7,Sensor Everglades / West Miami Approach,260,RED,RED
1772118094800,A2D2-9D1E,FLT-9D1E-001,25.250047,-80.352824,130.8,34,0,Mavic Air 2S,true,drone_images/Mavic Air 2S_withpayload.png,25.245000,-80.355000,25.244500,-80.355300,apolloshield_dji,dji,,,2414500000,RADAR-A2D2-9D1E,Sensor Key Largo / South Ocean Corridor,300,RED,RED
1772039621157,A2D2-4F2A,FLT-4F2A-001,25.779015,-80.191114,51.6,0.8,0,M300 RTK,true,drone_images/M300 RTK_withpayload.png,25.775000,-80.197000,25.774500,-80.197300,apolloshield_dji,dji,,,2414500000,RADAR-A2D2-4F2A,Sensor Downtown Miami Ground Zero Approach,380,CRITICAL,RED
1772109788000,A2D2-3A8C,FLT-3A8C-001,29.500000,-82.100000,150,14,0,Mavic Pro,false,drone_images/Mavic Pro.png,29.495000,-82.105000,29.494500,-82.105300,apolloshield_df,camera,215.08339,10,5770000000,GMMM00MM08850001V64F,bluvec2.0-GMMM00MM08850001V64F,150,GREEN,NONE
1772040148397,A2D2-F3A1,FLT-F3A1-001,28.049955,-82.349995,43.8,12,0,Mavic 3,false,drone_images/Mavic 3.png,28.045000,-82.355000,28.044500,-82.355300,apolloshield_dji,dji,,,2414500000,RADAR-A2D2-F3A1,Sensor Tampa Bay / West Florida Coast,120,GREEN,BLUE
1773240830961,A2D2-C9B2,FLT-C9B2-001,28.197614,-80.602534,60.9,7.1600065,0,Mavic 2,false,drone_images/Mavic 2.png,28.195000,-80.605000,28.194500,-80.605300,apolloshield_dji,dji,,,2414500000,RADAR-A2D2-C9B2,Sensor Cape Canaveral / Space Coast,140,GREEN,GREEN
1772041683436,A2D2-7E4D,FLT-7E4D-001,26.750238,-80.996393,106.5,11,0,Mavic Air 2,false,drone_images/Mavic Air 2.png,26.745000,-81.005000,26.744500,-81.005300,apolloshield_dji,df,,,2414500000,RADAR-A2D2-7E4D,Sensor Lake Okeechobee / Central Inland,190,YELLOW,YELLOW
1772041256138,A2D2-B2F6,FLT-B2F6-001,26.195276,-81.749887,119.7,0.1,0,Mini 3,true,drone_images/Mini 3_withpayload.png,26.195000,-81.755000,26.194500,-81.755300,apolloshield_dji,dji,,,2414500000,RADAR-A2D2-B2F6,Sensor Naples / Southwest Gulf Coast,160,YELLOW,YELLOW
1773243182189,A2D2-E5B7,FLT-E5B7-001,25.751627,-80.598732,92.5,14.6,0,Mavic 2,true,drone_images/Mavic 2_withpayload.png,25.745000,-80.605000,25.744500,-80.605300,apolloshield_dji,df,,,2414500000,RADAR-A2D2-E5B7,Sensor Everglades / West Miami Approach,260,RED,RED
1772118104560,A2D2-9D1E,FLT-9D1E-001,25.250047,-80.352824,130.8,34,0,Mavic Air 2S,true,drone_images/Mavic Air 2S_withpayload.png,25.245000,-80.355000,25.244500,-80.355300,apolloshield_dji,dji,,,2414500000,RADAR-A2D2-9D1E,Sensor Key Largo / South Ocean Corridor,300,RED,RED
1772039629853,A2D2-4F2A,FLT-4F2A-001,25.779233,-80.191292,62.8,5.4,0,M300 RTK,true,drone_images/M300 RTK_withpayload.png,25.775000,-80.197000,25.774500,-80.197300,apolloshield_dji,dji,,,2414500000,RADAR-A2D2-4F2A,Sensor Downtown Miami Ground Zero Approach,380,CRITICAL,RED
1772109788000,A2D2-3A8C,FLT-3A8C-001,29.500000,-82.100000,150,14,0,Mavic Pro,false,drone_images/Mavic Pro.png,29.495000,-82.105000,29.494500,-82.105300,apolloshield_df,camera,211.1123,10,5770000000,GMMM00MM08850001V64F,bluvec2.0-GMMM00MM08850001V64F,150,GREEN,NONE
1772040179812,A2D2-F3A1,FLT-F3A1-001,28.049955,-82.349995,43.3,12,0,Mavic 3,false,drone_images/Mavic 3.png,28.045000,-82.355000,28.044500,-82.355300,apolloshield_dji,dji,,,2414500000,RADAR-A2D2-F3A1,Sensor Tampa Bay / West Florida Coast,120,GREEN,BLUE
1773240876225,A2D2-C9B2,FLT-C9B2-001,28.200313,-80.602528,60.9,7.180028,0,Mavic 2,false,drone_images/Mavic 2.png,28.195000,-80.605000,28.194500,-80.605300,apolloshield_dji,dji,,,2414500000,RADAR-A2D2-C9B2,Sensor Cape Canaveral / Space Coast,140,GREEN,GREEN
1772041699822,A2D2-7E4D,FLT-7E4D-001,26.747471,-80.996479,106.5,11,0,Mavic Air 2,false,drone_images/Mavic Air 2.png,26.745000,-81.005000,26.744500,-81.005300,apolloshield_dji,df,,,2414500000,RADAR-A2D2-7E4D,Sensor Lake Okeechobee / Central Inland,190,YELLOW,YELLOW
1772041266725,A2D2-B2F6,FLT-B2F6-001,26.195276,-81.749887,119.7,0.1,0,Mini 3,true,drone_images/Mini 3_withpayload.png,26.195000,-81.755000,26.194500,-81.755300,apolloshield_dji,dji,,,2414500000,RADAR-A2D2-B2F6,Sensor Naples / Southwest Gulf Coast,160,YELLOW,YELLOW
1773243194027,A2D2-E5B7,FLT-E5B7-001,25.751633,-80.599482,92.4,8.2,0,Mavic 2,true,drone_images/Mavic 2_withpayload.png,25.745000,-80.605000,25.744500,-80.605300,apolloshield_dji,df,,,2414500000,RADAR-A2D2-E5B7,Sensor Everglades / West Miami Approach,260,RED,RED
1772118114521,A2D2-9D1E,FLT-9D1E-001,25.251605,-80.351443,121.9,9.5,0,Mavic Air 2S,true,drone_images/Mavic Air 2S_withpayload.png,25.245000,-80.355000,25.244500,-80.355300,apolloshield_dji,dji,,,2414500000,RADAR-A2D2-9D1E,Sensor Key Largo / South Ocean Corridor,300,RED,RED
1772039639163,A2D2-4F2A,FLT-4F2A-001,25.779365,-80.191607,62.8,12.3,0,M300 RTK,true,drone_images/M300 RTK_withpayload.png,25.775000,-80.197000,25.774500,-80.197300,apolloshield_dji,dji,,,2414500000,RADAR-A2D2-4F2A,Sensor Downtown Miami Ground Zero Approach,380,CRITICAL,RED
1772109788000,A2D2-3A8C,FLT-3A8C-001,29.500000,-82.100000,150,14,0,Mavic Pro,false,drone_images/Mavic Pro.png,29.495000,-82.105000,29.494500,-82.105300,apolloshield_df,camera,211.1123,10,5770000000,GMMM00MM08850001V64F,bluvec2.0-GMMM00MM08850001V64F,150,GREEN,NONE
1772040205869,A2D2-F3A1,FLT-F3A1-001,28.049950,-82.349382,43.5,9.4,0,Mavic 3,false,drone_images/Mavic 3.png,28.045000,-82.355000,28.044500,-82.355300,apolloshield_dji,dji,,,2414500000,RADAR-A2D2-F3A1,Sensor Tampa Bay / West Florida Coast,120,GREEN,BLUE
1773240897606,A2D2-C9B2,FLT-C9B2-001,28.201476,-80.602528,60.9,7.160063,0,Mavic 2,false,drone_images/Mavic 2.png,28.195000,-80.605000,28.194500,-80.605300,apolloshield_dji,dji,,,2414500000,RADAR-A2D2-C9B2,Sensor Cape Canaveral / Space Coast,140,GREEN,GREEN
1772041716973,A2D2-7E4D,FLT-7E4D-001,26.747471,-80.996479,106.5,11,0,Mavic Air 2,false,drone_images/Mavic Air 2.png,26.745000,-81.005000,26.744500,-81.005300,apolloshield_dji,df,,,2414500000,RADAR-A2D2-7E4D,Sensor Lake Okeechobee / Central Inland,190,YELLOW,YELLOW
1772041278224,A2D2-B2F6,FLT-B2F6-001,26.194376,-81.749784,119.5,6.2,0,Mini 3,true,drone_images/Mini 3_withpayload.png,26.195000,-81.755000,26.194500,-81.755300,apolloshield_dji,dji,,,2414500000,RADAR-A2D2-B2F6,Sensor Naples / Southwest Gulf Coast,160,YELLOW,YELLOW
1773243213507,A2D2-E5B7,FLT-E5B7-001,25.751472,-80.600244,92.4,3.8,0,Mavic 2,true,drone_images/Mavic 2_withpayload.png,25.745000,-80.605000,25.744500,-80.605300,apolloshield_dji,df,,,2414500000,RADAR-A2D2-E5B7,Sensor Everglades / West Miami Approach,260,RED,RED
1772118124557,A2D2-9D1E,FLT-9D1E-001,25.251605,-80.351443,121.9,9.5,0,Mavic Air 2S,true,drone_images/Mavic Air 2S_withpayload.png,25.245000,-80.355000,25.244500,-80.355300,apolloshield_dji,dji,,,2414500000,RADAR-A2D2-9D1E,Sensor Key Largo / South Ocean Corridor,300,RED,RED
1772039647986,A2D2-4F2A,FLT-4F2A-001,25.779422,-80.192856,62.8,8.9,0,M300 RTK,true,drone_images/M300 RTK_withpayload.png,25.775000,-80.197000,25.774500,-80.197300,apolloshield_dji,dji,,,2414500000,RADAR-A2D2-4F2A,Sensor Downtown Miami Ground Zero Approach,380,CRITICAL,RED
1772109788000,A2D2-3A8C,FLT-3A8C-001,29.500000,-82.100000,150,14,0,Mavic Pro,false,drone_images/Mavic Pro.png,29.495000,-82.105000,29.494500,-82.105300,apolloshield_df,camera,211.1123,10,5770000000,GMMM00MM08850001V64F,bluvec2.0-GMMM00MM08850001V64F,150,GREEN,NONE
1772040231978,A2D2-F3A1,FLT-F3A1-001,28.049978,-82.348471,43.7,8.1,0,Mavic 3,false,drone_images/Mavic 3.png,28.045000,-82.355000,28.044500,-82.355300,apolloshield_dji,dji,,,2414500000,RADAR-A2D2-F3A1,Sensor Tampa Bay / West Florida Coast,120,GREEN,BLUE
1773240922414,A2D2-C9B2,FLT-C9B2-001,28.203286,-80.602528,60.9,7.1300282,0,Mavic 2,false,drone_images/Mavic 2.png,28.195000,-80.605000,28.194500,-80.605300,apolloshield_dji,dji,,,2414500000,RADAR-A2D2-C9B2,Sensor Cape Canaveral / Space Coast,140,GREEN,GREEN
1772041734273,A2D2-7E4D,FLT-7E4D-001,26.747471,-80.996479,106.5,11,0,Mavic Air 2,false,drone_images/Mavic Air 2.png,26.745000,-81.005000,26.744500,-81.005300,apolloshield_dji,df,,,2414500000,RADAR-A2D2-7E4D,Sensor Lake Okeechobee / Central Inland,190,YELLOW,YELLOW
1772041289168,A2D2-B2F6,FLT-B2F6-001,26.194376,-81.749784,119.5,6.2,0,Mini 3,true,drone_images/Mini 3_withpayload.png,26.195000,-81.755000,26.194500,-81.755300,apolloshield_dji,dji,,,2414500000,RADAR-A2D2-B2F6,Sensor Naples / Southwest Gulf Coast,160,YELLOW,YELLOW
1773243217742,A2D2-E5B7,FLT-E5B7-001,25.750613,-80.600794,94.7,12.5,0,Mavic 2,true,drone_images/Mavic 2_withpayload.png,25.745000,-80.605000,25.744500,-80.605300,apolloshield_dji,df,,,2414500000,RADAR-A2D2-E5B7,Sensor Everglades / West Miami Approach,260,RED,RED
1772118134685,A2D2-9D1E,FLT-9D1E-001,25.251605,-80.351443,121.9,9.5,0,Mavic Air 2S,true,drone_images/Mavic Air 2S_withpayload.png,25.245000,-80.355000,25.244500,-80.355300,apolloshield_dji,dji,,,2414500000,RADAR-A2D2-9D1E,Sensor Key Largo / South Ocean Corridor,300,RED,RED
1772039656814,A2D2-4F2A,FLT-4F2A-001,25.779571,-80.193240,63,8.7,0,M300 RTK,true,drone_images/M300 RTK_withpayload.png,25.775000,-80.197000,25.774500,-80.197300,apolloshield_dji,dji,,,2414500000,RADAR-A2D2-4F2A,Sensor Downtown Miami Ground Zero Approach,380,CRITICAL,RED
1772109788000,A2D2-3A8C,FLT-3A8C-001,29.500000,-82.100000,150,14,0,Mavic Pro,false,drone_images/Mavic Pro.png,29.495000,-82.105000,29.494500,-82.105300,apolloshield_df,camera,211.1123,10,5770000000,GMMM00MM08850001V64F,bluvec2.0-GMMM00MM08850001V64F,150,GREEN,NONE
1772040257934,A2D2-F3A1,FLT-F3A1-001,28.050001,-82.348294,43.4,12,0,Mavic 3,false,drone_images/Mavic 3.png,28.045000,-82.355000,28.044500,-82.355300,apolloshield_dji,dji,,,2414500000,RADAR-A2D2-F3A1,Sensor Tampa Bay / West Florida Coast,120,GREEN,BLUE
1773240944028,A2D2-C9B2,FLT-C9B2-001,28.204174,-80.602528,60.9,0.060827628,0,Mavic 2,false,drone_images/Mavic 2.png,28.195000,-80.605000,28.194500,-80.605300,apolloshield_dji,dji,,,2414500000,RADAR-A2D2-C9B2,Sensor Cape Canaveral / Space Coast,140,GREEN,GREEN
1772041808779,A2D2-7E4D,FLT-7E4D-001,26.746382,-80.996955,105.5,0.3,0,Mavic Air 2,false,drone_images/Mavic Air 2.png,26.745000,-81.005000,26.744500,-81.005300,apolloshield_dji,df,,,2414500000,RADAR-A2D2-7E4D,Sensor Lake Okeechobee / Central Inland,190,YELLOW,YELLOW
1772041300753,A2D2-B2F6,FLT-B2F6-001,26.194376,-81.749784,119.5,6.2,0,Mini 3,true,drone_images/Mini 3_withpayload.png,26.195000,-81.755000,26.194500,-81.755300,apolloshield_dji,dji,,,2414500000,RADAR-A2D2-B2F6,Sensor Naples / Southwest Gulf Coast,160,YELLOW,YELLOW
1773243229620,A2D2-E5B7,FLT-E5B7-001,25.749679,-80.600743,94.8,10.4,0,Mavic 2,true,drone_images/Mavic 2_withpayload.png,25.745000,-80.605000,25.744500,-80.605300,apolloshield_dji,df,,,2414500000,RADAR-A2D2-E5B7,Sensor Everglades / West Miami Approach,260,RED,RED
1772118144618,A2D2-9D1E,FLT-9D1E-001,25.251605,-80.351443,121.9,9.5,0,Mavic Air 2S,true,drone_images/Mavic Air 2S_withpayload.png,25.245000,-80.355000,25.244500,-80.355300,apolloshield_dji,dji,,,2414500000,RADAR-A2D2-9D1E,Sensor Key Largo / South Ocean Corridor,300,RED,RED
1772039665690,A2D2-4F2A,FLT-4F2A-001,25.779846,-80.193286,62.8,11.5,0,M300 RTK,true,drone_images/M300 RTK_withpayload.png,25.775000,-80.197000,25.774500,-80.197300,apolloshield_dji,dji,,,2414500000,RADAR-A2D2-4F2A,Sensor Downtown Miami Ground Zero Approach,380,CRITICAL,RED
1772109788000,A2D2-3A8C,FLT-3A8C-001,29.500000,-82.100000,150,14,0,Mavic Pro,false,drone_images/Mavic Pro.png,29.495000,-82.105000,29.494500,-82.105300,apolloshield_df,camera,211.1123,10,5770000000,GMMM00MM08850001V64F,bluvec2.0-GMMM00MM08850001V64F,150,GREEN,NONE
1772040284410,A2D2-F3A1,FLT-F3A1-001,28.050001,-82.348099,43.2,0.3,0,Mavic 3,false,drone_images/Mavic 3.png,28.045000,-82.355000,28.044500,-82.355300,apolloshield_dji,dji,,,2414500000,RADAR-A2D2-F3A1,Sensor Tampa Bay / West Florida Coast,120,GREEN,BLUE
1773240966199,A2D2-C9B2,FLT-C9B2-001,28.203739,-80.600316,60.9,14.979052,0,Mavic 2,false,drone_images/Mavic 2.png,28.195000,-80.605000,28.194500,-80.605300,apolloshield_dji,dji,,,2414500000,RADAR-A2D2-C9B2,Sensor Cape Canaveral / Space Coast,140,GREEN,GREEN
1772041823054,A2D2-7E4D,FLT-7E4D-001,26.746382,-80.996955,105.5,0.3,0,Mavic Air 2,false,drone_images/Mavic Air 2.png,26.745000,-81.005000,26.744500,-81.005300,apolloshield_dji,df,,,2414500000,RADAR-A2D2-7E4D,Sensor Lake Okeechobee / Central Inland,190,YELLOW,YELLOW
1772041312036,A2D2-B2F6,FLT-B2F6-001,26.194015,-81.751434,119.9,9,0,Mini 3,true,drone_images/Mini 3_withpayload.png,26.195000,-81.755000,26.194500,-81.755300,apolloshield_dji,dji,,,2414500000,RADAR-A2D2-B2F6,Sensor Naples / Southwest Gulf Coast,160,YELLOW,YELLOW
1773243242200,A2D2-E5B7,FLT-E5B7-001,25.749152,-80.600204,94,7.2,0,Mavic 2,true,drone_images/Mavic 2_withpayload.png,25.745000,-80.605000,25.744500,-80.605300,apolloshield_dji,df,,,2414500000,RADAR-A2D2-E5B7,Sensor Everglades / West Miami Approach,260,RED,RED
1772118154896,A2D2-9D1E,FLT-9D1E-001,25.251605,-80.351443,121.9,9.5,0,Mavic Air 2S,true,drone_images/Mavic Air 2S_withpayload.png,25.245000,-80.355000,25.244500,-80.355300,apolloshield_dji,dji,,,2414500000,RADAR-A2D2-9D1E,Sensor Key Largo / South Ocean Corridor,300,RED,RED
1772039675989,A2D2-4F2A,FLT-4F2A-001,25.780751,-80.193555,71.9,0.1,0,M300 RTK,true,drone_images/M300 RTK_withpayload.png,25.775000,-80.197000,25.774500,-80.197300,apolloshield_dji,dji,,,2414500000,RADAR-A2D2-4F2A,Sensor Downtown Miami Ground Zero Approach,380,CRITICAL,RED
1772109788000,A2D2-3A8C,FLT-3A8C-001,29.500000,-82.100000,150,14,0,Mavic Pro,false,drone_images/Mavic Pro.png,29.495000,-82.105000,29.494500,-82.105300,apolloshield_df,camera,230.86948,10,5770000000,GMMM00MM08850001V64F,bluvec2.0-GMMM00MM08850001V64F,150,GREEN,NONE
1772040309886,A2D2-F3A1,FLT-F3A1-001,28.050013,-82.348099,43.5,0.1,0,Mavic 3,false,drone_images/Mavic 3.png,28.045000,-82.355000,28.044500,-82.355300,apolloshield_dji,dji,,,2414500000,RADAR-A2D2-F3A1,Sensor Tampa Bay / West Florida Coast,120,GREEN,BLUE
1773240987794,A2D2-C9B2,FLT-C9B2-001,28.203028,-80.596713,60.9,14.869519,0,Mavic 2,false,drone_images/Mavic 2.png,28.195000,-80.605000,28.194500,-80.605300,apolloshield_dji,dji,,,2414500000,RADAR-A2D2-C9B2,Sensor Cape Canaveral / Space Coast,140,GREEN,GREEN
1772041840699,A2D2-7E4D,FLT-7E4D-001,26.746382,-80.996955,105.5,0.3,0,Mavic Air 2,false,drone_images/Mavic Air 2.png,26.745000,-81.005000,26.744500,-81.005300,apolloshield_dji,df,,,2414500000,RADAR-A2D2-7E4D,Sensor Lake Okeechobee / Central Inland,190,YELLOW,YELLOW
1772041321978,A2D2-B2F6,FLT-B2F6-001,26.193992,-81.751514,119.9,9,0,Mini 3,true,drone_images/Mini 3_withpayload.png,26.195000,-81.755000,26.194500,-81.755300,apolloshield_dji,dji,,,2414500000,RADAR-A2D2-B2F6,Sensor Naples / Southwest Gulf Coast,160,YELLOW,YELLOW
1773243253624,A2D2-E5B7,FLT-E5B7-001,25.749077,-80.600261,94.3,28,0,Mavic 2,true,drone_images/Mavic 2_withpayload.png,25.745000,-80.605000,25.744500,-80.605300,apolloshield_dji,df,,,2414500000,RADAR-A2D2-E5B7,Sensor Everglades / West Miami Approach,260,RED,RED
1772118241041,A2D2-9D1E,FLT-9D1E-001,25.250093,-80.346252,127,3.1,0,Mavic Air 2S,true,drone_images/Mavic Air 2S_withpayload.png,25.245000,-80.355000,25.244500,-80.355300,apolloshield_dji,dji,,,2414500000,RADAR-A2D2-9D1E,Sensor Key Largo / South Ocean Corridor,300,RED,RED
1772039684798,A2D2-4F2A,FLT-4F2A-001,25.780442,-80.192988,45.9,11.8,0,M300 RTK,true,drone_images/M300 RTK_withpayload.png,25.775000,-80.197000,25.774500,-80.197300,apolloshield_dji,dji,,,2414500000,RADAR-A2D2-4F2A,Sensor Downtown Miami Ground Zero Approach,380,CRITICAL,RED
1772109788000,A2D2-3A8C,FLT-3A8C-001,29.500000,-82.100000,150,14,0,Mavic Pro,false,drone_images/Mavic Pro.png,29.495000,-82.105000,29.494500,-82.105300,apolloshield_df,camera,212.37363,10,5770000000,GMMM00MM08850001V64F,bluvec2.0-GMMM00MM08850001V64F,150,GREEN,NONE
1772040336073,A2D2-F3A1,FLT-F3A1-001,28.050007,-82.348099,43.3,12,0,Mavic 3,false,drone_images/Mavic 3.png,28.045000,-82.355000,28.044500,-82.355300,apolloshield_dji,dji,,,2414500000,RADAR-A2D2-F3A1,Sensor Tampa Bay / West Florida Coast,120,GREEN,BLUE
1773241246815,A2D2-C9B2,FLT-C9B2-001,28.203573,-80.600775,60.9,9.967517,0,Mavic 2,false,drone_images/Mavic 2.png,28.195000,-80.605000,28.194500,-80.605300,apolloshield_dji,dji,,,2414500000,RADAR-A2D2-C9B2,Sensor Cape Canaveral / Space Coast,140,GREEN,GREEN
1772041885092,A2D2-7E4D,FLT-7E4D-001,26.748983,-80.999676,106.5,9.6,0,Mavic Air 2,false,drone_images/Mavic Air 2.png,26.745000,-81.005000,26.744500,-81.005300,apolloshield_dji,df,,,2414500000,RADAR-A2D2-7E4D,Sensor Lake Okeechobee / Central Inland,190,YELLOW,YELLOW
1772041333303,A2D2-B2F6,FLT-B2F6-001,26.193935,-81.751514,119.8,9,0,Mini 3,true,drone_images/Mini 3_withpayload.png,26.195000,-81.755000,26.194500,-81.755300,apolloshield_dji,dji,,,2414500000,RADAR-A2D2-B2F6,Sensor Naples / Southwest Gulf Coast,160,YELLOW,YELLOW
1773243274509,A2D2-E5B7,FLT-E5B7-001,25.749226,-80.600336,78,3.4,0,Mavic 2,true,drone_images/Mavic 2_withpayload.png,25.745000,-80.605000,25.744500,-80.605300,apolloshield_dji,df,,,2414500000,RADAR-A2D2-E5B7,Sensor Everglades / West Miami Approach,260,RED,RED
1772118249910,A2D2-9D1E,FLT-9D1E-001,25.250093,-80.346252,127,3.1,0,Mavic Air 2S,true,drone_images/Mavic Air 2S_withpayload.png,25.245000,-80.355000,25.244500,-80.355300,apolloshield_dji,dji,,,2414500000,RADAR-A2D2-9D1E,Sensor Key Largo / South Ocean Corridor,300,RED,RED
1772039692829,A2D2-4F2A,FLT-4F2A-001,25.780293,-80.192724,29.8,3.9,0,M300 RTK,true,drone_images/M300 RTK_withpayload.png,25.775000,-80.197000,25.774500,-80.197300,apolloshield_dji,dji,,,2414500000,RADAR-A2D2-4F2A,Sensor Downtown Miami Ground Zero Approach,380,CRITICAL,RED
1772109788000,A2D2-3A8C,FLT-3A8C-001,29.500000,-82.100000,150,14,0,Mavic Pro,false,drone_images/Mavic Pro.png,29.495000,-82.105000,29.494500,-82.105300,apolloshield_df,camera,202.42328,10,5770000000,GMMM00MM08850001V64F,bluvec2.0-GMMM00MM08850001V64F,150,GREEN,NONE
1772040361785,A2D2-F3A1,FLT-F3A1-001,28.050007,-82.348099,43.8,12,0,Mavic 3,false,drone_images/Mavic 3.png,28.045000,-82.355000,28.044500,-82.355300,apolloshield_dji,dji,,,2414500000,RADAR-A2D2-F3A1,Sensor Tampa Bay / West Florida Coast,120,GREEN,BLUE
1773241268887,A2D2-C9B2,FLT-C9B2-001,28.203825,-80.602477,61,7.685844,0,Mavic 2,false,drone_images/Mavic 2.png,28.195000,-80.605000,28.194500,-80.605300,apolloshield_dji,dji,,,2414500000,RADAR-A2D2-C9B2,Sensor Cape Canaveral / Space Coast,140,GREEN,GREEN
1772041901122,A2D2-7E4D,FLT-7E4D-001,26.748983,-80.999676,106.5,9.6,0,Mavic Air 2,false,drone_images/Mavic Air 2.png,26.745000,-81.005000,26.744500,-81.005300,apolloshield_dji,df,,,2414500000,RADAR-A2D2-7E4D,Sensor Lake Okeechobee / Central Inland,190,YELLOW,YELLOW
1772041344570,A2D2-B2F6,FLT-B2F6-001,26.193935,-81.751497,119.9,0.1,0,Mini 3,true,drone_images/Mini 3_withpayload.png,26.195000,-81.755000,26.194500,-81.755300,apolloshield_dji,dji,,,2414500000,RADAR-A2D2-B2F6,Sensor Naples / Southwest Gulf Coast,160,YELLOW,YELLOW
1773243278023,A2D2-E5B7,FLT-E5B7-001,25.749100,-80.600273,64.6,4.1,0,Mavic 2,true,drone_images/Mavic 2_withpayload.png,25.745000,-80.605000,25.744500,-80.605300,apolloshield_dji,df,,,2414500000,RADAR-A2D2-E5B7,Sensor Everglades / West Miami Approach,260,RED,RED
1772118260022,A2D2-9D1E,FLT-9D1E-001,25.250093,-80.346252,127,3.1,0,Mavic Air 2S,true,drone_images/Mavic Air 2S_withpayload.png,25.245000,-80.355000,25.244500,-80.355300,apolloshield_dji,dji,,,2414500000,RADAR-A2D2-9D1E,Sensor Key Largo / South Ocean Corridor,300,RED,RED
1772039702224,A2D2-4F2A,FLT-4F2A-001,25.780156,-80.192707,29.8,0.1,0,M300 RTK,true,drone_images/M300 RTK_withpayload.png,25.775000,-80.197000,25.774500,-80.197300,apolloshield_dji,dji,,,2414500000,RADAR-A2D2-4F2A,Sensor Downtown Miami Ground Zero Approach,380,CRITICAL,RED
1772109788000,A2D2-3A8C,FLT-3A8C-001,29.500000,-82.100000,150,14,0,Mavic Pro,false,drone_images/Mavic Pro.png,29.495000,-82.105000,29.494500,-82.105300,apolloshield_df,camera,202.42328,10,5770000000,GMMM00MM08850001V64F,bluvec2.0-GMMM00MM08850001V64F,150,GREEN,NONE
1772040388314,A2D2-F3A1,FLT-F3A1-001,28.050110,-82.349732,43.8,0.2,0,Mavic 3,false,drone_images/Mavic 3.png,28.045000,-82.355000,28.044500,-82.355300,apolloshield_dji,dji,,,2414500000,RADAR-A2D2-F3A1,Sensor Tampa Bay / West Florida Coast,120,GREEN,BLUE
1773241341933,A2D2-C9B2,FLT-C9B2-001,28.204558,-80.602534,60.9,0.7317104,0,Mavic 2,false,drone_images/Mavic 2.png,28.195000,-80.605000,28.194500,-80.605300,apolloshield_dji,dji,,,2414500000,RADAR-A2D2-C9B2,Sensor Cape Canaveral / Space Coast,140,GREEN,GREEN
1772041918956,A2D2-7E4D,FLT-7E4D-001,26.753395,-80.999550,106.6,11,0,Mavic Air 2,false,drone_images/Mavic Air 2.png,26.745000,-81.005000,26.744500,-81.005300,apolloshield_dji,df,,,2414500000,RADAR-A2D2-7E4D,Sensor Lake Okeechobee / Central Inland,190,YELLOW,YELLOW
1772041355076,A2D2-B2F6,FLT-B2F6-001,26.193935,-81.751497,119.9,0.1,0,Mini 3,true,drone_images/Mini 3_withpayload.png,26.195000,-81.755000,26.194500,-81.755300,apolloshield_dji,dji,,,2414500000,RADAR-A2D2-B2F6,Sensor Naples / Southwest Gulf Coast,160,YELLOW,YELLOW
1773243290662,A2D2-E5B7,FLT-E5B7-001,25.749427,-80.600290,63.4,12.2,0,Mavic 2,true,drone_images/Mavic 2_withpayload.png,25.745000,-80.605000,25.744500,-80.605300,apolloshield_dji,df,,,2414500000,RADAR-A2D2-E5B7,Sensor Everglades / West Miami Approach,260,RED,RED
1772118269771,A2D2-9D1E,FLT-9D1E-001,25.250093,-80.346252,127,3.1,0,Mavic Air 2S,true,drone_images/Mavic Air 2S_withpayload.png,25.245000,-80.355000,25.244500,-80.355300,apolloshield_dji,dji,,,2414500000,RADAR-A2D2-9D1E,Sensor Key Largo / South Ocean Corridor,300,RED,RED
1772039710964,A2D2-4F2A,FLT-4F2A-001,25.780093,-80.192690,29.8,0.2,0,M300 RTK,true,drone_images/M300 RTK_withpayload.png,25.775000,-80.197000,25.774500,-80.197300,apolloshield_dji,dji,,,2414500000,RADAR-A2D2-4F2A,Sensor Downtown Miami Ground Zero Approach,380,CRITICAL,RED
1772109788000,A2D2-3A8C,FLT-3A8C-001,29.500000,-82.100000,150,14,0,Mavic Pro,false,drone_images/Mavic Pro.png,29.495000,-82.105000,29.494500,-82.105300,apolloshield_df,camera,202.42328,10,5770000000,GMMM00MM08850001V64F,bluvec2.0-GMMM00MM08850001V64F,150,GREEN,NONE
1772040413887,A2D2-F3A1,FLT-F3A1-001,28.050035,-82.349915,43.8,12,0,Mavic 3,false,drone_images/Mavic 3.png,28.045000,-82.355000,28.044500,-82.355300,apolloshield_dji,dji,,,2414500000,RADAR-A2D2-F3A1,Sensor Tampa Bay / West Florida Coast,120,GREEN,BLUE
1773241404648,A2D2-C9B2,FLT-C9B2-001,28.200960,-80.602064,60.9,7.1600065,0,Mavic 2,false,drone_images/Mavic 2.png,28.195000,-80.605000,28.194500,-80.605300,apolloshield_dji,dji,,,2414500000,RADAR-A2D2-C9B2,Sensor Cape Canaveral / Space Coast,140,GREEN,GREEN
1772041935071,A2D2-7E4D,FLT-7E4D-001,26.753395,-80.999550,106.6,11,0,Mavic Air 2,false,drone_images/Mavic Air 2.png,26.745000,-81.005000,26.744500,-81.005300,apolloshield_dji,df,,,2414500000,RADAR-A2D2-7E4D,Sensor Lake Okeechobee / Central Inland,190,YELLOW,YELLOW
1772041366101,A2D2-B2F6,FLT-B2F6-001,26.194147,-81.753216,119.9,10.6,0,Mini 3,true,drone_images/Mini 3_withpayload.png,26.195000,-81.755000,26.194500,-81.755300,apolloshield_dji,dji,,,2414500000,RADAR-A2D2-B2F6,Sensor Naples / Southwest Gulf Coast,160,YELLOW,YELLOW
1773243303337,A2D2-E5B7,FLT-E5B7-001,25.750149,-80.600422,51.7,0.3,0,Mavic 2,true,drone_images/Mavic 2_withpayload.png,25.745000,-80.605000,25.744500,-80.605300,apolloshield_dji,df,,,2414500000,RADAR-A2D2-E5B7,Sensor Everglades / West Miami Approach,260,RED,RED
1772118279817,A2D2-9D1E,FLT-9D1E-001,25.250093,-80.346252,127,3.1,0,Mavic Air 2S,true,drone_images/Mavic Air 2S_withpayload.png,25.245000,-80.355000,25.244500,-80.355300,apolloshield_dji,dji,,,2414500000,RADAR-A2D2-9D1E,Sensor Key Largo / South Ocean Corridor,300,RED,RED
1772039719714,A2D2-4F2A,FLT-4F2A-001,25.780350,-80.192117,43.8,12.4,0,M300 RTK,true,drone_images/M300 RTK_withpayload.png,25.775000,-80.197000,25.774500,-80.197300,apolloshield_dji,dji,,,2414500000,RADAR-A2D2-4F2A,Sensor Downtown Miami Ground Zero Approach,380,CRITICAL,RED
1772109788000,A2D2-3A8C,FLT-3A8C-001,29.500000,-82.100000,150,14,0,Mavic Pro,false,drone_images/Mavic Pro.png,29.495000,-82.105000,29.494500,-82.105300,apolloshield_df,camera,202.42328,10,5770000000,GMMM00MM08850001V64F,bluvec2.0-GMMM00MM08850001V64F,150,GREEN,NONE
1772040440033,A2D2-F3A1,FLT-F3A1-001,28.050047,-82.350076,43.8,12,0,Mavic 3,false,drone_images/Mavic 3.png,28.045000,-82.355000,28.044500,-82.355300,apolloshield_dji,dji,,,2414500000,RADAR-A2D2-F3A1,Sensor Tampa Bay / West Florida Coast,120,GREEN,BLUE
1773241432112,A2D2-C9B2,FLT-C9B2-001,28.199757,-80.602064,60.9,3.2801373,0,Mavic 2,false,drone_images/Mavic 2.png,28.195000,-80.605000,28.194500,-80.605300,apolloshield_dji,dji,,,2414500000,RADAR-A2D2-C9B2,Sensor Cape Canaveral / Space Coast,140,GREEN,GREEN
1772041952371,A2D2-7E4D,FLT-7E4D-001,26.753395,-80.999550,106.6,11,0,Mavic Air 2,false,drone_images/Mavic Air 2.png,26.745000,-81.005000,26.744500,-81.005300,apolloshield_dji,df,,,2414500000,RADAR-A2D2-7E4D,Sensor Lake Okeechobee / Central Inland,190,YELLOW,YELLOW
1772041377243,A2D2-B2F6,FLT-B2F6-001,26.194537,-81.753302,119.9,9.8,0,Mini 3,true,drone_images/Mini 3_withpayload.png,26.195000,-81.755000,26.194500,-81.755300,apolloshield_dji,dji,,,2414500000,RADAR-A2D2-B2F6,Sensor Naples / Southwest Gulf Coast,160,YELLOW,YELLOW
1773243312647,A2D2-E5B7,FLT-E5B7-001,25.750149,-80.600617,59.7,28,0,Mavic 2,true,drone_images/Mavic 2_withpayload.png,25.745000,-80.605000,25.744500,-80.605300,apolloshield_dji,df,,,2414500000,RADAR-A2D2-E5B7,Sensor Everglades / West Miami Approach,260,RED,RED
1772118289732,A2D2-9D1E,FLT-9D1E-001,25.247761,-80.347519,140.6,11,0,Mavic Air 2S,true,drone_images/Mavic Air 2S_withpayload.png,25.245000,-80.355000,25.244500,-80.355300,apolloshield_dji,dji,,,2414500000,RADAR-A2D2-9D1E,Sensor Key Largo / South Ocean Corridor,300,RED,RED
1772039729092,A2D2-4F2A,FLT-4F2A-001,25.780883,-80.191613,59.1,11.3,0,M300 RTK,true,drone_images/M300 RTK_withpayload.png,25.775000,-80.197000,25.774500,-80.197300,apolloshield_dji,dji,,,2414500000,RADAR-A2D2-4F2A,Sensor Downtown Miami Ground Zero Approach,380,CRITICAL,RED
1772109788000,A2D2-3A8C,FLT-3A8C-001,29.500000,-82.100000,150,14,0,Mavic Pro,false,drone_images/Mavic Pro.png,29.495000,-82.105000,29.494500,-82.105300,apolloshield_df,camera,218.47289,10,5770000000,GMMM00MM08850001V64F,bluvec2.0-GMMM00MM08850001V64F,150,GREEN,NONE
1772040466589,A2D2-F3A1,FLT-F3A1-001,28.050053,-82.350070,43.8,12,0,Mavic 3,false,drone_images/Mavic 3.png,28.045000,-82.355000,28.044500,-82.355300,apolloshield_dji,dji,,,2414500000,RADAR-A2D2-F3A1,Sensor Tampa Bay / West Florida Coast,120,GREEN,BLUE
1773241467545,A2D2-C9B2,FLT-C9B2-001,28.198932,-80.602064,60.8,7.17,0,Mavic 2,false,drone_images/Mavic 2.png,28.195000,-80.605000,28.194500,-80.605300,apolloshield_dji,dji,,,2414500000,RADAR-A2D2-C9B2,Sensor Cape Canaveral / Space Coast,140,GREEN,GREEN
1772042062268,A2D2-7E4D,FLT-7E4D-001,26.751573,-81.000685,106.7,11,0,Mavic Air 2,false,drone_images/Mavic Air 2.png,26.745000,-81.005000,26.744500,-81.005300,apolloshield_dji,df,,,2414500000,RADAR-A2D2-7E4D,Sensor Lake Okeechobee / Central Inland,190,YELLOW,YELLOW
1772041388255,A2D2-B2F6,FLT-B2F6-001,26.195207,-81.753061,119.9,10,0,Mini 3,true,drone_images/Mini 3_withpayload.png,26.195000,-81.755000,26.194500,-81.755300,apolloshield_dji,dji,,,2414500000,RADAR-A2D2-B2F6,Sensor Naples / Southwest Gulf Coast,160,YELLOW,YELLOW
1773243334374,A2D2-E5B7,FLT-E5B7-001,25.750160,-80.600525,49.7,0.1,0,Mavic 2,true,drone_images/Mavic 2_withpayload.png,25.745000,-80.605000,25.744500,-80.605300,apolloshield_dji,df,,,2414500000,RADAR-A2D2-E5B7,Sensor Everglades / West Miami Approach,260,RED,RED
1772118299693,A2D2-9D1E,FLT-9D1E-001,25.247761,-80.347519,140.6,11,0,Mavic Air 2S,true,drone_images/Mavic Air 2S_withpayload.png,25.245000,-80.355000,25.244500,-80.355300,apolloshield_dji,dji,,,2414500000,RADAR-A2D2-9D1E,Sensor Key Largo / South Ocean Corridor,300,RED,RED
1772039737989,A2D2-4F2A,FLT-4F2A-001,25.780814,-80.191086,58.8,0.6,0,M300 RTK,true,drone_images/M300 RTK_withpayload.png,25.775000,-80.197000,25.774500,-80.197300,apolloshield_dji,dji,,,2414500000,RADAR-A2D2-4F2A,Sensor Downtown Miami Ground Zero Approach,380,CRITICAL,RED
1772109788000,A2D2-3A8C,FLT-3A8C-001,29.500000,-82.100000,150,14,0,Mavic Pro,false,drone_images/Mavic Pro.png,29.495000,-82.105000,29.494500,-82.105300,apolloshield_df,camera,218.47289,10,5770000000,GMMM00MM08850001V64F,bluvec2.0-GMMM00MM08850001V64F,150,GREEN,NONE
1772040491958,A2D2-F3A1,FLT-F3A1-001,28.050047,-82.350099,43.4,2.8,0,Mavic 3,false,drone_images/Mavic 3.png,28.045000,-82.355000,28.044500,-82.355300,apolloshield_dji,dji,,,2414500000,RADAR-A2D2-F3A1,Sensor Tampa Bay / West Florida Coast,120,GREEN,BLUE
1773241499422,A2D2-C9B2,FLT-C9B2-001,28.197121,-80.602064,60.9,7.170063,0,Mavic 2,false,drone_images/Mavic 2.png,28.195000,-80.605000,28.194500,-80.605300,apolloshield_dji,dji,,,2414500000,RADAR-A2D2-C9B2,Sensor Cape Canaveral / Space Coast,140,GREEN,GREEN
1772042078749,A2D2-7E4D,FLT-7E4D-001,26.751573,-81.000685,106.7,11,0,Mavic Air 2,false,drone_images/Mavic Air 2.png,26.745000,-81.005000,26.744500,-81.005300,apolloshield_dji,df,,,2414500000,RADAR-A2D2-7E4D,Sensor Lake Okeechobee / Central Inland,190,YELLOW,YELLOW
1772041400469,A2D2-B2F6,FLT-B2F6-001,26.195408,-81.753113,120,3.2,0,Mini 3,true,drone_images/Mini 3_withpayload.png,26.195000,-81.755000,26.194500,-81.755300,apolloshield_dji,dji,,,2414500000,RADAR-A2D2-B2F6,Sensor Naples / Southwest Gulf Coast,160,YELLOW,YELLOW
1773243337608,A2D2-E5B7,FLT-E5B7-001,25.750155,-80.600525,49.7,0.2,0,Mavic 2,true,drone_images/Mavic 2_withpayload.png,25.745000,-80.605000,25.744500,-80.605300,apolloshield_dji,df,,,2414500000,RADAR-A2D2-E5B7,Sensor Everglades / West Miami Approach,260,RED,RED
1772118309972,A2D2-9D1E,FLT-9D1E-001,25.247761,-80.347519,140.6,11,0,Mavic Air 2S,true,drone_images/Mavic Air 2S_withpayload.png,25.245000,-80.355000,25.244500,-80.355300,apolloshield_dji,dji,,,2414500000,RADAR-A2D2-9D1E,Sensor Key Largo / South Ocean Corridor,300,RED,RED
1772039746801,A2D2-4F2A,FLT-4F2A-001,25.780241,-80.191028,59.5,10.4,0,M300 RTK,true,drone_images/M300 RTK_withpayload.png,25.775000,-80.197000,25.774500,-80.197300,apolloshield_dji,dji,,,2414500000,RADAR-A2D2-4F2A,Sensor Downtown Miami Ground Zero Approach,380,CRITICAL,RED
1772109788000,A2D2-3A8C,FLT-3A8C-001,29.500000,-82.100000,150,14,0,Mavic Pro,false,drone_images/Mavic Pro.png,29.495000,-82.105000,29.494500,-82.105300,apolloshield_df,camera,223.42316,10,5770000000,GMMM00MM08850001V64F,bluvec2.0-GMMM00MM08850001V64F,150,GREEN,NONE
1772040518134,A2D2-F3A1,FLT-F3A1-001,28.049984,-82.350156,43.8,12,0,Mavic 3,false,drone_images/Mavic 3.png,28.045000,-82.355000,28.044500,-82.355300,apolloshield_dji,dji,,,2414500000,RADAR-A2D2-F3A1,Sensor Tampa Bay / West Florida Coast,120,GREEN,BLUE
1773241517286,A2D2-C9B2,FLT-C9B2-001,28.195889,-80.602064,60.9,7.1600065,0,Mavic 2,false,drone_images/Mavic 2.png,28.195000,-80.605000,28.194500,-80.605300,apolloshield_dji,dji,,,2414500000,RADAR-A2D2-C9B2,Sensor Cape Canaveral / Space Coast,140,GREEN,GREEN
1772042097308,A2D2-7E4D,FLT-7E4D-001,26.751573,-81.000685,106.7,11,0,Mavic Air 2,false,drone_images/Mavic Air 2.png,26.745000,-81.005000,26.744500,-81.005300,apolloshield_dji,df,,,2414500000,RADAR-A2D2-7E4D,Sensor Lake Okeechobee / Central Inland,190,YELLOW,YELLOW
1772041409794,A2D2-B2F6,FLT-B2F6-001,26.195408,-81.753113,120,3.2,0,Mini 3,true,drone_images/Mini 3_withpayload.png,26.195000,-81.755000,26.194500,-81.755300,apolloshield_dji,dji,,,2414500000,RADAR-A2D2-B2F6,Sensor Naples / Southwest Gulf Coast,160,YELLOW,YELLOW
1773243348769,A2D2-E5B7,FLT-E5B7-001,25.750189,-80.600519,49.7,2.7,0,Mavic 2,true,drone_images/Mavic 2_withpayload.png,25.745000,-80.605000,25.744500,-80.605300,apolloshield_dji,df,,,2414500000,RADAR-A2D2-E5B7,Sensor Everglades / West Miami Approach,260,RED,RED
1772118319742,A2D2-9D1E,FLT-9D1E-001,25.247761,-80.347519,140.6,11,0,Mavic Air 2S,true,drone_images/Mavic Air 2S_withpayload.png,25.245000,-80.355000,25.244500,-80.355300,apolloshield_dji,dji,,,2414500000,RADAR-A2D2-9D1E,Sensor Key Largo / South Ocean Corridor,300,RED,RED
1772039755677,A2D2-4F2A,FLT-4F2A-001,25.779800,-80.191005,59.4,6,0,M300 RTK,true,drone_images/M300 RTK_withpayload.png,25.775000,-80.197000,25.774500,-80.197300,apolloshield_dji,dji,,,2414500000,RADAR-A2D2-4F2A,Sensor Downtown Miami Ground Zero Approach,380,CRITICAL,RED
1772109788000,A2D2-3A8C,FLT-3A8C-001,29.500000,-82.100000,150,14,0,Mavic Pro,false,drone_images/Mavic Pro.png,29.495000,-82.105000,29.494500,-82.105300,apolloshield_df,camera,209.55336,10,5770000000,GMMM00MM08850001V64F,bluvec2.0-GMMM00MM08850001V64F,150,GREEN,NONE
1772040544559,A2D2-F3A1,FLT-F3A1-001,28.049995,-82.350385,25.5,1.3,0,Mavic 3,false,drone_images/Mavic 3.png,28.045000,-82.355000,28.044500,-82.355300,apolloshield_dji,dji,,,2414500000,RADAR-A2D2-F3A1,Sensor Tampa Bay / West Florida Coast,120,GREEN,BLUE
1773241538835,A2D2-C9B2,FLT-C9B2-001,28.195076,-80.601583,60.9,1.0084146,0,Mavic 2,false,drone_images/Mavic 2.png,28.195000,-80.605000,28.194500,-80.605300,apolloshield_dji,dji,,,2414500000,RADAR-A2D2-C9B2,Sensor Cape Canaveral / Space Coast,140,GREEN,GREEN
1772042131931,A2D2-7E4D,FLT-7E4D-001,26.753590,-81.001166,106.5,11,0,Mavic Air 2,false,drone_images/Mavic Air 2.png,26.745000,-81.005000,26.744500,-81.005300,apolloshield_dji,df,,,2414500000,RADAR-A2D2-7E4D,Sensor Lake Okeechobee / Central Inland,190,YELLOW,YELLOW
1772041421295,A2D2-B2F6,FLT-B2F6-001,26.195448,-81.753113,119.9,9,0,Mini 3,true,drone_images/Mini 3_withpayload.png,26.195000,-81.755000,26.194500,-81.755300,apolloshield_dji,dji,,,2414500000,RADAR-A2D2-B2F6,Sensor Naples / Southwest Gulf Coast,160,YELLOW,YELLOW
1773243360668,A2D2-E5B7,FLT-E5B7-001,25.750544,-80.600508,49.5,3.5,0,Mavic 2,true,drone_images/Mavic 2_withpayload.png,25.745000,-80.605000,25.744500,-80.605300,apolloshield_dji,df,,,2414500000,RADAR-A2D2-E5B7,Sensor Everglades / West Miami Approach,260,RED,RED
1772118373933,A2D2-9D1E,FLT-9D1E-001,25.250465,-80.353311,134,8.6,0,Mavic Air 2S,true,drone_images/Mavic Air 2S_withpayload.png,25.245000,-80.355000,25.244500,-80.355300,apolloshield_dji,dji,,,2414500000,RADAR-A2D2-9D1E,Sensor Key Largo / South Ocean Corridor,300,RED,RED
1772039764851,A2D2-4F2A,FLT-4F2A-001,25.779800,-80.191005,59.4,6,0,M300 RTK,true,drone_images/M300 RTK_withpayload.png,25.775000,-80.197000,25.774500,-80.197300,apolloshield_dji,dji,,,2414500000,RADAR-A2D2-4F2A,Sensor Downtown Miami Ground Zero Approach,380,CRITICAL,RED
1772109788000,A2D2-3A8C,FLT-3A8C-001,29.500000,-82.100000,150,14,0,Mavic Pro,false,drone_images/Mavic Pro.png,29.495000,-82.105000,29.494500,-82.105300,apolloshield_df,camera,209.55336,10,5770000000,GMMM00MM08850001V64F,bluvec2.0-GMMM00MM08850001V64F,150,GREEN,NONE
1772040570664,A2D2-F3A1,FLT-F3A1-001,28.050001,-82.350437,25.8,1.1,0,Mavic 3,false,drone_images/Mavic 3.png,28.045000,-82.355000,28.044500,-82.355300,apolloshield_dji,dji,,,2414500000,RADAR-A2D2-F3A1,Sensor Tampa Bay / West Florida Coast,120,GREEN,BLUE
1773241662943,A2D2-C9B2,FLT-C9B2-001,28.200983,-80.601600,60.9,7.17,0,Mavic 2,false,drone_images/Mavic 2.png,28.195000,-80.605000,28.194500,-80.605300,apolloshield_dji,dji,,,2414500000,RADAR-A2D2-C9B2,Sensor Cape Canaveral / Space Coast,140,GREEN,GREEN
1772042149070,A2D2-7E4D,FLT-7E4D-001,26.753590,-81.001166,106.5,11,0,Mavic Air 2,false,drone_images/Mavic Air 2.png,26.745000,-81.005000,26.744500,-81.005300,apolloshield_dji,df,,,2414500000,RADAR-A2D2-7E4D,Sensor Lake Okeechobee / Central Inland,190,YELLOW,YELLOW
1772041432096,A2D2-B2F6,FLT-B2F6-001,26.195448,-81.753113,119.9,9,0,Mini 3,true,drone_images/Mini 3_withpayload.png,26.195000,-81.755000,26.194500,-81.755300,apolloshield_dji,dji,,,2414500000,RADAR-A2D2-B2F6,Sensor Naples / Southwest Gulf Coast,160,YELLOW,YELLOW
1773243372909,A2D2-E5B7,FLT-E5B7-001,25.750149,-80.600519,49.6,1.1,0,Mavic 2,true,drone_images/Mavic 2_withpayload.png,25.745000,-80.605000,25.744500,-80.605300,apolloshield_dji,df,,,2414500000,RADAR-A2D2-E5B7,Sensor Everglades / West Miami Approach,260,RED,RED
1772118383900,A2D2-9D1E,FLT-9D1E-001,25.250465,-80.353311,134,8.6,0,Mavic Air 2S,true,drone_images/Mavic Air 2S_withpayload.png,25.245000,-80.355000,25.244500,-80.355300,apolloshield_dji,dji,,,2414500000,RADAR-A2D2-9D1E,Sensor Key Largo / South Ocean Corridor,300,RED,RED
1772039773694,A2D2-4F2A,FLT-4F2A-001,25.780402,-80.191699,23.9,42,0,M300 RTK,true,drone_images/M300 RTK_withpayload.png,25.775000,-80.197000,25.774500,-80.197300,apolloshield_dji,dji,,,2414500000,RADAR-A2D2-4F2A,Sensor Downtown Miami Ground Zero Approach,380,CRITICAL,RED
1772109788000,A2D2-3A8C,FLT-3A8C-001,29.500000,-82.100000,150,14,0,Mavic Pro,false,drone_images/Mavic Pro.png,29.495000,-82.105000,29.494500,-82.105300,apolloshield_df,camera,209.55336,10,5770000000,GMMM00MM08850001V64F,bluvec2.0-GMMM00MM08850001V64F,150,GREEN,NONE
1772041127209,A2D2-F3A1,FLT-F3A1-001,28.050001,-82.350643,29.3,1.6,0,Mavic 3,false,drone_images/Mavic 3.png,28.045000,-82.355000,28.044500,-82.355300,apolloshield_dji,dji,,,2414500000,RADAR-A2D2-F3A1,Sensor Tampa Bay / West Florida Coast,120,GREEN,BLUE
1773242814372,A2D2-C9B2,FLT-C9B2-001,28.201344,-80.598810,60.9,7.1100283,0,Mavic 2,false,drone_images/Mavic 2.png,28.195000,-80.605000,28.194500,-80.605300,apolloshield_dji,dji,,,2414500000,RADAR-A2D2-C9B2,Sensor Cape Canaveral / Space Coast,140,GREEN,GREEN
1772042166105,A2D2-7E4D,FLT-7E4D-001,26.749877,-81.001275,106.4,11,0,Mavic Air 2,false,drone_images/Mavic Air 2.png,26.745000,-81.005000,26.744500,-81.005300,apolloshield_dji,df,,,2414500000,RADAR-A2D2-7E4D,Sensor Lake Okeechobee / Central Inland,190,YELLOW,YELLOW
1772041443431,A2D2-B2F6,FLT-B2F6-001,26.195436,-81.753038,119.9,2.8,0,Mini 3,true,drone_images/Mini 3_withpayload.png,26.195000,-81.755000,26.194500,-81.755300,apolloshield_dji,dji,,,2414500000,RADAR-A2D2-B2F6,Sensor Naples / Southwest Gulf Coast,160,YELLOW,YELLOW
1773243394770,A2D2-E5B7,FLT-E5B7-001,25.750246,-80.601883,71.2,6.1,0,Mavic 2,true,drone_images/Mavic 2_withpayload.png,25.745000,-80.605000,25.744500,-80.605300,apolloshield_dji,df,,,2414500000,RADAR-A2D2-E5B7,Sensor Everglades / West Miami Approach,260,RED,RED
1772118393703,A2D2-9D1E,FLT-9D1E-001,25.251233,-80.352647,134.4,34,0,Mavic Air 2S,true,drone_images/Mavic Air 2S_withpayload.png,25.245000,-80.355000,25.244500,-80.355300,apolloshield_dji,dji,,,2414500000,RADAR-A2D2-9D1E,Sensor Key Largo / South Ocean Corridor,300,RED,RED
1772039782943,A2D2-4F2A,FLT-4F2A-001,25.780327,-80.191733,13.1,2.1,0,M300 RTK,true,drone_images/M300 RTK_withpayload.png,25.775000,-80.197000,25.774500,-80.197300,apolloshield_dji,dji,,,2414500000,RADAR-A2D2-4F2A,Sensor Downtown Miami Ground Zero Approach,380,CRITICAL,RED
1772109788000,A2D2-3A8C,FLT-3A8C-001,29.500000,-82.100000,150,14,0,Mavic Pro,false,drone_images/Mavic Pro.png,29.495000,-82.105000,29.494500,-82.105300,apolloshield_df,camera,206.68265,10,5770000000,GMMM00MM08850001V64F,bluvec2.0-GMMM00MM08850001V64F,150,GREEN,NONE
1772041153196,A2D2-F3A1,FLT-F3A1-001,28.049995,-82.350540,51.7,12,0,Mavic 3,false,drone_images/Mavic 3.png,28.045000,-82.355000,28.044500,-82.355300,apolloshield_dji,dji,,,2414500000,RADAR-A2D2-F3A1,Sensor Tampa Bay / West Florida Coast,120,GREEN,BLUE
1773242834762,A2D2-C9B2,FLT-C9B2-001,28.202381,-80.598810,60.9,7.060177,0,Mavic 2,false,drone_images/Mavic 2.png,28.195000,-80.605000,28.194500,-80.605300,apolloshield_dji,dji,,,2414500000,RADAR-A2D2-C9B2,Sensor Cape Canaveral / Space Coast,140,GREEN,GREEN
1772042182854,A2D2-7E4D,FLT-7E4D-001,26.749877,-81.001275,106.4,11,0,Mavic Air 2,false,drone_images/Mavic Air 2.png,26.745000,-81.005000,26.744500,-81.005300,apolloshield_dji,df,,,2414500000,RADAR-A2D2-7E4D,Sensor Lake Okeechobee / Central Inland,190,YELLOW,YELLOW
1772041454391,A2D2-B2F6,FLT-B2F6-001,26.194892,-81.753519,119.8,8.3,0,Mini 3,true,drone_images/Mini 3_withpayload.png,26.195000,-81.755000,26.194500,-81.755300,apolloshield_dji,dji,,,2414500000,RADAR-A2D2-B2F6,Sensor Naples / Southwest Gulf Coast,160,YELLOW,YELLOW
1773243396799,A2D2-E5B7,FLT-E5B7-001,25.750957,-80.601711,71.2,12,0,Mavic 2,true,drone_images/Mavic 2_withpayload.png,25.745000,-80.605000,25.744500,-80.605300,apolloshield_dji,df,,,2414500000,RADAR-A2D2-E5B7,Sensor Everglades / West Miami Approach,260,RED,RED
1772118403817,A2D2-9D1E,FLT-9D1E-001,25.251233,-80.352647,134.4,34,0,Mavic Air 2S,true,drone_images/Mavic Air 2S_withpayload.png,25.245000,-80.355000,25.244500,-80.355300,apolloshield_dji,dji,,,2414500000,RADAR-A2D2-9D1E,Sensor Key Largo / South Ocean Corridor,300,RED,RED
1772039791852,A2D2-4F2A,FLT-4F2A-001,25.780327,-80.191733,13.1,2.1,0,M300 RTK,true,drone_images/M300 RTK_withpayload.png,25.775000,-80.197000,25.774500,-80.197300,apolloshield_dji,dji,,,2414500000,RADAR-A2D2-4F2A,Sensor Downtown Miami Ground Zero Approach,380,CRITICAL,RED
1772111503000,A2D2-3A8C,FLT-3A8C-001,29.500000,-82.100000,150,14,0,Mavic Pro,false,drone_images/Mavic Pro.png,29.495000,-82.105000,29.494500,-82.105300,apolloshield_df,camera,231.1022,10,5820000000,GMMM00MM08850001V64F,bluvec2.0-GMMM00MM08850001V64F,150,GREEN,NONE
1772041180119,A2D2-F3A1,FLT-F3A1-001,28.049995,-82.350540,51.8,12,0,Mavic 3,false,drone_images/Mavic 3.png,28.045000,-82.355000,28.044500,-82.355300,apolloshield_dji,dji,,,2414500000,RADAR-A2D2-F3A1,Sensor Tampa Bay / West Florida Coast,120,GREEN,BLUE
1773242885623,A2D2-C9B2,FLT-C9B2-001,28.204363,-80.598300,61,4.0798283,0,Mavic 2,false,drone_images/Mavic 2.png,28.195000,-80.605000,28.194500,-80.605300,apolloshield_dji,dji,,,2414500000,RADAR-A2D2-C9B2,Sensor Cape Canaveral / Space Coast,140,GREEN,GREEN
1772042199824,A2D2-7E4D,FLT-7E4D-001,26.750593,-81.001802,106.6,11,0,Mavic Air 2,false,drone_images/Mavic Air 2.png,26.745000,-81.005000,26.744500,-81.005300,apolloshield_dji,df,,,2414500000,RADAR-A2D2-7E4D,Sensor Lake Okeechobee / Central Inland,190,YELLOW,YELLOW
1772041465000,A2D2-B2F6,FLT-B2F6-001,26.194497,-81.753623,119.8,6.2,0,Mini 3,true,drone_images/Mini 3_withpayload.png,26.195000,-81.755000,26.194500,-81.755300,apolloshield_dji,dji,,,2414500000,RADAR-A2D2-B2F6,Sensor Naples / Southwest Gulf Coast,160,YELLOW,YELLOW
1773243409578,A2D2-E5B7,FLT-E5B7-001,25.752103,-80.600582,71,0.1,0,Mavic 2,true,drone_images/Mavic 2_withpayload.png,25.745000,-80.605000,25.744500,-80.605300,apolloshield_dji,df,,,2414500000,RADAR-A2D2-E5B7,Sensor Everglades / West Miami Approach,260,RED,RED
1772118413805,A2D2-9D1E,FLT-9D1E-001,25.251233,-80.352647,134.4,34,0,Mavic Air 2S,true,drone_images/Mavic Air 2S_withpayload.png,25.245000,-80.355000,25.244500,-80.355300,apolloshield_dji,dji,,,2414500000,RADAR-A2D2-9D1E,Sensor Key Largo / South Ocean Corridor,300,RED,RED
1772039800617,A2D2-4F2A,FLT-4F2A-001,25.780327,-80.191733,13.1,2.1,0,M300 RTK,true,drone_images/M300 RTK_withpayload.png,25.775000,-80.197000,25.774500,-80.197300,apolloshield_dji,dji,,,2414500000,RADAR-A2D2-4F2A,Sensor Downtown Miami Ground Zero Approach,380,CRITICAL,RED
1772111503000,A2D2-3A8C,FLT-3A8C-001,29.500000,-82.100000,150,14,0,Mavic Pro,false,drone_images/Mavic Pro.png,29.495000,-82.105000,29.494500,-82.105300,apolloshield_df,camera,226.2528,10,5820000000,GMMM00MM08850001V64F,bluvec2.0-GMMM00MM08850001V64F,150,GREEN,NONE
1772041205168,A2D2-F3A1,FLT-F3A1-001,28.050001,-82.350540,51.6,12,0,Mavic 3,false,drone_images/Mavic 3.png,28.045000,-82.355000,28.044500,-82.355300,apolloshield_dji,dji,,,2414500000,RADAR-A2D2-F3A1,Sensor Tampa Bay / West Florida Coast,120,GREEN,BLUE
1773242912468,A2D2-C9B2,FLT-C9B2-001,28.204255,-80.598111,60.9,10.237016,0,Mavic 2,false,drone_images/Mavic 2.png,28.195000,-80.605000,28.194500,-80.605300,apolloshield_dji,dji,,,2414500000,RADAR-A2D2-C9B2,Sensor Cape Canaveral / Space Coast,140,GREEN,GREEN
1772042216781,A2D2-7E4D,FLT-7E4D-001,26.750593,-81.001802,106.6,11,0,Mavic Air 2,false,drone_images/Mavic Air 2.png,26.745000,-81.005000,26.744500,-81.005300,apolloshield_dji,df,,,2414500000,RADAR-A2D2-7E4D,Sensor Lake Okeechobee / Central Inland,190,YELLOW,YELLOW
1772041476017,A2D2-B2F6,FLT-B2F6-001,26.194560,-81.753497,118.5,9,0,Mini 3,true,drone_images/Mini 3_withpayload.png,26.195000,-81.755000,26.194500,-81.755300,apolloshield_dji,dji,,,2414500000,RADAR-A2D2-B2F6,Sensor Naples / Southwest Gulf Coast,160,YELLOW,YELLOW
1773243420778,A2D2-E5B7,FLT-E5B7-001,25.751570,-80.600256,60.9,11.3,0,Mavic 2,true,drone_images/Mavic 2_withpayload.png,25.745000,-80.605000,25.744500,-80.605300,apolloshield_dji,df,,,2414500000,RADAR-A2D2-E5B7,Sensor Everglades / West Miami Approach,260,RED,RED
1772118423807,A2D2-9D1E,FLT-9D1E-001,25.251233,-80.352647,134.4,34,0,Mavic Air 2S,true,drone_images/Mavic Air 2S_withpayload.png,25.245000,-80.355000,25.244500,-80.355300,apolloshield_dji,dji,,,2414500000,RADAR-A2D2-9D1E,Sensor Key Largo / South Ocean Corridor,300,RED,RED
1772039809707,A2D2-4F2A,FLT-4F2A-001,25.780327,-80.191733,13.1,2.1,0,M300 RTK,true,drone_images/M300 RTK_withpayload.png,25.775000,-80.197000,25.774500,-80.197300,apolloshield_dji,dji,,,2414500000,RADAR-A2D2-4F2A,Sensor Downtown Miami Ground Zero Approach,380,CRITICAL,RED
1772111503000,A2D2-3A8C,FLT-3A8C-001,29.500000,-82.100000,150,14,0,Mavic Pro,false,drone_images/Mavic Pro.png,29.495000,-82.105000,29.494500,-82.105300,apolloshield_df,camera,223.13956,10,5820000000,GMMM00MM08850001V64F,bluvec2.0-GMMM00MM08850001V64F,150,GREEN,NONE
1772041240410,A2D2-F3A1,FLT-F3A1-001,28.050001,-82.350540,52,0.1,0,Mavic 3,false,drone_images/Mavic 3.png,28.045000,-82.355000,28.044500,-82.355300,apolloshield_dji,dji,,,2414500000,RADAR-A2D2-F3A1,Sensor Tampa Bay / West Florida Coast,120,GREEN,BLUE
1773242927223,A2D2-C9B2,FLT-C9B2-001,28.202828,-80.595693,61,16,0,Mavic 2,false,drone_images/Mavic 2.png,28.195000,-80.605000,28.194500,-80.605300,apolloshield_dji,dji,,,2414500000,RADAR-A2D2-C9B2,Sensor Cape Canaveral / Space Coast,140,GREEN,GREEN
1772042234002,A2D2-7E4D,FLT-7E4D-001,26.753796,-81.001699,106.5,11,0,Mavic Air 2,false,drone_images/Mavic Air 2.png,26.745000,-81.005000,26.744500,-81.005300,apolloshield_dji,df,,,2414500000,RADAR-A2D2-7E4D,Sensor Lake Okeechobee / Central Inland,190,YELLOW,YELLOW
1772041487341,A2D2-B2F6,FLT-B2F6-001,26.194588,-81.753445,118.5,9,0,Mini 3,true,drone_images/Mini 3_withpayload.png,26.195000,-81.755000,26.194500,-81.755300,apolloshield_dji,dji,,,2414500000,RADAR-A2D2-B2F6,Sensor Naples / Southwest Gulf Coast,160,YELLOW,YELLOW
1773243433695,A2D2-E5B7,FLT-E5B7-001,25.750773,-80.599786,47.4,2.9,0,Mavic 2,true,drone_images/Mavic 2_withpayload.png,25.745000,-80.605000,25.744500,-80.605300,apolloshield_dji,df,,,2414500000,RADAR-A2D2-E5B7,Sensor Everglades / West Miami Approach,260,RED,RED
1772118433758,A2D2-9D1E,FLT-9D1E-001,25.254384,-80.349644,134.6,10,0,Mavic Air 2S,true,drone_images/Mavic Air 2S_withpayload.png,25.245000,-80.355000,25.244500,-80.355300,apolloshield_dji,dji,,,2414500000,RADAR-A2D2-9D1E,Sensor Key Largo / South Ocean Corridor,300,RED,RED
1772039819116,A2D2-4F2A,FLT-4F2A-001,25.780327,-80.191733,13.1,2.1,0,M300 RTK,true,drone_images/M300 RTK_withpayload.png,25.775000,-80.197000,25.774500,-80.197300,apolloshield_dji,dji,,,2414500000,RADAR-A2D2-4F2A,Sensor Downtown Miami Ground Zero Approach,380,CRITICAL,RED
1772111503000,A2D2-3A8C,FLT-3A8C-001,29.500000,-82.100000,150,14,0,Mavic Pro,false,drone_images/Mavic Pro.png,29.495000,-82.105000,29.494500,-82.105300,apolloshield_df,camera,223.13956,10,5820000000,GMMM00MM08850001V64F,bluvec2.0-GMMM00MM08850001V64F,150,GREEN,NONE
1772041265830,A2D2-F3A1,FLT-F3A1-001,28.049995,-82.350540,81.5,12,0,Mavic 3,false,drone_images/Mavic 3.png,28.045000,-82.355000,28.044500,-82.355300,apolloshield_dji,dji,,,2414500000,RADAR-A2D2-F3A1,Sensor Tampa Bay / West Florida Coast,120,GREEN,BLUE
1773243075444,A2D2-C9B2,FLT-C9B2-001,28.202948,-80.595928,60.9,8.434986,0,Mavic 2,false,drone_images/Mavic 2.png,28.195000,-80.605000,28.194500,-80.605300,apolloshield_dji,dji,,,2414500000,RADAR-A2D2-C9B2,Sensor Cape Canaveral / Space Coast,140,GREEN,GREEN
1772042250912,A2D2-7E4D,FLT-7E4D-001,26.753796,-81.001699,106.5,11,0,Mavic Air 2,false,drone_images/Mavic Air 2.png,26.745000,-81.005000,26.744500,-81.005300,apolloshield_dji,df,,,2414500000,RADAR-A2D2-7E4D,Sensor Lake Okeechobee / Central Inland,190,YELLOW,YELLOW
1772041498142,A2D2-B2F6,FLT-B2F6-001,26.194588,-81.753445,118.5,9,0,Mini 3,true,drone_images/Mini 3_withpayload.png,26.195000,-81.755000,26.194500,-81.755300,apolloshield_dji,dji,,,2414500000,RADAR-A2D2-B2F6,Sensor Naples / Southwest Gulf Coast,160,YELLOW,YELLOW
1773243447488,A2D2-E5B7,FLT-E5B7-001,25.750218,-80.600204,47.4,10.9,0,Mavic 2,true,drone_images/Mavic 2_withpayload.png,25.745000,-80.605000,25.744500,-80.605300,apolloshield_dji,df,,,2414500000,RADAR-A2D2-E5B7,Sensor Everglades / West Miami Approach,260,RED,RED
1772118443926,A2D2-9D1E,FLT-9D1E-001,25.254384,-80.349644,134.6,10,0,Mavic Air 2S,true,drone_images/Mavic Air 2S_withpayload.png,25.245000,-80.355000,25.244500,-80.355300,apolloshield_dji,dji,,,2414500000,RADAR-A2D2-9D1E,Sensor Key Largo / South Ocean Corridor,300,RED,RED
1772040256387,A2D2-4F2A,FLT-4F2A-001,25.780356,-80.191739,18.1,0.1,0,M300 RTK,true,drone_images/M300 RTK_withpayload.png,25.775000,-80.197000,25.774500,-80.197300,apolloshield_dji,dji,,,2414500000,RADAR-A2D2-4F2A,Sensor Downtown Miami Ground Zero Approach,380,CRITICAL,RED
1772111503000,A2D2-3A8C,FLT-3A8C-001,29.500000,-82.100000,150,14,0,Mavic Pro,false,drone_images/Mavic Pro.png,29.495000,-82.105000,29.494500,-82.105300,apolloshield_df,camera,224.2262,10,5820000000,GMMM00MM08850001V64F,bluvec2.0-GMMM00MM08850001V64F,150,GREEN,NONE
1772041292950,A2D2-F3A1,FLT-F3A1-001,28.050001,-82.350540,52.9,12,0,Mavic 3,false,drone_images/Mavic 3.png,28.045000,-82.355000,28.044500,-82.355300,apolloshield_dji,dji,,,2414500000,RADAR-A2D2-F3A1,Sensor Tampa Bay / West Florida Coast,120,GREEN,BLUE
1773243095858,A2D2-C9B2,FLT-C9B2-001,28.203636,-80.597354,60.9,9.953814,0,Mavic 2,false,drone_images/Mavic 2.png,28.195000,-80.605000,28.194500,-80.605300,apolloshield_dji,dji,,,2414500000,RADAR-A2D2-C9B2,Sensor Cape Canaveral / Space Coast,140,GREEN,GREEN
1772042268122,A2D2-7E4D,FLT-7E4D-001,26.753796,-81.001699,106.5,11,0,Mavic Air 2,false,drone_images/Mavic Air 2.png,26.745000,-81.005000,26.744500,-81.005300,apolloshield_dji,df,,,2414500000,RADAR-A2D2-7E4D,Sensor Lake Okeechobee / Central Inland,190,YELLOW,YELLOW
1772041509398,A2D2-B2F6,FLT-B2F6-001,26.194588,-81.753445,118.5,9,0,Mini 3,true,drone_images/Mini 3_withpayload.png,26.195000,-81.755000,26.194500,-81.755300,apolloshield_dji,dji,,,2414500000,RADAR-A2D2-B2F6,Sensor Naples / Southwest Gulf Coast,160,YELLOW,YELLOW
1773243456627,A2D2-E5B7,FLT-E5B7-001,25.749507,-80.599872,47.4,7.9,0,Mavic 2,true,drone_images/Mavic 2_withpayload.png,25.745000,-80.605000,25.744500,-80.605300,apolloshield_dji,df,,,2414500000,RADAR-A2D2-E5B7,Sensor Everglades / West Miami Approach,260,RED,RED
1772118453726,A2D2-9D1E,FLT-9D1E-001,25.254384,-80.349644,134.6,10,0,Mavic Air 2S,true,drone_images/Mavic Air 2S_withpayload.png,25.245000,-80.355000,25.244500,-80.355300,apolloshield_dji,dji,,,2414500000,RADAR-A2D2-9D1E,Sensor Key Largo / South Ocean Corridor,300,RED,RED
1772040265061,A2D2-4F2A,FLT-4F2A-001,25.780316,-80.192134,44.2,12.1,0,M300 RTK,true,drone_images/M300 RTK_withpayload.png,25.775000,-80.197000,25.774500,-80.197300,apolloshield_dji,dji,,,2414500000,RADAR-A2D2-4F2A,Sensor Downtown Miami Ground Zero Approach,380,CRITICAL,RED
1772111503000,A2D2-3A8C,FLT-3A8C-001,29.500000,-82.100000,150,14,0,Mavic Pro,false,drone_images/Mavic Pro.png,29.495000,-82.105000,29.494500,-82.105300,apolloshield_df,camera,218.99168,10,5820000000,GMMM00MM08850001V64F,bluvec2.0-GMMM00MM08850001V64F,150,GREEN,NONE
1772041318578,A2D2-F3A1,FLT-F3A1-001,28.050001,-82.350540,53.2,12,0,Mavic 3,false,drone_images/Mavic 3.png,28.045000,-82.355000,28.044500,-82.355300,apolloshield_dji,dji,,,2414500000,RADAR-A2D2-F3A1,Sensor Tampa Bay / West Florida Coast,120,GREEN,BLUE
1773243116317,A2D2-C9B2,FLT-C9B2-001,28.203974,-80.598346,60.9,8.150006,0,Mavic 2,false,drone_images/Mavic 2.png,28.195000,-80.605000,28.194500,-80.605300,apolloshield_dji,dji,,,2414500000,RADAR-A2D2-C9B2,Sensor Cape Canaveral / Space Coast,140,GREEN,GREEN
1772042285005,A2D2-7E4D,FLT-7E4D-001,26.753693,-81.002243,106.6,11,0,Mavic Air 2,false,drone_images/Mavic Air 2.png,26.745000,-81.005000,26.744500,-81.005300,apolloshield_dji,df,,,2414500000,RADAR-A2D2-7E4D,Sensor Lake Okeechobee / Central Inland,190,YELLOW,YELLOW
1772041520005,A2D2-B2F6,FLT-B2F6-001,26.195150,-81.751869,118.3,9.8,0,Mini 3,true,drone_images/Mini 3_withpayload.png,26.195000,-81.755000,26.194500,-81.755300,apolloshield_dji,dji,,,2414500000,RADAR-A2D2-B2F6,Sensor Naples / Southwest Gulf Coast,160,YELLOW,YELLOW
1773243468644,A2D2-E5B7,FLT-E5B7-001,25.750092,-80.599402,87.7,2.3,0,Mavic 2,true,drone_images/Mavic 2_withpayload.png,25.745000,-80.605000,25.744500,-80.605300,apolloshield_dji,df,,,2414500000,RADAR-A2D2-E5B7,Sensor Everglades / West Miami Approach,260,RED,RED
1772118463892,A2D2-9D1E,FLT-9D1E-001,25.254384,-80.349644,134.6,10,0,Mavic Air 2S,true,drone_images/Mavic Air 2S_withpayload.png,25.245000,-80.355000,25.244500,-80.355300,apolloshield_dji,dji,,,2414500000,RADAR-A2D2-9D1E,Sensor Key Largo / South Ocean Corridor,300,RED,RED
1772040273834,A2D2-4F2A,FLT-4F2A-001,25.780012,-80.192661,46.5,0.4,0,M300 RTK,true,drone_images/M300 RTK_withpayload.png,25.775000,-80.197000,25.774500,-80.197300,apolloshield_dji,dji,,,2414500000,RADAR-A2D2-4F2A,Sensor Downtown Miami Ground Zero Approach,380,CRITICAL,RED
1772111503000,A2D2-3A8C,FLT-3A8C-001,29.500000,-82.100000,150,14,0,Mavic Pro,false,drone_images/Mavic Pro.png,29.495000,-82.105000,29.494500,-82.105300,apolloshield_df,camera,221.33315,10,5820000000,GMMM00MM08850001V64F,bluvec2.0-GMMM00MM08850001V64F,150,GREEN,NONE
1772041344571,A2D2-F3A1,FLT-F3A1-001,28.049995,-82.350540,53.1,0.1,0,Mavic 3,false,drone_images/Mavic 3.png,28.045000,-82.355000,28.044500,-82.355300,apolloshield_dji,dji,,,2414500000,RADAR-A2D2-F3A1,Sensor Tampa Bay / West Florida Coast,120,GREEN,BLUE
1773243136641,A2D2-C9B2,FLT-C9B2-001,28.203831,-80.598340,60.9,3.91,0,Mavic 2,false,drone_images/Mavic 2.png,28.195000,-80.605000,28.194500,-80.605300,apolloshield_dji,dji,,,2414500000,RADAR-A2D2-C9B2,Sensor Cape Canaveral / Space Coast,140,GREEN,GREEN
1772042302762,A2D2-7E4D,FLT-7E4D-001,26.750284,-81.002346,106.6,11.1,0,Mavic Air 2,false,drone_images/Mavic Air 2.png,26.745000,-81.005000,26.744500,-81.005300,apolloshield_dji,df,,,2414500000,RADAR-A2D2-7E4D,Sensor Lake Okeechobee / Central Inland,190,YELLOW,YELLOW
1772041531061,A2D2-B2F6,FLT-B2F6-001,26.195368,-81.751508,118.2,0.6,0,Mini 3,true,drone_images/Mini 3_withpayload.png,26.195000,-81.755000,26.194500,-81.755300,apolloshield_dji,dji,,,2414500000,RADAR-A2D2-B2F6,Sensor Naples / Southwest Gulf Coast,160,YELLOW,YELLOW
1773243480761,A2D2-E5B7,FLT-E5B7-001,25.750114,-80.599362,61.9,0.5,0,Mavic 2,true,drone_images/Mavic 2_withpayload.png,25.745000,-80.605000,25.744500,-80.605300,apolloshield_dji,df,,,2414500000,RADAR-A2D2-E5B7,Sensor Everglades / West Miami Approach,260,RED,RED
1772118473898,A2D2-9D1E,FLT-9D1E-001,25.254384,-80.349644,134.6,10,0,Mavic Air 2S,true,drone_images/Mavic Air 2S_withpayload.png,25.245000,-80.355000,25.244500,-80.355300,apolloshield_dji,dji,,,2414500000,RADAR-A2D2-9D1E,Sensor Key Largo / South Ocean Corridor,300,RED,RED
1772040282910,A2D2-4F2A,FLT-4F2A-001,25.780052,-80.192908,39.4,0.1,0,M300 RTK,true,drone_images/M300 RTK_withpayload.png,25.775000,-80.197000,25.774500,-80.197300,apolloshield_dji,dji,,,2414500000,RADAR-A2D2-4F2A,Sensor Downtown Miami Ground Zero Approach,380,CRITICAL,RED
1772111503000,A2D2-3A8C,FLT-3A8C-001,29.500000,-82.100000,150,14,0,Mavic Pro,false,drone_images/Mavic Pro.png,29.495000,-82.105000,29.494500,-82.105300,apolloshield_df,camera,214.79744,10,5820000000,GMMM00MM08850001V64F,bluvec2.0-GMMM00MM08850001V64F,150,GREEN,NONE
1772041370543,A2D2-F3A1,FLT-F3A1-001,28.050001,-82.350356,52.7,6.7,0,Mavic 3,false,drone_images/Mavic 3.png,28.045000,-82.355000,28.044500,-82.355300,apolloshield_dji,dji,,,2414500000,RADAR-A2D2-F3A1,Sensor Tampa Bay / West Florida Coast,120,GREEN,BLUE
1773243157042,A2D2-C9B2,FLT-C9B2-001,28.203831,-80.598340,60.9,3.8201177,0,Mavic 2,false,drone_images/Mavic 2.png,28.195000,-80.605000,28.194500,-80.605300,apolloshield_dji,dji,,,2414500000,RADAR-A2D2-C9B2,Sensor Cape Canaveral / Space Coast,140,GREEN,GREEN
1772042318834,A2D2-7E4D,FLT-7E4D-001,26.750284,-81.002346,106.6,11.1,0,Mavic Air 2,false,drone_images/Mavic Air 2.png,26.745000,-81.005000,26.744500,-81.005300,apolloshield_dji,df,,,2414500000,RADAR-A2D2-7E4D,Sensor Lake Okeechobee / Central Inland,190,YELLOW,YELLOW
1772041542137,A2D2-B2F6,FLT-B2F6-001,26.195368,-81.751508,118.2,0.6,0,Mini 3,true,drone_images/Mini 3_withpayload.png,26.195000,-81.755000,26.194500,-81.755300,apolloshield_dji,dji,,,2414500000,RADAR-A2D2-B2F6,Sensor Naples / Southwest Gulf Coast,160,YELLOW,YELLOW
1773243492555,A2D2-E5B7,FLT-E5B7-001,25.750103,-80.598755,58.7,7.7,0,Mavic 2,true,drone_images/Mavic 2_withpayload.png,25.745000,-80.605000,25.744500,-80.605300,apolloshield_dji,df,,,2414500000,RADAR-A2D2-E5B7,Sensor Everglades / West Miami Approach,260,RED,RED
1772118528661,A2D2-9D1E,FLT-9D1E-001,25.249319,-80.345473,117.6,14.6,0,Mavic Air 2S,true,drone_images/Mavic Air 2S_withpayload.png,25.245000,-80.355000,25.244500,-80.355300,apolloshield_dji,dji,,,2414500000,RADAR-A2D2-9D1E,Sensor Key Largo / South Ocean Corridor,300,RED,RED
1772040291825,A2D2-4F2A,FLT-4F2A-001,25.780093,-80.193085,50.3,8.1,0,M300 RTK,true,drone_images/M300 RTK_withpayload.png,25.775000,-80.197000,25.774500,-80.197300,apolloshield_dji,dji,,,2414500000,RADAR-A2D2-4F2A,Sensor Downtown Miami Ground Zero Approach,380,CRITICAL,RED
1772111503000,A2D2-3A8C,FLT-3A8C-001,29.500000,-82.100000,150,14,0,Mavic Pro,false,drone_images/Mavic Pro.png,29.495000,-82.105000,29.494500,-82.105300,apolloshield_df,camera,224.56442,10,5820000000,GMMM00MM08850001V64F,bluvec2.0-GMMM00MM08850001V64F,150,GREEN,NONE
1772041396024,A2D2-F3A1,FLT-F3A1-001,28.050007,-82.349927,58.3,0.1,0,Mavic 3,false,drone_images/Mavic 3.png,28.045000,-82.355000,28.044500,-82.355300,apolloshield_dji,dji,,,2414500000,RADAR-A2D2-F3A1,Sensor Tampa Bay / West Florida Coast,120,GREEN,BLUE
1773243213504,A2D2-C9B2,FLT-C9B2-001,28.201957,-80.598346,60.9,7.1200075,0,Mavic 2,false,drone_images/Mavic 2.png,28.195000,-80.605000,28.194500,-80.605300,apolloshield_dji,dji,,,2414500000,RADAR-A2D2-C9B2,Sensor Cape Canaveral / Space Coast,140,GREEN,GREEN
1772042335805,A2D2-7E4D,FLT-7E4D-001,26.748863,-81.002879,106.5,7.3,0,Mavic Air 2,false,drone_images/Mavic Air 2.png,26.745000,-81.005000,26.744500,-81.005300,apolloshield_dji,df,,,2414500000,RADAR-A2D2-7E4D,Sensor Lake Okeechobee / Central Inland,190,YELLOW,YELLOW
1772041559932,A2D2-B2F6,FLT-B2F6-001,26.195333,-81.751526,81.6,0.1,0,Mini 3,true,drone_images/Mini 3_withpayload.png,26.195000,-81.755000,26.194500,-81.755300,apolloshield_dji,dji,,,2414500000,RADAR-A2D2-B2F6,Sensor Naples / Southwest Gulf Coast,160,YELLOW,YELLOW
1773243706831,A2D2-E5B7,FLT-E5B7-001,25.750195,-80.598898,58.6,10.3,0,Mavic 2,true,drone_images/Mavic 2_withpayload.png,25.745000,-80.605000,25.744500,-80.605300,apolloshield_dji,df,,,2414500000,RADAR-A2D2-E5B7,Sensor Everglades / West Miami Approach,260,RED,RED
1772118538694,A2D2-9D1E,FLT-9D1E-001,25.249319,-80.345473,117.6,14.6,0,Mavic Air 2S,true,drone_images/Mavic Air 2S_withpayload.png,25.245000,-80.355000,25.244500,-80.355300,apolloshield_dji,dji,,,2414500000,RADAR-A2D2-9D1E,Sensor Key Largo / South Ocean Corridor,300,RED,RED
1772040300977,A2D2-4F2A,FLT-4F2A-001,25.780230,-80.193355,62.4,5,0,M300 RTK,true,drone_images/M300 RTK_withpayload.png,25.775000,-80.197000,25.774500,-80.197300,apolloshield_dji,dji,,,2414500000,RADAR-A2D2-4F2A,Sensor Downtown Miami Ground Zero Approach,380,CRITICAL,RED
1772111503000,A2D2-3A8C,FLT-3A8C-001,29.500000,-82.100000,150,14,0,Mavic Pro,false,drone_images/Mavic Pro.png,29.495000,-82.105000,29.494500,-82.105300,apolloshield_df,camera,227.27716,10,5820000000,GMMM00MM08850001V64F,bluvec2.0-GMMM00MM08850001V64F,150,GREEN,NONE
1772041422339,A2D2-F3A1,FLT-F3A1-001,28.050007,-82.349927,58.2,12,0,Mavic 3,false,drone_images/Mavic 3.png,28.045000,-82.355000,28.044500,-82.355300,apolloshield_dji,dji,,,2414500000,RADAR-A2D2-F3A1,Sensor Tampa Bay / West Florida Coast,120,GREEN,BLUE
1773243223092,A2D2-C9B2,FLT-C9B2-001,28.200794,-80.598340,60.9,7.1100283,0,Mavic 2,false,drone_images/Mavic 2.png,28.195000,-80.605000,28.194500,-80.605300,apolloshield_dji,dji,,,2414500000,RADAR-A2D2-C9B2,Sensor Cape Canaveral / Space Coast,140,GREEN,GREEN
1772042353071,A2D2-7E4D,FLT-7E4D-001,26.748863,-81.002879,106.5,7.3,0,Mavic Air 2,false,drone_images/Mavic Air 2.png,26.745000,-81.005000,26.744500,-81.005300,apolloshield_dji,df,,,2414500000,RADAR-A2D2-7E4D,Sensor Lake Okeechobee / Central Inland,190,YELLOW,YELLOW
1772041570285,A2D2-B2F6,FLT-B2F6-001,26.195339,-81.751571,40.2,0.2,0,Mini 3,true,drone_images/Mini 3_withpayload.png,26.195000,-81.755000,26.194500,-81.755300,apolloshield_dji,dji,,,2414500000,RADAR-A2D2-B2F6,Sensor Naples / Southwest Gulf Coast,160,YELLOW,YELLOW
1773243707048,A2D2-E5B7,FLT-E5B7-001,25.750527,-80.600153,58.5,0.3,0,Mavic 2,true,drone_images/Mavic 2_withpayload.png,25.745000,-80.605000,25.744500,-80.605300,apolloshield_dji,df,,,2414500000,RADAR-A2D2-E5B7,Sensor Everglades / West Miami Approach,260,RED,RED
1772118548522,A2D2-9D1E,FLT-9D1E-001,25.249319,-80.345473,117.6,14.6,0,Mavic Air 2S,true,drone_images/Mavic Air 2S_withpayload.png,25.245000,-80.355000,25.244500,-80.355300,apolloshield_dji,dji,,,2414500000,RADAR-A2D2-9D1E,Sensor Key Largo / South Ocean Corridor,300,RED,RED
1772040309905,A2D2-4F2A,FLT-4F2A-001,25.780539,-80.193034,42.9,0.3,0,M300 RTK,true,drone_images/M300 RTK_withpayload.png,25.775000,-80.197000,25.774500,-80.197300,apolloshield_dji,dji,,,2414500000,RADAR-A2D2-4F2A,Sensor Downtown Miami Ground Zero Approach,380,CRITICAL,RED
1772111503000,A2D2-3A8C,FLT-3A8C-001,29.500000,-82.100000,150,14,0,Mavic Pro,false,drone_images/Mavic Pro.png,29.495000,-82.105000,29.494500,-82.105300,apolloshield_df,camera,225.48677,10,5820000000,GMMM00MM08850001V64F,bluvec2.0-GMMM00MM08850001V64F,150,GREEN,NONE
1772041449072,A2D2-F3A1,FLT-F3A1-001,28.050007,-82.349927,58.2,12,0,Mavic 3,false,drone_images/Mavic 3.png,28.045000,-82.355000,28.044500,-82.355300,apolloshield_dji,dji,,,2414500000,RADAR-A2D2-F3A1,Sensor Tampa Bay / West Florida Coast,120,GREEN,BLUE
1773243255103,A2D2-C9B2,FLT-C9B2-001,28.199665,-80.598346,60.9,7.33,0,Mavic 2,false,drone_images/Mavic 2.png,28.195000,-80.605000,28.194500,-80.605300,apolloshield_dji,dji,,,2414500000,RADAR-A2D2-C9B2,Sensor Cape Canaveral / Space Coast,140,GREEN,GREEN
1772042369745,A2D2-7E4D,FLT-7E4D-001,26.748863,-81.002879,106.5,7.3,0,Mavic Air 2,false,drone_images/Mavic Air 2.png,26.745000,-81.005000,26.744500,-81.005300,apolloshield_dji,df,,,2414500000,RADAR-A2D2-7E4D,Sensor Lake Okeechobee / Central Inland,190,YELLOW,YELLOW
1772041580877,A2D2-B2F6,FLT-B2F6-001,26.195339,-81.751577,40.3,0.1,0,Mini 3,true,drone_images/Mini 3_withpayload.png,26.195000,-81.755000,26.194500,-81.755300,apolloshield_dji,dji,,,2414500000,RADAR-A2D2-B2F6,Sensor Naples / Southwest Gulf Coast,160,YELLOW,YELLOW
1773243707258,A2D2-E5B7,FLT-E5B7-001,25.750235,-80.600439,52,9.7,0,Mavic 2,true,drone_images/Mavic 2_withpayload.png,25.745000,-80.605000,25.744500,-80.605300,apolloshield_dji,df,,,2414500000,RADAR-A2D2-E5B7,Sensor Everglades / West Miami Approach,260,RED,RED
1772118559001,A2D2-9D1E,FLT-9D1E-001,25.249319,-80.345473,117.6,14.6,0,Mavic Air 2S,true,drone_images/Mavic Air 2S_withpayload.png,25.245000,-80.355000,25.244500,-80.355300,apolloshield_dji,dji,,,2414500000,RADAR-A2D2-9D1E,Sensor Key Largo / South Ocean Corridor,300,RED,RED
1772040318841,A2D2-4F2A,FLT-4F2A-001,25.780390,-80.192919,42.9,7.1,0,M300 RTK,true,drone_images/M300 RTK_withpayload.png,25.775000,-80.197000,25.774500,-80.197300,apolloshield_dji,dji,,,2414500000,RADAR-A2D2-4F2A,Sensor Downtown Miami Ground Zero Approach,380,CRITICAL,RED
1772111503000,A2D2-3A8C,FLT-3A8C-001,29.500000,-82.100000,150,14,0,Mavic Pro,false,drone_images/Mavic Pro.png,29.495000,-82.105000,29.494500,-82.105300,apolloshield_df,camera,225.48677,10,5820000000,GMMM00MM08850001V64F,bluvec2.0-GMMM00MM08850001V64F,150,GREEN,NONE
1772041474407,A2D2-F3A1,FLT-F3A1-001,28.050001,-82.349927,58.1,0.1,0,Mavic 3,false,drone_images/Mavic 3.png,28.045000,-82.355000,28.044500,-82.355300,apolloshield_dji,dji,,,2414500000,RADAR-A2D2-F3A1,Sensor Tampa Bay / West Florida Coast,120,GREEN,BLUE
1773243274843,A2D2-C9B2,FLT-C9B2-001,28.198238,-80.598346,60.9,7.130007,0,Mavic 2,false,drone_images/Mavic 2.png,28.195000,-80.605000,28.194500,-80.605300,apolloshield_dji,dji,,,2414500000,RADAR-A2D2-C9B2,Sensor Cape Canaveral / Space Coast,140,GREEN,GREEN
1772042395377,A2D2-7E4D,FLT-7E4D-001,26.753762,-81.002782,106.6,11.1,0,Mavic Air 2,false,drone_images/Mavic Air 2.png,26.745000,-81.005000,26.744500,-81.005300,apolloshield_dji,df,,,2414500000,RADAR-A2D2-7E4D,Sensor Lake Okeechobee / Central Inland,190,YELLOW,YELLOW
1772041592093,A2D2-B2F6,FLT-B2F6-001,26.195322,-81.751480,32.4,0.1,0,Mini 3,true,drone_images/Mini 3_withpayload.png,26.195000,-81.755000,26.194500,-81.755300,apolloshield_dji,dji,,,2414500000,RADAR-A2D2-B2F6,Sensor Naples / Southwest Gulf Coast,160,YELLOW,YELLOW
1773243707267,A2D2-E5B7,FLT-E5B7-001,25.749805,-80.600365,49.4,8.6,0,Mavic 2,true,drone_images/Mavic 2_withpayload.png,25.745000,-80.605000,25.744500,-80.605300,apolloshield_dji,df,,,2414500000,RADAR-A2D2-E5B7,Sensor Everglades / West Miami Approach,260,RED,RED
1772118568668,A2D2-9D1E,FLT-9D1E-001,25.249319,-80.345473,117.6,14.6,0,Mavic Air 2S,true,drone_images/Mavic Air 2S_withpayload.png,25.245000,-80.355000,25.244500,-80.355300,apolloshield_dji,dji,,,2414500000,RADAR-A2D2-9D1E,Sensor Key Largo / South Ocean Corridor,300,RED,RED
1772040328180,A2D2-4F2A,FLT-4F2A-001,25.780144,-80.192610,27.7,0.9,0,M300 RTK,true,drone_images/M300 RTK_withpayload.png,25.775000,-80.197000,25.774500,-80.197300,apolloshield_dji,dji,,,2414500000,RADAR-A2D2-4F2A,Sensor Downtown Miami Ground Zero Approach,380,CRITICAL,RED
1772111503000,A2D2-3A8C,FLT-3A8C-001,29.500000,-82.100000,150,14,0,Mavic Pro,false,drone_images/Mavic Pro.png,29.495000,-82.105000,29.494500,-82.105300,apolloshield_df,camera,225.48677,10,5820000000,GMMM00MM08850001V64F,bluvec2.0-GMMM00MM08850001V64F,150,GREEN,NONE
1772041500220,A2D2-F3A1,FLT-F3A1-001,28.050001,-82.349927,58,12,0,Mavic 3,false,drone_images/Mavic 3.png,28.045000,-82.355000,28.044500,-82.355300,apolloshield_dji,dji,,,2414500000,RADAR-A2D2-F3A1,Sensor Tampa Bay / West Florida Coast,120,GREEN,BLUE
1773243296053,A2D2-C9B2,FLT-C9B2-001,28.196881,-80.598346,60.9,7.14,0,Mavic 2,false,drone_images/Mavic 2.png,28.195000,-80.605000,28.194500,-80.605300,apolloshield_dji,dji,,,2414500000,RADAR-A2D2-C9B2,Sensor Cape Canaveral / Space Coast,140,GREEN,GREEN
1772042412154,A2D2-7E4D,FLT-7E4D-001,26.754902,-81.002719,106.7,0.1,0,Mavic Air 2,false,drone_images/Mavic Air 2.png,26.745000,-81.005000,26.744500,-81.005300,apolloshield_dji,df,,,2414500000,RADAR-A2D2-7E4D,Sensor Lake Okeechobee / Central Inland,190,YELLOW,YELLOW
1772041604272,A2D2-B2F6,FLT-B2F6-001,26.195322,-81.751480,26.5,0.1,0,Mini 3,true,drone_images/Mini 3_withpayload.png,26.195000,-81.755000,26.194500,-81.755300,apolloshield_dji,dji,,,2414500000,RADAR-A2D2-B2F6,Sensor Naples / Southwest Gulf Coast,160,YELLOW,YELLOW
1773243707495,A2D2-E5B7,FLT-E5B7-001,25.749553,-80.600049,43.1,5.6,0,Mavic 2,true,drone_images/Mavic 2_withpayload.png,25.745000,-80.605000,25.744500,-80.605300,apolloshield_dji,df,,,2414500000,RADAR-A2D2-E5B7,Sensor Everglades / West Miami Approach,260,RED,RED
1772118614617,A2D2-9D1E,FLT-9D1E-001,25.248855,-80.349484,118.5,14.9,0,Mavic Air 2S,true,drone_images/Mavic Air 2S_withpayload.png,25.245000,-80.355000,25.244500,-80.355300,apolloshield_dji,dji,,,2414500000,RADAR-A2D2-9D1E,Sensor Key Largo / South Ocean Corridor,300,RED,RED
1772040336934,A2D2-4F2A,FLT-4F2A-001,25.780144,-80.192610,27.7,0.9,0,M300 RTK,true,drone_images/M300 RTK_withpayload.png,25.775000,-80.197000,25.774500,-80.197300,apolloshield_dji,dji,,,2414500000,RADAR-A2D2-4F2A,Sensor Downtown Miami Ground Zero Approach,380,CRITICAL,RED
1772111503000,A2D2-3A8C,FLT-3A8C-001,29.500000,-82.100000,150,14,0,Mavic Pro,false,drone_images/Mavic Pro.png,29.495000,-82.105000,29.494500,-82.105300,apolloshield_df,camera,215.55655,10,5820000000,GMMM00MM08850001V64F,bluvec2.0-GMMM00MM08850001V64F,150,GREEN,NONE
1772041526378,A2D2-F3A1,FLT-F3A1-001,28.050001,-82.349927,57.9,12,0,Mavic 3,false,drone_images/Mavic 3.png,28.045000,-82.355000,28.044500,-82.355300,apolloshield_dji,dji,,,2414500000,RADAR-A2D2-F3A1,Sensor Tampa Bay / West Florida Coast,120,GREEN,BLUE
1773243315899,A2D2-C9B2,FLT-C9B2-001,28.195677,-80.598346,60.9,5.1500096,0,Mavic 2,false,drone_images/Mavic 2.png,28.195000,-80.605000,28.194500,-80.605300,apolloshield_dji,dji,,,2414500000,RADAR-A2D2-C9B2,Sensor Cape Canaveral / Space Coast,140,GREEN,GREEN
1772042427984,A2D2-7E4D,FLT-7E4D-001,26.754902,-81.002719,106.7,0.1,0,Mavic Air 2,false,drone_images/Mavic Air 2.png,26.745000,-81.005000,26.744500,-81.005300,apolloshield_dji,df,,,2414500000,RADAR-A2D2-7E4D,Sensor Lake Okeechobee / Central Inland,190,YELLOW,YELLOW
1772041614478,A2D2-B2F6,FLT-B2F6-001,26.195322,-81.751291,22.5,9,0,Mini 3,true,drone_images/Mini 3_withpayload.png,26.195000,-81.755000,26.194500,-81.755300,apolloshield_dji,dji,,,2414500000,RADAR-A2D2-B2F6,Sensor Naples / Southwest Gulf Coast,160,YELLOW,YELLOW
1773243707684,A2D2-E5B7,FLT-E5B7-001,25.749501,-80.599986,43.6,28,0,Mavic 2,true,drone_images/Mavic 2_withpayload.png,25.745000,-80.605000,25.744500,-80.605300,apolloshield_dji,df,,,2414500000,RADAR-A2D2-E5B7,Sensor Everglades / West Miami Approach,260,RED,RED
1772118624584,A2D2-9D1E,FLT-9D1E-001,25.249480,-80.349478,118.6,34,0,Mavic Air 2S,true,drone_images/Mavic Air 2S_withpayload.png,25.245000,-80.355000,25.244500,-80.355300,apolloshield_dji,dji,,,2414500000,RADAR-A2D2-9D1E,Sensor Key Largo / South Ocean Corridor,300,RED,RED
1772040345834,A2D2-4F2A,FLT-4F2A-001,25.780150,-80.192581,24.7,0.1,0,M300 RTK,true,drone_images/M300 RTK_withpayload.png,25.775000,-80.197000,25.774500,-80.197300,apolloshield_dji,dji,,,2414500000,RADAR-A2D2-4F2A,Sensor Downtown Miami Ground Zero Approach,380,CRITICAL,RED
1772111503000,A2D2-3A8C,FLT-3A8C-001,29.500000,-82.100000,150,14,0,Mavic Pro,false,drone_images/Mavic Pro.png,29.495000,-82.105000,29.494500,-82.105300,apolloshield_df,camera,214.84726,10,5820000000,GMMM00MM08850001V64F,bluvec2.0-GMMM00MM08850001V64F,150,GREEN,NONE
1772041558119,A2D2-F3A1,FLT-F3A1-001,28.050007,-82.349927,58.1,12,0,Mavic 3,false,drone_images/Mavic 3.png,28.045000,-82.355000,28.044500,-82.355300,apolloshield_dji,dji,,,2414500000,RADAR-A2D2-F3A1,Sensor Tampa Bay / West Florida Coast,120,GREEN,BLUE
1773243336489,A2D2-C9B2,FLT-C9B2-001,28.195534,-80.598346,60.9,2.820284,0,Mavic 2,false,drone_images/Mavic 2.png,28.195000,-80.605000,28.194500,-80.605300,apolloshield_dji,dji,,,2414500000,RADAR-A2D2-C9B2,Sensor Cape Canaveral / Space Coast,140,GREEN,GREEN
1772042445182,A2D2-7E4D,FLT-7E4D-001,26.754902,-81.002719,106.7,0.1,0,Mavic Air 2,false,drone_images/Mavic Air 2.png,26.745000,-81.005000,26.744500,-81.005300,apolloshield_dji,df,,,2414500000,RADAR-A2D2-7E4D,Sensor Lake Okeechobee / Central Inland,190,YELLOW,YELLOW
1772041625518,A2D2-B2F6,FLT-B2F6-001,26.195322,-81.751291,22.5,0.1,0,Mini 3,true,drone_images/Mini 3_withpayload.png,26.195000,-81.755000,26.194500,-81.755300,apolloshield_dji,dji,,,2414500000,RADAR-A2D2-B2F6,Sensor Naples / Southwest Gulf Coast,160,YELLOW,YELLOW
1773243707699,A2D2-E5B7,FLT-E5B7-001,25.749679,-80.600221,43.6,4.6,0,Mavic 2,true,drone_images/Mavic 2_withpayload.png,25.745000,-80.605000,25.744500,-80.605300,apolloshield_dji,df,,,2414500000,RADAR-A2D2-E5B7,Sensor Everglades / West Miami Approach,260,RED,RED
1772118634780,A2D2-9D1E,FLT-9D1E-001,25.249480,-80.349478,118.6,34,0,Mavic Air 2S,true,drone_images/Mavic Air 2S_withpayload.png,25.245000,-80.355000,25.244500,-80.355300,apolloshield_dji,dji,,,2414500000,RADAR-A2D2-9D1E,Sensor Key Largo / South Ocean Corridor,300,RED,RED
1772040354919,A2D2-4F2A,FLT-4F2A-001,25.780150,-80.192581,24.7,42,0,M300 RTK,true,drone_images/M300 RTK_withpayload.png,25.775000,-80.197000,25.774500,-80.197300,apolloshield_dji,dji,,,2414500000,RADAR-A2D2-4F2A,Sensor Downtown Miami Ground Zero Approach,380,CRITICAL,RED
1772111503000,A2D2-3A8C,FLT-3A8C-001,29.500000,-82.100000,150,14,0,Mavic Pro,false,drone_images/Mavic Pro.png,29.495000,-82.105000,29.494500,-82.105300,apolloshield_df,camera,216.66714,10,5820000000,GMMM00MM08850001V64F,bluvec2.0-GMMM00MM08850001V64F,150,GREEN,NONE
1772041584362,A2D2-F3A1,FLT-F3A1-001,28.050001,-82.349927,58.4,0.1,0,Mavic 3,false,drone_images/Mavic 3.png,28.045000,-82.355000,28.044500,-82.355300,apolloshield_dji,dji,,,2414500000,RADAR-A2D2-F3A1,Sensor Tampa Bay / West Florida Coast,120,GREEN,BLUE
1773243369735,A2D2-C9B2,FLT-C9B2-001,28.197310,-80.597876,60.9,7.160063,0,Mavic 2,false,drone_images/Mavic 2.png,28.195000,-80.605000,28.194500,-80.605300,apolloshield_dji,dji,,,2414500000,RADAR-A2D2-C9B2,Sensor Cape Canaveral / Space Coast,140,GREEN,GREEN
1772042495565,A2D2-7E4D,FLT-7E4D-001,26.754902,-81.003332,106.6,7.2,0,Mavic Air 2,false,drone_images/Mavic Air 2.png,26.745000,-81.005000,26.744500,-81.005300,apolloshield_dji,df,,,2414500000,RADAR-A2D2-7E4D,Sensor Lake Okeechobee / Central Inland,190,YELLOW,YELLOW
1772041635799,A2D2-B2F6,FLT-B2F6-001,26.195322,-81.751291,22.5,9,0,Mini 3,true,drone_images/Mini 3_withpayload.png,26.195000,-81.755000,26.194500,-81.755300,apolloshield_dji,dji,,,2414500000,RADAR-A2D2-B2F6,Sensor Naples / Southwest Gulf Coast,160,YELLOW,YELLOW
1773243707712,A2D2-E5B7,FLT-E5B7-001,25.749392,-80.600084,46.7,7.8,0,Mavic 2,true,drone_images/Mavic 2_withpayload.png,25.745000,-80.605000,25.744500,-80.605300,apolloshield_dji,df,,,2414500000,RADAR-A2D2-E5B7,Sensor Everglades / West Miami Approach,260,RED,RED
1772118644619,A2D2-9D1E,FLT-9D1E-001,25.249732,-80.351031,79,9.7,0,Mavic Air 2S,true,drone_images/Mavic Air 2S_withpayload.png,25.245000,-80.355000,25.244500,-80.355300,apolloshield_dji,dji,,,2414500000,RADAR-A2D2-9D1E,Sensor Key Largo / South Ocean Corridor,300,RED,RED
1772040363902,A2D2-4F2A,FLT-4F2A-001,25.780150,-80.192581,24.7,42,0,M300 RTK,true,drone_images/M300 RTK_withpayload.png,25.775000,-80.197000,25.774500,-80.197300,apolloshield_dji,dji,,,2414500000,RADAR-A2D2-4F2A,Sensor Downtown Miami Ground Zero Approach,380,CRITICAL,RED
1772111503000,A2D2-3A8C,FLT-3A8C-001,29.500000,-82.100000,150,14,0,Mavic Pro,false,drone_images/Mavic Pro.png,29.495000,-82.105000,29.494500,-82.105300,apolloshield_df,camera,211.6678,10,5820000000,GMMM00MM08850001V64F,bluvec2.0-GMMM00MM08850001V64F,150,GREEN,NONE
1772041611225,A2D2-F3A1,FLT-F3A1-001,28.050007,-82.349927,58.2,12,0,Mavic 3,false,drone_images/Mavic 3.png,28.045000,-82.355000,28.044500,-82.355300,apolloshield_dji,dji,,,2414500000,RADAR-A2D2-F3A1,Sensor Tampa Bay / West Florida Coast,120,GREEN,BLUE
1773243394777,A2D2-C9B2,FLT-C9B2-001,28.198410,-80.597876,60.9,7.17,0,Mavic 2,false,drone_images/Mavic 2.png,28.195000,-80.605000,28.194500,-80.605300,apolloshield_dji,dji,,,2414500000,RADAR-A2D2-C9B2,Sensor Cape Canaveral / Space Coast,140,GREEN,GREEN
1772042512006,A2D2-7E4D,FLT-7E4D-001,26.752289,-81.003366,106.6,10.9,0,Mavic Air 2,false,drone_images/Mavic Air 2.png,26.745000,-81.005000,26.744500,-81.005300,apolloshield_dji,df,,,2414500000,RADAR-A2D2-7E4D,Sensor Lake Okeechobee / Central Inland,190,YELLOW,YELLOW
1772041646720,A2D2-B2F6,FLT-B2F6-001,26.195322,-81.751296,22.5,1.6,0,Mini 3,true,drone_images/Mini 3_withpayload.png,26.195000,-81.755000,26.194500,-81.755300,apolloshield_dji,dji,,,2414500000,RADAR-A2D2-B2F6,Sensor Naples / Southwest Gulf Coast,160,YELLOW,YELLOW
1773243707912,A2D2-E5B7,FLT-E5B7-001,25.748665,-80.600754,65.1,2,0,Mavic 2,true,drone_images/Mavic 2_withpayload.png,25.745000,-80.605000,25.744500,-80.605300,apolloshield_dji,df,,,2414500000,RADAR-A2D2-E5B7,Sensor Everglades / West Miami Approach,260,RED,RED
1772118654624,A2D2-9D1E,FLT-9D1E-001,25.249732,-80.351031,79,9.7,0,Mavic Air 2S,true,drone_images/Mavic Air 2S_withpayload.png,25.245000,-80.355000,25.244500,-80.355300,apolloshield_dji,dji,,,2414500000,RADAR-A2D2-9D1E,Sensor Key Largo / South Ocean Corridor,300,RED,RED
1772040373045,A2D2-4F2A,FLT-4F2A-001,25.780350,-80.191785,53.5,3.4,0,M300 RTK,true,drone_images/M300 RTK_withpayload.png,25.775000,-80.197000,25.774500,-80.197300,apolloshield_dji,dji,,,2414500000,RADAR-A2D2-4F2A,Sensor Downtown Miami Ground Zero Approach,380,CRITICAL,RED
1772111503000,A2D2-3A8C,FLT-3A8C-001,29.500000,-82.100000,150,14,0,Mavic Pro,false,drone_images/Mavic Pro.png,29.495000,-82.105000,29.494500,-82.105300,apolloshield_df,camera,222.41568,10,5820000000,GMMM00MM08850001V64F,bluvec2.0-GMMM00MM08850001V64F,150,GREEN,NONE
1772041635798,A2D2-F3A1,FLT-F3A1-001,28.050007,-82.349927,58,0.1,0,Mavic 3,false,drone_images/Mavic 3.png,28.045000,-82.355000,28.044500,-82.355300,apolloshield_dji,dji,,,2414500000,RADAR-A2D2-F3A1,Sensor Tampa Bay / West Florida Coast,120,GREEN,BLUE
1773243413995,A2D2-C9B2,FLT-C9B2-001,28.200078,-80.597876,60.9,4.550011,0,Mavic 2,false,drone_images/Mavic 2.png,28.195000,-80.605000,28.194500,-80.605300,apolloshield_dji,dji,,,2414500000,RADAR-A2D2-C9B2,Sensor Cape Canaveral / Space Coast,140,GREEN,GREEN
1772042529065,A2D2-7E4D,FLT-7E4D-001,26.751837,-81.003383,106.7,11.1,0,Mavic Air 2,false,drone_images/Mavic Air 2.png,26.745000,-81.005000,26.744500,-81.005300,apolloshield_dji,df,,,2414500000,RADAR-A2D2-7E4D,Sensor Lake Okeechobee / Central Inland,190,YELLOW,YELLOW
1772041658144,A2D2-B2F6,FLT-B2F6-001,26.195356,-81.751864,22.4,9,0,Mini 3,true,drone_images/Mini 3_withpayload.png,26.195000,-81.755000,26.194500,-81.755300,apolloshield_dji,dji,,,2414500000,RADAR-A2D2-B2F6,Sensor Naples / Southwest Gulf Coast,160,YELLOW,YELLOW
1773243707926,A2D2-E5B7,FLT-E5B7-001,25.749868,-80.601493,64.9,12,0,Mavic 2,true,drone_images/Mavic 2_withpayload.png,25.745000,-80.605000,25.744500,-80.605300,apolloshield_dji,df,,,2414500000,RADAR-A2D2-E5B7,Sensor Everglades / West Miami Approach,260,RED,RED
1772118664543,A2D2-9D1E,FLT-9D1E-001,25.249732,-80.351031,79,9.7,0,Mavic Air 2S,true,drone_images/Mavic Air 2S_withpayload.png,25.245000,-80.355000,25.244500,-80.355300,apolloshield_dji,dji,,,2414500000,RADAR-A2D2-9D1E,Sensor Key Largo / South Ocean Corridor,300,RED,RED
1772040381971,A2D2-4F2A,FLT-4F2A-001,25.780264,-80.192117,65.8,0.3,0,M300 RTK,true,drone_images/M300 RTK_withpayload.png,25.775000,-80.197000,25.774500,-80.197300,apolloshield_dji,dji,,,2414500000,RADAR-A2D2-4F2A,Sensor Downtown Miami Ground Zero Approach,380,CRITICAL,RED
1772111503000,A2D2-3A8C,FLT-3A8C-001,29.500000,-82.100000,150,14,0,Mavic Pro,false,drone_images/Mavic Pro.png,29.495000,-82.105000,29.494500,-82.105300,apolloshield_df,camera,221.55513,10,5820000000,GMMM00MM08850001V64F,bluvec2.0-GMMM00MM08850001V64F,150,GREEN,NONE
1772041662121,A2D2-F3A1,FLT-F3A1-001,28.050007,-82.349927,58.3,12,0,Mavic 3,false,drone_images/Mavic 3.png,28.045000,-82.355000,28.044500,-82.355300,apolloshield_dji,dji,,,2414500000,RADAR-A2D2-F3A1,Sensor Tampa Bay / West Florida Coast,120,GREEN,BLUE
1773243456295,A2D2-C9B2,FLT-C9B2-001,28.201814,-80.597876,60.9,7.170028,0,Mavic 2,false,drone_images/Mavic 2.png,28.195000,-80.605000,28.194500,-80.605300,apolloshield_dji,dji,,,2414500000,RADAR-A2D2-C9B2,Sensor Cape Canaveral / Space Coast,140,GREEN,GREEN
1772042546003,A2D2-7E4D,FLT-7E4D-001,26.751837,-81.003383,106.7,11.1,0,Mavic Air 2,false,drone_images/Mavic Air 2.png,26.745000,-81.005000,26.744500,-81.005300,apolloshield_dji,df,,,2414500000,RADAR-A2D2-7E4D,Sensor Lake Okeechobee / Central Inland,190,YELLOW,YELLOW
1772041669264,A2D2-B2F6,FLT-B2F6-001,26.195356,-81.751864,22.4,9,0,Mini 3,true,drone_images/Mini 3_withpayload.png,26.195000,-81.755000,26.194500,-81.755300,apolloshield_dji,dji,,,2414500000,RADAR-A2D2-B2F6,Sensor Naples / Southwest Gulf Coast,160,YELLOW,YELLOW
1773243707939,A2D2-E5B7,FLT-E5B7-001,25.750447,-80.601493,64.9,28,0,Mavic 2,true,drone_images/Mavic 2_withpayload.png,25.745000,-80.605000,25.744500,-80.605300,apolloshield_dji,df,,,2414500000,RADAR-A2D2-E5B7,Sensor Everglades / West Miami Approach,260,RED,RED
1772118674770,A2D2-9D1E,FLT-9D1E-001,25.249732,-80.351031,79,9.7,0,Mavic Air 2S,true,drone_images/Mavic Air 2S_withpayload.png,25.245000,-80.355000,25.244500,-80.355300,apolloshield_dji,dji,,,2414500000,RADAR-A2D2-9D1E,Sensor Key Largo / South Ocean Corridor,300,RED,RED
1772040391095,A2D2-4F2A,FLT-4F2A-001,25.780259,-80.192128,91.7,42,0,M300 RTK,true,drone_images/M300 RTK_withpayload.png,25.775000,-80.197000,25.774500,-80.197300,apolloshield_dji,dji,,,2414500000,RADAR-A2D2-4F2A,Sensor Downtown Miami Ground Zero Approach,380,CRITICAL,RED
1772111503000,A2D2-3A8C,FLT-3A8C-001,29.500000,-82.100000,150,14,0,Mavic Pro,false,drone_images/Mavic Pro.png,29.495000,-82.105000,29.494500,-82.105300,apolloshield_df,camera,216.15698,10,5820000000,GMMM00MM08850001V64F,bluvec2.0-GMMM00MM08850001V64F,150,GREEN,NONE
1772041688043,A2D2-F3A1,FLT-F3A1-001,28.050001,-82.349927,58.5,0.1,0,Mavic 3,false,drone_images/Mavic 3.png,28.045000,-82.355000,28.044500,-82.355300,apolloshield_dji,dji,,,2414500000,RADAR-A2D2-F3A1,Sensor Tampa Bay / West Florida Coast,120,GREEN,BLUE
1773243476950,A2D2-C9B2,FLT-C9B2-001,28.201940,-80.597876,60.9,7.160028,0,Mavic 2,false,drone_images/Mavic 2.png,28.195000,-80.605000,28.194500,-80.605300,apolloshield_dji,dji,,,2414500000,RADAR-A2D2-C9B2,Sensor Cape Canaveral / Space Coast,140,GREEN,GREEN
1772042563509,A2D2-7E4D,FLT-7E4D-001,26.748771,-81.003303,106.6,22,0,Mavic Air 2,false,drone_images/Mavic Air 2.png,26.745000,-81.005000,26.744500,-81.005300,apolloshield_dji,df,,,2414500000,RADAR-A2D2-7E4D,Sensor Lake Okeechobee / Central Inland,190,YELLOW,YELLOW
1772041680407,A2D2-B2F6,FLT-B2F6-001,26.195350,-81.751806,22.4,9,0,Mini 3,true,drone_images/Mini 3_withpayload.png,26.195000,-81.755000,26.194500,-81.755300,apolloshield_dji,dji,,,2414500000,RADAR-A2D2-B2F6,Sensor Naples / Southwest Gulf Coast,160,YELLOW,YELLOW
1773243708110,A2D2-E5B7,FLT-E5B7-001,25.750275,-80.600342,45.4,11.8,0,Mavic 2,true,drone_images/Mavic 2_withpayload.png,25.745000,-80.605000,25.744500,-80.605300,apolloshield_dji,df,,,2414500000,RADAR-A2D2-E5B7,Sensor Everglades / West Miami Approach,260,RED,RED
1772118741719,A2D2-9D1E,FLT-9D1E-001,25.248511,-80.347278,79.1,14,0,Mavic Air 2S,true,drone_images/Mavic Air 2S_withpayload.png,25.245000,-80.355000,25.244500,-80.355300,apolloshield_dji,dji,,,2414500000,RADAR-A2D2-9D1E,Sensor Key Largo / South Ocean Corridor,300,RED,RED
1772040399877,A2D2-4F2A,FLT-4F2A-001,25.780259,-80.192123,91.7,42,0,M300 RTK,true,drone_images/M300 RTK_withpayload.png,25.775000,-80.197000,25.774500,-80.197300,apolloshield_dji,dji,,,2414500000,RADAR-A2D2-4F2A,Sensor Downtown Miami Ground Zero Approach,380,CRITICAL,RED
1772111503000,A2D2-3A8C,FLT-3A8C-001,29.500000,-82.100000,150,14,0,Mavic Pro,false,drone_images/Mavic Pro.png,29.495000,-82.105000,29.494500,-82.105300,apolloshield_df,camera,216.15698,10,5820000000,GMMM00MM08850001V64F,bluvec2.0-GMMM00MM08850001V64F,150,GREEN,NONE
1772041713637,A2D2-F3A1,FLT-F3A1-001,28.050001,-82.349927,58.1,0.1,0,Mavic 3,false,drone_images/Mavic 3.png,28.045000,-82.355000,28.044500,-82.355300,apolloshield_dji,dji,,,2414500000,RADAR-A2D2-F3A1,Sensor Tampa Bay / West Florida Coast,120,GREEN,BLUE
1773243707556,A2D2-C9B2,FLT-C9B2-001,28.202249,-80.597412,60.9,7.150007,0,Mavic 2,false,drone_images/Mavic 2.png,28.195000,-80.605000,28.194500,-80.605300,apolloshield_dji,dji,,,2414500000,RADAR-A2D2-C9B2,Sensor Cape Canaveral / Space Coast,140,GREEN,GREEN
1772042580112,A2D2-7E4D,FLT-7E4D-001,26.748771,-81.003303,106.6,22,0,Mavic Air 2,false,drone_images/Mavic Air 2.png,26.745000,-81.005000,26.744500,-81.005300,apolloshield_dji,df,,,2414500000,RADAR-A2D2-7E4D,Sensor Lake Okeechobee / Central Inland,190,YELLOW,YELLOW
1772041690759,A2D2-B2F6,FLT-B2F6-001,26.195350,-81.751806,22.4,9,0,Mini 3,true,drone_images/Mini 3_withpayload.png,26.195000,-81.755000,26.194500,-81.755300,apolloshield_dji,dji,,,2414500000,RADAR-A2D2-B2F6,Sensor Naples / Southwest Gulf Coast,160,YELLOW,YELLOW
1773243708147,A2D2-E5B7,FLT-E5B7-001,25.749983,-80.600095,41.9,8.9,0,Mavic 2,true,drone_images/Mavic 2_withpayload.png,25.745000,-80.605000,25.744500,-80.605300,apolloshield_dji,df,,,2414500000,RADAR-A2D2-E5B7,Sensor Everglades / West Miami Approach,260,RED,RED
1772118751549,A2D2-9D1E,FLT-9D1E-001,25.248511,-80.347278,79.1,14,0,Mavic Air 2S,true,drone_images/Mavic Air 2S_withpayload.png,25.245000,-80.355000,25.244500,-80.355300,apolloshield_dji,dji,,,2414500000,RADAR-A2D2-9D1E,Sensor Key Largo / South Ocean Corridor,300,RED,RED
1772040409145,A2D2-4F2A,FLT-4F2A-001,25.780259,-80.192128,91.7,0.1,0,M300 RTK,true,drone_images/M300 RTK_withpayload.png,25.775000,-80.197000,25.774500,-80.197300,apolloshield_dji,dji,,,2414500000,RADAR-A2D2-4F2A,Sensor Downtown Miami Ground Zero Approach,380,CRITICAL,RED
1772111503000,A2D2-3A8C,FLT-3A8C-001,29.500000,-82.100000,150,14,0,Mavic Pro,false,drone_images/Mavic Pro.png,29.495000,-82.105000,29.494500,-82.105300,apolloshield_df,camera,216.74634,10,5820000000,GMMM00MM08850001V64F,bluvec2.0-GMMM00MM08850001V64F,150,GREEN,NONE
1772041739660,A2D2-F3A1,FLT-F3A1-001,28.050001,-82.349927,58.1,12,0,Mavic 3,false,drone_images/Mavic 3.png,28.045000,-82.355000,28.044500,-82.355300,apolloshield_dji,dji,,,2414500000,RADAR-A2D2-F3A1,Sensor Tampa Bay / West Florida Coast,120,GREEN,BLUE
1773243707701,A2D2-C9B2,FLT-C9B2-001,28.200759,-80.597412,61,7.130007,0,Mavic 2,false,drone_images/Mavic 2.png,28.195000,-80.605000,28.194500,-80.605300,apolloshield_dji,dji,,,2414500000,RADAR-A2D2-C9B2,Sensor Cape Canaveral / Space Coast,140,GREEN,GREEN
1772042597001,A2D2-7E4D,FLT-7E4D-001,26.748771,-81.003303,106.6,22,0,Mavic Air 2,false,drone_images/Mavic Air 2.png,26.745000,-81.005000,26.744500,-81.005300,apolloshield_dji,df,,,2414500000,RADAR-A2D2-7E4D,Sensor Lake Okeechobee / Central Inland,190,YELLOW,YELLOW
1772041701890,A2D2-B2F6,FLT-B2F6-001,26.195345,-81.751359,22.4,0.5,0,Mini 3,true,drone_images/Mini 3_withpayload.png,26.195000,-81.755000,26.194500,-81.755300,apolloshield_dji,dji,,,2414500000,RADAR-A2D2-B2F6,Sensor Naples / Southwest Gulf Coast,160,YELLOW,YELLOW
1773243708192,A2D2-E5B7,FLT-E5B7-001,25.749541,-80.599156,42.2,1.6,0,Mavic 2,true,drone_images/Mavic 2_withpayload.png,25.745000,-80.605000,25.744500,-80.605300,apolloshield_dji,df,,,2414500000,RADAR-A2D2-E5B7,Sensor Everglades / West Miami Approach,260,RED,RED
1772118761891,A2D2-9D1E,FLT-9D1E-001,25.248511,-80.347278,79.1,14,0,Mavic Air 2S,true,drone_images/Mavic Air 2S_withpayload.png,25.245000,-80.355000,25.244500,-80.355300,apolloshield_dji,dji,,,2414500000,RADAR-A2D2-9D1E,Sensor Key Largo / South Ocean Corridor,300,RED,RED
1772040417834,A2D2-4F2A,FLT-4F2A-001,25.780259,-80.192128,91.7,42,0,M300 RTK,true,drone_images/M300 RTK_withpayload.png,25.775000,-80.197000,25.774500,-80.197300,apolloshield_dji,dji,,,2414500000,RADAR-A2D2-4F2A,Sensor Downtown Miami Ground Zero Approach,380,CRITICAL,RED
1772111503000,A2D2-3A8C,FLT-3A8C-001,29.500000,-82.100000,150,14,0,Mavic Pro,false,drone_images/Mavic Pro.png,29.495000,-82.105000,29.494500,-82.105300,apolloshield_df,camera,222.2362,10,5820000000,GMMM00MM08850001V64F,bluvec2.0-GMMM00MM08850001V64F,150,GREEN,NONE
1772041765729,A2D2-F3A1,FLT-F3A1-001,28.050001,-82.349927,58.2,12,0,Mavic 3,false,drone_images/Mavic 3.png,28.045000,-82.355000,28.044500,-82.355300,apolloshield_dji,dji,,,2414500000,RADAR-A2D2-F3A1,Sensor Tampa Bay / West Florida Coast,120,GREEN,BLUE
1773243707909,A2D2-C9B2,FLT-C9B2-001,28.200565,-80.597412,60.9,7.1600065,0,Mavic 2,false,drone_images/Mavic 2.png,28.195000,-80.605000,28.194500,-80.605300,apolloshield_dji,dji,,,2414500000,RADAR-A2D2-C9B2,Sensor Cape Canaveral / Space Coast,140,GREEN,GREEN
1772042613727,A2D2-7E4D,FLT-7E4D-001,26.748771,-80.999143,106.7,22,0,Mavic Air 2,false,drone_images/Mavic Air 2.png,26.745000,-81.005000,26.744500,-81.005300,apolloshield_dji,df,,,2414500000,RADAR-A2D2-7E4D,Sensor Lake Okeechobee / Central Inland,190,YELLOW,YELLOW
1772041713302,A2D2-B2F6,FLT-B2F6-001,26.195345,-81.751359,22.4,0.5,0,Mini 3,true,drone_images/Mini 3_withpayload.png,26.195000,-81.755000,26.194500,-81.755300,apolloshield_dji,dji,,,2414500000,RADAR-A2D2-B2F6,Sensor Naples / Southwest Gulf Coast,160,YELLOW,YELLOW
1773243708337,A2D2-E5B7,FLT-E5B7-001,25.749988,-80.599350,73.7,4.5,0,Mavic 2,true,drone_images/Mavic 2_withpayload.png,25.745000,-80.605000,25.744500,-80.605300,apolloshield_dji,df,,,2414500000,RADAR-A2D2-E5B7,Sensor Everglades / West Miami Approach,260,RED,RED
1772118771726,A2D2-9D1E,FLT-9D1E-001,25.249709,-80.350217,56.1,14.8,0,Mavic Air 2S,true,drone_images/Mavic Air 2S_withpayload.png,25.245000,-80.355000,25.244500,-80.355300,apolloshield_dji,dji,,,2414500000,RADAR-A2D2-9D1E,Sensor Key Largo / South Ocean Corridor,300,RED,RED
1772040427455,A2D2-4F2A,FLT-4F2A-001,25.780259,-80.192128,91.7,0.1,0,M300 RTK,true,drone_images/M300 RTK_withpayload.png,25.775000,-80.197000,25.774500,-80.197300,apolloshield_dji,dji,,,2414500000,RADAR-A2D2-4F2A,Sensor Downtown Miami Ground Zero Approach,380,CRITICAL,RED
1772111503000,A2D2-3A8C,FLT-3A8C-001,29.500000,-82.100000,150,14,0,Mavic Pro,false,drone_images/Mavic Pro.png,29.495000,-82.105000,29.494500,-82.105300,apolloshield_df,camera,218.86372,10,5820000000,GMMM00MM08850001V64F,bluvec2.0-GMMM00MM08850001V64F,150,GREEN,NONE
1772041793285,A2D2-F3A1,FLT-F3A1-001,28.050001,-82.349927,58.1,0.1,0,Mavic 3,false,drone_images/Mavic 3.png,28.045000,-82.355000,28.044500,-82.355300,apolloshield_dji,dji,,,2414500000,RADAR-A2D2-F3A1,Sensor Tampa Bay / West Florida Coast,120,GREEN,BLUE
1773243707939,A2D2-C9B2,FLT-C9B2-001,28.199258,-80.597412,60.9,7.160028,0,Mavic 2,false,drone_images/Mavic 2.png,28.195000,-80.605000,28.194500,-80.605300,apolloshield_dji,dji,,,2414500000,RADAR-A2D2-C9B2,Sensor Cape Canaveral / Space Coast,140,GREEN,GREEN
1772042630877,A2D2-7E4D,FLT-7E4D-001,26.748771,-80.999143,106.6,22,0,Mavic Air 2,false,drone_images/Mavic Air 2.png,26.745000,-81.005000,26.744500,-81.005300,apolloshield_dji,df,,,2414500000,RADAR-A2D2-7E4D,Sensor Lake Okeechobee / Central Inland,190,YELLOW,YELLOW
1772041723584,A2D2-B2F6,FLT-B2F6-001,26.195345,-81.751359,22.4,0.5,0,Mini 3,true,drone_images/Mini 3_withpayload.png,26.195000,-81.755000,26.194500,-81.755300,apolloshield_dji,dji,,,2414500000,RADAR-A2D2-B2F6,Sensor Naples / Southwest Gulf Coast,160,YELLOW,YELLOW
1773243708355,A2D2-E5B7,FLT-E5B7-001,25.750132,-80.599396,66.5,0.7,0,Mavic 2,true,drone_images/Mavic 2_withpayload.png,25.745000,-80.605000,25.744500,-80.605300,apolloshield_dji,df,,,2414500000,RADAR-A2D2-E5B7,Sensor Everglades / West Miami Approach,260,RED,RED
1772118781631,A2D2-9D1E,FLT-9D1E-001,25.249709,-80.350217,56.1,14.8,0,Mavic Air 2S,true,drone_images/Mavic Air 2S_withpayload.png,25.245000,-80.355000,25.244500,-80.355300,apolloshield_dji,dji,,,2414500000,RADAR-A2D2-9D1E,Sensor Key Largo / South Ocean Corridor,300,RED,RED
1772040436513,A2D2-4F2A,FLT-4F2A-001,25.780259,-80.192128,91.6,42,0,M300 RTK,true,drone_images/M300 RTK_withpayload.png,25.775000,-80.197000,25.774500,-80.197300,apolloshield_dji,dji,,,2414500000,RADAR-A2D2-4F2A,Sensor Downtown Miami Ground Zero Approach,380,CRITICAL,RED
1772111503000,A2D2-3A8C,FLT-3A8C-001,29.500000,-82.100000,150,14,0,Mavic Pro,false,drone_images/Mavic Pro.png,29.495000,-82.105000,29.494500,-82.105300,apolloshield_df,camera,213.33878,10,5820000000,GMMM00MM08850001V64F,bluvec2.0-GMMM00MM08850001V64F,150,GREEN,NONE
1772041817699,A2D2-F3A1,FLT-F3A1-001,28.050001,-82.349921,58.2,12,0,Mavic 3,false,drone_images/Mavic 3.png,28.045000,-82.355000,28.044500,-82.355300,apolloshield_dji,dji,,,2414500000,RADAR-A2D2-F3A1,Sensor Tampa Bay / West Florida Coast,120,GREEN,BLUE
1773243708143,A2D2-C9B2,FLT-C9B2-001,28.198548,-80.597412,61,7.1401753,0,Mavic 2,false,drone_images/Mavic 2.png,28.195000,-80.605000,28.194500,-80.605300,apolloshield_dji,dji,,,2414500000,RADAR-A2D2-C9B2,Sensor Cape Canaveral / Space Coast,140,GREEN,GREEN
1772042647819,A2D2-7E4D,FLT-7E4D-001,26.748771,-80.999143,106.6,22,0,Mavic Air 2,false,drone_images/Mavic Air 2.png,26.745000,-81.005000,26.744500,-81.005300,apolloshield_dji,df,,,2414500000,RADAR-A2D2-7E4D,Sensor Lake Okeechobee / Central Inland,190,YELLOW,YELLOW
1772041734914,A2D2-B2F6,FLT-B2F6-001,26.195345,-81.751359,22.4,0.5,0,Mini 3,true,drone_images/Mini 3_withpayload.png,26.195000,-81.755000,26.194500,-81.755300,apolloshield_dji,dji,,,2414500000,RADAR-A2D2-B2F6,Sensor Naples / Southwest Gulf Coast,160,YELLOW,YELLOW
1773243708368,A2D2-E5B7,FLT-E5B7-001,25.750292,-80.599259,52.7,6.7,0,Mavic 2,true,drone_images/Mavic 2_withpayload.png,25.745000,-80.605000,25.744500,-80.605300,apolloshield_dji,df,,,2414500000,RADAR-A2D2-E5B7,Sensor Everglades / West Miami Approach,260,RED,RED
1772118791682,A2D2-9D1E,FLT-9D1E-001,25.249709,-80.350217,56.1,14.8,0,Mavic Air 2S,true,drone_images/Mavic Air 2S_withpayload.png,25.245000,-80.355000,25.244500,-80.355300,apolloshield_dji,dji,,,2414500000,RADAR-A2D2-9D1E,Sensor Key Largo / South Ocean Corridor,300,RED,RED
1772040444784,A2D2-4F2A,FLT-4F2A-001,25.780282,-80.192128,84.8,0.2,0,M300 RTK,true,drone_images/M300 RTK_withpayload.png,25.775000,-80.197000,25.774500,-80.197300,apolloshield_dji,dji,,,2414500000,RADAR-A2D2-4F2A,Sensor Downtown Miami Ground Zero Approach,380,CRITICAL,RED
1772111503000,A2D2-3A8C,FLT-3A8C-001,29.500000,-82.100000,150,14,0,Mavic Pro,false,drone_images/Mavic Pro.png,29.495000,-82.105000,29.494500,-82.105300,apolloshield_df,camera,212.25269,10,5820000000,GMMM00MM08850001V64F,bluvec2.0-GMMM00MM08850001V64F,150,GREEN,NONE
1772041842796,A2D2-F3A1,FLT-F3A1-001,28.050007,-82.350093,58.2,7.4,0,Mavic 3,false,drone_images/Mavic 3.png,28.045000,-82.355000,28.044500,-82.355300,apolloshield_dji,dji,,,2414500000,RADAR-A2D2-F3A1,Sensor Tampa Bay / West Florida Coast,120,GREEN,BLUE
1773243708326,A2D2-C9B2,FLT-C9B2-001,28.196869,-80.597412,60.9,7.180028,0,Mavic 2,false,drone_images/Mavic 2.png,28.195000,-80.605000,28.194500,-80.605300,apolloshield_dji,dji,,,2414500000,RADAR-A2D2-C9B2,Sensor Cape Canaveral / Space Coast,140,GREEN,GREEN
1772042682720,A2D2-7E4D,FLT-7E4D-001,26.751814,-80.998908,106.8,6.7,0,Mavic Air 2,false,drone_images/Mavic Air 2.png,26.745000,-81.005000,26.744500,-81.005300,apolloshield_dji,df,,,2414500000,RADAR-A2D2-7E4D,Sensor Lake Okeechobee / Central Inland,190,YELLOW,YELLOW
1772041789052,A2D2-B2F6,FLT-B2F6-001,26.195345,-81.751377,27.1,1.3,0,Mini 3,true,drone_images/Mini 3_withpayload.png,26.195000,-81.755000,26.194500,-81.755300,apolloshield_dji,dji,,,2414500000,RADAR-A2D2-B2F6,Sensor Naples / Southwest Gulf Coast,160,YELLOW,YELLOW
1773243708532,A2D2-E5B7,FLT-E5B7-001,25.750481,-80.599167,52.6,9.2,0,Mavic 2,true,drone_images/Mavic 2_withpayload.png,25.745000,-80.605000,25.744500,-80.605300,apolloshield_dji,df,,,2414500000,RADAR-A2D2-E5B7,Sensor Everglades / West Miami Approach,260,RED,RED
1772118801598,A2D2-9D1E,FLT-9D1E-001,25.249709,-80.350217,56.1,14.8,0,Mavic Air 2S,true,drone_images/Mavic Air 2S_withpayload.png,25.245000,-80.355000,25.244500,-80.355300,apolloshield_dji,dji,,,2414500000,RADAR-A2D2-9D1E,Sensor Key Largo / South Ocean Corridor,300,RED,RED
1772040454284,A2D2-4F2A,FLT-4F2A-001,25.780282,-80.192128,65,42,0,M300 RTK,true,drone_images/M300 RTK_withpayload.png,25.775000,-80.197000,25.774500,-80.197300,apolloshield_dji,dji,,,2414500000,RADAR-A2D2-4F2A,Sensor Downtown Miami Ground Zero Approach,380,CRITICAL,RED
1772111503000,A2D2-3A8C,FLT-3A8C-001,29.500000,-82.100000,150,14,0,Mavic Pro,false,drone_images/Mavic Pro.png,29.495000,-82.105000,29.494500,-82.105300,apolloshield_df,camera,224.3591,10,5820000000,GMMM00MM08850001V64F,bluvec2.0-GMMM00MM08850001V64F,150,GREEN,NONE
1772041881088,A2D2-F3A1,FLT-F3A1-001,28.050041,-82.350500,30,12,0,Mavic 3,false,drone_images/Mavic 3.png,28.045000,-82.355000,28.044500,-82.355300,apolloshield_dji,dji,,,2414500000,RADAR-A2D2-F3A1,Sensor Tampa Bay / West Florida Coast,120,GREEN,BLUE
1773243708356,A2D2-C9B2,FLT-C9B2-001,28.196313,-80.597349,60.9,5.4478345,0,Mavic 2,false,drone_images/Mavic 2.png,28.195000,-80.605000,28.194500,-80.605300,apolloshield_dji,dji,,,2414500000,RADAR-A2D2-C9B2,Sensor Cape Canaveral / Space Coast,140,GREEN,GREEN
1772042699806,A2D2-7E4D,FLT-7E4D-001,26.751229,-80.998261,106.9,12,0,Mavic Air 2,false,drone_images/Mavic Air 2.png,26.745000,-81.005000,26.744500,-81.005300,apolloshield_dji,df,,,2414500000,RADAR-A2D2-7E4D,Sensor Lake Okeechobee / Central Inland,190,YELLOW,YELLOW
1772041798787,A2D2-B2F6,FLT-B2F6-001,26.195345,-81.751377,27.1,1.3,0,Mini 3,true,drone_images/Mini 3_withpayload.png,26.195000,-81.755000,26.194500,-81.755300,apolloshield_dji,dji,,,2414500000,RADAR-A2D2-B2F6,Sensor Naples / Southwest Gulf Coast,160,YELLOW,YELLOW
1773243720663,A2D2-E5B7,FLT-E5B7-001,25.750011,-80.599929,52.3,8.5,0,Mavic 2,true,drone_images/Mavic 2_withpayload.png,25.745000,-80.605000,25.744500,-80.605300,apolloshield_dji,df,,,2414500000,RADAR-A2D2-E5B7,Sensor Everglades / West Miami Approach,260,RED,RED
1772118811739,A2D2-9D1E,FLT-9D1E-001,25.248729,-80.351140,66.2,2.9,0,Mavic Air 2S,true,drone_images/Mavic Air 2S_withpayload.png,25.245000,-80.355000,25.244500,-80.355300,apolloshield_dji,dji,,,2414500000,RADAR-A2D2-9D1E,Sensor Key Largo / South Ocean Corridor,300,RED,RED
1772040463054,A2D2-4F2A,FLT-4F2A-001,25.780264,-80.192134,66.7,42,0,M300 RTK,true,drone_images/M300 RTK_withpayload.png,25.775000,-80.197000,25.774500,-80.197300,apolloshield_dji,dji,,,2414500000,RADAR-A2D2-4F2A,Sensor Downtown Miami Ground Zero Approach,380,CRITICAL,RED
1772111503000,A2D2-3A8C,FLT-3A8C-001,29.500000,-82.100000,150,14,0,Mavic Pro,false,drone_images/Mavic Pro.png,29.495000,-82.105000,29.494500,-82.105300,apolloshield_df,camera,213.94632,10,5820000000,GMMM00MM08850001V64F,bluvec2.0-GMMM00MM08850001V64F,150,GREEN,NONE
1772041906931,A2D2-F3A1,FLT-F3A1-001,28.050041,-82.350500,29.5,12,0,Mavic 3,false,drone_images/Mavic 3.png,28.045000,-82.355000,28.044500,-82.355300,apolloshield_dji,dji,,,2414500000,RADAR-A2D2-F3A1,Sensor Tampa Bay / West Florida Coast,120,GREEN,BLUE
1773243708382,A2D2-C9B2,FLT-C9B2-001,28.196411,-80.597280,60.9,6.917579,0,Mavic 2,false,drone_images/Mavic 2.png,28.195000,-80.605000,28.194500,-80.605300,apolloshield_dji,dji,,,2414500000,RADAR-A2D2-C9B2,Sensor Cape Canaveral / Space Coast,140,GREEN,GREEN
1772042716769,A2D2-7E4D,FLT-7E4D-001,26.751229,-80.998261,106.9,12,0,Mavic Air 2,false,drone_images/Mavic Air 2.png,26.745000,-81.005000,26.744500,-81.005300,apolloshield_dji,df,,,2414500000,RADAR-A2D2-7E4D,Sensor Lake Okeechobee / Central Inland,190,YELLOW,YELLOW
1772041810291,A2D2-B2F6,FLT-B2F6-001,26.195345,-81.751377,27.1,1.3,0,Mini 3,true,drone_images/Mini 3_withpayload.png,26.195000,-81.755000,26.194500,-81.755300,apolloshield_dji,dji,,,2414500000,RADAR-A2D2-B2F6,Sensor Naples / Southwest Gulf Coast,160,YELLOW,YELLOW
1773243732707,A2D2-E5B7,FLT-E5B7-001,25.749501,-80.599992,43.4,1.5,0,Mavic 2,true,drone_images/Mavic 2_withpayload.png,25.745000,-80.605000,25.744500,-80.605300,apolloshield_dji,df,,,2414500000,RADAR-A2D2-E5B7,Sensor Everglades / West Miami Approach,260,RED,RED
1772118821659,A2D2-9D1E,FLT-9D1E-001,25.248729,-80.351140,66.2,2.9,0,Mavic Air 2S,true,drone_images/Mavic Air 2S_withpayload.png,25.245000,-80.355000,25.244500,-80.355300,apolloshield_dji,dji,,,2414500000,RADAR-A2D2-9D1E,Sensor Key Largo / South Ocean Corridor,300,RED,RED
1772040472193,A2D2-4F2A,FLT-4F2A-001,25.780253,-80.192134,66.7,42,0,M300 RTK,true,drone_images/M300 RTK_withpayload.png,25.775000,-80.197000,25.774500,-80.197300,apolloshield_dji,dji,,,2414500000,RADAR-A2D2-4F2A,Sensor Downtown Miami Ground Zero Approach,380,CRITICAL,RED